Figure,Panel,Repetition,Seed,Size,Method,Epsilon,Accuracy,Unfairness,ReferenceAccuracy,ReferenceUnfairness,RuntimeSeconds,ExcessRisk,UnfairnessDifference
10,TrainingSize,0,1777,100,Unfair,,0.61,0.2115017810036775,0.9785,0.1625154917442785,,0.36850000000000005,0.04898628925939899
10,TrainingSize,0,1777,100,Our Eps-Fair,0.0,0.54775,0.026155139708843964,0.74525,0.018746854460234746,,0.1975,0.007408285248609217
10,TrainingSize,0,1777,100,Our Eps-Fair,0.05,0.57875,0.0517124862271299,0.817,0.04473173186762744,,0.23824999999999996,0.006980754359502461
10,TrainingSize,0,1777,100,Our Eps-Fair,0.1,0.606,0.1119915913924781,0.89625,0.09625295427594643,,0.29025,0.01573863711653166
10,TrainingSize,0,1777,100,Our Eps-Fair,0.15,0.61075,0.14940504451446618,0.96225,0.1471838840356216,,0.35150000000000003,0.002221160478844575
10,TrainingSize,0,1777,200,Unfair,,0.73975,0.19536586518375954,0.9785,0.1625154917442785,,0.23875000000000002,0.03285037343948102
10,TrainingSize,0,1777,200,Our Eps-Fair,0.0,0.648,0.022267358816674493,0.74525,0.018746854460234746,,0.09724999999999995,0.0035205043564397465
10,TrainingSize,0,1777,200,Our Eps-Fair,0.05,0.685,0.050859674611490685,0.817,0.04473173186762744,,0.1319999999999999,0.006127942743863246
10,TrainingSize,0,1777,200,Our Eps-Fair,0.1,0.72125,0.11489830140227632,0.89625,0.09625295427594643,,0.17500000000000004,0.018645347126329884
10,TrainingSize,0,1777,200,Our Eps-Fair,0.15,0.73975,0.1493625414436193,0.96225,0.1471838840356216,,0.22250000000000003,0.0021786574079976917
10,TrainingSize,0,1777,300,Unfair,,0.767,0.20097152019233394,0.9785,0.1625154917442785,,0.21150000000000002,0.03845602844805543
10,TrainingSize,0,1777,300,Our Eps-Fair,0.0,0.66,0.026225144766709396,0.74525,0.018746854460234746,,0.08524999999999994,0.00747829030647465
10,TrainingSize,0,1777,300,Our Eps-Fair,0.05,0.70875,0.05998783412101524,0.817,0.04473173186762744,,0.10824999999999996,0.015256102253387804
10,TrainingSize,0,1777,300,Our Eps-Fair,0.1,0.7445,0.12147102628164885,0.89625,0.09625295427594643,,0.15174999999999994,0.02521807200570242
10,TrainingSize,0,1777,300,Our Eps-Fair,0.15,0.76225,0.16501242214750014,0.96225,0.1471838840356216,,0.20000000000000007,0.01782853811187854
10,TrainingSize,0,1777,400,Unfair,,0.79175,0.20355245666499402,0.9785,0.1625154917442785,,0.18675000000000008,0.04103696492071551
10,TrainingSize,0,1777,400,Our Eps-Fair,0.0,0.67225,0.03276386718940444,0.74525,0.018746854460234746,,0.07299999999999995,0.014017012729169692
10,TrainingSize,0,1777,400,Our Eps-Fair,0.05,0.72425,0.06521771197969053,0.817,0.04473173186762744,,0.09275,0.020485980112063096
10,TrainingSize,0,1777,400,Our Eps-Fair,0.1,0.767,0.10717724355584692,0.89625,0.09625295427594643,,0.12924999999999998,0.010924289279900481
10,TrainingSize,0,1777,400,Our Eps-Fair,0.15,0.78975,0.15312206306905674,0.96225,0.1471838840356216,,0.1725000000000001,0.005938179033435131
10,TrainingSize,0,1777,500,Unfair,,0.7975,0.199705178699161,0.9785,0.1625154917442785,,0.18100000000000005,0.03718968695488248
10,TrainingSize,0,1777,500,Our Eps-Fair,0.0,0.674,0.03125950849948911,0.74525,0.018746854460234746,,0.07124999999999992,0.012512654039254362
10,TrainingSize,0,1777,500,Our Eps-Fair,0.05,0.7155,0.06185196880474614,0.817,0.04473173186762744,,0.10149999999999992,0.0171202369371187
10,TrainingSize,0,1777,500,Our Eps-Fair,0.1,0.7655,0.1209497386186152,0.89625,0.09625295427594643,,0.13075000000000003,0.024696784342668768
10,TrainingSize,0,1777,500,Our Eps-Fair,0.15,0.7965,0.16320679169069965,0.96225,0.1471838840356216,,0.16575000000000006,0.01602290765507805
10,TrainingSize,0,1777,600,Unfair,,0.8,0.19811581386755192,0.9785,0.1625154917442785,,0.1785,0.03560032212327341
10,TrainingSize,0,1777,600,Our Eps-Fair,0.0,0.6905,0.025883370073487816,0.74525,0.018746854460234746,,0.054749999999999965,0.007136515613253069
10,TrainingSize,0,1777,600,Our Eps-Fair,0.05,0.73325,0.05918227591943517,0.817,0.04473173186762744,,0.08374999999999999,0.014450544051807734
10,TrainingSize,0,1777,600,Our Eps-Fair,0.1,0.77225,0.10062251997706836,0.89625,0.09625295427594643,,0.124,0.00436956570112193
10,TrainingSize,0,1777,600,Our Eps-Fair,0.15,0.79875,0.15849070095314385,0.96225,0.1471838840356216,,0.1635000000000001,0.01130681691752225
10,TrainingSize,0,1777,700,Unfair,,0.81875,0.19868810521560187,0.9785,0.1625154917442785,,0.15975000000000006,0.03617261347132336
10,TrainingSize,0,1777,700,Our Eps-Fair,0.0,0.7,0.02045522789021506,0.74525,0.018746854460234746,,0.04525000000000001,0.0017083734299803144
10,TrainingSize,0,1777,700,Our Eps-Fair,0.05,0.7525,0.06189447187559299,0.817,0.04473173186762744,,0.0645,0.017162740007965555
10,TrainingSize,0,1777,700,Our Eps-Fair,0.1,0.79275,0.1178815169395989,0.89625,0.09625295427594643,,0.10350000000000004,0.02162856266365247
10,TrainingSize,0,1777,700,Our Eps-Fair,0.15,0.81675,0.16488491293495958,0.96225,0.1471838840356216,,0.14550000000000007,0.017701028899337973
10,TrainingSize,0,1777,800,Unfair,,0.8365,0.1941495273033477,0.9785,0.1625154917442785,,0.14200000000000002,0.031634035559069185
10,TrainingSize,0,1777,800,Our Eps-Fair,0.0,0.7115,0.0237302145079982,0.74525,0.018746854460234746,,0.03374999999999995,0.004983360047763452
10,TrainingSize,0,1777,800,Our Eps-Fair,0.05,0.7655,0.0722804722641211,0.817,0.04473173186762744,,0.05149999999999999,0.02754874039649366
10,TrainingSize,0,1777,800,Our Eps-Fair,0.1,0.8075,0.11526657801026123,0.89625,0.09625295427594643,,0.08875,0.019013623734314797
10,TrainingSize,0,1777,800,Our Eps-Fair,0.15,0.8335,0.16229547584813003,0.96225,0.1471838840356216,,0.12875000000000003,0.01511159181250843
10,TrainingSize,0,1777,900,Unfair,,0.83925,0.1767205180574296,0.9785,0.1625154917442785,,0.13924999999999998,0.014205026313151098
10,TrainingSize,0,1777,900,Our Eps-Fair,0.0,0.7125,0.029773151110167706,0.74525,0.018746854460234746,,0.032749999999999946,0.01102629664993296
10,TrainingSize,0,1777,900,Our Eps-Fair,0.05,0.766,0.0657247486130873,0.817,0.04473173186762744,,0.050999999999999934,0.020993016745459864
10,TrainingSize,0,1777,900,Our Eps-Fair,0.1,0.80775,0.11121528530436324,0.89625,0.09625295427594643,,0.08850000000000002,0.014962331028416806
10,TrainingSize,0,1777,900,Our Eps-Fair,0.15,0.836,0.163791333923876,0.96225,0.1471838840356216,,0.12625000000000008,0.016607449888254383
10,TrainingSize,0,1777,1000,Unfair,,0.84,0.1931919581189741,0.9785,0.1625154917442785,,0.13850000000000007,0.030676466374695593
10,TrainingSize,0,1777,1000,Our Eps-Fair,0.0,0.7115,0.026593421374694337,0.74525,0.018746854460234746,,0.03374999999999995,0.00784656691445959
10,TrainingSize,0,1777,1000,Our Eps-Fair,0.05,0.7635,0.0731870377634784,0.817,0.04473173186762744,,0.05349999999999999,0.028455305895850963
10,TrainingSize,0,1777,1000,Our Eps-Fair,0.1,0.8105,0.11619014473795732,0.89625,0.09625295427594643,,0.08574999999999999,0.01993719046201088
10,TrainingSize,0,1777,1000,Our Eps-Fair,0.15,0.838,0.16581698027682498,0.96225,0.1471838840356216,,0.12425000000000008,0.01863309624120338
10,TrainingSize,0,1777,1100,Unfair,,0.84525,0.20515032211077253,0.9785,0.1625154917442785,,0.1332500000000001,0.042634830366494014
10,TrainingSize,0,1777,1100,Our Eps-Fair,0.0,0.71075,0.01720849331364191,0.74525,0.018746854460234746,,0.034499999999999975,-0.001538361146592837
10,TrainingSize,0,1777,1100,Our Eps-Fair,0.05,0.763,0.06074613890853614,0.817,0.04473173186762744,,0.05399999999999994,0.0160144070409087
10,TrainingSize,0,1777,1100,Our Eps-Fair,0.1,0.8125,0.10571538793677843,0.89625,0.09625295427594643,,0.08374999999999999,0.009462433660831993
10,TrainingSize,0,1777,1100,Our Eps-Fair,0.15,0.844,0.1607826165440453,0.96225,0.1471838840356216,,0.11825000000000008,0.013598732508423694
10,TrainingSize,0,1777,1200,Unfair,,0.854,0.19760302681868766,0.9785,0.1625154917442785,,0.12450000000000006,0.03508753507440915
10,TrainingSize,0,1777,1200,Our Eps-Fair,0.0,0.71325,0.018241567953284604,0.74525,0.018746854460234746,,0.03199999999999992,-0.0005052865069501422
10,TrainingSize,0,1777,1200,Our Eps-Fair,0.05,0.77,0.05130920709021228,0.817,0.04473173186762744,,0.04699999999999993,0.006577475222584839
10,TrainingSize,0,1777,1200,Our Eps-Fair,0.1,0.81475,0.10730475276838752,0.89625,0.09625295427594643,,0.08150000000000002,0.01105179849244109
10,TrainingSize,0,1777,1200,Our Eps-Fair,0.15,0.8455,0.16880019581414757,0.96225,0.1471838840356216,,0.11675000000000002,0.021616311778525965
10,TrainingSize,0,1777,1300,Unfair,,0.8565,0.20309917391531535,0.9785,0.1625154917442785,,0.122,0.04058368217103683
10,TrainingSize,0,1777,1300,Our Eps-Fair,0.0,0.719,0.02525057435399708,0.74525,0.018746854460234746,,0.026249999999999996,0.006503719893762333
10,TrainingSize,0,1777,1300,Our Eps-Fair,0.05,0.772,0.05627931618059406,0.817,0.04473173186762744,,0.04499999999999993,0.011547584312966624
10,TrainingSize,0,1777,1300,Our Eps-Fair,0.1,0.81675,0.10775328517485389,0.89625,0.09625295427594643,,0.07950000000000002,0.011500330898907452
10,TrainingSize,0,1777,1300,Our Eps-Fair,0.15,0.85225,0.16114714288107312,0.96225,0.1471838840356216,,0.1100000000000001,0.01396325884545152
10,TrainingSize,0,1777,1400,Unfair,,0.86225,0.19510709648772123,0.9785,0.1625154917442785,,0.11625000000000008,0.03259160474344272
10,TrainingSize,0,1777,1400,Our Eps-Fair,0.0,0.721,0.016822215405063012,0.74525,0.018746854460234746,,0.024249999999999994,-0.001924639055171734
10,TrainingSize,0,1777,1400,Our Eps-Fair,0.05,0.776,0.06324581951045963,0.817,0.04473173186762744,,0.040999999999999925,0.01851408764283219
10,TrainingSize,0,1777,1400,Our Eps-Fair,0.1,0.82425,0.1047445677950232,0.89625,0.09625295427594643,,0.07199999999999995,0.008491613519076763
10,TrainingSize,0,1777,1400,Our Eps-Fair,0.15,0.85325,0.1637573314671985,0.96225,0.1471838840356216,,0.1090000000000001,0.016573447431576904
10,TrainingSize,0,1777,1500,Unfair,,0.85925,0.19415802791751702,0.9785,0.1625154917442785,,0.11925000000000008,0.031642536173238506
10,TrainingSize,0,1777,1500,Our Eps-Fair,0.0,0.71475,0.03272986473272693,0.74525,0.018746854460234746,,0.03049999999999997,0.013983010272492186
10,TrainingSize,0,1777,1500,Our Eps-Fair,0.05,0.7785,0.058287961305204306,0.817,0.04473173186762744,,0.03849999999999998,0.013556229437576867
10,TrainingSize,0,1777,1500,Our Eps-Fair,0.1,0.8215,0.10975818002850705,0.89625,0.09625295427594643,,0.07474999999999998,0.01350522575256062
10,TrainingSize,0,1777,1500,Our Eps-Fair,0.15,0.85375,0.1581639273437506,0.96225,0.1471838840356216,,0.10850000000000004,0.01098004330812899
10,TrainingSize,0,1777,1600,Unfair,,0.86425,0.20156931338289188,0.9785,0.1625154917442785,,0.11425000000000007,0.03905382163861337
10,TrainingSize,0,1777,1600,Our Eps-Fair,0.0,0.72125,0.014687061140167379,0.74525,0.018746854460234746,,0.02400000000000002,-0.0040597933200673675
10,TrainingSize,0,1777,1600,Our Eps-Fair,0.05,0.78325,0.05783942889873794,0.817,0.04473173186762744,,0.03374999999999995,0.013107697031110505
10,TrainingSize,0,1777,1600,Our Eps-Fair,0.1,0.827,0.10131281985123425,0.89625,0.09625295427594643,,0.06925000000000003,0.005059865575287814
10,TrainingSize,0,1777,1600,Our Eps-Fair,0.15,0.8555,0.15874846957692693,0.96225,0.1471838840356216,,0.10675000000000001,0.011564585541305322
10,TrainingSize,0,1777,1700,Unfair,,0.86475,0.20212460350260308,0.9785,0.1625154917442785,,0.11375000000000002,0.03960911175832457
10,TrainingSize,0,1777,1700,Our Eps-Fair,0.0,0.72125,0.028165784977964653,0.74525,0.018746854460234746,,0.02400000000000002,0.009418930517729907
10,TrainingSize,0,1777,1700,Our Eps-Fair,0.05,0.77575,0.058377717790110334,0.817,0.04473173186762744,,0.0412499999999999,0.013645985922482895
10,TrainingSize,0,1777,1700,Our Eps-Fair,0.1,0.8285,0.10560487995257657,0.89625,0.09625295427594643,,0.06774999999999998,0.009351925676630138
10,TrainingSize,0,1777,1700,Our Eps-Fair,0.15,0.8585,0.15820168007138513,0.96225,0.1471838840356216,,0.10375000000000001,0.011017796035763527
10,TrainingSize,0,1777,1800,Unfair,,0.86475,0.19555187862323054,0.9785,0.1625154917442785,,0.11375000000000002,0.03303638687895202
10,TrainingSize,0,1777,1800,Our Eps-Fair,0.0,0.728,0.029712646738726867,0.74525,0.018746854460234746,,0.017249999999999988,0.01096579227849212
10,TrainingSize,0,1777,1800,Our Eps-Fair,0.05,0.78425,0.06965703272061408,0.817,0.04473173186762744,,0.032749999999999946,0.024925300852986637
10,TrainingSize,0,1777,1800,Our Eps-Fair,0.1,0.8355,0.1136942144069909,0.89625,0.09625295427594643,,0.06074999999999997,0.017441260131044467
10,TrainingSize,0,1777,1800,Our Eps-Fair,0.15,0.86025,0.15621003617511364,0.96225,0.1471838840356216,,0.10200000000000009,0.009026152139492039
10,TrainingSize,0,1777,1900,Unfair,,0.873,0.19509009525938248,0.9785,0.1625154917442785,,0.10550000000000004,0.03257460351510397
10,TrainingSize,0,1777,1900,Our Eps-Fair,0.0,0.71925,0.02278014586553878,0.74525,0.018746854460234746,,0.026000000000000023,0.004033291405304035
10,TrainingSize,0,1777,1900,Our Eps-Fair,0.05,0.78575,0.06380585997338309,0.817,0.04473173186762744,,0.03125,0.01907412810575565
10,TrainingSize,0,1777,1900,Our Eps-Fair,0.1,0.83775,0.12067771896519523,0.89625,0.09625295427594643,,0.058499999999999996,0.0244247646892488
10,TrainingSize,0,1777,1900,Our Eps-Fair,0.15,0.86325,0.1611933962228771,0.96225,0.1471838840356216,,0.09900000000000009,0.01400951218725549
10,TrainingSize,0,1777,2000,Unfair,,0.87675,0.1910388025534845,0.9785,0.1625154917442785,,0.10175000000000001,0.028523310809205976
10,TrainingSize,0,1777,2000,Our Eps-Fair,0.0,0.7285,0.03120000420030347,0.74525,0.018746854460234746,,0.01674999999999993,0.012453149740068725
10,TrainingSize,0,1777,2000,Our Eps-Fair,0.05,0.78825,0.055796781317450195,0.817,0.04473173186762744,,0.028749999999999942,0.011065049449822756
10,TrainingSize,0,1777,2000,Our Eps-Fair,0.1,0.838,0.11018971120663468,0.89625,0.09625295427594643,,0.058250000000000024,0.013936756930688243
10,TrainingSize,0,1777,2000,Our Eps-Fair,0.15,0.8675,0.1587569701910963,0.96225,0.1471838840356216,,0.09475,0.011573086155474699
10,PoolSize,0,1777,20,Our Eps-Fair,0.0,0.82875,0.21215932851148495,0.74525,0.018746854460234746,,-0.08350000000000002,0.1934124740512502
10,PoolSize,0,1777,20,Our Eps-Fair,0.05,0.825,0.2271094086547753,0.817,0.04473173186762744,,-0.008000000000000007,0.18237767678714786
10,PoolSize,0,1777,20,Our Eps-Fair,0.1,0.82875,0.22610083578538548,0.89625,0.09625295427594643,,0.0675,0.12984788150943904
10,PoolSize,0,1777,20,Our Eps-Fair,0.15,0.835,0.22211754799284245,0.96225,0.1471838840356216,,0.12725000000000009,0.07493366395722084
10,PoolSize,0,1777,40,Our Eps-Fair,0.0,0.74225,0.12337491383752475,0.74525,0.018746854460234746,,0.0030000000000000027,0.10462805937729
10,PoolSize,0,1777,40,Our Eps-Fair,0.05,0.82925,0.19467081496638133,0.817,0.04473173186762744,,-0.012250000000000094,0.1499390830987539
10,PoolSize,0,1777,40,Our Eps-Fair,0.1,0.839,0.22405818820409779,0.89625,0.09625295427594643,,0.05725000000000002,0.12780523392815135
10,PoolSize,0,1777,40,Our Eps-Fair,0.15,0.84025,0.21065496982156962,0.96225,0.1471838840356216,,0.122,0.06347108578594801
10,PoolSize,0,1777,60,Our Eps-Fair,0.0,0.74925,0.10202962164016349,0.74525,0.018746854460234746,,-0.0040000000000000036,0.08328276717992875
10,PoolSize,0,1777,60,Our Eps-Fair,0.05,0.80775,0.168762443086513,0.817,0.04473173186762744,,0.00924999999999998,0.12403071121888556
10,PoolSize,0,1777,60,Our Eps-Fair,0.1,0.8355,0.20866332592529813,0.89625,0.09625295427594643,,0.06074999999999997,0.11241037164935169
10,PoolSize,0,1777,60,Our Eps-Fair,0.15,0.84275,0.20965489756634914,0.96225,0.1471838840356216,,0.11950000000000005,0.06247101353072754
10,PoolSize,0,1777,80,Our Eps-Fair,0.0,0.77075,0.108004553328978,0.74525,0.018746854460234746,,-0.025500000000000078,0.08925769886874325
10,PoolSize,0,1777,80,Our Eps-Fair,0.05,0.83375,0.1836955220014646,0.817,0.04473173186762744,,-0.016750000000000043,0.13896379013383717
10,PoolSize,0,1777,80,Our Eps-Fair,0.1,0.832,0.2205961880745884,0.89625,0.09625295427594643,,0.06425000000000003,0.12434323379864196
10,PoolSize,0,1777,80,Our Eps-Fair,0.15,0.83725,0.22158775971563946,0.96225,0.1471838840356216,,0.125,0.07440387568001786
10,PoolSize,0,1777,100,Our Eps-Fair,0.0,0.7575,0.09606319056551836,0.74525,0.018746854460234746,,-0.012249999999999983,0.07731633610528361
10,PoolSize,0,1777,100,Our Eps-Fair,0.05,0.79,0.12623337036100857,0.817,0.04473173186762744,,0.026999999999999913,0.08150163849338113
10,PoolSize,0,1777,100,Our Eps-Fair,0.1,0.8395,0.17267772596570102,0.89625,0.09625295427594643,,0.05674999999999997,0.07642477168975459
10,PoolSize,0,1777,100,Our Eps-Fair,0.15,0.8475,0.1976200280470264,0.96225,0.1471838840356216,,0.11475000000000002,0.05043614401140481
10,PoolSize,0,1777,120,Our Eps-Fair,0.0,0.755,0.10476156902336192,0.74525,0.018746854460234746,,-0.009750000000000036,0.08601471456312718
10,PoolSize,0,1777,120,Our Eps-Fair,0.05,0.782,0.1272079407737209,0.817,0.04473173186762744,,0.03499999999999992,0.08247620890609347
10,PoolSize,0,1777,120,Our Eps-Fair,0.1,0.8255,0.14078117143963653,0.89625,0.09625295427594643,,0.07074999999999998,0.0445282171636901
10,PoolSize,0,1777,120,Our Eps-Fair,0.15,0.8465,0.16019332396765668,0.96225,0.1471838840356216,,0.11575000000000002,0.013009439932035072
10,PoolSize,0,1777,140,Our Eps-Fair,0.0,0.72325,0.10172184940361945,0.74525,0.018746854460234746,,0.02200000000000002,0.0829749949433847
10,PoolSize,0,1777,140,Our Eps-Fair,0.05,0.764,0.10895362189918222,0.817,0.04473173186762744,,0.052999999999999936,0.06422189003155478
10,PoolSize,0,1777,140,Our Eps-Fair,0.1,0.8175,0.13632384939811903,0.89625,0.09625295427594643,,0.07874999999999999,0.0400708951221726
10,PoolSize,0,1777,140,Our Eps-Fair,0.15,0.85225,0.17763558417095637,0.96225,0.1471838840356216,,0.1100000000000001,0.03045170013533477
10,PoolSize,0,1777,160,Our Eps-Fair,0.0,0.74025,0.07432036964670696,0.74525,0.018746854460234746,,0.0050000000000000044,0.05557351518647222
10,PoolSize,0,1777,160,Our Eps-Fair,0.05,0.77875,0.10945790833387713,0.817,0.04473173186762744,,0.038249999999999895,0.06472617646624969
10,PoolSize,0,1777,160,Our Eps-Fair,0.1,0.83925,0.1502398548295114,0.89625,0.09625295427594643,,0.05699999999999994,0.053986900553564976
10,PoolSize,0,1777,160,Our Eps-Fair,0.15,0.85275,0.18712351967429647,0.96225,0.1471838840356216,,0.10950000000000004,0.039939635638674864
10,PoolSize,0,1777,180,Our Eps-Fair,0.0,0.7015,0.13349189478939855,0.74525,0.018746854460234746,,0.043749999999999956,0.1147450403291638
10,PoolSize,0,1777,180,Our Eps-Fair,0.05,0.79625,0.10689397308955573,0.817,0.04473173186762744,,0.020749999999999935,0.06216224122192829
10,PoolSize,0,1777,180,Our Eps-Fair,0.1,0.82825,0.14378613854851013,0.89625,0.09625295427594643,,0.06799999999999995,0.0475331842725637
10,PoolSize,0,1777,180,Our Eps-Fair,0.15,0.86075,0.17060957654190517,0.96225,0.1471838840356216,,0.10150000000000003,0.02342569250628357
10,PoolSize,0,1777,200,Our Eps-Fair,0.0,0.72625,0.0885934008732131,0.74525,0.018746854460234746,,0.019000000000000017,0.06984654641297836
10,PoolSize,0,1777,200,Our Eps-Fair,0.05,0.79475,0.09927392254090357,0.817,0.04473173186762744,,0.022249999999999992,0.054542190673276134
10,PoolSize,0,1777,200,Our Eps-Fair,0.1,0.83625,0.14276056445078156,0.89625,0.09625295427594643,,0.05999999999999994,0.04650761017483512
10,PoolSize,0,1777,200,Our Eps-Fair,0.15,0.855,0.18062730032244828,0.96225,0.1471838840356216,,0.10725000000000007,0.03344341628682668
10,PoolSize,0,1777,220,Our Eps-Fair,0.0,0.7475,0.0540469048888782,0.74525,0.018746854460234746,,-0.0022500000000000853,0.035300050428643454
10,PoolSize,0,1777,220,Our Eps-Fair,0.05,0.80125,0.09981221143227598,0.817,0.04473173186762744,,0.01574999999999993,0.05508047956464854
10,PoolSize,0,1777,220,Our Eps-Fair,0.1,0.8385,0.14127320698920498,0.89625,0.09625295427594643,,0.05774999999999997,0.045020252713258546
10,PoolSize,0,1777,220,Our Eps-Fair,0.15,0.85625,0.18510637393551688,0.96225,0.1471838840356216,,0.1060000000000001,0.03792248989989527
10,PoolSize,0,1777,240,Our Eps-Fair,0.0,0.75275,0.05089842741138048,0.74525,0.018746854460234746,,-0.007500000000000062,0.032151572951145735
10,PoolSize,0,1777,240,Our Eps-Fair,0.05,0.8095,0.10280392758376793,0.817,0.04473173186762744,,0.007499999999999951,0.05807219571614049
10,PoolSize,0,1777,240,Our Eps-Fair,0.1,0.837,0.1357770598925772,0.89625,0.09625295427594643,,0.059250000000000025,0.03952410561663078
10,PoolSize,0,1777,240,Our Eps-Fair,0.15,0.86225,0.17860165396949929,0.96225,0.1471838840356216,,0.10000000000000009,0.03141776993387768
10,PoolSize,0,1777,260,Our Eps-Fair,0.0,0.75075,0.06222024541273108,0.74525,0.018746854460234746,,-0.00550000000000006,0.04347339095249633
10,PoolSize,0,1777,260,Our Eps-Fair,0.05,0.81025,0.09788482217840239,0.817,0.04473173186762744,,0.006749999999999923,0.05315309031077495
10,PoolSize,0,1777,260,Our Eps-Fair,0.1,0.84475,0.16221046970643627,0.89625,0.09625295427594643,,0.05149999999999999,0.06595751543048983
10,PoolSize,0,1777,260,Our Eps-Fair,0.15,0.86225,0.17529641516599576,0.96225,0.1471838840356216,,0.10000000000000009,0.028112531130374152
10,PoolSize,0,1777,280,Our Eps-Fair,0.0,0.7505,0.06472467635786686,0.74525,0.018746854460234746,,-0.005249999999999977,0.04597782189763211
10,PoolSize,0,1777,280,Our Eps-Fair,0.05,0.8005,0.10391925816640252,0.817,0.04473173186762744,,0.01649999999999996,0.05918752629877508
10,PoolSize,0,1777,280,Our Eps-Fair,0.1,0.842,0.1807840616484541,0.89625,0.09625295427594643,,0.05425000000000002,0.08453110737250766
10,PoolSize,0,1777,280,Our Eps-Fair,0.15,0.8605,0.17529641516599576,0.96225,0.1471838840356216,,0.10175000000000001,0.028112531130374152
10,PoolSize,0,1777,300,Our Eps-Fair,0.0,0.7475,0.0627755355324422,0.74525,0.018746854460234746,,-0.0022500000000000853,0.04402868107220745
10,PoolSize,0,1777,300,Our Eps-Fair,0.05,0.80725,0.0992654219267342,0.817,0.04473173186762744,,0.009749999999999925,0.05453369005910676
10,PoolSize,0,1777,300,Our Eps-Fair,0.1,0.84925,0.1512606785840277,0.89625,0.09625295427594643,,0.04700000000000004,0.05500772430808126
10,PoolSize,0,1777,300,Our Eps-Fair,0.15,0.8645,0.17529641516599576,0.96225,0.1471838840356216,,0.09775,0.028112531130374152
10,TrainingSize,1,11777,100,Unfair,,0.55575,0.18106062954566593,0.97275,0.17302755724801522,,0.41700000000000004,0.008033072297650712
10,TrainingSize,1,11777,100,Our Eps-Fair,0.0,0.49775,0.022086698780289016,0.74525,0.04104986944882508,,0.24749999999999994,-0.01896317066853606
10,TrainingSize,1,11777,100,Our Eps-Fair,0.05,0.53125,0.06772260950348552,0.82725,0.0580445224007016,,0.29600000000000004,0.009678087102783922
10,TrainingSize,1,11777,100,Our Eps-Fair,0.1,0.54775,0.10300892708034372,0.8965,0.10345043105387948,,0.34875,-0.00044150397353576176
10,TrainingSize,1,11777,100,Our Eps-Fair,0.15,0.55525,0.14904234138107242,0.962,0.15498839489555405,,0.40674999999999994,-0.005946053514481631
10,TrainingSize,1,11777,200,Unfair,,0.668,0.1589974309768788,0.97275,0.17302755724801522,,0.30474999999999997,-0.014030126271136423
10,TrainingSize,1,11777,200,Our Eps-Fair,0.0,0.5835,0.04682442141979279,0.74525,0.04104986944882508,,0.16174999999999995,0.005774551970967712
10,TrainingSize,1,11777,200,Our Eps-Fair,0.05,0.62725,0.06398457586118275,0.82725,0.0580445224007016,,0.20000000000000007,0.005940053460481154
10,TrainingSize,1,11777,200,Our Eps-Fair,0.1,0.658,0.11648054832493493,0.8965,0.10345043105387948,,0.23849999999999993,0.01303011727105545
10,TrainingSize,1,11777,200,Our Eps-Fair,0.15,0.668,0.1589974309768788,0.962,0.15498839489555405,,0.29399999999999993,0.004009036081324746
10,TrainingSize,1,11777,300,Unfair,,0.72375,0.17795460159141435,0.97275,0.17302755724801522,,0.249,0.004927044343399134
10,TrainingSize,1,11777,300,Our Eps-Fair,0.0,0.6195,0.03135278217503959,0.74525,0.04104986944882508,,0.12574999999999992,-0.009697087273785487
10,TrainingSize,1,11777,300,Our Eps-Fair,0.05,0.66925,0.053230979078811705,0.82725,0.0580445224007016,,0.15800000000000003,-0.004813543321889893
10,TrainingSize,1,11777,300,Our Eps-Fair,0.1,0.7015,0.11105999953999587,0.8965,0.10345043105387948,,0.19499999999999995,0.007609568486116394
10,TrainingSize,1,11777,300,Our Eps-Fair,0.15,0.721,0.15309337784040059,0.962,0.15498839489555405,,0.241,-0.001895017055153464
10,TrainingSize,1,11777,400,Unfair,,0.749,0.19747427726849542,0.97275,0.17302755724801522,,0.22375,0.024446720020480206
10,TrainingSize,1,11777,400,Our Eps-Fair,0.0,0.62775,0.03436480928328356,0.74525,0.04104986944882508,,0.11749999999999994,-0.006685060165541518
10,TrainingSize,1,11777,400,Our Eps-Fair,0.05,0.679,0.061647054823493405,0.82725,0.0580445224007016,,0.14825,0.003602532422791807
10,TrainingSize,1,11777,400,Our Eps-Fair,0.1,0.724,0.11090699816298347,0.8965,0.10345043105387948,,0.1725,0.007456567109103987
10,TrainingSize,1,11777,400,Our Eps-Fair,0.15,0.745,0.1444257998321985,0.962,0.15498839489555405,,0.21699999999999997,-0.010562595063355551
10,TrainingSize,1,11777,500,Unfair,,0.77775,0.19043521391692525,0.97275,0.17302755724801522,,0.19499999999999995,0.017407656668910032
10,TrainingSize,1,11777,500,Our Eps-Fair,0.0,0.6455,0.04727842550582956,0.74525,0.04104986944882508,,0.09975,0.006228556057004481
10,TrainingSize,1,11777,500,Our Eps-Fair,0.05,0.698,0.0590765316887852,0.82725,0.0580445224007016,,0.1292500000000001,0.001032009288083599
10,TrainingSize,1,11777,500,Our Eps-Fair,0.1,0.7385,0.11255451299061692,0.8965,0.10345043105387948,,0.15799999999999992,0.009104081936737438
10,TrainingSize,1,11777,500,Our Eps-Fair,0.15,0.76825,0.15997343976095785,0.962,0.15498839489555405,,0.19374999999999998,0.004985044865403798
10,TrainingSize,1,11777,600,Unfair,,0.785,0.18143813294319647,0.97275,0.17302755724801522,,0.18774999999999997,0.00841057569518125
10,TrainingSize,1,11777,600,Our Eps-Fair,0.0,0.649,0.024373719363474267,0.74525,0.04104986944882508,,0.09624999999999995,-0.01667615008535081
10,TrainingSize,1,11777,600,Our Eps-Fair,0.05,0.6985,0.048404935644420805,0.82725,0.0580445224007016,,0.12875000000000003,-0.009639586756280794
10,TrainingSize,1,11777,600,Our Eps-Fair,0.1,0.74425,0.10892798035182315,0.8965,0.10345043105387948,,0.15225,0.005477549297943668
10,TrainingSize,1,11777,600,Our Eps-Fair,0.15,0.77725,0.15796442167979513,0.962,0.15498839489555405,,0.18474999999999997,0.0029760267842410815
10,TrainingSize,1,11777,700,Unfair,,0.79675,0.19791578124203116,0.97275,0.17302755724801522,,0.17600000000000005,0.02488822399401594
10,TrainingSize,1,11777,700,Our Eps-Fair,0.0,0.66625,0.024866223796014164,0.74525,0.04104986944882508,,0.07899999999999996,-0.016183645652810913
10,TrainingSize,1,11777,700,Our Eps-Fair,0.05,0.71725,0.05806752260770345,0.82725,0.0580445224007016,,0.10999999999999999,2.3000207001855344e-05
10,TrainingSize,1,11777,700,Our Eps-Fair,0.1,0.757,0.11206500858507726,0.8965,0.10345043105387948,,0.13949999999999996,0.008614577531197778
10,TrainingSize,1,11777,700,Our Eps-Fair,0.15,0.7855,0.15752191769725926,0.962,0.15498839489555405,,0.1765,0.0025335228017052125
10,TrainingSize,1,11777,800,Unfair,,0.8055,0.19140822267400406,0.97275,0.17302755724801522,,0.16725,0.018380665425988846
10,TrainingSize,1,11777,800,Our Eps-Fair,0.0,0.67625,0.020713686423177807,0.74525,0.04104986944882508,,0.06899999999999995,-0.02033618302564727
10,TrainingSize,1,11777,800,Our Eps-Fair,0.05,0.72675,0.059028531256781314,0.82725,0.0580445224007016,,0.10050000000000003,0.0009840088560797156
10,TrainingSize,1,11777,800,Our Eps-Fair,0.1,0.766,0.111444503000527,0.8965,0.10345043105387948,,0.13049999999999995,0.007994071946647516
10,TrainingSize,1,11777,800,Our Eps-Fair,0.15,0.79725,0.162456962112659,0.962,0.15498839489555405,,0.16474999999999995,0.007468567217104954
10,TrainingSize,1,11777,900,Unfair,,0.81825,0.20254132287190585,0.97275,0.17302755724801522,,0.15449999999999997,0.02951376562389063
10,TrainingSize,1,11777,900,Our Eps-Fair,0.0,0.684,0.019179172612553502,0.74525,0.04104986944882508,,0.061249999999999916,-0.021870696836271575
10,TrainingSize,1,11777,900,Our Eps-Fair,0.05,0.73775,0.055834502510522604,0.82725,0.0580445224007016,,0.08950000000000002,-0.0022100198901789936
10,TrainingSize,1,11777,900,Our Eps-Fair,0.1,0.78025,0.11205000845007605,0.8965,0.10345043105387948,,0.11624999999999996,0.008599577396196573
10,TrainingSize,1,11777,900,Our Eps-Fair,0.15,0.81125,0.15693141238271147,0.962,0.15498839489555405,,0.15074999999999994,0.0019430174871574168
10,TrainingSize,1,11777,1000,Unfair,,0.82275,0.1940307462767165,0.97275,0.17302755724801522,,0.15000000000000002,0.02100318902870127
10,TrainingSize,1,11777,1000,Our Eps-Fair,0.0,0.69225,0.020701686315176826,0.74525,0.04104986944882508,,0.052999999999999936,-0.02034818313364825
10,TrainingSize,1,11777,1000,Our Eps-Fair,0.05,0.7465,0.06510958598627388,0.82725,0.0580445224007016,,0.08074999999999999,0.0070650635855722815
10,TrainingSize,1,11777,1000,Our Eps-Fair,0.1,0.785,0.10937848440635965,0.8965,0.10345043105387948,,0.11149999999999993,0.005928053352480173
10,TrainingSize,1,11777,1000,Our Eps-Fair,0.15,0.81475,0.16094344849103642,0.962,0.15498839489555405,,0.14725,0.0059550535954823736
10,TrainingSize,1,11777,1100,Unfair,,0.8305,0.19292773634962718,0.97275,0.17302755724801522,,0.14225,0.01990017910161196
10,TrainingSize,1,11777,1100,Our Eps-Fair,0.0,0.7065,0.018665667991011936,0.74525,0.04104986944882508,,0.03874999999999995,-0.02238420145781314
10,TrainingSize,1,11777,1100,Our Eps-Fair,0.05,0.753,0.05748001732015587,0.82725,0.0580445224007016,,0.07425000000000004,-0.0005645050805457297
10,TrainingSize,1,11777,1100,Our Eps-Fair,0.1,0.79175,0.10998498986490879,0.8965,0.10345043105387948,,0.10475000000000001,0.006534558811029309
10,TrainingSize,1,11777,1100,Our Eps-Fair,0.15,0.82025,0.15649290843617591,0.962,0.15498839489555405,,0.14174999999999993,0.0015045135406218657
10,TrainingSize,1,11777,1200,Unfair,,0.8315,0.1958827629448665,0.97275,0.17302755724801522,,0.14125,0.02285520569685129
10,TrainingSize,1,11777,1200,Our Eps-Fair,0.0,0.69625,0.03123928115353039,0.74525,0.04104986944882508,,0.04899999999999993,-0.009810588295294687
10,TrainingSize,1,11777,1200,Our Eps-Fair,0.05,0.745,0.06613359520235683,0.82725,0.0580445224007016,,0.08225000000000005,0.008089072801655231
10,TrainingSize,1,11777,1200,Our Eps-Fair,0.1,0.7975,0.11202900826107434,0.8965,0.10345043105387948,,0.09899999999999998,0.008578577207194862
10,TrainingSize,1,11777,1200,Our Eps-Fair,0.15,0.82675,0.16000844007596066,0.962,0.15498839489555405,,0.13524999999999998,0.005020045180406607
10,TrainingSize,1,11777,1300,Unfair,,0.83525,0.19190972718754468,0.97275,0.17302755724801522,,0.13749999999999996,0.01888216993952946
10,TrainingSize,1,11777,1300,Our Eps-Fair,0.0,0.6945,0.0278812509312584,0.74525,0.04104986944882508,,0.05074999999999996,-0.013168618517566677
10,TrainingSize,1,11777,1300,Our Eps-Fair,0.05,0.75075,0.054455990103910945,0.82725,0.0580445224007016,,0.07650000000000001,-0.003588532296790653
10,TrainingSize,1,11777,1300,Our Eps-Fair,0.1,0.792,0.10947148524336718,0.8965,0.10345043105387948,,0.10449999999999993,0.006021054189487701
10,TrainingSize,1,11777,1300,Our Eps-Fair,0.15,0.832,0.16501748515736642,0.962,0.15498839489555405,,0.13,0.010029090261812368
10,TrainingSize,1,11777,1400,Unfair,,0.84,0.18853219678977112,0.97275,0.17302755724801522,,0.13275000000000003,0.015504639541755905
10,TrainingSize,1,11777,1400,Our Eps-Fair,0.0,0.696,0.018665667991011936,0.74525,0.04104986944882508,,0.049250000000000016,-0.02238420145781314
10,TrainingSize,1,11777,1400,Our Eps-Fair,0.05,0.75775,0.05498449486045376,0.82725,0.0580445224007016,,0.0695,-0.0030600275402478394
10,TrainingSize,1,11777,1400,Our Eps-Fair,0.1,0.80225,0.10949848548636937,0.8965,0.10345043105387948,,0.09424999999999994,0.006048054432489888
10,TrainingSize,1,11777,1400,Our Eps-Fair,0.15,0.8355,0.1635169716527449,0.962,0.15498839489555405,,0.12649999999999995,0.008528576757190848
10,TrainingSize,1,11777,1500,Unfair,,0.8475,0.18445916013244118,0.97275,0.17302755724801522,,0.12524999999999997,0.011431602884425962
10,TrainingSize,1,11777,1500,Our Eps-Fair,0.0,0.6955,0.030683776153985404,0.74525,0.04104986944882508,,0.04974999999999996,-0.010366093294839673
10,TrainingSize,1,11777,1500,Our Eps-Fair,0.05,0.7525,0.059459035131316174,0.82725,0.0580445224007016,,0.0747500000000001,0.0014145127306145755
10,TrainingSize,1,11777,1500,Our Eps-Fair,0.1,0.7985,0.1120470084230758,0.8965,0.10345043105387948,,0.09799999999999998,0.00859657736919632
10,TrainingSize,1,11777,1500,Our Eps-Fair,0.15,0.83625,0.16401747615728543,0.962,0.15498839489555405,,0.12574999999999992,0.009029081261731381
10,TrainingSize,1,11777,1600,Unfair,,0.8475,0.18594267348406138,0.97275,0.17302755724801522,,0.12524999999999997,0.012915116236046159
10,TrainingSize,1,11777,1600,Our Eps-Fair,0.0,0.69875,0.017131154180387603,0.74525,0.04104986944882508,,0.046499999999999986,-0.023918715268437474
10,TrainingSize,1,11777,1600,Our Eps-Fair,0.05,0.75925,0.05511249601246411,0.82725,0.0580445224007016,,0.06800000000000006,-0.002932026388237488
10,TrainingSize,1,11777,1600,Our Eps-Fair,0.1,0.81325,0.11151550363953276,0.8965,0.10345043105387948,,0.08324999999999994,0.008065072585653282
10,TrainingSize,1,11777,1600,Our Eps-Fair,0.15,0.84325,0.16397947581528233,0.962,0.15498839489555405,,0.11874999999999991,0.008991080919728278
10,TrainingSize,1,11777,1700,Unfair,,0.856,0.1925592330330973,0.97275,0.17302755724801522,,0.11675000000000002,0.01953167578508208
10,TrainingSize,1,11777,1700,Our Eps-Fair,0.0,0.7015,0.021641694775252962,0.74525,0.04104986944882508,,0.043749999999999956,-0.019408174673572115
10,TrainingSize,1,11777,1700,Our Eps-Fair,0.05,0.76075,0.05286447578028203,0.82725,0.0580445224007016,,0.0665,-0.0051800466204195705
10,TrainingSize,1,11777,1700,Our Eps-Fair,0.1,0.81175,0.10751546763920874,0.8965,0.10345043105387948,,0.08474999999999999,0.004065036585329265
10,TrainingSize,1,11777,1700,Our Eps-Fair,0.15,0.8445,0.162456962112659,0.962,0.15498839489555405,,0.11749999999999994,0.007468567217104954
10,TrainingSize,1,11777,1800,Unfair,,0.8535,0.1960637645738812,0.97275,0.17302755724801522,,0.11924999999999997,0.023036207325865976
10,TrainingSize,1,11777,1800,Our Eps-Fair,0.0,0.69775,0.02914926234336107,0.74525,0.04104986944882508,,0.04749999999999999,-0.011900607105464006
10,TrainingSize,1,11777,1800,Our Eps-Fair,0.05,0.757,0.05014845133606201,0.82725,0.0580445224007016,,0.07025000000000003,-0.00789607106463959
10,TrainingSize,1,11777,1800,Our Eps-Fair,0.1,0.81025,0.11091299821698394,0.8965,0.10345043105387948,,0.08624999999999994,0.007462567163104464
10,TrainingSize,1,11777,1800,Our Eps-Fair,0.15,0.8415,0.16297946681520134,0.962,0.15498839489555405,,0.12049999999999994,0.007991071919647291
10,TrainingSize,1,11777,1900,Unfair,,0.85975,0.19558626027634246,0.97275,0.17302755724801522,,0.11299999999999999,0.022558703028327243
10,TrainingSize,1,11777,1900,Our Eps-Fair,0.0,0.70575,0.019406674660071954,0.74525,0.04104986944882508,,0.03949999999999998,-0.021643194788753123
10,TrainingSize,1,11777,1900,Our Eps-Fair,0.05,0.76725,0.062318060862547764,0.82725,0.0580445224007016,,0.06000000000000005,0.004273538461846166
10,TrainingSize,1,11777,1900,Our Eps-Fair,0.1,0.8185,0.10437843940595463,0.8965,0.10345043105387948,,0.07799999999999996,0.0009280083520751548
10,TrainingSize,1,11777,1900,Our Eps-Fair,0.15,0.85125,0.16696150265352389,0.962,0.15498839489555405,,0.11075000000000002,0.011973107757969836
10,TrainingSize,1,11777,2000,Unfair,,0.863,0.19105771951947567,0.97275,0.17302755724801522,,0.10975000000000001,0.018030162271460454
10,TrainingSize,1,11777,2000,Our Eps-Fair,0.0,0.70475,0.01658464926184336,0.74525,0.04104986944882508,,0.04049999999999998,-0.024465220186981718
10,TrainingSize,1,11777,2000,Our Eps-Fair,0.05,0.7725,0.055323997915981235,0.82725,0.0580445224007016,,0.054750000000000076,-0.002720524484720363
10,TrainingSize,1,11777,2000,Our Eps-Fair,0.1,0.81725,0.10737546637919741,0.8965,0.10345043105387948,,0.07924999999999993,0.003925035325317933
10,TrainingSize,1,11777,2000,Our Eps-Fair,0.15,0.852,0.1579704217337956,0.962,0.15498839489555405,,0.10999999999999999,0.0029820268382415582
10,PoolSize,1,11777,20,Our Eps-Fair,0.0,0.8105,0.1804331238981151,0.74525,0.04104986944882508,,-0.06525000000000003,0.13938325444929003
10,PoolSize,1,11777,20,Our Eps-Fair,0.05,0.834,0.17445407008663077,0.82725,0.0580445224007016,,-0.006749999999999923,0.11640954768592918
10,PoolSize,1,11777,20,Our Eps-Fair,0.1,0.8495,0.18699168292514634,0.8965,0.10345043105387948,,0.04699999999999993,0.08354125187126686
10,PoolSize,1,11777,20,Our Eps-Fair,0.15,0.859,0.19250823257409316,0.962,0.15498839489555405,,0.10299999999999998,0.037519837678539114
10,PoolSize,1,11777,40,Our Eps-Fair,0.0,0.74125,0.16105344948104533,0.74525,0.04104986944882508,,0.0040000000000000036,0.12000358003222025
10,PoolSize,1,11777,40,Our Eps-Fair,0.05,0.8,0.16604149437344937,0.82725,0.0580445224007016,,0.027249999999999996,0.10799697197274777
10,PoolSize,1,11777,40,Our Eps-Fair,0.1,0.81175,0.16553998985990875,0.8965,0.10345043105387948,,0.08474999999999999,0.062089558806029274
10,PoolSize,1,11777,40,Our Eps-Fair,0.15,0.8375,0.1704510340593065,0.962,0.15498839489555405,,0.12449999999999994,0.015462639163752456
10,PoolSize,1,11777,60,Our Eps-Fair,0.0,0.773,0.1148530336773031,0.74525,0.04104986944882508,,-0.027750000000000052,0.07380316422847802
10,PoolSize,1,11777,60,Our Eps-Fair,0.05,0.79725,0.15504739542655882,0.82725,0.0580445224007016,,0.030000000000000027,0.09700287302585722
10,PoolSize,1,11777,60,Our Eps-Fair,0.1,0.835,0.1710185391668525,0.8965,0.10345043105387948,,0.0615,0.06756810811297302
10,PoolSize,1,11777,60,Our Eps-Fair,0.15,0.8405,0.18053512481612333,0.962,0.15498839489555405,,0.12149999999999994,0.025546729920569278
10,PoolSize,1,11777,80,Our Eps-Fair,0.0,0.70975,0.040172861555754,0.74525,0.04104986944882508,,0.035499999999999976,-0.0008770078930710745
10,PoolSize,1,11777,80,Our Eps-Fair,0.05,0.7595,0.11335752021768196,0.82725,0.0580445224007016,,0.06775000000000009,0.05531299781698036
10,PoolSize,1,11777,80,Our Eps-Fair,0.1,0.82275,0.1729465565190087,0.8965,0.10345043105387948,,0.07374999999999998,0.06949612546512922
10,PoolSize,1,11777,80,Our Eps-Fair,0.15,0.85125,0.18849019641176767,0.962,0.15498839489555405,,0.11075000000000002,0.033501801516213625
10,PoolSize,1,11777,100,Our Eps-Fair,0.0,0.69775,0.07599068391615524,0.74525,0.04104986944882508,,0.04749999999999999,0.03494081446733016
10,PoolSize,1,11777,100,Our Eps-Fair,0.05,0.75975,0.12967466707200365,0.82725,0.0580445224007016,,0.0675,0.07163014467130205
10,PoolSize,1,11777,100,Our Eps-Fair,0.1,0.797,0.17513757623818615,0.8965,0.10345043105387948,,0.09949999999999992,0.07168714518430667
10,PoolSize,1,11777,100,Our Eps-Fair,0.15,0.8295,0.17752309770787936,0.962,0.15498839489555405,,0.13249999999999995,0.022534702812325308
10,PoolSize,1,11777,120,Our Eps-Fair,0.0,0.7145,0.06599359394234547,0.74525,0.04104986944882508,,0.030749999999999944,0.02494372449352039
10,PoolSize,1,11777,120,Our Eps-Fair,0.05,0.751,0.13417920761286853,0.82725,0.0580445224007016,,0.07625000000000004,0.07613468521216693
10,PoolSize,1,11777,120,Our Eps-Fair,0.1,0.813,0.18112263010367094,0.8965,0.10345043105387948,,0.08350000000000002,0.07767219904979146
10,PoolSize,1,11777,120,Our Eps-Fair,0.15,0.829,0.181024629221663,0.962,0.15498839489555405,,0.133,0.026036234326108965
10,PoolSize,1,11777,140,Our Eps-Fair,0.0,0.6905,0.07415816742350678,0.74525,0.04104986944882508,,0.054749999999999965,0.033108297974681705
10,PoolSize,1,11777,140,Our Eps-Fair,0.05,0.74275,0.13468071212640914,0.82725,0.0580445224007016,,0.08450000000000002,0.07663618972570754
10,PoolSize,1,11777,140,Our Eps-Fair,0.1,0.80575,0.1821256391307522,0.8965,0.10345043105387948,,0.09075,0.07867520807687271
10,PoolSize,1,11777,140,Our Eps-Fair,0.15,0.8345,0.17952911576204186,0.962,0.15498839489555405,,0.12749999999999995,0.024540720866487814
10,PoolSize,1,11777,160,Our Eps-Fair,0.0,0.68025,0.07342916086244777,0.74525,0.04104986944882508,,0.06499999999999995,0.032379291413622696
10,PoolSize,1,11777,160,Our Eps-Fair,0.05,0.72325,0.17165704491340422,0.82725,0.0580445224007016,,0.10400000000000009,0.11361252251270262
10,PoolSize,1,11777,160,Our Eps-Fair,0.1,0.763,0.20561535053815488,0.8965,0.10345043105387948,,0.13349999999999995,0.1021649194842754
10,PoolSize,1,11777,160,Our Eps-Fair,0.15,0.82425,0.19660626945642512,0.962,0.15498839489555405,,0.13774999999999993,0.04161787456087107
10,PoolSize,1,11777,180,Our Eps-Fair,0.0,0.668,0.1037504337539038,0.74525,0.04104986944882508,,0.07724999999999993,0.06270056430507873
10,PoolSize,1,11777,180,Our Eps-Fair,0.05,0.71625,0.09219082971746745,0.82725,0.0580445224007016,,0.11099999999999999,0.03414630731676585
10,PoolSize,1,11777,180,Our Eps-Fair,0.1,0.78925,0.19612276510488594,0.8965,0.10345043105387948,,0.10724999999999996,0.09267233405100646
10,PoolSize,1,11777,180,Our Eps-Fair,0.15,0.8305,0.18511066599599396,0.962,0.15498839489555405,,0.13149999999999995,0.030122271100439912
10,PoolSize,1,11777,200,Our Eps-Fair,0.0,0.69925,0.06825411428702857,0.74525,0.04104986944882508,,0.04599999999999993,0.027204244838203495
10,PoolSize,1,11777,200,Our Eps-Fair,0.05,0.725,0.11068049612446512,0.82725,0.0580445224007016,,0.10225000000000006,0.052635973723763524
10,PoolSize,1,11777,200,Our Eps-Fair,0.1,0.79775,0.17214354929194364,0.8965,0.10345043105387948,,0.09875,0.06869311823806416
10,PoolSize,1,11777,200,Our Eps-Fair,0.15,0.82475,0.18062112559013033,0.962,0.15498839489555405,,0.13724999999999998,0.025632730694576278
10,PoolSize,1,11777,220,Our Eps-Fair,0.0,0.699,0.06626009634086708,0.74525,0.04104986944882508,,0.04625000000000001,0.025210226892041998
10,PoolSize,1,11777,220,Our Eps-Fair,0.05,0.73075,0.13268369415324738,0.82725,0.0580445224007016,,0.09650000000000003,0.07463917175254578
10,PoolSize,1,11777,220,Our Eps-Fair,0.1,0.79925,0.19811678305104746,0.8965,0.10345043105387948,,0.09724999999999995,0.09466635199716798
10,PoolSize,1,11777,220,Our Eps-Fair,0.15,0.822,0.17762409861688755,0.962,0.15498839489555405,,0.14,0.0226357037213335
10,PoolSize,1,11777,240,Our Eps-Fair,0.0,0.6895,0.06127505147546328,0.74525,0.04104986944882508,,0.055749999999999966,0.0202251820266382
10,PoolSize,1,11777,240,Our Eps-Fair,0.05,0.7315,0.08869229823068406,0.82725,0.0580445224007016,,0.09575,0.03064777582998246
10,PoolSize,1,11777,240,Our Eps-Fair,0.1,0.78625,0.15915243237189133,0.8965,0.10345043105387948,,0.11024999999999996,0.055702001318011854
10,PoolSize,1,11777,240,Our Eps-Fair,0.15,0.822,0.18162113459021131,0.962,0.15498839489555405,,0.14,0.026632739694657265
10,PoolSize,1,11777,260,Our Eps-Fair,0.0,0.69175,0.05329597966381697,0.74525,0.04104986944882508,,0.05349999999999999,0.01224611021499189
10,PoolSize,1,11777,260,Our Eps-Fair,0.05,0.73775,0.13317919861278754,0.82725,0.0580445224007016,,0.08950000000000002,0.07513467621208594
10,PoolSize,1,11777,260,Our Eps-Fair,0.1,0.79175,0.19862128759158834,0.8965,0.10345043105387948,,0.10475000000000001,0.09517085653770886
10,PoolSize,1,11777,260,Our Eps-Fair,0.15,0.82925,0.2055853502681524,0.962,0.15498839489555405,,0.13274999999999992,0.05059695537259834
10,PoolSize,1,11777,280,Our Eps-Fair,0.0,0.681,0.07174414569731127,0.74525,0.04104986944882508,,0.06424999999999992,0.030694276248486196
10,PoolSize,1,11777,280,Our Eps-Fair,0.05,0.747,0.09867138804249237,0.82725,0.0580445224007016,,0.08025000000000004,0.04062686564179077
10,PoolSize,1,11777,280,Our Eps-Fair,0.1,0.80125,0.15464489180402624,0.8965,0.10345043105387948,,0.09524999999999995,0.05119446075014676
10,PoolSize,1,11777,280,Our Eps-Fair,0.15,0.835,0.2065823592412332,0.962,0.15498839489555405,,0.127,0.051593964345679144
10,PoolSize,1,11777,300,Our Eps-Fair,0.0,0.6805,0.07080713726423535,0.74525,0.04104986944882508,,0.06474999999999997,0.02975726781541027
10,PoolSize,1,11777,300,Our Eps-Fair,0.05,0.751,0.09866838801549213,0.82725,0.0580445224007016,,0.07625000000000004,0.04062386561479053
10,PoolSize,1,11777,300,Our Eps-Fair,0.1,0.805,0.14664481980337823,0.8965,0.10345043105387948,,0.09149999999999991,0.043194388749498755
10,PoolSize,1,11777,300,Our Eps-Fair,0.15,0.835,0.2025913233219099,0.962,0.15498839489555405,,0.127,0.047602928426355856
10,TrainingSize,2,21777,100,Unfair,,0.57125,0.26772766242153356,0.97525,0.19011415780274168,,0.4039999999999999,0.07761350461879188
10,TrainingSize,2,21777,100,Our Eps-Fair,0.0,0.496,0.02426869024929501,0.75225,0.023420613710387367,,0.25625,0.0008480765389076439
10,TrainingSize,2,21777,100,Our Eps-Fair,0.05,0.5335,0.06463733351935012,0.829,0.0727195629405554,,0.2955,-0.008082229421205275
10,TrainingSize,2,21777,100,Our Eps-Fair,0.1,0.5555,0.11659452265566966,0.9,0.118342430404344,,0.34450000000000003,-0.0017479077486743377
10,TrainingSize,2,21777,100,Our Eps-Fair,0.15,0.564,0.1426728762270795,0.966,0.17017885864199245,,0.402,-0.02750598241491295
10,TrainingSize,2,21777,200,Unfair,,0.66675,0.18052729258815609,0.97525,0.19011415780274168,,0.3085,-0.0095868652145856
10,TrainingSize,2,21777,200,Our Eps-Fair,0.0,0.587,0.017477077306226885,0.75225,0.023420613710387367,,0.16525,-0.005943536404160482
10,TrainingSize,2,21777,200,Our Eps-Fair,0.05,0.6255,0.06789137719679203,0.829,0.0727195629405554,,0.20350000000000001,-0.004828185743763369
10,TrainingSize,2,21777,200,Our Eps-Fair,0.1,0.64975,0.11494312361690642,0.9,0.118342430404344,,0.25025,-0.003399306787437578
10,TrainingSize,2,21777,200,Our Eps-Fair,0.15,0.66125,0.15786149700010424,0.966,0.17017885864199245,,0.30474999999999997,-0.012317361641888208
10,TrainingSize,2,21777,300,Unfair,,0.723,0.18041853277258274,0.97525,0.19011415780274168,,0.25225,-0.009695625030158944
10,TrainingSize,2,21777,300,Our Eps-Fair,0.0,0.62175,0.021944230466799608,0.75225,0.023420613710387367,,0.13049999999999995,-0.0014763832435877589
10,TrainingSize,2,21777,300,Our Eps-Fair,0.05,0.66,0.0685861899036388,0.829,0.0727195629405554,,0.16899999999999993,-0.004133373036916604
10,TrainingSize,2,21777,300,Our Eps-Fair,0.1,0.695,0.1330587585529594,0.9,0.118342430404344,,0.20500000000000007,0.014716328148615399
10,TrainingSize,2,21777,300,Our Eps-Fair,0.15,0.71975,0.17650092920886107,0.966,0.17017885864199245,,0.24624999999999997,0.006322070566868621
10,TrainingSize,2,21777,400,Unfair,,0.7685,0.1753040711924251,0.97525,0.19011415780274168,,0.20675,-0.014810086610316575
10,TrainingSize,2,21777,400,Our Eps-Fair,0.0,0.651,0.04312939242766661,0.75225,0.023420613710387367,,0.10124999999999995,0.019708778717279246
10,TrainingSize,2,21777,400,Our Eps-Fair,0.05,0.701,0.06474734344774616,0.829,0.0727195629405554,,0.128,-0.00797221949280924
10,TrainingSize,2,21777,400,Our Eps-Fair,0.1,0.7445,0.11775212712947343,0.9,0.118342430404344,,0.15549999999999997,-0.0005903032748705711
10,TrainingSize,2,21777,400,Our Eps-Fair,0.15,0.76925,0.17479927563462602,0.966,0.17017885864199245,,0.19674999999999998,0.004620416992633575
10,TrainingSize,2,21777,500,Unfair,,0.78225,0.19103549095305852,0.97525,0.19011415780274168,,0.19299999999999995,0.0009213331503168387
10,TrainingSize,2,21777,500,Our Eps-Fair,0.0,0.653,0.04780556445219181,0.75225,0.023420613710387367,,0.09924999999999995,0.02438495074180444
10,TrainingSize,2,21777,500,Our Eps-Fair,0.05,0.70575,0.06501461756923563,0.829,0.0727195629405554,,0.12324999999999997,-0.007704945371319771
10,TrainingSize,2,21777,500,Our Eps-Fair,0.1,0.7525,0.12351514724203859,0.9,0.118342430404344,,0.14750000000000008,0.005172716837694588
10,TrainingSize,2,21777,500,Our Eps-Fair,0.15,0.77875,0.16398554969586004,0.966,0.17017885864199245,,0.18724999999999992,-0.006193308946132403
10,TrainingSize,2,21777,600,Unfair,,0.79975,0.17859611829967653,0.97525,0.19011415780274168,,0.1755,-0.011518039503065153
10,TrainingSize,2,21777,600,Our Eps-Fair,0.0,0.6745,0.036814072470040426,0.75225,0.023420613710387367,,0.07774999999999999,0.01339345875965306
10,TrainingSize,2,21777,600,Our Eps-Fair,0.05,0.72575,0.0701753333238325,0.829,0.0727195629405554,,0.10324999999999995,-0.002544229616722904
10,TrainingSize,2,21777,600,Our Eps-Fair,0.1,0.7715,0.12507703820269778,0.9,0.118342430404344,,0.12850000000000006,0.0067346077983537755
10,TrainingSize,2,21777,600,Our Eps-Fair,0.15,0.795,0.17458625640964098,0.966,0.17017885864199245,,0.17099999999999993,0.004407397767648535
10,TrainingSize,2,21777,700,Unfair,,0.80925,0.18145262609950547,0.97525,0.19011415780274168,,0.16599999999999993,-0.00866153170323622
10,TrainingSize,2,21777,700,Our Eps-Fair,0.0,0.67925,0.05046255424552065,0.75225,0.023420613710387367,,0.07299999999999995,0.027041940535133285
10,TrainingSize,2,21777,700,Our Eps-Fair,0.05,0.7325,0.07260430253830408,0.829,0.0727195629405554,,0.09649999999999992,-0.0001152604022513215
10,TrainingSize,2,21777,700,Our Eps-Fair,0.1,0.773,0.12568634319247313,0.9,0.118342430404344,,0.127,0.0073439127881291255
10,TrainingSize,2,21777,700,Our Eps-Fair,0.15,0.80625,0.16847995531596727,0.966,0.17017885864199245,,0.15974999999999995,-0.0016989033260251807
10,TrainingSize,2,21777,800,Unfair,,0.8135,0.18348405943636414,0.97525,0.19011415780274168,,0.16174999999999995,-0.00663009836637754
10,TrainingSize,2,21777,800,Our Eps-Fair,0.0,0.689,0.03885225641614157,0.75225,0.023420613710387367,,0.06325000000000003,0.0154316427057542
10,TrainingSize,2,21777,800,Our Eps-Fair,0.05,0.74025,0.06913848974869982,0.829,0.0727195629405554,,0.08875,-0.003581073191855577
10,TrainingSize,2,21777,800,Our Eps-Fair,0.1,0.78325,0.12721023072332277,0.9,0.118342430404344,,0.11675000000000002,0.008867800318978769
10,TrainingSize,2,21777,800,Our Eps-Fair,0.15,0.81325,0.16727084619386898,0.966,0.17017885864199245,,0.15274999999999994,-0.0029080124481234704
10,TrainingSize,2,21777,900,Unfair,,0.8305,0.18371057987983416,0.97525,0.19011415780274168,,0.14474999999999993,-0.006403577922907522
10,TrainingSize,2,21777,900,Our Eps-Fair,0.0,0.69,0.048967169287028156,0.75225,0.023420613710387367,,0.06225000000000003,0.02554655557664079
10,TrainingSize,2,21777,900,Our Eps-Fair,0.05,0.7545,0.07518653558483654,0.829,0.0727195629405554,,0.07450000000000001,0.00246697264428114
10,TrainingSize,2,21777,900,Our Eps-Fair,0.1,0.79325,0.12126669431916232,0.9,0.118342430404344,,0.10675000000000001,0.0029242639148183147
10,TrainingSize,2,21777,900,Our Eps-Fair,0.15,0.82625,0.17078541338355785,0.966,0.17017885864199245,,0.13974999999999993,0.0006065547415654016
10,TrainingSize,2,21777,1000,Unfair,,0.8355,0.18671085065427157,0.97525,0.19011415780274168,,0.13974999999999993,-0.0034033071484701194
10,TrainingSize,2,21777,1000,Our Eps-Fair,0.0,0.6945,0.038833254701236775,0.75225,0.023420613710387367,,0.05774999999999997,0.015412640990849408
10,TrainingSize,2,21777,1000,Our Eps-Fair,0.05,0.74875,0.06240388195034602,0.829,0.0727195629405554,,0.08024999999999993,-0.01031568099020938
10,TrainingSize,2,21777,1000,Our Eps-Fair,0.1,0.79075,0.11540866563207329,0.9,0.118342430404344,,0.10925000000000007,-0.002933764772270711
10,TrainingSize,2,21777,1000,Our Eps-Fair,0.15,0.8285,0.16114679349811317,0.966,0.17017885864199245,,0.13749999999999996,-0.009032065143879275
10,TrainingSize,2,21777,1100,Unfair,,0.83825,0.19467356928962837,0.97525,0.19011415780274168,,0.1369999999999999,0.004559411486886683
10,TrainingSize,2,21777,1100,Our Eps-Fair,0.0,0.7085,0.039871348389192124,0.75225,0.023420613710387367,,0.043749999999999956,0.016450734678804757
10,TrainingSize,2,21777,1100,Our Eps-Fair,0.05,0.76125,0.0723287776721849,0.829,0.0727195629405554,,0.06774999999999998,-0.0003907852683704971
10,TrainingSize,2,21777,1100,Our Eps-Fair,0.1,0.803,0.12188550016639002,0.9,0.118342430404344,,0.09699999999999998,0.0035430697620460194
10,TrainingSize,2,21777,1100,Our Eps-Fair,0.15,0.82925,0.1597749196865017,0.966,0.17017885864199245,,0.13674999999999993,-0.010403938955490744
10,TrainingSize,2,21777,1200,Unfair,,0.848,0.1921495915006329,0.97525,0.19011415780274168,,0.12724999999999997,0.00203543369789122
10,TrainingSize,2,21777,1200,Our Eps-Fair,0.0,0.6985,0.043862208564322935,0.75225,0.023420613710387367,,0.053749999999999964,0.02044159485393557
10,TrainingSize,2,21777,1200,Our Eps-Fair,0.05,0.75375,0.06881421048249606,0.829,0.0727195629405554,,0.07524999999999993,-0.0039053524580593413
10,TrainingSize,2,21777,1200,Our Eps-Fair,0.1,0.79575,0.11177058729550342,0.9,0.118342430404344,,0.10425000000000006,-0.006571843108840583
10,TrainingSize,2,21777,1200,Our Eps-Fair,0.15,0.837,0.1631849774442143,0.966,0.17017885864199245,,0.129,-0.0069938811977781346
10,TrainingSize,2,21777,1300,Unfair,,0.8495,0.1896446154265422,0.97525,0.19011415780274168,,0.12574999999999992,-0.0004695423761994777
10,TrainingSize,2,21777,1300,Our Eps-Fair,0.0,0.6945,0.040871438647337915,0.75225,0.023420613710387367,,0.05774999999999997,0.01745082493695055
10,TrainingSize,2,21777,1300,Our Eps-Fair,0.05,0.7515,0.06089899613440114,0.829,0.0727195629405554,,0.07750000000000001,-0.011820566806154259
10,TrainingSize,2,21777,1300,Our Eps-Fair,0.1,0.80325,0.1139132806735808,0.9,0.118342430404344,,0.09675,-0.004429149730763207
10,TrainingSize,2,21777,1300,Our Eps-Fair,0.15,0.844,0.1602797152443008,0.966,0.17017885864199245,,0.122,-0.009899143397691657
10,TrainingSize,2,21777,1400,Unfair,,0.85525,0.18315828003477314,0.97525,0.19011415780274168,,0.12,-0.006955877767968549
10,TrainingSize,2,21777,1400,Our Eps-Fair,0.0,0.701,0.03291822086943347,0.75225,0.023420613710387367,,0.05125000000000002,0.0094976071590461
10,TrainingSize,2,21777,1400,Our Eps-Fair,0.05,0.74975,0.06739483238362262,0.829,0.0727195629405554,,0.07924999999999993,-0.005324730556932777
10,TrainingSize,2,21777,1400,Our Eps-Fair,0.1,0.8055,0.11534215962990661,0.9,0.118342430404344,,0.09450000000000003,-0.0030002707744373885
10,TrainingSize,2,21777,1400,Our Eps-Fair,0.15,0.84775,0.16880423458217103,0.966,0.17017885864199245,,0.11824999999999997,-0.0013746240598214166
10,TrainingSize,2,21777,1500,Unfair,,0.853,0.18620605509647245,0.97525,0.19011415780274168,,0.12224999999999997,-0.003908102706269234
10,TrainingSize,2,21777,1500,Our Eps-Fair,0.0,0.70075,0.0333280078527087,0.75225,0.023420613710387367,,0.05149999999999999,0.009907394142321335
10,TrainingSize,2,21777,1500,Our Eps-Fair,0.05,0.751,0.059413112033361026,0.829,0.0727195629405554,,0.07799999999999996,-0.013306450907194373
10,TrainingSize,2,21777,1500,Our Eps-Fair,0.1,0.8055,0.11192260101474158,0.9,0.118342430404344,,0.09450000000000003,-0.006419829389602422
10,TrainingSize,2,21777,1500,Our Eps-Fair,0.15,0.841,0.1643465822790507,0.966,0.17017885864199245,,0.125,-0.005832276362941757
10,TrainingSize,2,21777,1600,Unfair,,0.859,0.18524396826813622,0.97525,0.19011415780274168,,0.11624999999999996,-0.004870189534605468
10,TrainingSize,2,21777,1600,Our Eps-Fair,0.0,0.6955,0.03271870286293338,0.75225,0.023420613710387367,,0.05674999999999997,0.009298089152546013
10,TrainingSize,2,21777,1600,Our Eps-Fair,0.05,0.74975,0.05439365902772725,0.829,0.0727195629405554,,0.07924999999999993,-0.01832590391282815
10,TrainingSize,2,21777,1600,Our Eps-Fair,0.1,0.80375,0.1003693083300768,0.9,0.118342430404344,,0.09625000000000006,-0.017973122074267198
10,TrainingSize,2,21777,1600,Our Eps-Fair,0.15,0.84975,0.16035572210391985,0.966,0.17017885864199245,,0.11624999999999996,-0.009823136538072597
10,TrainingSize,2,21777,1700,Unfair,,0.86725,0.18022451526250244,0.97525,0.19011415780274168,,0.10799999999999998,-0.009889642540239246
10,TrainingSize,2,21777,1700,Our Eps-Fair,0.0,0.70425,0.02834655827688448,0.75225,0.023420613710387367,,0.04799999999999993,0.004925944566497115
10,TrainingSize,2,21777,1700,Our Eps-Fair,0.05,0.7585,0.05229846993691181,0.829,0.0727195629405554,,0.07050000000000001,-0.020421093003643587
10,TrainingSize,2,21777,1700,Our Eps-Fair,0.1,0.80875,0.1104082143413443,0.9,0.118342430404344,,0.09125000000000005,-0.007934216062999697
10,TrainingSize,2,21777,1700,Our Eps-Fair,0.15,0.85475,0.16685155835314136,0.966,0.17017885864199245,,0.11124999999999996,-0.003327300288851087
10,TrainingSize,2,21777,1800,Unfair,,0.8695,0.18667284722446198,0.97525,0.19011415780274168,,0.1057499999999999,-0.003441310578279705
10,TrainingSize,2,21777,1800,Our Eps-Fair,0.0,0.69925,0.04042364823425315,0.75225,0.023420613710387367,,0.052999999999999936,0.017003034523865784
10,TrainingSize,2,21777,1800,Our Eps-Fair,0.05,0.75525,0.06338497049358705,0.829,0.0727195629405554,,0.07374999999999998,-0.009334592446968354
10,TrainingSize,2,21777,1800,Our Eps-Fair,0.1,0.812,0.11781863313164014,0.9,0.118342430404344,,0.08799999999999997,-0.0005237972727038659
10,TrainingSize,2,21777,1800,Our Eps-Fair,0.15,0.85675,0.16229889747549717,0.966,0.17017885864199245,,0.10924999999999996,-0.00787996116649528
10,TrainingSize,2,21777,1900,Unfair,,0.874,0.192225598360252,0.97525,0.19011415780274168,,0.10124999999999995,0.002111440557510308
10,TrainingSize,2,21777,1900,Our Eps-Fair,0.0,0.6995,0.04349042501085723,0.75225,0.023420613710387367,,0.052749999999999964,0.020069811300469864
10,TrainingSize,2,21777,1900,Our Eps-Fair,0.05,0.7555,0.06494686145424625,0.829,0.0727195629405554,,0.07350000000000001,-0.007772701486309153
10,TrainingSize,2,21777,1900,Our Eps-Fair,0.1,0.81175,0.11843743897886784,0.9,0.118342430404344,,0.08825000000000005,9.500857452383882e-05
10,TrainingSize,2,21777,1900,Our Eps-Fair,0.15,0.86275,0.16825193473711,0.966,0.17017885864199245,,0.10324999999999995,-0.0019269239048824438
10,TrainingSize,2,21777,2000,Unfair,,0.8745,0.18825373990002597,0.97525,0.19011415780274168,,0.1007499999999999,-0.0018604179027157108
10,TrainingSize,2,21777,2000,Our Eps-Fair,0.0,0.703,0.042995130310510526,0.75225,0.023420613710387367,,0.049250000000000016,0.01957451660012316
10,TrainingSize,2,21777,2000,Our Eps-Fair,0.05,0.76,0.06643274555528636,0.829,0.0727195629405554,,0.06899999999999995,-0.006286817385269039
10,TrainingSize,2,21777,2000,Our Eps-Fair,0.1,0.8135,0.11841843726396306,0.9,0.118342430404344,,0.08650000000000002,7.600685961905995e-05
10,TrainingSize,2,21777,2000,Our Eps-Fair,0.15,0.86275,0.16575645952047172,0.966,0.17017885864199245,,0.10324999999999995,-0.0044223991215207314
10,PoolSize,2,21777,20,Our Eps-Fair,0.0,0.686,0.27138599258583085,0.75225,0.023420613710387367,,0.06624999999999992,0.24796537887544348
10,PoolSize,2,21777,20,Our Eps-Fair,0.05,0.70225,0.26541395360931325,0.829,0.0727195629405554,,0.12674999999999992,0.19269439066875785
10,PoolSize,2,21777,20,Our Eps-Fair,0.1,0.70425,0.18637707053061536,0.9,0.118342430404344,,0.19574999999999998,0.06803464012627136
10,PoolSize,2,21777,20,Our Eps-Fair,0.15,0.74375,0.1823767094980322,0.966,0.17017885864199245,,0.22224999999999995,0.01219785085603975
10,PoolSize,2,21777,40,Our Eps-Fair,0.0,0.77575,0.23971563433599885,0.75225,0.023420613710387367,,-0.023500000000000076,0.21629502062561148
10,PoolSize,2,21777,40,Our Eps-Fair,0.05,0.80775,0.2039024021917978,0.829,0.0727195629405554,,0.02124999999999999,0.1311828392512424
10,PoolSize,2,21777,40,Our Eps-Fair,0.1,0.823,0.20786475979457145,0.9,0.118342430404344,,0.07700000000000007,0.08952232939022745
10,PoolSize,2,21777,40,Our Eps-Fair,0.15,0.831,0.20385489790453587,0.966,0.17017885864199245,,0.135,0.03367603926254342
10,PoolSize,2,21777,60,Our Eps-Fair,0.0,0.71525,0.1804335341264549,0.75225,0.023420613710387367,,0.03699999999999992,0.15701292041606754
10,PoolSize,2,21777,60,Our Eps-Fair,0.05,0.797,0.18537698027246957,0.829,0.0727195629405554,,0.03199999999999992,0.11265741733191417
10,PoolSize,2,21777,60,Our Eps-Fair,0.1,0.82525,0.20088312970245564,0.9,0.118342430404344,,0.07474999999999998,0.08254069929811164
10,PoolSize,2,21777,60,Our Eps-Fair,0.15,0.8565,0.1897966291457804,0.966,0.17017885864199245,,0.10949999999999993,0.019617770503787962
10,PoolSize,2,21777,80,Our Eps-Fair,0.0,0.71375,0.1522354892529051,0.75225,0.023420613710387367,,0.03849999999999998,0.12881487554251772
10,PoolSize,2,21777,80,Our Eps-Fair,0.05,0.795,0.1813861200973388,0.829,0.0727195629405554,,0.03399999999999992,0.10866655715678339
10,PoolSize,2,21777,80,Our Eps-Fair,0.1,0.81125,0.18884404317489656,0.9,0.118342430404344,,0.08875,0.07050161277055256
10,PoolSize,2,21777,80,Our Eps-Fair,0.15,0.8445,0.18583427154300677,0.966,0.17017885864199245,,0.12149999999999994,0.015655412901014326
10,PoolSize,2,21777,100,Our Eps-Fair,0.0,0.7275,0.08911054222643593,0.75225,0.023420613710387367,,0.02474999999999994,0.06568992851604856
10,PoolSize,2,21777,100,Our Eps-Fair,0.05,0.781,0.14797335459525224,0.829,0.0727195629405554,,0.04799999999999993,0.07525379165469684
10,PoolSize,2,21777,100,Our Eps-Fair,0.1,0.81175,0.18735815907385645,0.9,0.118342430404344,,0.08825000000000005,0.06901572866951244
10,PoolSize,2,21777,100,Our Eps-Fair,0.15,0.83925,0.1838340910267152,0.966,0.17017885864199245,,0.12674999999999992,0.013655232384722743
10,PoolSize,2,21777,120,Our Eps-Fair,0.0,0.70325,0.13722463452326572,0.75225,0.023420613710387367,,0.04899999999999993,0.11380402081287835
10,PoolSize,2,21777,120,Our Eps-Fair,0.05,0.74025,0.1473773008013973,0.829,0.0727195629405554,,0.08875,0.0746577378608419
10,PoolSize,2,21777,120,Our Eps-Fair,0.1,0.81,0.18584377240045918,0.9,0.118342430404344,,0.08999999999999997,0.06750134199611518
10,PoolSize,2,21777,120,Our Eps-Fair,0.15,0.84175,0.18407561282405735,0.966,0.17017885864199245,,0.12424999999999997,0.013896754182064902
10,PoolSize,2,21777,140,Our Eps-Fair,0.0,0.702,0.1411597396665049,0.75225,0.023420613710387367,,0.05025000000000002,0.11773912595611755
10,PoolSize,2,21777,140,Our Eps-Fair,0.05,0.73975,0.13549597851206072,0.829,0.0727195629405554,,0.08924999999999994,0.06277641557150532
10,PoolSize,2,21777,140,Our Eps-Fair,0.1,0.81375,0.1868343618011526,0.9,0.118342430404344,,0.08625000000000005,0.06849193139680859
10,PoolSize,2,21777,140,Our Eps-Fair,0.15,0.83675,0.1810563403347152,0.966,0.17017885864199245,,0.12924999999999998,0.010877481692722762
10,PoolSize,2,21777,160,Our Eps-Fair,0.0,0.6955,0.12074939763313638,0.75225,0.023420613710387367,,0.05674999999999997,0.09732878392274902
10,PoolSize,2,21777,160,Our Eps-Fair,0.05,0.72825,0.11543416793365599,0.829,0.0727195629405554,,0.10075,0.04271460499310059
10,PoolSize,2,21777,160,Our Eps-Fair,0.1,0.7905,0.16490838298156407,0.9,0.118342430404344,,0.10950000000000004,0.04656595257722007
10,PoolSize,2,21777,160,Our Eps-Fair,0.15,0.8405,0.18479617785505142,0.966,0.17017885864199245,,0.12549999999999994,0.014617319213058977
10,PoolSize,2,21777,180,Our Eps-Fair,0.0,0.70225,0.12227328516398606,0.75225,0.023420613710387367,,0.04999999999999993,0.09885267145359869
10,PoolSize,2,21777,180,Our Eps-Fair,0.05,0.73125,0.11105552276092917,0.829,0.0727195629405554,,0.09775,0.03833595982037377
10,PoolSize,2,21777,180,Our Eps-Fair,0.1,0.807,0.1823387060682226,0.9,0.118342430404344,,0.09299999999999997,0.06399627566387861
10,PoolSize,2,21777,180,Our Eps-Fair,0.15,0.8395,0.18380558845435802,0.966,0.17017885864199245,,0.12649999999999995,0.013626729812365568
10,PoolSize,2,21777,200,Our Eps-Fair,0.0,0.7095,0.11512889038235702,0.75225,0.023420613710387367,,0.042749999999999955,0.09170827667196965
10,PoolSize,2,21777,200,Our Eps-Fair,0.05,0.758,0.1325147094525281,0.829,0.0727195629405554,,0.07099999999999995,0.05979514651197271
10,PoolSize,2,21777,200,Our Eps-Fair,0.1,0.81125,0.18734865821640406,0.9,0.118342430404344,,0.08875,0.06900622781206006
10,PoolSize,2,21777,200,Our Eps-Fair,0.15,0.8345,0.18583427154300677,0.966,0.17017885864199245,,0.13149999999999995,0.015655412901014326
10,PoolSize,2,21777,220,Our Eps-Fair,0.0,0.69525,0.1351591981176301,0.75225,0.023420613710387367,,0.05699999999999994,0.11173858440724274
10,PoolSize,2,21777,220,Our Eps-Fair,0.05,0.74875,0.1330195050103272,0.829,0.0727195629405554,,0.08024999999999993,0.060299942069771795
10,PoolSize,2,21777,220,Our Eps-Fair,0.1,0.79975,0.19389199875288748,0.9,0.118342430404344,,0.10025000000000006,0.07554956834854348
10,PoolSize,2,21777,220,Our Eps-Fair,0.15,0.8295,0.18733915735895168,0.966,0.17017885864199245,,0.13649999999999995,0.017160298716959232
10,PoolSize,2,21777,240,Our Eps-Fair,0.0,0.703,0.11669903208764591,0.75225,0.023420613710387367,,0.049250000000000016,0.09327841837725855
10,PoolSize,2,21777,240,Our Eps-Fair,0.05,0.7495,0.11255090771942168,0.829,0.0727195629405554,,0.0794999999999999,0.03983134477886628
10,PoolSize,2,21777,240,Our Eps-Fair,0.1,0.80675,0.1838625935990723,0.9,0.118342430404344,,0.09325000000000006,0.06552016319472831
10,PoolSize,2,21777,240,Our Eps-Fair,0.15,0.82925,0.18484368214231336,0.966,0.17017885864199245,,0.13674999999999993,0.014664823500320917
10,PoolSize,2,21777,260,Our Eps-Fair,0.0,0.697,0.10071658967221792,0.75225,0.023420613710387367,,0.05525000000000002,0.07729597596183055
10,PoolSize,2,21777,260,Our Eps-Fair,0.05,0.75525,0.1100364307878786,0.829,0.0727195629405554,,0.07374999999999998,0.0373168678473232
10,PoolSize,2,21777,260,Our Eps-Fair,0.1,0.8085,0.17887164316579568,0.9,0.118342430404344,,0.09150000000000003,0.06052921276145168
10,PoolSize,2,21777,260,Our Eps-Fair,0.15,0.83275,0.18183391051042352,0.966,0.17017885864199245,,0.13324999999999998,0.011655051868431077
10,PoolSize,2,21777,280,Our Eps-Fair,0.0,0.691,0.1148983695778544,0.75225,0.023420613710387367,,0.06125000000000003,0.09147775586746704
10,PoolSize,2,21777,280,Our Eps-Fair,0.05,0.75325,0.10902683967228043,0.829,0.0727195629405554,,0.07574999999999998,0.03630727673172503
10,PoolSize,2,21777,280,Our Eps-Fair,0.1,0.81125,0.16038422467627703,0.9,0.118342430404344,,0.08875,0.042041794271933025
10,PoolSize,2,21777,280,Our Eps-Fair,0.15,0.8405,0.17883363973598615,0.966,0.17017885864199245,,0.12549999999999994,0.008654781093993702
10,PoolSize,2,21777,300,Our Eps-Fair,0.0,0.68275,0.09680298646952888,0.75225,0.023420613710387367,,0.0695,0.07338237275914151
10,PoolSize,2,21777,300,Our Eps-Fair,0.05,0.75525,0.08861524752608922,0.829,0.0727195629405554,,0.07374999999999998,0.015895684585533823
10,PoolSize,2,21777,300,Our Eps-Fair,0.1,0.80375,0.14447228862404832,0.9,0.118342430404344,,0.09625000000000006,0.026129858219704316
10,PoolSize,2,21777,300,Our Eps-Fair,0.15,0.83625,0.17208403058376018,0.966,0.17017885864199245,,0.12974999999999992,0.0019051719417677304
10,TrainingSize,3,31777,100,Unfair,,0.67775,0.1999237495234345,0.989,0.18384864905405657,,0.31125,0.016075100469377934
10,TrainingSize,3,31777,100,Our Eps-Fair,0.0,0.607,0.029443934024587642,0.789,0.07213170082313015,,0.18200000000000005,-0.04268776679854251
10,TrainingSize,3,31777,100,Our Eps-Fair,0.05,0.6345,0.06891293070581694,0.8265,0.07851924074525465,,0.19200000000000006,-0.00960631003943771
10,TrainingSize,3,31777,100,Our Eps-Fair,0.1,0.66525,0.12444202776267352,0.8895,0.12212326327039545,,0.22424999999999995,0.0023187644922780665
10,TrainingSize,3,31777,100,Our Eps-Fair,0.15,0.67275,0.17293608085050532,0.96975,0.16383352395952472,,0.29700000000000004,0.009102556890980606
10,TrainingSize,3,31777,200,Unfair,,0.76375,0.19663747898424366,0.989,0.18384864905405657,,0.22524999999999995,0.012788829930187096
10,TrainingSize,3,31777,200,Our Eps-Fair,0.0,0.66075,0.026820167626047664,0.789,0.07213170082313015,,0.1282500000000001,-0.04531153319708249
10,TrainingSize,3,31777,200,Our Eps-Fair,0.05,0.70125,0.07065919161994763,0.8265,0.07851924074525465,,0.12524999999999997,-0.007860049125307023
10,TrainingSize,3,31777,200,Our Eps-Fair,0.1,0.73775,0.1226420165126032,0.8895,0.12212326327039545,,0.15174999999999994,0.0005187532422077507
10,TrainingSize,3,31777,200,Our Eps-Fair,0.15,0.757,0.16014100088125555,0.96975,0.16383352395952472,,0.21275,-0.003692523078269172
10,TrainingSize,3,31777,300,Unfair,,0.818,0.1806948793429959,0.989,0.18384864905405657,,0.17100000000000004,-0.0031537697110606555
10,TrainingSize,3,31777,300,Our Eps-Fair,0.0,0.69575,0.018248864055400355,0.789,0.07213170082313015,,0.09325000000000006,-0.0538828367677298
10,TrainingSize,3,31777,300,Our Eps-Fair,0.05,0.7445,0.07664422902643142,0.8265,0.07851924074525465,,0.08199999999999996,-0.001875011718823233
10,TrainingSize,3,31777,300,Our Eps-Fair,0.1,0.78875,0.12314326964543527,0.8895,0.12212326327039545,,0.10075,0.0010200063750398225
10,TrainingSize,3,31777,300,Our Eps-Fair,0.15,0.8175,0.1641935262095388,0.96975,0.16383352395952472,,0.15225,0.0003600022500140909
10,TrainingSize,3,31777,400,Unfair,,0.83125,0.19166494790592442,0.989,0.18384864905405657,,0.15774999999999995,0.007816298851867853
10,TrainingSize,3,31777,400,Our Eps-Fair,0.0,0.70525,0.02712016950105936,0.789,0.07213170082313015,,0.08374999999999999,-0.045011531322070794
10,TrainingSize,3,31777,400,Our Eps-Fair,0.05,0.77,0.08214551340945883,0.8265,0.07851924074525465,,0.056499999999999995,0.0036262726642041776
10,TrainingSize,3,31777,400,Our Eps-Fair,0.1,0.80625,0.12531453321583258,0.8895,0.12212326327039545,,0.08324999999999994,0.003191269945437128
10,TrainingSize,3,31777,400,Our Eps-Fair,0.15,0.83175,0.17417858861617885,0.96975,0.16383352395952472,,0.138,0.010345064656654135
10,TrainingSize,3,31777,500,Unfair,,0.8435,0.16934480840505256,0.989,0.18384864905405657,,0.14549999999999996,-0.014503840649004007
10,TrainingSize,3,31777,500,Our Eps-Fair,0.0,0.707,0.02366389789936188,0.789,0.07213170082313015,,0.08200000000000007,-0.048467802923768274
10,TrainingSize,3,31777,500,Our Eps-Fair,0.05,0.77575,0.08180301126882043,0.8265,0.07851924074525465,,0.05074999999999996,0.0032837705235657794
10,TrainingSize,3,31777,500,Our Eps-Fair,0.1,0.8195,0.13018331364571029,0.8895,0.12212326327039545,,0.06999999999999995,0.008060050375314834
10,TrainingSize,3,31777,500,Our Eps-Fair,0.15,0.84075,0.1586347414671342,0.96975,0.16383352395952472,,0.129,-0.00519878249239053
10,TrainingSize,3,31777,600,Unfair,,0.86125,0.17479609247557798,0.989,0.18384864905405657,,0.12775000000000003,-0.009052556578478588
10,TrainingSize,3,31777,600,Our Eps-Fair,0.0,0.713,0.023606397539984614,0.789,0.07213170082313015,,0.07600000000000007,-0.04852530328314554
10,TrainingSize,3,31777,600,Our Eps-Fair,0.05,0.77275,0.0766567291045569,0.8265,0.07851924074525465,,0.053749999999999964,-0.001862511640697756
10,TrainingSize,3,31777,600,Our Eps-Fair,0.1,0.827,0.12616828855180345,0.8895,0.12212326327039545,,0.0625,0.004045025281408002
10,TrainingSize,3,31777,600,Our Eps-Fair,0.15,0.85825,0.16914605716285724,0.96975,0.16383352395952472,,0.11150000000000004,0.005312533203332526
10,TrainingSize,3,31777,700,Unfair,,0.85825,0.1773423583897399,0.989,0.18384864905405657,,0.13075000000000003,-0.006506290664316655
10,TrainingSize,3,31777,700,Our Eps-Fair,0.0,0.71525,0.024720154500965624,0.789,0.07213170082313015,,0.07374999999999998,-0.04741154632216453
10,TrainingSize,3,31777,700,Our Eps-Fair,0.05,0.78175,0.0786792417452609,0.8265,0.07851924074525465,,0.04475000000000007,0.00016000100000625184
10,TrainingSize,3,31777,700,Our Eps-Fair,0.1,0.82825,0.12617828861430383,0.8895,0.12212326327039545,,0.061249999999999916,0.004055025343908378
10,TrainingSize,3,31777,700,Our Eps-Fair,0.15,0.854,0.16716604478777994,0.96975,0.16383352395952472,,0.11575000000000002,0.00333252082825522
10,TrainingSize,3,31777,800,Unfair,,0.876,0.17530234563966024,0.989,0.18384864905405657,,0.11299999999999999,-0.008546303414396328
10,TrainingSize,3,31777,800,Our Eps-Fair,0.0,0.726,0.020228876430477688,0.789,0.07213170082313015,,0.06300000000000006,-0.051902824392652466
10,TrainingSize,3,31777,800,Our Eps-Fair,0.05,0.78725,0.07966424790154938,0.8265,0.07851924074525465,,0.03925000000000001,0.0011450071562947306
10,TrainingSize,3,31777,800,Our Eps-Fair,0.1,0.83825,0.12017325108281926,0.8895,0.12212326327039545,,0.05124999999999991,-0.0019500121875761917
10,TrainingSize,3,31777,800,Our Eps-Fair,0.15,0.86975,0.17163982274889217,0.96975,0.16383352395952472,,0.09999999999999998,0.00780629878936745
10,TrainingSize,3,31777,900,Unfair,,0.87825,0.17133732085825537,0.989,0.18384864905405657,,0.11075000000000002,-0.012511328195801197
10,TrainingSize,3,31777,900,Our Eps-Fair,0.0,0.723,0.019613872586703662,0.789,0.07213170082313015,,0.06600000000000006,-0.05251782823642649
10,TrainingSize,3,31777,900,Our Eps-Fair,0.05,0.7895,0.06963668522928268,0.8265,0.07851924074525465,,0.03700000000000003,-0.008882555515971974
10,TrainingSize,3,31777,900,Our Eps-Fair,0.1,0.84725,0.12731954574716092,0.8895,0.12212326327039545,,0.04225000000000001,0.005196282476765471
10,TrainingSize,3,31777,900,Our Eps-Fair,0.15,0.87625,0.1728460802880018,0.96975,0.16383352395952472,,0.09350000000000003,0.009012556328477084
10,TrainingSize,3,31777,1000,Unfair,,0.881,0.170828567678548,0.989,0.18384864905405657,,0.10799999999999998,-0.013020081375508558
10,TrainingSize,3,31777,1000,Our Eps-Fair,0.0,0.72,0.018563866024162656,0.789,0.07213170082313015,,0.06900000000000006,-0.0535678347989675
10,TrainingSize,3,31777,1000,Our Eps-Fair,0.05,0.796,0.07765173532334577,0.8265,0.07851924074525465,,0.03049999999999997,-0.0008675054219088874
10,TrainingSize,3,31777,1000,Our Eps-Fair,0.1,0.84625,0.1246720292001825,0.8895,0.12212326327039545,,0.04325000000000001,0.0025487659297870474
10,TrainingSize,3,31777,1000,Our Eps-Fair,0.15,0.8785,0.16966731042069016,0.96975,0.16383352395952472,,0.09125000000000005,0.005833786461165447
10,TrainingSize,3,31777,1100,Unfair,,0.88975,0.17430483940524627,0.989,0.18384864905405657,,0.09924999999999995,-0.009543809648810297
10,TrainingSize,3,31777,1100,Our Eps-Fair,0.0,0.73075,0.026576416102600642,0.789,0.07213170082313015,,0.058250000000000024,-0.04555528472052951
10,TrainingSize,3,31777,1100,Our Eps-Fair,0.05,0.7995,0.07676297976862355,0.8265,0.07851924074525465,,0.027000000000000024,-0.001756260976631105
10,TrainingSize,3,31777,1100,Our Eps-Fair,0.1,0.85075,0.1266745417158857,0.8895,0.12212326327039545,,0.03874999999999995,0.004551278445490262
10,TrainingSize,3,31777,1100,Our Eps-Fair,0.15,0.885,0.1638010237563985,0.96975,0.16383352395952472,,0.08474999999999999,-3.250020312622892e-05
10,TrainingSize,3,31777,1200,Unfair,,0.8935,0.17631485196782481,0.989,0.18384864905405657,,0.09550000000000003,-0.007533797086231753
10,TrainingSize,3,31777,1200,Our Eps-Fair,0.0,0.71975,0.019406371289820562,0.789,0.07213170082313015,,0.06925000000000003,-0.05272532953330959
10,TrainingSize,3,31777,1200,Our Eps-Fair,0.05,0.79825,0.0732667079169245,0.8265,0.07851924074525465,,0.028249999999999997,-0.005252532828330159
10,TrainingSize,3,31777,1200,Our Eps-Fair,0.1,0.85025,0.12865205407533797,0.8895,0.12212326327039545,,0.03925000000000001,0.006528790804942522
10,TrainingSize,3,31777,1200,Our Eps-Fair,0.15,0.887,0.1736448352802205,0.96975,0.16383352395952472,,0.08274999999999999,0.009811311320695792
10,TrainingSize,3,31777,1300,Unfair,,0.894,0.18530740817130106,0.989,0.18384864905405657,,0.09499999999999997,0.0014587591172444958
10,TrainingSize,3,31777,1300,Our Eps-Fair,0.0,0.71975,0.0246601541259633,0.789,0.07213170082313015,,0.06925000000000003,-0.047471546697166855
10,TrainingSize,3,31777,1300,Our Eps-Fair,0.05,0.78725,0.0737329608310052,0.8265,0.07851924074525465,,0.03925000000000001,-0.004786279914249458
10,TrainingSize,3,31777,1300,Our Eps-Fair,0.1,0.84725,0.12518578241114006,0.8895,0.12212326327039545,,0.04225000000000001,0.00306251914074461
10,TrainingSize,3,31777,1300,Our Eps-Fair,0.15,0.89025,0.173657335358346,0.96975,0.16383352395952472,,0.07950000000000002,0.00982381139882127
10,TrainingSize,3,31777,1400,Unfair,,0.89925,0.1783248645304033,0.989,0.18384864905405657,,0.08975,-0.0055237845236532634
10,TrainingSize,3,31777,1400,Our Eps-Fair,0.0,0.7335,0.024531403321270767,0.789,0.07213170082313015,,0.055499999999999994,-0.04760029750185939
10,TrainingSize,3,31777,1400,Our Eps-Fair,0.05,0.80125,0.08364677279232996,0.8265,0.07851924074525465,,0.025249999999999995,0.005127532047075306
10,TrainingSize,3,31777,1400,Our Eps-Fair,0.1,0.85475,0.12965706035662722,0.8895,0.12212326327039545,,0.03474999999999995,0.007533797086231767
10,TrainingSize,3,31777,1400,Our Eps-Fair,0.15,0.89375,0.17165482284264275,0.96975,0.16383352395952472,,0.07599999999999996,0.007821298883118027
10,TrainingSize,3,31777,1500,Unfair,,0.89925,0.1833273957962237,0.989,0.18384864905405657,,0.08975,-0.0005212532578328655
10,TrainingSize,3,31777,1500,Our Eps-Fair,0.0,0.72875,0.02153888461802886,0.789,0.07213170082313015,,0.060250000000000026,-0.050592816205101296
10,TrainingSize,3,31777,1500,Our Eps-Fair,0.05,0.7985,0.0771379821123882,0.8265,0.07851924074525465,,0.028000000000000025,-0.00138125863286645
10,TrainingSize,3,31777,1500,Our Eps-Fair,0.1,0.8535,0.12865955412221325,0.8895,0.12212326327039545,,0.03599999999999992,0.006536290851817797
10,TrainingSize,3,31777,1500,Our Eps-Fair,0.15,0.8895,0.1721585759910999,0.96975,0.16383352395952472,,0.08025000000000004,0.008325052031575186
10,TrainingSize,3,31777,1600,Unfair,,0.9045,0.18732992081200506,0.989,0.18384864905405657,,0.08450000000000002,0.0034812717579484898
10,TrainingSize,3,31777,1600,Our Eps-Fair,0.0,0.7355,0.027521422008887547,0.789,0.07213170082313015,,0.05349999999999999,-0.04461027881424261
10,TrainingSize,3,31777,1600,Our Eps-Fair,0.05,0.805,0.08164176026100164,0.8265,0.07851924074525465,,0.021499999999999964,0.003122519515746991
10,TrainingSize,3,31777,1600,Our Eps-Fair,0.1,0.85775,0.1326795792473703,0.8895,0.12212326327039545,,0.031749999999999945,0.010556315976974859
10,TrainingSize,3,31777,1600,Our Eps-Fair,0.15,0.89675,0.17064981656135347,0.96975,0.16383352395952472,,0.07299999999999995,0.006816292601828755
10,TrainingSize,3,31777,1700,Unfair,,0.907,0.18583616147600923,0.989,0.18384864905405657,,0.08199999999999996,0.001987512421952664
10,TrainingSize,3,31777,1700,Our Eps-Fair,0.0,0.72825,0.03453146582166139,0.789,0.07213170082313015,,0.06075000000000008,-0.037600235001468765
10,TrainingSize,3,31777,1700,Our Eps-Fair,0.05,0.796,0.08413302583141144,0.8265,0.07851924074525465,,0.03049999999999997,0.005613785086156786
10,TrainingSize,3,31777,1700,Our Eps-Fair,0.1,0.858,0.12617078856742855,0.8895,0.12212326327039545,,0.03149999999999997,0.004047525297033103
10,TrainingSize,3,31777,1700,Our Eps-Fair,0.15,0.90075,0.17164732279576744,0.96975,0.16383352395952472,,0.06899999999999995,0.007813798836242725
10,TrainingSize,3,31777,1800,Unfair,,0.908,0.1833473959212245,0.989,0.18384864905405657,,0.08099999999999996,-0.000501253132832058
10,TrainingSize,3,31777,1800,Our Eps-Fair,0.0,0.7345,0.03955649722810767,0.789,0.07213170082313015,,0.05449999999999999,-0.03257520359502249
10,TrainingSize,3,31777,1800,Our Eps-Fair,0.05,0.80425,0.08816305101906888,0.8265,0.07851924074525465,,0.022249999999999992,0.009643810273814224
10,TrainingSize,3,31777,1800,Our Eps-Fair,0.1,0.862,0.13166957293483084,0.8895,0.12212326327039545,,0.02749999999999997,0.009546309664435385
10,TrainingSize,3,31777,1800,Our Eps-Fair,0.15,0.90125,0.16765979787373675,0.96975,0.16383352395952472,,0.0685,0.0038262739142120306
10,TrainingSize,3,31777,1900,Unfair,,0.91,0.18634991468696677,0.989,0.18384864905405657,,0.07899999999999996,0.002501265632910199
10,TrainingSize,3,31777,1900,Our Eps-Fair,0.0,0.72775,0.02551140944630903,0.789,0.07213170082313015,,0.06125000000000003,-0.046620291376821124
10,TrainingSize,3,31777,1900,Our Eps-Fair,0.05,0.8025,0.0756117225732661,0.8265,0.07851924074525465,,0.02400000000000002,-0.00290751817198856
10,TrainingSize,3,31777,1900,Our Eps-Fair,0.1,0.86875,0.1311333195832474,0.8895,0.12212326327039545,,0.020749999999999935,0.009010056312851941
10,TrainingSize,3,31777,1900,Our Eps-Fair,0.15,0.9015,0.17333733335833348,0.96975,0.16383352395952472,,0.06825000000000003,0.009503809398808766
10,TrainingSize,3,31777,2000,Unfair,,0.91,0.18434240214001335,0.989,0.18384864905405657,,0.07899999999999996,0.0004937530859567829
10,TrainingSize,3,31777,2000,Our Eps-Fair,0.0,0.74075,0.05154907218170113,0.789,0.07213170082313015,,0.048250000000000015,-0.020582628641429027
10,TrainingSize,3,31777,2000,Our Eps-Fair,0.05,0.80275,0.08562178513615712,0.8265,0.07851924074525465,,0.02375000000000005,0.0071025443909024655
10,TrainingSize,3,31777,2000,Our Eps-Fair,0.1,0.86225,0.1326645791536197,0.8895,0.12212326327039545,,0.027249999999999996,0.010541315883224253
10,TrainingSize,3,31777,2000,Our Eps-Fair,0.15,0.9045,0.17164232276451727,0.96975,0.16383352395952472,,0.06525000000000003,0.0078087988049925505
10,PoolSize,3,31777,20,Our Eps-Fair,0.0,0.67275,0.26385414908843174,0.789,0.07213170082313015,,0.11625000000000008,0.1917224482653016
10,PoolSize,3,31777,20,Our Eps-Fair,0.05,0.855,0.17335733348333426,0.8265,0.07851924074525465,,-0.02849999999999997,0.09483809273807961
10,PoolSize,3,31777,20,Our Eps-Fair,0.1,0.855,0.17335733348333426,0.8895,0.12212326327039545,,0.034499999999999975,0.05123407021293881
10,PoolSize,3,31777,20,Our Eps-Fair,0.15,0.855,0.17385858661616638,0.96975,0.16383352395952472,,0.11475000000000002,0.010025062656641659
10,PoolSize,3,31777,40,Our Eps-Fair,0.0,0.6695,0.20919255745348408,0.789,0.07213170082313015,,0.11950000000000005,0.13706085663035394
10,PoolSize,3,31777,40,Our Eps-Fair,0.05,0.79625,0.16174226088913055,0.8265,0.07851924074525465,,0.03025,0.08322302014387589
10,PoolSize,3,31777,40,Our Eps-Fair,0.1,0.86375,0.1742310889443059,0.8895,0.12212326327039545,,0.02574999999999994,0.05210782567391044
10,PoolSize,3,31777,40,Our Eps-Fair,0.15,0.8785,0.17771986074912965,0.96975,0.16383352395952472,,0.09125000000000005,0.013886336789604936
10,PoolSize,3,31777,60,Our Eps-Fair,0.0,0.6705,0.1756085975537347,0.789,0.07213170082313015,,0.11850000000000005,0.10347689673060455
10,PoolSize,3,31777,60,Our Eps-Fair,0.05,0.77175,0.1637447734048338,0.8265,0.07851924074525465,,0.054749999999999965,0.08522553265957913
10,PoolSize,3,31777,60,Our Eps-Fair,0.1,0.81975,0.17623110144438403,0.8895,0.12212326327039545,,0.06974999999999998,0.05410783817398858
10,PoolSize,3,31777,60,Our Eps-Fair,0.15,0.83425,0.1952212201326258,0.96975,0.16383352395952472,,0.13549999999999995,0.03138769617310108
10,PoolSize,3,31777,80,Our Eps-Fair,0.0,0.70125,0.12411702573141084,0.789,0.07213170082313015,,0.08775,0.051985324908280686
10,PoolSize,3,31777,80,Our Eps-Fair,0.05,0.774,0.11878574241089007,0.8265,0.07851924074525465,,0.05249999999999999,0.04026650166563542
10,PoolSize,3,31777,80,Our Eps-Fair,0.1,0.836,0.17728735804598778,0.8895,0.12212326327039545,,0.05349999999999999,0.05516409477559232
10,PoolSize,3,31777,80,Our Eps-Fair,0.15,0.871,0.1793048706554416,0.96975,0.16383352395952472,,0.09875,0.015471346695916877
10,PoolSize,3,31777,100,Our Eps-Fair,0.0,0.7395,0.08186551165944786,0.789,0.07213170082313015,,0.04949999999999999,0.009733810836317705
10,PoolSize,3,31777,100,Our Eps-Fair,0.05,0.77525,0.09084306776917356,0.8265,0.07851924074525465,,0.05125000000000002,0.012323827023918904
10,PoolSize,3,31777,100,Our Eps-Fair,0.1,0.8215,0.1388108675679223,0.8895,0.12212326327039545,,0.06799999999999995,0.016687604297526845
10,PoolSize,3,31777,100,Our Eps-Fair,0.15,0.8665,0.1932974581091132,0.96975,0.16383352395952472,,0.10324999999999995,0.029463934149588478
10,PoolSize,3,31777,120,Our Eps-Fair,0.0,0.7565,0.09825311408196302,0.789,0.07213170082313015,,0.032500000000000084,0.026121413258832868
10,PoolSize,3,31777,120,Our Eps-Fair,0.05,0.79175,0.13270707941924637,0.8265,0.07851924074525465,,0.03475000000000006,0.05418783867399171
10,PoolSize,3,31777,120,Our Eps-Fair,0.1,0.83125,0.19129244557778485,0.8895,0.12212326327039545,,0.05824999999999991,0.0691691823073894
10,PoolSize,3,31777,120,Our Eps-Fair,0.15,0.8855,0.198309989437434,0.96975,0.16383352395952472,,0.08425000000000005,0.03447646547790928
10,PoolSize,3,31777,140,Our Eps-Fair,0.0,0.7545,0.12521328258301612,0.789,0.07213170082313015,,0.034500000000000086,0.05308158175988596
10,PoolSize,3,31777,140,Our Eps-Fair,0.05,0.8005,0.1531834573966087,0.8265,0.07851924074525465,,0.026000000000000023,0.07466421665135406
10,PoolSize,3,31777,140,Our Eps-Fair,0.1,0.821,0.19429496434352717,0.8895,0.12212326327039545,,0.0685,0.07217170107313171
10,PoolSize,3,31777,140,Our Eps-Fair,0.15,0.88775,0.1898136863355396,0.96975,0.16383352395952472,,0.08199999999999996,0.025980162376014887
10,PoolSize,3,31777,160,Our Eps-Fair,0.0,0.745,0.09724560778504866,0.789,0.07213170082313015,,0.04400000000000004,0.02511390696191851
10,PoolSize,3,31777,160,Our Eps-Fair,0.05,0.79,0.1426921418258864,0.8265,0.07851924074525465,,0.03649999999999998,0.06417290108063176
10,PoolSize,3,31777,160,Our Eps-Fair,0.1,0.8325,0.19429496434352717,0.8895,0.12212326327039545,,0.05699999999999994,0.07217170107313171
10,PoolSize,3,31777,160,Our Eps-Fair,0.15,0.8875,0.1863199144994656,0.96975,0.16383352395952472,,0.08225000000000005,0.022486390539940893
10,PoolSize,3,31777,180,Our Eps-Fair,0.0,0.68575,0.08640179001118758,0.789,0.07213170082313015,,0.10325000000000006,0.01427008918805743
10,PoolSize,3,31777,180,Our Eps-Fair,0.05,0.78125,0.12527203295020595,0.8265,0.07851924074525465,,0.04525000000000001,0.04675279220495129
10,PoolSize,3,31777,180,Our Eps-Fair,0.1,0.845,0.1907911924449528,0.8895,0.12212326327039545,,0.044499999999999984,0.06866792917455734
10,PoolSize,3,31777,180,Our Eps-Fair,0.15,0.88575,0.19580872380452374,0.96975,0.16383352395952472,,0.08399999999999996,0.031975199844999025
10,PoolSize,3,31777,200,Our Eps-Fair,0.0,0.73125,0.048239051494071844,0.789,0.07213170082313015,,0.05775000000000008,-0.02389264932905831
10,PoolSize,3,31777,200,Our Eps-Fair,0.05,0.79225,0.12377327358295989,0.8265,0.07851924074525465,,0.03425,0.04525403283770524
10,PoolSize,3,31777,200,Our Eps-Fair,0.1,0.871,0.1947987174919843,0.8895,0.12212326327039545,,0.01849999999999996,0.07267545422158884
10,PoolSize,3,31777,200,Our Eps-Fair,0.15,0.89675,0.1943249645310283,0.96975,0.16383352395952472,,0.07299999999999995,0.030491440571503575
10,PoolSize,3,31777,220,Our Eps-Fair,0.0,0.699,0.0719204495028094,0.789,0.07213170082313015,,0.09000000000000008,-0.00021125132032075167
10,PoolSize,3,31777,220,Our Eps-Fair,0.05,0.78425,0.11777323608272551,0.8265,0.07851924074525465,,0.04225000000000001,0.03925399533747086
10,PoolSize,3,31777,220,Our Eps-Fair,0.1,0.85725,0.18529240807755049,0.8895,0.12212326327039545,,0.03225,0.06316914480715503
10,PoolSize,3,31777,220,Our Eps-Fair,0.15,0.896,0.19032243951524694,0.96975,0.16383352395952472,,0.07374999999999998,0.02648891555572222
10,PoolSize,3,31777,240,Our Eps-Fair,0.0,0.7215,0.0592541203382521,0.789,0.07213170082313015,,0.0675,-0.012877580484878054
10,PoolSize,3,31777,240,Our Eps-Fair,0.05,0.79975,0.14168713554459716,0.8265,0.07851924074525465,,0.02675000000000005,0.06316789479934251
10,PoolSize,3,31777,240,Our Eps-Fair,0.1,0.857,0.18266489165557284,0.8895,0.12212326327039545,,0.03249999999999997,0.06054162838517739
10,PoolSize,3,31777,240,Our Eps-Fair,0.15,0.89075,0.18831742698391865,0.96975,0.16383352395952472,,0.07899999999999996,0.024483903024393933
10,PoolSize,3,31777,260,Our Eps-Fair,0.0,0.7245,0.052521578259864116,0.789,0.07213170082313015,,0.0645,-0.01961012256326604
10,PoolSize,3,31777,260,Our Eps-Fair,0.05,0.80875,0.14168213551334696,0.8265,0.07851924074525465,,0.017750000000000044,0.06316289476809231
10,PoolSize,3,31777,260,Our Eps-Fair,0.1,0.85625,0.1781661135382096,0.8895,0.12212326327039545,,0.03325,0.05604285026781415
10,PoolSize,3,31777,260,Our Eps-Fair,0.15,0.88675,0.1903124394527466,0.96975,0.16383352395952472,,0.08299999999999996,0.026478915493221872
10,PoolSize,3,31777,280,Our Eps-Fair,0.0,0.73,0.06124913280708004,0.789,0.07213170082313015,,0.05900000000000005,-0.010882568016050115
10,PoolSize,3,31777,280,Our Eps-Fair,0.05,0.79525,0.142682141763386,0.8265,0.07851924074525465,,0.03125,0.06416290101813135
10,PoolSize,3,31777,280,Our Eps-Fair,0.1,0.85475,0.18466240414002588,0.8895,0.12212326327039545,,0.03474999999999995,0.06253914086963043
10,PoolSize,3,31777,280,Our Eps-Fair,0.15,0.88375,0.17715110719441995,0.96975,0.16383352395952472,,0.08599999999999997,0.013317583234895236
10,PoolSize,3,31777,300,Our Eps-Fair,0.0,0.72,0.071539197119982,0.789,0.07213170082313015,,0.06900000000000006,-0.0005925037031481589
10,PoolSize,3,31777,300,Our Eps-Fair,0.05,0.80125,0.1436771479821749,0.8265,0.07851924074525465,,0.025249999999999995,0.06515790723692025
10,PoolSize,3,31777,300,Our Eps-Fair,0.1,0.8545,0.1901611885074282,0.8895,0.12212326327039545,,0.03499999999999992,0.06803792523703274
10,PoolSize,3,31777,300,Our Eps-Fair,0.15,0.88275,0.18265489159307247,0.96975,0.16383352395952472,,0.08699999999999997,0.018821367633547748
10,TrainingSize,4,41777,100,Unfair,,0.54175,0.16657711929610763,0.98325,0.17790060942238445,,0.4415,-0.011323490126276814
10,TrainingSize,4,41777,100,Our Eps-Fair,0.0,0.4895,0.018894495187954413,0.74275,0.04013573180212329,,0.25325,-0.02124123661416888
10,TrainingSize,4,41777,100,Our Eps-Fair,0.05,0.52775,0.054544353963246556,0.82325,0.06567624273240544,,0.2955,-0.011131888769158882
10,TrainingSize,4,41777,100,Our Eps-Fair,0.1,0.53675,0.10617166481068482,0.89575,0.1049540206769381,,0.3590000000000001,0.0012176441337467259
10,TrainingSize,4,41777,100,Our Eps-Fair,0.15,0.54175,0.15608306794294183,0.9615,0.15188684814266748,,0.41975000000000007,0.004196219800274348
10,TrainingSize,4,41777,200,Unfair,,0.6925,0.1967200649143397,0.98325,0.17790060942238445,,0.29074999999999995,0.01881945549195524
10,TrainingSize,4,41777,200,Our Eps-Fair,0.0,0.59525,0.021174701417049635,0.74275,0.04013573180212329,,0.14750000000000008,-0.018961030385073657
10,TrainingSize,4,41777,200,Our Eps-Fair,0.05,0.63725,0.049334598002343244,0.82325,0.06567624273240544,,0.18600000000000005,-0.016341644730062194
10,TrainingSize,4,41777,200,Our Eps-Fair,0.1,0.67825,0.10178484418257258,0.89575,0.1049540206769381,,0.21750000000000003,-0.0031691764943655165
10,TrainingSize,4,41777,200,Our Eps-Fair,0.15,0.69125,0.15681395458197384,0.9615,0.15188684814266748,,0.27025,0.004927106439306356
10,TrainingSize,4,41777,300,Unfair,,0.7355,0.16782628010217404,0.98325,0.17790060942238445,,0.24774999999999991,-0.010074329320210407
10,TrainingSize,4,41777,300,Our Eps-Fair,0.0,0.6295,0.03696555477847782,0.74275,0.04013573180212329,,0.11325000000000007,-0.0031701770236454707
10,TrainingSize,4,41777,300,Our Eps-Fair,0.05,0.67175,0.05631529078882727,0.82325,0.06567624273240544,,0.15150000000000008,-0.009360951943578166
10,TrainingSize,4,41777,300,Our Eps-Fair,0.1,0.7135,0.10387494984846984,0.89575,0.1049540206769381,,0.18225000000000002,-0.0010790708284682538
10,TrainingSize,4,41777,300,Our Eps-Fair,0.15,0.7335,0.15190986031610723,0.9615,0.15188684814266748,,0.22799999999999998,2.3012173439751482e-05
10,TrainingSize,4,41777,400,Unfair,,0.79025,0.18197976729690005,0.98325,0.17790060942238445,,0.19299999999999995,0.004079157874515599
10,TrainingSize,4,41777,400,Our Eps-Fair,0.0,0.65925,0.03379187590235233,0.74275,0.04013573180212329,,0.08350000000000002,-0.0063438558997709615
10,TrainingSize,4,41777,400,Our Eps-Fair,0.05,0.7145,0.056825560721621746,0.82325,0.06567624273240544,,0.10875000000000001,-0.008850682010783692
10,TrainingSize,4,41777,400,Our Eps-Fair,0.1,0.759,0.09768617598709717,0.89575,0.1049540206769381,,0.13675000000000004,-0.00726784468984093
10,TrainingSize,4,41777,400,Our Eps-Fair,0.15,0.7855,0.1424243424771704,0.9615,0.15188684814266748,,0.17600000000000005,-0.009462505665497084
10,TrainingSize,4,41777,500,Unfair,,0.8095,0.193290250542537,0.98325,0.17790060942238445,,0.17374999999999996,0.015389641120152564
10,TrainingSize,4,41777,500,Our Eps-Fair,0.0,0.6745,0.03153518211133691,0.74275,0.04013573180212329,,0.06825000000000003,-0.008600549690786385
10,TrainingSize,4,41777,500,Our Eps-Fair,0.05,0.734,0.05380096070821466,0.82325,0.06567624273240544,,0.08925000000000005,-0.011875282024190775
10,TrainingSize,4,41777,500,Our Eps-Fair,0.1,0.7775,0.11160153721318579,0.89575,0.1049540206769381,,0.11825000000000008,0.006647516536247691
10,TrainingSize,4,41777,500,Our Eps-Fair,0.15,0.8085,0.15825821859763817,0.9615,0.15188684814266748,,0.15300000000000002,0.006371370454970687
10,TrainingSize,4,41777,600,Unfair,,0.8255,0.19254835808142506,0.98325,0.17790060942238445,,0.15774999999999995,0.014647748659040616
10,TrainingSize,4,41777,600,Our Eps-Fair,0.0,0.69275,0.02493068833412876,0.74275,0.04013573180212329,,0.050000000000000044,-0.015205043467994533
10,TrainingSize,4,41777,600,Our Eps-Fair,0.05,0.74325,0.06646415954039686,0.82325,0.06567624273240544,,0.08000000000000007,0.0007879168079914234
10,TrainingSize,4,41777,600,Our Eps-Fair,0.1,0.7895,0.1123434296742977,0.89575,0.1049540206769381,,0.10625000000000007,0.007389408997359598
10,TrainingSize,4,41777,600,Our Eps-Fair,0.15,0.81825,0.15108792551259614,0.9615,0.15188684814266748,,0.14325,-0.0007989226300713359
10,TrainingSize,4,41777,700,Unfair,,0.8265,0.18931664850706026,0.98325,0.17790060942238445,,0.15674999999999994,0.01141603908467581
10,TrainingSize,4,41777,700,Our Eps-Fair,0.0,0.69875,0.02305519619878918,0.74275,0.04013573180212329,,0.04400000000000004,-0.017080535603334113
10,TrainingSize,4,41777,700,Our Eps-Fair,0.05,0.7525,0.06224242624348279,0.82325,0.06567624273240544,,0.07075000000000009,-0.0034338164889226447
10,TrainingSize,4,41777,700,Our Eps-Fair,0.1,0.7985,0.1125275270618157,0.89575,0.1049540206769381,,0.09725000000000006,0.007573506384877596
10,TrainingSize,4,41777,700,Our Eps-Fair,0.15,0.823,0.16065048410609212,0.9615,0.15188684814266748,,0.13850000000000007,0.008763635963424637
10,TrainingSize,4,41777,800,Unfair,,0.8325,0.18585481719829788,0.98325,0.17790060942238445,,0.15074999999999994,0.007954207775913436
10,TrainingSize,4,41777,800,Our Eps-Fair,0.0,0.701,0.01742471767565043,0.74275,0.04013573180212329,,0.041750000000000065,-0.02271101412647286
10,TrainingSize,4,41777,800,Our Eps-Fair,0.05,0.76025,0.06369819634586696,0.82325,0.06567624273240544,,0.06300000000000006,-0.001978046386538479
10,TrainingSize,4,41777,800,Our Eps-Fair,0.1,0.7985,0.10831830038090148,0.89575,0.1049540206769381,,0.09725000000000006,0.0033642797039633854
10,TrainingSize,4,41777,800,Our Eps-Fair,0.15,0.82875,0.15066820347964072,0.9615,0.15188684814266748,,0.13275000000000003,-0.0012186446630267633
10,TrainingSize,4,41777,900,Unfair,,0.84475,0.18715450473300377,0.98325,0.17790060942238445,,0.13849999999999996,0.00925389531061932
10,TrainingSize,4,41777,900,Our Eps-Fair,0.0,0.7045,0.015377634768792697,0.74275,0.04013573180212329,,0.038250000000000006,-0.024758097033330595
10,TrainingSize,4,41777,900,Our Eps-Fair,0.05,0.76325,0.05850594964736347,0.82325,0.06567624273240544,,0.06000000000000005,-0.007170293085041968
10,TrainingSize,4,41777,900,Our Eps-Fair,0.1,0.8115,0.11087065057415371,0.89575,0.1049540206769381,,0.08425000000000005,0.005916629897215614
10,TrainingSize,4,41777,900,Our Eps-Fair,0.15,0.84275,0.15516057994679186,0.9615,0.15188684814266748,,0.11875000000000002,0.00327373180412438
10,TrainingSize,4,41777,1000,Unfair,,0.8465,0.18175514847354252,0.98325,0.17790060942238445,,0.13674999999999993,0.003854539051158068
10,TrainingSize,4,41777,1000,Our Eps-Fair,0.0,0.706,0.014469154182562588,0.74275,0.04013573180212329,,0.03675000000000006,-0.025666577619560704
10,TrainingSize,4,41777,1000,Our Eps-Fair,0.05,0.76475,0.05799417892064904,0.82325,0.06567624273240544,,0.058499999999999996,-0.007682063811756401
10,TrainingSize,4,41777,1000,Our Eps-Fair,0.1,0.8075,0.10624970609452401,0.89575,0.1049540206769381,,0.08825000000000005,0.001295685417585915
10,TrainingSize,4,41777,1000,Our Eps-Fair,0.15,0.84275,0.14740147538047627,0.9615,0.15188684814266748,,0.11875000000000002,-0.004485372762191214
10,TrainingSize,4,41777,1100,Unfair,,0.856,0.18759723893939895,0.98325,0.17790060942238445,,0.12724999999999997,0.009696629517014499
10,TrainingSize,4,41777,1100,Our Eps-Fair,0.0,0.71625,0.01513250509519537,0.74275,0.04013573180212329,,0.026499999999999968,-0.025003226706927922
10,TrainingSize,4,41777,1100,Our Eps-Fair,0.05,0.769,0.06130042792637305,0.82325,0.06567624273240544,,0.05425000000000002,-0.004375814806032385
10,TrainingSize,4,41777,1100,Our Eps-Fair,0.1,0.812,0.10532371624589408,0.89575,0.1049540206769381,,0.08374999999999999,0.00036969556895598277
10,TrainingSize,4,41777,1100,Our Eps-Fair,0.15,0.8455,0.15706958981301108,0.9615,0.15188684814266748,,0.11599999999999999,0.005182741670343605
10,TrainingSize,4,41777,1200,Unfair,,0.85675,0.17594157309216574,0.98325,0.17790060942238445,,0.12649999999999995,-0.001959036330218711
10,TrainingSize,4,41777,1200,Our Eps-Fair,0.0,0.71125,0.015480689284631588,0.74275,0.04013573180212329,,0.03149999999999997,-0.024655042517491704
10,TrainingSize,4,41777,1200,Our Eps-Fair,0.05,0.77325,0.06319593064731244,0.82325,0.06567624273240544,,0.050000000000000044,-0.0024803120850930005
10,TrainingSize,4,41777,1200,Our Eps-Fair,0.1,0.821,0.10553082580685182,0.89575,0.1049540206769381,,0.0747500000000001,0.0005768051299137184
10,TrainingSize,4,41777,1200,Our Eps-Fair,0.15,0.85225,0.15190435740506728,0.9615,0.15188684814266748,,0.10925000000000007,1.7509262399795222e-05
10,TrainingSize,4,41777,1300,Unfair,,0.867,0.18035790933403772,0.98325,0.17790060942238445,,0.11624999999999996,0.0024572999116532768
10,TrainingSize,4,41777,1300,Our Eps-Fair,0.0,0.71925,0.012545136377143523,0.74275,0.04013573180212329,,0.023500000000000076,-0.02759059542497977
10,TrainingSize,4,41777,1300,Our Eps-Fair,0.05,0.78425,0.06531305060376938,0.82325,0.06567624273240544,,0.039000000000000035,-0.00036319212863605843
10,TrainingSize,4,41777,1300,Our Eps-Fair,0.1,0.82725,0.11008373429544228,0.89575,0.1049540206769381,,0.0685,0.005129713618504186
10,TrainingSize,4,41777,1300,Our Eps-Fair,0.15,0.859,0.15638322672693855,0.9615,0.15188684814266748,,0.10250000000000004,0.004496378584271071
10,TrainingSize,4,41777,1400,Unfair,,0.86575,0.18561919255286047,0.98325,0.17790060942238445,,0.11749999999999994,0.00771858313047602
10,TrainingSize,4,41777,1400,Our Eps-Fair,0.0,0.717,0.010305951848527867,0.74275,0.04013573180212329,,0.02575000000000005,-0.029829779953595426
10,TrainingSize,4,41777,1400,Our Eps-Fair,0.05,0.781,0.060616566163500474,0.82325,0.06567624273240544,,0.04225000000000001,-0.005059676568904964
10,TrainingSize,4,41777,1400,Our Eps-Fair,0.1,0.82475,0.10508008736621674,0.89575,0.1049540206769381,,0.07100000000000006,0.00012606668927864217
10,TrainingSize,4,41777,1400,Our Eps-Fair,0.15,0.863,0.1584763339806758,0.9615,0.15188684814266748,,0.09850000000000003,0.006589485838008308
10,TrainingSize,4,41777,1500,Unfair,,0.873,0.17970806556668478,0.98325,0.17790060942238445,,0.11024999999999996,0.0018074561443003345
10,TrainingSize,4,41777,1500,Our Eps-Fair,0.0,0.71575,0.011308982451716937,0.74275,0.04013573180212329,,0.027000000000000024,-0.028826749350406355
10,TrainingSize,4,41777,1500,Our Eps-Fair,0.05,0.77975,0.06005877108990654,0.82325,0.06567624273240544,,0.04349999999999998,-0.0056174716424989
10,TrainingSize,4,41777,1500,Our Eps-Fair,0.1,0.82975,0.10482795398765947,0.89575,0.1049540206769381,,0.06600000000000006,-0.0001260666892786283
10,TrainingSize,4,41777,1500,Our Eps-Fair,0.15,0.8635,0.15196138757402666,0.9615,0.15188684814266748,,0.09799999999999998,7.453943135918295e-05
10,TrainingSize,4,41777,1600,Unfair,,0.87475,0.18649915805461093,0.98325,0.17790060942238445,,0.10849999999999993,0.008598548632226477
10,TrainingSize,4,41777,1600,Our Eps-Fair,0.0,0.71225,0.01872590600427626,0.74275,0.04013573180212329,,0.03049999999999997,-0.021409825797847032
10,TrainingSize,4,41777,1600,Our Eps-Fair,0.05,0.7765,0.05358834823621696,0.82325,0.06567624273240544,,0.04675000000000007,-0.012087894496188481
10,TrainingSize,4,41777,1600,Our Eps-Fair,0.1,0.82925,0.10319408967343724,0.89575,0.1049540206769381,,0.0665,-0.0017599310035008586
10,TrainingSize,4,41777,1600,Our Eps-Fair,0.15,0.8665,0.1581256484680396,0.9615,0.15188684814266748,,0.09499999999999997,0.006238800325372107
10,TrainingSize,4,41777,1700,Unfair,,0.8775,0.1884311800942699,0.98325,0.17790060942238445,,0.10575000000000001,0.010530570671885453
10,TrainingSize,4,41777,1700,Our Eps-Fair,0.0,0.70975,0.020569881467296186,0.74275,0.04013573180212329,,0.03300000000000003,-0.019565850334827106
10,TrainingSize,4,41777,1700,Our Eps-Fair,0.05,0.774,0.04883783521482862,0.82325,0.06567624273240544,,0.049250000000000016,-0.016838407517576814
10,TrainingSize,4,41777,1700,Our Eps-Fair,0.1,0.82775,0.10175082618705295,0.89575,0.1049540206769381,,0.06800000000000006,-0.0032031944898851528
10,TrainingSize,4,41777,1700,Our Eps-Fair,0.15,0.8665,0.15434264726040076,0.9615,0.15188684814266748,,0.09499999999999997,0.002455799117733276
10,TrainingSize,4,41777,1800,Unfair,,0.87875,0.1845901481883917,0.98325,0.17790060942238445,,0.10449999999999993,0.0066895387660072525
10,TrainingSize,4,41777,1800,Our Eps-Fair,0.0,0.71375,0.009801184826773363,0.74275,0.04013573180212329,,0.029000000000000026,-0.03033454697534993
10,TrainingSize,4,41777,1800,Our Eps-Fair,0.05,0.77975,0.05158879047015871,0.82325,0.06567624273240544,,0.04349999999999998,-0.014087452262246725
10,TrainingSize,4,41777,1800,Our Eps-Fair,0.1,0.8335,0.10277436764048181,0.89575,0.1049540206769381,,0.06225000000000003,-0.002179653036456286
10,TrainingSize,4,41777,1800,Our Eps-Fair,0.15,0.87125,0.15200741192090617,0.9615,0.15188684814266748,,0.09025000000000005,0.00012056377823868591
10,TrainingSize,4,41777,1900,Unfair,,0.8845,0.17712069684863294,0.98325,0.17790060942238445,,0.09875,-0.0007799125737515122
10,TrainingSize,4,41777,1900,Our Eps-Fair,0.0,0.71375,0.01191580346003035,0.74275,0.04013573180212329,,0.029000000000000026,-0.028219928342092943
10,TrainingSize,4,41777,1900,Our Eps-Fair,0.05,0.77875,0.050542236843290095,0.82325,0.06567624273240544,,0.044499999999999984,-0.015134005889115343
10,TrainingSize,4,41777,1900,Our Eps-Fair,0.1,0.837,0.10687503689451719,0.89575,0.1049540206769381,,0.05875000000000008,0.0019210162175790912
10,TrainingSize,4,41777,1900,Our Eps-Fair,0.15,0.8755,0.15622864495318023,0.9615,0.15188684814266748,,0.08600000000000008,0.004341796810512749
10,TrainingSize,4,41777,2000,Unfair,,0.88225,0.1815195238281051,0.98325,0.17790060942238445,,0.10099999999999998,0.0036189144057206524
10,TrainingSize,4,41777,2000,Our Eps-Fair,0.0,0.7185,0.0165447521739,0.74275,0.04013573180212329,,0.024249999999999994,-0.02359097962822329
10,TrainingSize,4,41777,2000,Our Eps-Fair,0.05,0.78575,0.05954700036319213,0.82325,0.06567624273240544,,0.03750000000000009,-0.006129242369213306
10,TrainingSize,4,41777,2000,Our Eps-Fair,0.1,0.84025,0.10117001894001926,0.89575,0.1049540206769381,,0.055499999999999994,-0.0037840017369188406
10,TrainingSize,4,41777,2000,Our Eps-Fair,0.15,0.8765,0.15450923538551892,0.9615,0.15188684814266748,,0.08500000000000008,0.002622387242851437
10,PoolSize,4,41777,20,Our Eps-Fair,0.0,0.83875,0.17217908273476668,0.74275,0.04013573180212329,,-0.09599999999999997,0.13204335093264338
10,PoolSize,4,41777,20,Our Eps-Fair,0.05,0.84325,0.18069508770139403,0.82325,0.06567624273240544,,-0.020000000000000018,0.11501884496898859
10,PoolSize,4,41777,20,Our Eps-Fair,0.1,0.85025,0.1811838462546687,0.89575,0.1049540206769381,,0.045500000000000096,0.07622982557773061
10,PoolSize,4,41777,20,Our Eps-Fair,0.15,0.85225,0.18218437553465783,0.9615,0.15188684814266748,,0.10925000000000007,0.030297527391990348
10,PoolSize,4,41777,40,Our Eps-Fair,0.0,0.798,0.19596166372010793,0.74275,0.04013573180212329,,-0.05525000000000002,0.15582593191798463
10,PoolSize,4,41777,40,Our Eps-Fair,0.05,0.81675,0.18911904397426238,0.82325,0.06567624273240544,,0.006500000000000061,0.12344280124185694
10,PoolSize,4,41777,40,Our Eps-Fair,0.1,0.8245,0.1968646413952981,0.89575,0.1049540206769381,,0.07125000000000004,0.09191062071836001
10,PoolSize,4,41777,40,Our Eps-Fair,0.15,0.82775,0.1973533999485728,0.9615,0.15188684814266748,,0.13375000000000004,0.04546655180590531
10,PoolSize,4,41777,60,Our Eps-Fair,0.0,0.805,0.17211004621444742,0.74275,0.04013573180212329,,-0.06225000000000003,0.13197431441232413
10,PoolSize,4,41777,60,Our Eps-Fair,0.05,0.81425,0.18260409756761325,0.82325,0.06567624273240544,,0.009000000000000008,0.11692785483520782
10,PoolSize,4,41777,60,Our Eps-Fair,0.1,0.824,0.18504789033398666,0.89575,0.1049540206769381,,0.07175000000000009,0.08009386965704857
10,PoolSize,4,41777,60,Our Eps-Fair,0.15,0.83125,0.18509391468086617,0.9615,0.15188684814266748,,0.13024999999999998,0.03320706653819869
10,PoolSize,4,41777,80,Our Eps-Fair,0.0,0.7855,0.14234730172261129,0.74275,0.04013573180212329,,-0.042749999999999955,0.102211569920488
10,PoolSize,4,41777,80,Our Eps-Fair,0.05,0.808,0.1842084462680758,0.82325,0.06567624273240544,,0.015249999999999986,0.11853220353567037
10,PoolSize,4,41777,80,Our Eps-Fair,0.1,0.827,0.1856977341013396,0.89575,0.1049540206769381,,0.06875000000000009,0.08074371342440151
10,PoolSize,4,41777,80,Our Eps-Fair,0.15,0.84875,0.1886302854209877,0.9615,0.15188684814266748,,0.11275000000000002,0.03674343727832022
10,PoolSize,4,41777,100,Our Eps-Fair,0.0,0.7585,0.14237031389605104,0.74275,0.04013573180212329,,-0.01574999999999993,0.10223458209392774
10,PoolSize,4,41777,100,Our Eps-Fair,0.05,0.792,0.18323092916152645,0.82325,0.06567624273240544,,0.03125,0.11755468642912101
10,PoolSize,4,41777,100,Our Eps-Fair,0.1,0.83425,0.18369667554136138,0.89575,0.1049540206769381,,0.0615,0.07874265486442328
10,PoolSize,4,41777,100,Our Eps-Fair,0.15,0.848,0.18662922686100947,0.9615,0.15188684814266748,,0.11350000000000005,0.03474237871834199
10,PoolSize,4,41777,120,Our Eps-Fair,0.0,0.726,0.12093097248444426,0.74275,0.04013573180212329,,0.016750000000000043,0.08079524068232097
10,PoolSize,4,41777,120,Our Eps-Fair,0.05,0.82475,0.1702010363482282,0.82325,0.06567624273240544,,-0.0014999999999999458,0.10452479361582276
10,PoolSize,4,41777,120,Our Eps-Fair,0.1,0.835,0.182719158434812,0.89575,0.1049540206769381,,0.06075000000000008,0.07776513775787391
10,PoolSize,4,41777,120,Our Eps-Fair,0.15,0.8515,0.18367366336792162,0.9615,0.15188684814266748,,0.10999999999999999,0.031786815225254145
10,PoolSize,4,41777,140,Our Eps-Fair,0.0,0.808,0.09297218228442845,0.74275,0.04013573180212329,,-0.06525000000000003,0.05283645048230516
10,PoolSize,4,41777,140,Our Eps-Fair,0.05,0.84175,0.1316921651553672,0.82325,0.06567624273240544,,-0.01849999999999996,0.06601592242296175
10,PoolSize,4,41777,140,Our Eps-Fair,0.1,0.853,0.1811378219077892,0.89575,0.1049540206769381,,0.042750000000000066,0.07618380123085111
10,PoolSize,4,41777,140,Our Eps-Fair,0.15,0.867,0.17755542682078818,0.9615,0.15188684814266748,,0.09450000000000003,0.025668578678120696
10,PoolSize,4,41777,160,Our Eps-Fair,0.0,0.79225,0.11214332381829989,0.74275,0.04013573180212329,,-0.04949999999999999,0.0720075920161766
10,PoolSize,4,41777,160,Our Eps-Fair,0.05,0.841,0.12735837257909435,0.82325,0.06567624273240544,,-0.017749999999999932,0.061682129846688916
10,PoolSize,4,41777,160,Our Eps-Fair,0.1,0.855,0.16908544620104035,0.89575,0.1049540206769381,,0.040750000000000064,0.06413142552410225
10,PoolSize,4,41777,160,Our Eps-Fair,0.15,0.872,0.17248374390052337,0.9615,0.15188684814266748,,0.08950000000000002,0.020596895757855893
10,PoolSize,4,41777,180,Our Eps-Fair,0.0,0.79225,0.11009624091144216,0.74275,0.04013573180212329,,-0.04949999999999999,0.06996050910931886
10,PoolSize,4,41777,180,Our Eps-Fair,0.05,0.84525,0.13371623588878517,0.82325,0.06567624273240544,,-0.02199999999999991,0.06803999315637974
10,PoolSize,4,41777,180,Our Eps-Fair,0.1,0.85375,0.16859668764776567,0.89575,0.1049540206769381,,0.04200000000000004,0.06364266697082757
10,PoolSize,4,41777,180,Our Eps-Fair,0.15,0.872,0.1729955146272378,0.9615,0.15188684814266748,,0.08950000000000002,0.021108666484570326
10,PoolSize,4,41777,200,Our Eps-Fair,0.0,0.78925,0.07582911360109498,0.74275,0.04013573180212329,,-0.046499999999999986,0.03569338179897169
10,PoolSize,4,41777,200,Our Eps-Fair,0.05,0.8385,0.12182094327899459,0.82325,0.06567624273240544,,-0.015249999999999986,0.056144700546589155
10,PoolSize,4,41777,200,Our Eps-Fair,0.1,0.85725,0.16403677545421527,0.89575,0.1049540206769381,,0.03850000000000009,0.059082754777277174
10,PoolSize,4,41777,200,Our Eps-Fair,0.15,0.87025,0.17602011464064488,0.9615,0.15188684814266748,,0.09125000000000005,0.024133266497977396
10,PoolSize,4,41777,220,Our Eps-Fair,0.0,0.76125,0.07515075474926236,0.74275,0.04013573180212329,,-0.01849999999999996,0.03501502294713907
10,PoolSize,4,41777,220,Our Eps-Fair,0.05,0.82875,0.10125256260561837,0.82325,0.06567624273240544,,-0.005499999999999949,0.03557631987321293
10,PoolSize,4,41777,220,Our Eps-Fair,0.1,0.85425,0.17157526331429324,0.89575,0.1049540206769381,,0.04150000000000009,0.06662124263735514
10,PoolSize,4,41777,220,Our Eps-Fair,0.15,0.86925,0.17755542682078818,0.9615,0.15188684814266748,,0.09225000000000005,0.025668578678120696
10,PoolSize,4,41777,240,Our Eps-Fair,0.0,0.76275,0.09018170612253883,0.74275,0.04013573180212329,,-0.020000000000000018,0.050045974320415534
10,PoolSize,4,41777,240,Our Eps-Fair,0.05,0.82875,0.13017986514866364,0.82325,0.06567624273240544,,-0.005499999999999949,0.0645036224162582
10,PoolSize,4,41777,240,Our Eps-Fair,0.1,0.8525,0.1765779097142388,0.89575,0.1049540206769381,,0.04325000000000001,0.07162388903730071
10,PoolSize,4,41777,240,Our Eps-Fair,0.15,0.8695,0.17755542682078818,0.9615,0.15188684814266748,,0.09199999999999997,0.025668578678120696
10,PoolSize,4,41777,260,Our Eps-Fair,0.0,0.77925,0.09073950119613276,0.74275,0.04013573180212329,,-0.03649999999999998,0.05060376939400947
10,PoolSize,4,41777,260,Our Eps-Fair,0.05,0.83625,0.1316921651553672,0.82325,0.06567624273240544,,-0.013000000000000012,0.06601592242296175
10,PoolSize,4,41777,260,Our Eps-Fair,0.1,0.853,0.1765779097142388,0.89575,0.1049540206769381,,0.042750000000000066,0.07162388903730071
10,PoolSize,4,41777,260,Our Eps-Fair,0.15,0.8735,0.17704365609407374,0.9615,0.15188684814266748,,0.08799999999999997,0.025156807951406263
10,PoolSize,4,41777,280,Our Eps-Fair,0.0,0.75925,0.05090392817800615,0.74275,0.04013573180212329,,-0.01649999999999996,0.01076819637588286
10,PoolSize,4,41777,280,Our Eps-Fair,0.05,0.82325,0.11221236033861914,0.82325,0.06567624273240544,,0.0,0.046536117606213706
10,PoolSize,4,41777,280,Our Eps-Fair,0.1,0.85125,0.1645945705278092,0.89575,0.1049540206769381,,0.044500000000000095,0.05964054985087111
10,PoolSize,4,41777,280,Our Eps-Fair,0.15,0.87025,0.17704365609407374,0.9615,0.15188684814266748,,0.09125000000000005,0.025156807951406263
10,PoolSize,4,41777,300,Our Eps-Fair,0.0,0.76,0.07131122363730415,0.74275,0.04013573180212329,,-0.017249999999999988,0.031175491835180855
10,PoolSize,4,41777,300,Our Eps-Fair,0.05,0.818,0.12019358240509229,0.82325,0.06567624273240544,,0.005250000000000088,0.05451733967268685
10,PoolSize,4,41777,300,Our Eps-Fair,0.1,0.84775,0.1681309412679307,0.89575,0.1049540206769381,,0.04800000000000004,0.06317692059099261
10,PoolSize,4,41777,300,Our Eps-Fair,0.15,0.8705,0.1729955146272378,0.9615,0.15188684814266748,,0.09099999999999997,0.021108666484570326
10,TrainingSize,5,51777,100,Unfair,,0.57975,0.15810292292630634,0.97975,0.17547107923971317,,0.4,-0.017368156313406824
10,TrainingSize,5,51777,100,Our Eps-Fair,0.0,0.52925,0.026427737849640642,0.75525,0.023443710993398953,,0.22599999999999998,0.0029840268562416894
10,TrainingSize,5,51777,100,Our Eps-Fair,0.05,0.5585,0.076395187556688,0.83225,0.07252115269037421,,0.27375000000000005,0.003874034866313797
10,TrainingSize,5,51777,100,Our Eps-Fair,0.1,0.5695,0.11004499040491365,0.90625,0.12250960258642328,,0.33675,-0.012464612181509627
10,TrainingSize,5,51777,100,Our Eps-Fair,0.15,0.57825,0.15760141841276573,0.968,0.16799651196860774,,0.38974999999999993,-0.010395093555842005
10,TrainingSize,5,51777,200,Unfair,,0.677,0.19202672824055417,0.97975,0.17547107923971317,,0.30274999999999996,0.016555649000841
10,TrainingSize,5,51777,200,Our Eps-Fair,0.0,0.604,0.013503621532593796,0.75525,0.023443710993398953,,0.15125,-0.009940089460805157
10,TrainingSize,5,51777,200,Our Eps-Fair,0.05,0.636,0.06499058491526424,0.83225,0.07252115269037421,,0.19625000000000004,-0.007530567775109964
10,TrainingSize,5,51777,200,Our Eps-Fair,0.1,0.6655,0.11844756602809425,0.90625,0.12250960258642328,,0.24075000000000002,-0.004062036558329027
10,TrainingSize,5,51777,200,Our Eps-Fair,0.15,0.6775,0.17148704338339044,0.968,0.16799651196860774,,0.2905,0.0034905314147826993
10,TrainingSize,5,51777,300,Unfair,,0.70025,0.16200045800412205,0.97975,0.17547107923971317,,0.27949999999999997,-0.013470621235591118
10,TrainingSize,5,51777,300,Our Eps-Fair,0.0,0.62125,0.016391647524827718,0.75525,0.023443710993398953,,0.134,-0.007052063468571235
10,TrainingSize,5,51777,300,Our Eps-Fair,0.05,0.6595,0.06757010813097317,0.83225,0.07252115269037421,,0.17275000000000007,-0.004951044559401041
10,TrainingSize,5,51777,300,Our Eps-Fair,0.1,0.68525,0.1135495219456975,0.90625,0.12250960258642328,,0.22099999999999997,-0.008960080640725773
10,TrainingSize,5,51777,300,Our Eps-Fair,0.15,0.69725,0.15955593600342405,0.968,0.16799651196860774,,0.27074999999999994,-0.008440575965183689
10,TrainingSize,5,51777,400,Unfair,,0.74825,0.19198572787155088,0.97975,0.17547107923971317,,0.23150000000000004,0.016514648631837714
10,TrainingSize,5,51777,400,Our Eps-Fair,0.0,0.65825,0.01711965407688669,0.75525,0.023443710993398953,,0.09699999999999998,-0.006324056916512263
10,TrainingSize,5,51777,400,Our Eps-Fair,0.05,0.701,0.0687916191245721,0.83225,0.07252115269037421,,0.1312500000000001,-0.0037295335658021067
10,TrainingSize,5,51777,400,Our Eps-Fair,0.1,0.7305,0.11224851023659213,0.90625,0.12250960258642328,,0.17574999999999996,-0.01026109234983115
10,TrainingSize,5,51777,400,Our Eps-Fair,0.15,0.74925,0.16303346730120571,0.968,0.16799651196860774,,0.21875,-0.004963044667402022
10,TrainingSize,5,51777,500,Unfair,,0.774,0.22641153770383934,0.97975,0.17547107923971317,,0.20575,0.050940458464126176
10,TrainingSize,5,51777,500,Our Eps-Fair,0.0,0.67725,0.020887187984691857,0.75525,0.023443710993398953,,0.07799999999999996,-0.0025565230087070956
10,TrainingSize,5,51777,500,Our Eps-Fair,0.05,0.71475,0.06337707039363355,0.83225,0.07252115269037421,,0.11750000000000005,-0.009144082296740658
10,TrainingSize,5,51777,500,Our Eps-Fair,0.1,0.74975,0.111407502667524,0.90625,0.12250960258642328,,0.15649999999999997,-0.01110209991889928
10,TrainingSize,5,51777,500,Our Eps-Fair,0.15,0.7675,0.17291555624000615,0.968,0.16799651196860774,,0.2005,0.004919044271398415
10,TrainingSize,5,51777,600,Unfair,,0.788,0.2248950240552165,0.97975,0.17547107923971317,,0.19174999999999998,0.04942394481550333
10,TrainingSize,5,51777,600,Our Eps-Fair,0.0,0.68275,0.00993808944280497,0.75525,0.023443710993398953,,0.07250000000000001,-0.013505621550593983
10,TrainingSize,5,51777,600,Our Eps-Fair,0.05,0.72325,0.06942212479912319,0.83225,0.07252115269037421,,0.1090000000000001,-0.0030990278912510216
10,TrainingSize,5,51777,600,Our Eps-Fair,0.1,0.7585,0.12744964704682343,0.90625,0.12250960258642328,,0.14775000000000005,0.004940044460400153
10,TrainingSize,5,51777,600,Our Eps-Fair,0.15,0.78125,0.17192454732092588,0.968,0.16799651196860774,,0.18674999999999997,0.003928035352318143
10,TrainingSize,5,51777,700,Unfair,,0.81125,0.20294582651243862,0.97975,0.17547107923971317,,0.16849999999999998,0.027474747272725447
10,TrainingSize,5,51777,700,Our Eps-Fair,0.0,0.69275,0.016990152911376205,0.75525,0.023443710993398953,,0.0625,-0.006453558082022748
10,TrainingSize,5,51777,700,Our Eps-Fair,0.05,0.74275,0.05782552042968386,0.83225,0.07252115269037421,,0.08950000000000002,-0.014695632260690344
10,TrainingSize,5,51777,700,Our Eps-Fair,0.1,0.77825,0.11845556610009489,0.90625,0.12250960258642328,,0.128,-0.004054036486328391
10,TrainingSize,5,51777,700,Our Eps-Fair,0.15,0.806,0.16346197115774042,0.968,0.16799651196860774,,0.16199999999999992,-0.004534540810867321
10,TrainingSize,5,51777,800,Unfair,,0.82175,0.19650426853841685,0.97975,0.17547107923971317,,0.15800000000000003,0.02103318929870368
10,TrainingSize,5,51777,800,Our Eps-Fair,0.0,0.7085,0.018840169561526066,0.75525,0.023443710993398953,,0.04674999999999996,-0.004603541431872887
10,TrainingSize,5,51777,800,Our Eps-Fair,0.05,0.7545,0.059342034078306724,0.83225,0.07252115269037421,,0.0777500000000001,-0.013179118612067484
10,TrainingSize,5,51777,800,Our Eps-Fair,0.1,0.79,0.107888971000739,0.90625,0.12250960258642328,,0.11624999999999996,-0.014620631585684274
10,TrainingSize,5,51777,800,Our Eps-Fair,0.15,0.818,0.1620234582111239,0.968,0.16799651196860774,,0.15000000000000002,-0.005973053757483832
10,TrainingSize,5,51777,900,Unfair,,0.8355,0.19797578178203606,0.97975,0.17547107923971317,,0.14425,0.022504702542322896
10,TrainingSize,5,51777,900,Our Eps-Fair,0.0,0.7095,0.011116100044900407,0.75525,0.023443710993398953,,0.04574999999999996,-0.012327610948498546
10,TrainingSize,5,51777,900,Our Eps-Fair,0.05,0.76675,0.06798661187950691,0.83225,0.07252115269037421,,0.0655,-0.0045345408108672935
10,TrainingSize,5,51777,900,Our Eps-Fair,0.1,0.802,0.11347352126169137,0.90625,0.12250960258642328,,0.10424999999999995,-0.00903608132473191
10,TrainingSize,5,51777,900,Our Eps-Fair,0.15,0.8255,0.15797842180579624,0.968,0.16799651196860774,,0.14249999999999996,-0.010018090162811494
10,TrainingSize,5,51777,1000,Unfair,,0.829,0.1979937819440375,0.97975,0.17547107923971317,,0.15075000000000005,0.022522702704324327
10,TrainingSize,5,51777,1000,Our Eps-Fair,0.0,0.71075,0.01090009810088291,0.75525,0.023443710993398953,,0.044499999999999984,-0.012543612892516043
10,TrainingSize,5,51777,1000,Our Eps-Fair,0.05,0.7635,0.06300156701410314,0.83225,0.07252115269037421,,0.06875000000000009,-0.009519585676271064
10,TrainingSize,5,51777,1000,Our Eps-Fair,0.1,0.801,0.11399302593723344,0.90625,0.12250960258642328,,0.10524999999999995,-0.008516576649189839
10,TrainingSize,5,51777,1000,Our Eps-Fair,0.15,0.8275,0.1709935389418505,0.968,0.16799651196860774,,0.14049999999999996,0.00299702697324275
10,TrainingSize,5,51777,1100,Unfair,,0.84375,0.20144731302581725,0.97975,0.17547107923971317,,0.136,0.025976233786104086
10,TrainingSize,5,51777,1100,Our Eps-Fair,0.0,0.70825,0.012047108423975827,0.75525,0.023443710993398953,,0.04699999999999993,-0.011396602569423125
10,TrainingSize,5,51777,1100,Our Eps-Fair,0.05,0.7685,0.06996562969066722,0.83225,0.07252115269037421,,0.06375000000000008,-0.0025555229997069884
10,TrainingSize,5,51777,1100,Our Eps-Fair,0.1,0.807,0.11697205274847473,0.90625,0.12250960258642328,,0.09924999999999995,-0.005537549837948547
10,TrainingSize,5,51777,1100,Our Eps-Fair,0.15,0.83375,0.1584739262653364,0.968,0.16799651196860774,,0.13424999999999998,-0.00952258570327133
10,TrainingSize,5,51777,1200,Unfair,,0.84375,0.20045330407973674,0.97975,0.17547107923971317,,0.136,0.024982224840023576
10,TrainingSize,5,51777,1200,Our Eps-Fair,0.0,0.70625,0.01441362972266752,0.75525,0.023443710993398953,,0.04899999999999993,-0.009030081270731433
10,TrainingSize,5,51777,1200,Our Eps-Fair,0.05,0.7675,0.05890353013177119,0.83225,0.07252115269037421,,0.06475000000000009,-0.01361762255860302
10,TrainingSize,5,51777,1200,Our Eps-Fair,0.1,0.81,0.11206800861207751,0.90625,0.12250960258642328,,0.09624999999999995,-0.01044159397434577
10,TrainingSize,5,51777,1200,Our Eps-Fair,0.15,0.84375,0.16345897113074015,0.968,0.16799651196860774,,0.12424999999999997,-0.0045375408378675874
10,TrainingSize,5,51777,1300,Unfair,,0.846,0.19541725875532878,0.97975,0.17547107923971317,,0.13375000000000004,0.019946179515615614
10,TrainingSize,5,51777,1300,Our Eps-Fair,0.0,0.71125,0.016440647965831695,0.75525,0.023443710993398953,,0.04399999999999993,-0.007003063027567258
10,TrainingSize,5,51777,1300,Our Eps-Fair,0.05,0.75925,0.06190655715901444,0.83225,0.07252115269037421,,0.07300000000000006,-0.010614595531359766
10,TrainingSize,5,51777,1300,Our Eps-Fair,0.1,0.80725,0.10342043078387705,0.90625,0.12250960258642328,,0.09899999999999998,-0.019089171802546226
10,TrainingSize,5,51777,1300,Our Eps-Fair,0.15,0.83325,0.15495239457155113,0.968,0.16799651196860774,,0.13474999999999993,-0.013044117397056604
10,TrainingSize,5,51777,1400,Unfair,,0.85225,0.1934172407551668,0.97975,0.17547107923971317,,0.12750000000000006,0.01794616151545364
10,TrainingSize,5,51777,1400,Our Eps-Fair,0.0,0.71275,0.014938134443209988,0.75525,0.023443710993398953,,0.04249999999999998,-0.008505576550188965
10,TrainingSize,5,51777,1400,Our Eps-Fair,0.05,0.76975,0.056930512374611386,0.83225,0.07252115269037421,,0.0625,-0.015590640315762821
10,TrainingSize,5,51777,1400,Our Eps-Fair,0.1,0.8155,0.1055014495130456,0.90625,0.12250960258642328,,0.09075,-0.017008153073377677
10,TrainingSize,5,51777,1400,Our Eps-Fair,0.15,0.8445,0.15548089932809395,0.968,0.16799651196860774,,0.12349999999999994,-0.01251561264051379
10,TrainingSize,5,51777,1500,Unfair,,0.8535,0.19296073664662983,0.97975,0.17547107923971317,,0.12624999999999997,0.01748965740691666
10,TrainingSize,5,51777,1500,Our Eps-Fair,0.0,0.716,0.013978125803132235,0.75525,0.023443710993398953,,0.03925000000000001,-0.009465585190266718
10,TrainingSize,5,51777,1500,Our Eps-Fair,0.05,0.76975,0.05297847680629125,0.83225,0.07252115269037421,,0.0625,-0.019542675884082955
10,TrainingSize,5,51777,1500,Our Eps-Fair,0.1,0.81425,0.10448044032396292,0.90625,0.12250960258642328,,0.09199999999999997,-0.01802916226246036
10,TrainingSize,5,51777,1500,Our Eps-Fair,0.15,0.84575,0.15799442194979754,0.968,0.16799651196860774,,0.12224999999999997,-0.010002090018810195
10,TrainingSize,5,51777,1600,Unfair,,0.856,0.19545625910633196,0.97975,0.17547107923971317,,0.12375000000000003,0.019985179866618796
10,TrainingSize,5,51777,1600,Our Eps-Fair,0.0,0.7115,0.01099209892889036,0.75525,0.023443710993398953,,0.043749999999999956,-0.012451612064508594
10,TrainingSize,5,51777,1600,Our Eps-Fair,0.05,0.7725,0.05352198169783526,0.83225,0.07252115269037421,,0.05975000000000008,-0.01899917099253895
10,TrainingSize,5,51777,1600,Our Eps-Fair,0.1,0.8195,0.10800897208074872,0.90625,0.12250960258642328,,0.08675,-0.014500630505674558
10,TrainingSize,5,51777,1600,Our Eps-Fair,0.15,0.84775,0.15846492618433566,0.968,0.16799651196860774,,0.12024999999999997,-0.009531585784272073
10,TrainingSize,5,51777,1700,Unfair,,0.86275,0.19995179956619613,0.97975,0.17547107923971317,,0.11699999999999999,0.024480720326482963
10,TrainingSize,5,51777,1700,Our Eps-Fair,0.0,0.717,0.012010108090972832,0.75525,0.023443710993398953,,0.038250000000000006,-0.011433602902426121
10,TrainingSize,5,51777,1700,Our Eps-Fair,0.05,0.77475,0.05642600783407051,0.83225,0.07252115269037421,,0.057499999999999996,-0.0160951448563037
10,TrainingSize,5,51777,1700,Our Eps-Fair,0.1,0.8255,0.11047349426144835,0.90625,0.12250960258642328,,0.08074999999999999,-0.012036108324974926
10,TrainingSize,5,51777,1700,Our Eps-Fair,0.15,0.85525,0.16796051164460482,0.968,0.16799651196860774,,0.11275000000000002,-3.6000324002916084e-05
10,TrainingSize,5,51777,1800,Unfair,,0.8615,0.18798769188922704,0.97975,0.17547107923971317,,0.11824999999999997,0.01251661264951387
10,TrainingSize,5,51777,1800,Our Eps-Fair,0.0,0.72,0.01797416176745592,0.75525,0.023443710993398953,,0.035250000000000004,-0.005469549225943032
10,TrainingSize,5,51777,1800,Our Eps-Fair,0.05,0.779,0.053536981832836505,0.83225,0.07252115269037421,,0.05325000000000002,-0.018984170857537702
10,TrainingSize,5,51777,1800,Our Eps-Fair,0.1,0.819,0.10250442253980287,0.90625,0.12250960258642328,,0.08725000000000005,-0.020005180046620413
10,TrainingSize,5,51777,1800,Our Eps-Fair,0.15,0.8525,0.16451398062582565,0.968,0.16799651196860774,,0.11549999999999994,-0.0034825313427820914
10,TrainingSize,5,51777,1900,Unfair,,0.86475,0.19349224143017288,0.97975,0.17547107923971317,,0.11499999999999999,0.01802116219045971
10,TrainingSize,5,51777,1900,Our Eps-Fair,0.0,0.722,0.011490603415430733,0.75525,0.023443710993398953,,0.03325,-0.01195310757796822
10,TrainingSize,5,51777,1900,Our Eps-Fair,0.05,0.78475,0.05593350340153064,0.83225,0.07252115269037421,,0.0475000000000001,-0.01658764928884357
10,TrainingSize,5,51777,1900,Our Eps-Fair,0.1,0.823,0.1025074225668031,0.90625,0.12250960258642328,,0.08325000000000005,-0.020002180019620175
10,TrainingSize,5,51777,1900,Our Eps-Fair,0.15,0.858,0.16600649405844653,0.968,0.16799651196860774,,0.10999999999999999,-0.001990017910161207
10,TrainingSize,5,51777,2000,Unfair,,0.87025,0.19296973672763057,0.97975,0.17547107923971317,,0.10950000000000004,0.0174986574879174
10,TrainingSize,5,51777,2000,Our Eps-Fair,0.0,0.72525,0.02344871103839935,0.75525,0.023443710993398953,,0.030000000000000027,5.000045000397302e-06
10,TrainingSize,5,51777,2000,Our Eps-Fair,0.05,0.7815,0.06400857607718469,0.83225,0.07252115269037421,,0.05075000000000007,-0.00851257661318952
10,TrainingSize,5,51777,2000,Our Eps-Fair,0.1,0.82825,0.1074864673782064,0.90625,0.12250960258642328,,0.07799999999999996,-0.015023135208216881
10,TrainingSize,5,51777,2000,Our Eps-Fair,0.15,0.85925,0.16449298043682392,0.968,0.16799651196860774,,0.10875000000000001,-0.0035035315317838156
10,PoolSize,5,51777,20,Our Eps-Fair,0.0,0.69875,0.1616429547865931,0.75525,0.023443710993398953,,0.056499999999999995,0.13819924379319415
10,PoolSize,5,51777,20,Our Eps-Fair,0.05,0.69925,0.238926150335353,0.83225,0.07252115269037421,,0.133,0.1664049976449788
10,PoolSize,5,51777,20,Our Eps-Fair,0.1,0.865,0.18800669206022858,0.90625,0.12250960258642328,,0.04125000000000001,0.0654970894738053
10,PoolSize,5,51777,20,Our Eps-Fair,0.15,0.8635,0.1804991244921204,0.968,0.16799651196860774,,0.10449999999999993,0.012502612523512674
10,PoolSize,5,51777,40,Our Eps-Fair,0.0,0.60025,0.33615252537272833,0.75525,0.023443710993398953,,0.15500000000000003,0.3127088143793294
10,PoolSize,5,51777,40,Our Eps-Fair,0.05,0.63875,0.3276779491015419,0.83225,0.07252115269037421,,0.1935,0.25515679641116773
10,PoolSize,5,51777,40,Our Eps-Fair,0.1,0.8195,0.18098562887065983,0.90625,0.12250960258642328,,0.08675,0.05847602628423655
10,PoolSize,5,51777,40,Our Eps-Fair,0.15,0.85525,0.18099462895166055,0.968,0.16799651196860774,,0.11275000000000002,0.01299811698305281
10,PoolSize,5,51777,60,Our Eps-Fair,0.0,0.6925,0.15276587489287405,0.75525,0.023443710993398953,,0.06274999999999997,0.1293221638994751
10,PoolSize,5,51777,60,Our Eps-Fair,0.05,0.79375,0.1760085840772567,0.83225,0.07252115269037421,,0.03850000000000009,0.10348743138688249
10,PoolSize,5,51777,60,Our Eps-Fair,0.1,0.806,0.1859846738620648,0.90625,0.12250960258642328,,0.10024999999999995,0.06347507127564152
10,PoolSize,5,51777,60,Our Eps-Fair,0.15,0.8295,0.20744136697230278,0.968,0.16799651196860774,,0.13849999999999996,0.039444855003695045
10,PoolSize,5,51777,80,Our Eps-Fair,0.0,0.694,0.07447967031703284,0.75525,0.023443710993398953,,0.06125000000000003,0.05103595932363389
10,PoolSize,5,51777,80,Our Eps-Fair,0.05,0.749,0.0851197660778947,0.83225,0.07252115269037421,,0.08325000000000005,0.012598613387520496
10,PoolSize,5,51777,80,Our Eps-Fair,0.1,0.8,0.16847501627514647,0.90625,0.12250960258642328,,0.10624999999999996,0.045965413688723186
10,PoolSize,5,51777,80,Our Eps-Fair,0.15,0.8125,0.1760085840772567,0.968,0.16799651196860774,,0.15549999999999997,0.00801207210864896
10,PoolSize,5,51777,100,Our Eps-Fair,0.0,0.67875,0.08345275107475969,0.75525,0.023443710993398953,,0.07650000000000001,0.06000904008136074
10,PoolSize,5,51777,100,Our Eps-Fair,0.05,0.7535,0.07816970352733175,0.83225,0.07252115269037421,,0.0787500000000001,0.005648550836957547
10,PoolSize,5,51777,100,Our Eps-Fair,0.1,0.80225,0.17650708856379707,0.90625,0.12250960258642328,,0.10399999999999998,0.05399748597737379
10,PoolSize,5,51777,100,Our Eps-Fair,0.15,0.8105,0.178999610996499,0.968,0.16799651196860774,,0.15749999999999997,0.011003099027891261
10,PoolSize,5,51777,120,Our Eps-Fair,0.0,0.6995,0.03713983425850831,0.75525,0.023443710993398953,,0.055749999999999966,0.013696123265109356
10,PoolSize,5,51777,120,Our Eps-Fair,0.05,0.77375,0.12547462927166345,0.83225,0.07252115269037421,,0.058499999999999996,0.05295347658128924
10,PoolSize,5,51777,120,Our Eps-Fair,0.1,0.807,0.17296755670801037,0.90625,0.12250960258642328,,0.09924999999999995,0.05045795412158709
10,PoolSize,5,51777,120,Our Eps-Fair,0.15,0.82625,0.1735130616175546,0.968,0.16799651196860774,,0.14174999999999993,0.00551654964894685
10,PoolSize,5,51777,140,Our Eps-Fair,0.0,0.66625,0.06855561700055302,0.75525,0.023443710993398953,,0.08899999999999997,0.04511190600715406
10,PoolSize,5,51777,140,Our Eps-Fair,0.05,0.73725,0.05712251410262692,0.83225,0.07252115269037421,,0.09500000000000008,-0.015398638587747288
10,PoolSize,5,51777,140,Our Eps-Fair,0.1,0.8075,0.12755464799183192,0.90625,0.12250960258642328,,0.09875,0.005045045405408635
10,PoolSize,5,51777,140,Our Eps-Fair,0.15,0.83175,0.18299064691582223,0.968,0.16799651196860774,,0.13624999999999998,0.014994134947214494
10,PoolSize,5,51777,160,Our Eps-Fair,0.0,0.67275,0.06107204964844683,0.75525,0.023443710993398953,,0.08250000000000002,0.037628338655047874
10,PoolSize,5,51777,160,Our Eps-Fair,0.05,0.74425,0.049604946444518,0.83225,0.07252115269037421,,0.08800000000000008,-0.022916206245856205
10,PoolSize,5,51777,160,Our Eps-Fair,0.1,0.804,0.09105081945737512,0.90625,0.12250960258642328,,0.10224999999999995,-0.031458783129048165
10,PoolSize,5,51777,160,Our Eps-Fair,0.15,0.85325,0.17299655696901273,0.968,0.16799651196860774,,0.11475000000000002,0.00500004500040499
10,PoolSize,5,51777,180,Our Eps-Fair,0.0,0.68775,0.0645825812432312,0.75525,0.023443710993398953,,0.0675,0.041138870249832246
10,PoolSize,5,51777,180,Our Eps-Fair,0.05,0.745,0.054682992146929316,0.83225,0.07252115269037421,,0.08725000000000005,-0.017838160543444892
10,PoolSize,5,51777,180,Our Eps-Fair,0.1,0.8195,0.12349261143350289,0.90625,0.12250960258642328,,0.08675,0.0009830088470796083
10,PoolSize,5,51777,180,Our Eps-Fair,0.15,0.84825,0.18648717838460543,0.968,0.16799651196860774,,0.11975000000000002,0.018490666415997697
10,PoolSize,5,51777,200,Our Eps-Fair,0.0,0.6625,0.08504126537138831,0.75525,0.023443710993398953,,0.09275,0.06159755437798936
10,PoolSize,5,51777,200,Our Eps-Fair,0.05,0.73825,0.052679974119767076,0.83225,0.07252115269037421,,0.09400000000000008,-0.019841178570607132
10,PoolSize,5,51777,200,Our Eps-Fair,0.1,0.80975,0.11357252215269938,0.90625,0.12250960258642328,,0.09650000000000003,-0.008937080433723904
10,PoolSize,5,51777,200,Our Eps-Fair,0.15,0.85475,0.1724890524014716,0.968,0.16799651196860774,,0.11324999999999996,0.004492540432863873
10,PoolSize,5,51777,220,Our Eps-Fair,0.0,0.6635,0.07068763618872569,0.75525,0.023443710993398953,,0.09175,0.04724392519532673
10,PoolSize,5,51777,220,Our Eps-Fair,0.05,0.73775,0.053679983119848076,0.83225,0.07252115269037421,,0.09450000000000003,-0.01884116957052613
10,PoolSize,5,51777,220,Our Eps-Fair,0.1,0.8115,0.11055149496345468,0.90625,0.12250960258642328,,0.09475,-0.011958107622968603
10,PoolSize,5,51777,220,Our Eps-Fair,0.15,0.85575,0.16400547604928445,0.968,0.16799651196860774,,0.11224999999999996,-0.003991035919323288
10,PoolSize,5,51777,240,Our Eps-Fair,0.0,0.6515,0.06968462716164446,0.75525,0.023443710993398953,,0.10375000000000001,0.04624091616824551
10,PoolSize,5,51777,240,Our Eps-Fair,0.05,0.73075,0.0371433342900086,0.83225,0.07252115269037421,,0.10150000000000003,-0.03537781840036561
10,PoolSize,5,51777,240,Our Eps-Fair,0.1,0.804,0.11156350407153663,0.90625,0.12250960258642328,,0.10224999999999995,-0.010946098514886649
10,PoolSize,5,51777,240,Our Eps-Fair,0.15,0.8565,0.1709935389418505,0.968,0.16799651196860774,,0.11149999999999993,0.00299702697324275
10,PoolSize,5,51777,260,Our Eps-Fair,0.0,0.66875,0.06173855564700083,0.75525,0.023443710993398953,,0.08650000000000002,0.038294844653601876
10,PoolSize,5,51777,260,Our Eps-Fair,0.05,0.74825,0.05209246883221949,0.83225,0.07252115269037421,,0.08400000000000007,-0.020428683858154717
10,PoolSize,5,51777,260,Our Eps-Fair,0.1,0.80075,0.11055749501745517,0.90625,0.12250960258642328,,0.10550000000000004,-0.011952107568968112
10,PoolSize,5,51777,260,Our Eps-Fair,0.15,0.845,0.18599667397006572,0.968,0.16799651196860774,,0.123,0.018000162001457987
10,PoolSize,5,51777,280,Our Eps-Fair,0.0,0.6805,0.06378657407916671,0.75525,0.023443710993398953,,0.07474999999999998,0.04034286308576776
10,PoolSize,5,51777,280,Our Eps-Fair,0.05,0.75325,0.06801461213150917,0.83225,0.07252115269037421,,0.07900000000000007,-0.004506540558865041
10,PoolSize,5,51777,280,Our Eps-Fair,0.1,0.814,0.12906216155945402,0.90625,0.12250960258642328,,0.09225000000000005,0.006552558973030739
10,PoolSize,5,51777,280,Our Eps-Fair,0.15,0.8515,0.18448016032144293,0.968,0.16799651196860774,,0.11649999999999994,0.016483648352835195
10,PoolSize,5,51777,300,Our Eps-Fair,0.0,0.6805,0.06829711467403207,0.75525,0.023443710993398953,,0.07474999999999998,0.04485340368063312
10,PoolSize,5,51777,300,Our Eps-Fair,0.05,0.7535,0.04752692774234968,0.83225,0.07252115269037421,,0.0787500000000001,-0.02499422494802453
10,PoolSize,5,51777,300,Our Eps-Fair,0.1,0.80825,0.09902289120602087,0.90625,0.12250960258642328,,0.09799999999999998,-0.02348671138040241
10,PoolSize,5,51777,300,Our Eps-Fair,0.15,0.848,0.1864801783216049,0.968,0.16799651196860774,,0.12,0.01848366635299717
10,TrainingSize,6,61777,100,Unfair,,0.58675,0.22947469530587666,0.97175,0.1748753884851635,,0.385,0.05459930682071315
10,TrainingSize,6,61777,100,Our Eps-Fair,0.0,0.521,0.04043695846149503,0.75175,0.012573531231694537,,0.23075,0.027863427229800494
10,TrainingSize,6,61777,100,Our Eps-Fair,0.05,0.548,0.09643282428682609,0.82175,0.0661140433183302,,0.27374999999999994,0.030318780968495884
10,TrainingSize,6,61777,100,Our Eps-Fair,0.1,0.57275,0.13690528424825948,0.89575,0.1062782402556508,,0.32300000000000006,0.030627043992608682
10,TrainingSize,6,61777,100,Our Eps-Fair,0.15,0.59025,0.17897206156960135,0.96125,0.16509347519932716,,0.371,0.013878586370274199
10,TrainingSize,6,61777,200,Unfair,,0.71,0.20744251444623535,0.97175,0.1748753884851635,,0.26175000000000004,0.032567125961071836
10,TrainingSize,6,61777,200,Our Eps-Fair,0.0,0.6095,0.027677919392094325,0.75175,0.012573531231694537,,0.14225,0.015104388160399787
10,TrainingSize,6,61777,200,Our Eps-Fair,0.05,0.64925,0.06543526463993105,0.82175,0.0661140433183302,,0.1725,-0.0006787786783991612
10,TrainingSize,6,61777,200,Our Eps-Fair,0.1,0.6805,0.11954155063051414,0.89575,0.1062782402556508,,0.21525000000000005,0.013263310374863335
10,TrainingSize,6,61777,200,Our Eps-Fair,0.15,0.70575,0.1685566215172591,0.96125,0.16509347519932716,,0.25550000000000006,0.003463146317931931
10,TrainingSize,6,61777,300,Unfair,,0.747,0.22040406207162253,0.97175,0.1748753884851635,,0.22475,0.04552867358645901
10,TrainingSize,6,61777,300,Our Eps-Fair,0.0,0.64725,0.028125438299768157,0.75175,0.012573531231694537,,0.10450000000000004,0.01555190706807362
10,TrainingSize,6,61777,300,Our Eps-Fair,0.05,0.689,0.08122518176392951,0.82175,0.0661140433183302,,0.13275000000000003,0.015111138445599304
10,TrainingSize,6,61777,300,Our Eps-Fair,0.1,0.71675,0.1287954416074079,0.89575,0.1062782402556508,,0.17900000000000005,0.02251720135175711
10,TrainingSize,6,61777,300,Our Eps-Fair,0.15,0.7405,0.17478438464025103,0.96125,0.16509347519932716,,0.22075,0.009690909440923878
10,TrainingSize,6,61777,400,Unfair,,0.75725,0.2285279053039991,0.97175,0.1748753884851635,,0.21450000000000002,0.053652516818835594
10,TrainingSize,6,61777,400,Our Eps-Fair,0.0,0.6495,0.028745714506437897,0.75175,0.012573531231694537,,0.10225000000000006,0.01617218327474336
10,TrainingSize,6,61777,400,Our Eps-Fair,0.05,0.69,0.06770836067823865,0.82175,0.0661140433183302,,0.13175000000000003,0.0015943173599084481
10,TrainingSize,6,61777,400,Our Eps-Fair,0.1,0.72575,0.11683393623380589,0.89575,0.1062782402556508,,0.17000000000000004,0.010555695978155089
10,TrainingSize,6,61777,400,Our Eps-Fair,0.15,0.752,0.17393784887411493,0.96125,0.16509347519932716,,0.20925000000000005,0.00884437367478777
10,TrainingSize,6,61777,500,Unfair,,0.78275,0.20600420367760536,0.97175,0.1748753884851635,,0.18900000000000006,0.031128815192441844
10,TrainingSize,6,61777,500,Our Eps-Fair,0.0,0.6755,0.03222961170109437,0.75175,0.012573531231694537,,0.07625000000000004,0.01965608046939983
10,TrainingSize,6,61777,500,Our Eps-Fair,0.05,0.722,0.07388162149850831,0.82175,0.0661140433183302,,0.09975,0.007767578180178106
10,TrainingSize,6,61777,500,Our Eps-Fair,0.1,0.7535,0.11987306463698093,0.89575,0.1062782402556508,,0.1422500000000001,0.013594824381330126
10,TrainingSize,6,61777,500,Our Eps-Fair,0.15,0.77875,0.1673068187130906,0.96125,0.16509347519932716,,0.1825,0.002213343513763455
10,TrainingSize,6,61777,600,Unfair,,0.79475,0.20510041549255453,0.97175,0.1748753884851635,,0.17700000000000005,0.03022502700739102
10,TrainingSize,6,61777,600,Our Eps-Fair,0.0,0.67475,0.02813193857440477,0.75175,0.012573531231694537,,0.07700000000000007,0.015558407342710232
10,TrainingSize,6,61777,600,Our Eps-Fair,0.05,0.725,0.07931610110527171,0.82175,0.0661140433183302,,0.09675,0.013202057786941501
10,TrainingSize,6,61777,600,Our Eps-Fair,0.1,0.76625,0.12437650490733233,0.89575,0.1062782402556508,,0.12950000000000006,0.01809826465168153
10,TrainingSize,6,61777,600,Our Eps-Fair,0.15,0.78525,0.1648749659673121,0.96125,0.16509347519932716,,0.17600000000000005,-0.00021850923201505168
10,TrainingSize,6,61777,700,Unfair,,0.79775,0.21601112647009335,0.97175,0.1748753884851635,,0.17400000000000004,0.04113573798492984
10,TrainingSize,6,61777,700,Our Eps-Fair,0.0,0.68,0.03818436328934896,0.75175,0.012573531231694537,,0.07174999999999998,0.025610832057654423
10,TrainingSize,6,61777,700,Our Eps-Fair,0.05,0.72625,0.07891683423624647,0.82175,0.0661140433183302,,0.09550000000000003,0.012802790917916265
10,TrainingSize,6,61777,700,Our Eps-Fair,0.1,0.7695,0.13097753380080307,0.89575,0.1062782402556508,,0.12625000000000008,0.024699293545152268
10,TrainingSize,6,61777,700,Our Eps-Fair,0.15,0.79275,0.17634620062697648,0.96125,0.16509347519932716,,0.1685000000000001,0.011252725427649324
10,TrainingSize,6,61777,800,Unfair,,0.81025,0.22715459728173515,0.97175,0.1748753884851635,,0.16149999999999998,0.052279208796571636
10,TrainingSize,6,61777,800,Our Eps-Fair,0.0,0.6865,0.028346447637412675,0.75175,0.012573531231694537,,0.06525000000000003,0.015772916405718138
10,TrainingSize,6,61777,800,Our Eps-Fair,0.05,0.739,0.0708059915531431,0.82175,0.0661140433183302,,0.08274999999999999,0.004691948234812893
10,TrainingSize,6,61777,800,Our Eps-Fair,0.1,0.77725,0.1136205504682573,0.89575,0.1062782402556508,,0.11850000000000005,0.007342310212606493
10,TrainingSize,6,61777,800,Our Eps-Fair,0.15,0.8085,0.1684108653590614,0.96125,0.16509347519932716,,0.15275000000000005,0.003317390159734257
10,TrainingSize,6,61777,900,Unfair,,0.81875,0.19563701566391178,0.97175,0.1748753884851635,,0.15300000000000002,0.02076162717874827
10,TrainingSize,6,61777,900,Our Eps-Fair,0.0,0.68875,0.03232711582064343,0.75175,0.012573531231694537,,0.06300000000000006,0.019753584588948894
10,TrainingSize,6,61777,900,Our Eps-Fair,0.05,0.74025,0.07032222111384206,0.82175,0.0661140433183302,,0.08150000000000002,0.004208177795511858
10,TrainingSize,6,61777,900,Our Eps-Fair,0.1,0.78425,0.11943479612013606,0.89575,0.1062782402556508,,0.11150000000000004,0.013156555864485261
10,TrainingSize,6,61777,900,Our Eps-Fair,0.15,0.812,0.16641728113012774,0.96125,0.16509347519932716,,0.14925,0.0013238059308005867
10,TrainingSize,6,61777,1000,Unfair,,0.824,0.1995981830232327,0.97175,0.1748753884851635,,0.14775000000000005,0.024722794538069193
10,TrainingSize,6,61777,1000,Our Eps-Fair,0.0,0.69625,0.029378991262380832,0.75175,0.012573531231694537,,0.055499999999999994,0.016805460030686295
10,TrainingSize,6,61777,1000,Our Eps-Fair,0.05,0.748,0.06880590704957285,0.82175,0.0661140433183302,,0.07374999999999998,0.0026918637312426386
10,TrainingSize,6,61777,1000,Our Eps-Fair,0.1,0.79025,0.12199665435864665,0.89575,0.1062782402556508,,0.10550000000000004,0.015718414102995848
10,TrainingSize,6,61777,1000,Our Eps-Fair,0.15,0.82025,0.17090772085120598,0.96125,0.16509347519932716,,0.14100000000000001,0.005814245651878824
10,TrainingSize,6,61777,1100,Unfair,,0.8225,0.19858514022217438,0.97175,0.1748753884851635,,0.14925,0.02370975173701087
10,TrainingSize,6,61777,1100,Our Eps-Fair,0.0,0.6975,0.026333362584569198,0.75175,0.012573531231694537,,0.05425000000000002,0.01375983135287466
10,TrainingSize,6,61777,1100,Our Eps-Fair,0.05,0.74075,0.07228980424422932,0.82175,0.0661140433183302,,0.08099999999999996,0.00617576092589911
10,TrainingSize,6,61777,1100,Our Eps-Fair,0.1,0.78625,0.1204283380972846,0.89575,0.1062782402556508,,0.10950000000000004,0.014150097841633805
10,TrainingSize,6,61777,1100,Our Eps-Fair,0.15,0.81775,0.17091422112584256,0.96125,0.16509347519932716,,0.14350000000000007,0.005820745926515408
10,TrainingSize,6,61777,1200,Unfair,,0.82525,0.1960557833568468,0.97175,0.1748753884851635,,0.14649999999999996,0.0211803948716833
10,TrainingSize,6,61777,1200,Our Eps-Fair,0.0,0.69775,0.03124907027321905,0.75175,0.012573531231694537,,0.05400000000000005,0.01867553904152451
10,TrainingSize,6,61777,1200,Our Eps-Fair,0.05,0.748,0.08130318505956877,0.82175,0.0661140433183302,,0.07374999999999998,0.01518914174123856
10,TrainingSize,6,61777,1200,Our Eps-Fair,0.1,0.7935,0.12344146540191323,0.89575,0.1062782402556508,,0.10225000000000006,0.017163225146262423
10,TrainingSize,6,61777,1200,Our Eps-Fair,0.15,0.82275,0.16343665519868214,0.96125,0.16509347519932716,,0.13850000000000007,-0.0016568200006450151
10,TrainingSize,6,61777,1300,Unfair,,0.838,0.18819720133175627,0.97175,0.1748753884851635,,0.13375000000000004,0.013321812846592757
10,TrainingSize,6,61777,1300,Our Eps-Fair,0.0,0.70125,0.032667880217939205,0.75175,0.012573531231694537,,0.05049999999999999,0.020094348986244667
10,TrainingSize,6,61777,1300,Our Eps-Fair,0.05,0.757,0.07531993226713829,0.82175,0.0661140433183302,,0.06474999999999997,0.009205888948808083
10,TrainingSize,6,61777,1300,Our Eps-Fair,0.1,0.80275,0.12740913303587076,0.89575,0.1062782402556508,,0.09300000000000008,0.021130892780219956
10,TrainingSize,6,61777,1300,Our Eps-Fair,0.15,0.83125,0.1668945512947922,0.96125,0.16509347519932716,,0.13,0.0018010760954650373
10,TrainingSize,6,61777,1400,Unfair,,0.8355,0.19121682891102149,0.97175,0.1748753884851635,,0.13624999999999998,0.016341440425857973
10,TrainingSize,6,61777,1400,Our Eps-Fair,0.0,0.70575,0.03571350889575084,0.75175,0.012573531231694537,,0.04600000000000004,0.023139977664056302
10,TrainingSize,6,61777,1400,Our Eps-Fair,0.05,0.7635,0.07828355748030355,0.82175,0.0661140433183302,,0.058250000000000024,0.012169514161973344
10,TrainingSize,6,61777,1400,Our Eps-Fair,0.1,0.804,0.11736970887019976,0.89575,0.1062782402556508,,0.09175,0.01109146861454896
10,TrainingSize,6,61777,1400,Our Eps-Fair,0.15,0.828,0.1669205523933386,0.96125,0.16509347519932716,,0.1332500000000001,0.001827077194011456
10,TrainingSize,6,61777,1500,Unfair,,0.8445,0.18122290666780672,0.97175,0.1748753884851635,,0.12724999999999997,0.0063475181826432026
10,TrainingSize,6,61777,1500,Our Eps-Fair,0.0,0.71225,0.03367192263873149,0.75175,0.012573531231694537,,0.03949999999999998,0.021098391407036954
10,TrainingSize,6,61777,1500,Our Eps-Fair,0.05,0.76525,0.07675424286676111,0.82175,0.0661140433183302,,0.056499999999999995,0.010640199548430901
10,TrainingSize,6,61777,1500,Our Eps-Fair,0.1,0.811,0.12289269221624614,0.89575,0.1062782402556508,,0.08474999999999999,0.01661445196059534
10,TrainingSize,6,61777,1500,Our Eps-Fair,0.15,0.8365,0.16794009546903357,0.96125,0.16509347519932716,,0.12475000000000003,0.002846620269706418
10,TrainingSize,6,61777,1600,Unfair,,0.846,0.18719065880533453,0.97175,0.1748753884851635,,0.12575000000000003,0.012315270320171018
10,TrainingSize,6,61777,1600,Our Eps-Fair,0.0,0.71225,0.02384300736706127,0.75175,0.012573531231694537,,0.03949999999999998,0.011269476135366732
10,TrainingSize,6,61777,1600,Our Eps-Fair,0.05,0.76775,0.07420538517752376,0.82175,0.0661140433183302,,0.05399999999999994,0.008091341859193552
10,TrainingSize,6,61777,1600,Our Eps-Fair,0.1,0.81,0.11380130810526744,0.89575,0.1062782402556508,,0.08574999999999999,0.007523067849616635
10,TrainingSize,6,61777,1600,Our Eps-Fair,0.15,0.842,0.16499597107977812,0.96125,0.16509347519932716,,0.11925000000000008,-9.75041195490356e-05
10,TrainingSize,6,61777,1700,Unfair,,0.85525,0.1810811506786162,0.97175,0.1748753884851635,,0.11650000000000005,0.006205762193452674
10,TrainingSize,6,61777,1700,Our Eps-Fair,0.0,0.716,0.03164583703661479,0.75175,0.012573531231694537,,0.03575000000000006,0.019072305804920253
10,TrainingSize,6,61777,1700,Our Eps-Fair,0.05,0.772,0.07630297380064308,0.82175,0.0661140433183302,,0.04974999999999996,0.010188930482312869
10,TrainingSize,6,61777,1700,Our Eps-Fair,0.1,0.81875,0.12387973391875808,0.89575,0.1062782402556508,,0.07700000000000007,0.017601493663107273
10,TrainingSize,6,61777,1700,Our Eps-Fair,0.15,0.8455,0.16344965574795536,0.96125,0.16509347519932716,,0.11575000000000002,-0.0016438194513717919
10,TrainingSize,6,61777,1800,Unfair,,0.86025,0.18466130194000696,0.97175,0.1748753884851635,,0.11150000000000004,0.009785913454843448
10,TrainingSize,6,61777,1800,Our Eps-Fair,0.0,0.71125,0.024365779454181946,0.75175,0.012573531231694537,,0.04049999999999998,0.011792248222487409
10,TrainingSize,6,61777,1800,Our Eps-Fair,0.05,0.77575,0.07378011720995212,0.82175,0.0661140433183302,,0.04599999999999993,0.007666073891621911
10,TrainingSize,6,61777,1800,Our Eps-Fair,0.1,0.81625,0.11542812683835892,0.89575,0.1062782402556508,,0.07950000000000002,0.009149886582708114
10,TrainingSize,6,61777,1800,Our Eps-Fair,0.15,0.854,0.1659660120640097,0.96125,0.16509347519932716,,0.10725000000000007,0.0008725368646825549
10,TrainingSize,6,61777,1900,Unfair,,0.86175,0.18918424303426817,0.97175,0.1748753884851635,,0.10999999999999999,0.01430885454910466
10,TrainingSize,6,61777,1900,Our Eps-Fair,0.0,0.7075,0.028862719449896768,0.75175,0.012573531231694537,,0.04425000000000001,0.01628918821820223
10,TrainingSize,6,61777,1900,Our Eps-Fair,0.05,0.7695,0.0692701766649641,0.82175,0.0661140433183302,,0.05225000000000002,0.0031561333466338937
10,TrainingSize,6,61777,1900,Our Eps-Fair,0.1,0.818,0.11991856655943713,0.89575,0.1062782402556508,,0.0777500000000001,0.013640326303786324
10,TrainingSize,6,61777,1900,Our Eps-Fair,0.15,0.855,0.17191426337762772,0.96125,0.16509347519932716,,0.10625000000000007,0.006820788178300563
10,TrainingSize,6,61777,2000,Unfair,,0.8615,0.18264171661252687,0.97175,0.1748753884851635,,0.11024999999999996,0.007766328127363359
10,TrainingSize,6,61777,2000,Our Eps-Fair,0.0,0.72025,0.02313822759011569,0.75175,0.012573531231694537,,0.031500000000000083,0.010564696358421152
10,TrainingSize,6,61777,2000,Our Eps-Fair,0.05,0.77525,0.07627047242746005,0.82175,0.0661140433183302,,0.046499999999999986,0.010156429109129839
10,TrainingSize,6,61777,2000,Our Eps-Fair,0.1,0.82625,0.12286669111769973,0.89575,0.1062782402556508,,0.0695,0.016588450862048923
10,TrainingSize,6,61777,2000,Our Eps-Fair,0.15,0.8585,0.16442369690119407,0.96125,0.16509347519932716,,0.10275000000000001,-0.0006697782981330835
10,PoolSize,6,61777,20,Our Eps-Fair,0.0,0.67325,0.2771322088358233,0.75175,0.012573531231694537,,0.07850000000000001,0.26455867760412877
10,PoolSize,6,61777,20,Our Eps-Fair,0.05,0.72575,0.2761386668586748,0.82175,0.0661140433183302,,0.09599999999999997,0.21002462354034457
10,PoolSize,6,61777,20,Our Eps-Fair,0.1,0.7265,0.2761386668586748,0.89575,0.1062782402556508,,0.16925,0.16986042660302397
10,PoolSize,6,61777,20,Our Eps-Fair,0.15,0.7275,0.2756418958701005,0.96125,0.16509347519932716,,0.23375,0.11054842067077336
10,PoolSize,6,61777,40,Our Eps-Fair,0.0,0.6295,0.18380526577247888,0.75175,0.012573531231694537,,0.12225000000000008,0.17123173454078433
10,PoolSize,6,61777,40,Our Eps-Fair,0.05,0.66875,0.15395650466232197,0.82175,0.0661140433183302,,0.15300000000000002,0.08784246134399176
10,PoolSize,6,61777,40,Our Eps-Fair,0.1,0.70825,0.19557201291754575,0.89575,0.1062782402556508,,0.1875,0.08929377266189495
10,PoolSize,6,61777,40,Our Eps-Fair,0.15,0.80725,0.1950752419289715,0.96125,0.16509347519932716,,0.15400000000000003,0.029981766729644338
10,PoolSize,6,61777,60,Our Eps-Fair,0.0,0.59675,0.4086592658539824,0.75175,0.012573531231694537,,0.15500000000000003,0.39608573462228786
10,PoolSize,6,61777,60,Our Eps-Fair,0.05,0.7675,0.12776289798243975,0.82175,0.0661140433183302,,0.05425000000000002,0.06164885466410955
10,PoolSize,6,61777,60,Our Eps-Fair,0.1,0.81975,0.19726258434418856,0.89575,0.1062782402556508,,0.07600000000000007,0.09098434408853776
10,PoolSize,6,61777,60,Our Eps-Fair,0.15,0.842,0.20372060719565402,0.96125,0.16509347519932716,,0.11925000000000008,0.03862713199632686
10,PoolSize,6,61777,80,Our Eps-Fair,0.0,0.66775,0.30492038288617695,0.75175,0.012573531231694537,,0.08400000000000007,0.29234685165448243
10,PoolSize,6,61777,80,Our Eps-Fair,0.05,0.772,0.18031386826093398,0.82175,0.0661140433183302,,0.04974999999999996,0.11419982494260378
10,PoolSize,6,61777,80,Our Eps-Fair,0.1,0.828,0.19626254209240343,0.89575,0.1062782402556508,,0.06775000000000009,0.08998430183675263
10,PoolSize,6,61777,80,Our Eps-Fair,0.15,0.82575,0.22678008145844158,0.96125,0.16509347519932716,,0.13550000000000006,0.06168660625911443
10,PoolSize,6,61777,100,Our Eps-Fair,0.0,0.7095,0.18410277834238495,0.75175,0.012573531231694537,,0.04225000000000001,0.1715292471106904
10,PoolSize,6,61777,100,Our Eps-Fair,0.05,0.755,0.13393215863370228,0.82175,0.0661140433183302,,0.06674999999999998,0.06781811531537207
10,PoolSize,6,61777,100,Our Eps-Fair,0.1,0.80225,0.19278514517238352,0.89575,0.1062782402556508,,0.09350000000000003,0.08650690491673271
10,PoolSize,6,61777,100,Our Eps-Fair,0.15,0.84225,0.19870089511281852,0.96125,0.16509347519932716,,0.119,0.033607419913491365
10,PoolSize,6,61777,120,Our Eps-Fair,0.0,0.6735,0.2440245600376616,0.75175,0.012573531231694537,,0.07825000000000004,0.23145102880596707
10,PoolSize,6,61777,120,Our Eps-Fair,0.05,0.77275,0.1389583709911744,0.82175,0.0661140433183302,,0.04899999999999993,0.07284432767284418
10,PoolSize,6,61777,120,Our Eps-Fair,0.1,0.8035,0.1867653908377629,0.89575,0.1062782402556508,,0.09225000000000005,0.08048715058211209
10,PoolSize,6,61777,120,Our Eps-Fair,0.15,0.84375,0.19769435258639678,0.96125,0.16509347519932716,,0.11750000000000005,0.03260087738706963
10,PoolSize,6,61777,140,Our Eps-Fair,0.0,0.67425,0.23546894856307682,0.75175,0.012573531231694537,,0.07750000000000001,0.2228954173313823
10,PoolSize,6,61777,140,Our Eps-Fair,0.05,0.77275,0.1389583709911744,0.82175,0.0661140433183302,,0.04899999999999993,0.07284432767284418
10,PoolSize,6,61777,140,Our Eps-Fair,0.1,0.8055,0.18342849985411885,0.89575,0.1062782402556508,,0.09025000000000005,0.07715025959846805
10,PoolSize,6,61777,140,Our Eps-Fair,0.15,0.8395,0.2012172514288729,0.96125,0.16509347519932716,,0.12175000000000002,0.03612377622954574
10,PoolSize,6,61777,160,Our Eps-Fair,0.0,0.677,0.2077695282625691,0.75175,0.012573531231694537,,0.07474999999999998,0.19519599703087454
10,PoolSize,6,61777,160,Our Eps-Fair,0.05,0.76625,0.13744855720154175,0.82175,0.0661140433183302,,0.055499999999999994,0.07133451388321155
10,PoolSize,6,61777,160,Our Eps-Fair,0.1,0.8045,0.16246261404544343,0.89575,0.1062782402556508,,0.09125000000000005,0.05618437378979263
10,PoolSize,6,61777,160,Our Eps-Fair,0.15,0.843,0.19219737033889683,0.96125,0.16509347519932716,,0.11825000000000008,0.027103895139569678
10,PoolSize,6,61777,180,Our Eps-Fair,0.0,0.7195,0.1322853390555751,0.75175,0.012573531231694537,,0.03225,0.11971180782388056
10,PoolSize,6,61777,180,Our Eps-Fair,0.05,0.77425,0.13694528593833089,0.82175,0.0661140433183302,,0.04749999999999999,0.07083124262000068
10,PoolSize,6,61777,180,Our Eps-Fair,0.1,0.80425,0.17892505958376742,0.89575,0.1062782402556508,,0.09150000000000003,0.07264681932811662
10,PoolSize,6,61777,180,Our Eps-Fair,0.15,0.842,0.19719758159782247,0.96125,0.16509347519932716,,0.11925000000000008,0.03210410639849531
10,PoolSize,6,61777,200,Our Eps-Fair,0.0,0.68325,0.1573643986458428,0.75175,0.012573531231694537,,0.0685,0.14479086741414826
10,PoolSize,6,61777,200,Our Eps-Fair,0.05,0.76025,0.13292561610728051,0.82175,0.0661140433183302,,0.0615,0.06681157278895031
10,PoolSize,6,61777,200,Our Eps-Fair,0.1,0.8,0.18944825418873948,0.89575,0.1062782402556508,,0.09575,0.08317001393308868
10,PoolSize,6,61777,200,Our Eps-Fair,0.15,0.8425,0.1874806710583522,0.96125,0.16509347519932716,,0.11875000000000002,0.022387195859025044
10,PoolSize,6,61777,220,Our Eps-Fair,0.0,0.64875,0.21054864568028,0.75175,0.012573531231694537,,0.10299999999999998,0.19797511444858545
10,PoolSize,6,61777,220,Our Eps-Fair,0.05,0.743,0.12447400902688138,0.82175,0.0661140433183302,,0.07874999999999999,0.058359965708551176
10,PoolSize,6,61777,220,Our Eps-Fair,0.1,0.80125,0.17187276162417864,0.89575,0.1062782402556508,,0.09450000000000003,0.06559452136852784
10,PoolSize,6,61777,220,Our Eps-Fair,0.15,0.8355,0.18996452600122354,0.96125,0.16509347519932716,,0.12575000000000003,0.02487105080189639
10,PoolSize,6,61777,240,Our Eps-Fair,0.0,0.67925,0.1603125232041054,0.75175,0.012573531231694537,,0.07250000000000001,0.14773899197241086
10,PoolSize,6,61777,240,Our Eps-Fair,0.05,0.748,0.11638916744232444,0.82175,0.0661140433183302,,0.07374999999999998,0.050275124123994236
10,PoolSize,6,61777,240,Our Eps-Fair,0.1,0.79225,0.1723695326127529,0.89575,0.1062782402556508,,0.10350000000000004,0.0660912923571021
10,PoolSize,6,61777,240,Our Eps-Fair,0.15,0.8355,0.1904677972644344,0.96125,0.16509347519932716,,0.12575000000000003,0.025374322065107258
10,PoolSize,6,61777,260,Our Eps-Fair,0.0,0.70525,0.12159313731005136,0.75175,0.012573531231694537,,0.046499999999999986,0.10901960607835683
10,PoolSize,6,61777,260,Our Eps-Fair,0.05,0.7685,0.13093203187834684,0.82175,0.0661140433183302,,0.05325000000000002,0.06481798856001664
10,PoolSize,6,61777,260,Our Eps-Fair,0.1,0.80375,0.17689897398165072,0.89575,0.1062782402556508,,0.09200000000000008,0.07062073372599992
10,PoolSize,6,61777,260,Our Eps-Fair,0.15,0.842,0.18648062880656707,0.96125,0.16509347519932716,,0.11925000000000008,0.021387153607239917
10,PoolSize,6,61777,280,Our Eps-Fair,0.0,0.7015,0.1448828713013125,0.75175,0.012573531231694537,,0.05025000000000002,0.13230934006961798
10,PoolSize,6,61777,280,Our Eps-Fair,0.05,0.7625,0.12751963770469305,0.82175,0.0661140433183302,,0.059250000000000025,0.06140559438636284
10,PoolSize,6,61777,280,Our Eps-Fair,0.1,0.8175,0.1774087455194982,0.89575,0.1062782402556508,,0.07825000000000004,0.0711305052638474
10,PoolSize,6,61777,280,Our Eps-Fair,0.15,0.84075,0.18946775501264929,0.96125,0.16509347519932716,,0.12050000000000005,0.02437427981332213
10,PoolSize,6,61777,300,Our Eps-Fair,0.0,0.693,0.15414326255284286,0.75175,0.012573531231694537,,0.05875000000000008,0.1415697313211483
10,PoolSize,6,61777,300,Our Eps-Fair,0.05,0.76225,0.12649359435436147,0.82175,0.0661140433183302,,0.0595,0.060379551036031265
10,PoolSize,6,61777,300,Our Eps-Fair,0.1,0.82,0.15537531460704215,0.89575,0.1062782402556508,,0.0757500000000001,0.04909707435139135
10,PoolSize,6,61777,300,Our Eps-Fair,0.15,0.8475,0.17895106068231384,0.96125,0.16509347519932716,,0.11375000000000002,0.013857585482986684
10,TrainingSize,7,71777,100,Unfair,,0.625,0.2069409649908696,0.982,0.18581561489581477,,0.357,0.02112535009505484
10,TrainingSize,7,71777,100,Our Eps-Fair,0.0,0.55275,0.028037109763254353,0.79525,0.054044349582711426,,0.24250000000000005,-0.026007239819457073
10,TrainingSize,7,71777,100,Our Eps-Fair,0.05,0.57675,0.07767440616052276,0.82275,0.07080715460392657,,0.246,0.006867251556596191
10,TrainingSize,7,71777,100,Our Eps-Fair,0.1,0.604,0.1221892689942742,0.9095,0.1245919568841421,,0.3055,-0.002402687889867902
10,TrainingSize,7,71777,100,Our Eps-Fair,0.15,0.62075,0.17188057523483655,0.9755,0.17527719426865548,,0.35475,-0.0033966190338189373
10,TrainingSize,7,71777,200,Unfair,,0.72475,0.22522154662687274,0.982,0.18581561489581477,,0.25725,0.03940593173105797
10,TrainingSize,7,71777,200,Our Eps-Fair,0.0,0.643,0.027497011330314958,0.79525,0.054044349582711426,,0.15225,-0.02654733825239647
10,TrainingSize,7,71777,200,Our Eps-Fair,0.05,0.67625,0.07203887908571338,0.82275,0.07080715460392657,,0.14649999999999996,0.0012317244817868084
10,TrainingSize,7,71777,200,Our Eps-Fair,0.1,0.70475,0.12634577651777035,0.9095,0.1245919568841421,,0.20475,0.0017538196336282508
10,TrainingSize,7,71777,200,Our Eps-Fair,0.15,0.72525,0.1867887922573889,0.9755,0.17527719426865548,,0.2502500000000001,0.011511597988733413
10,TrainingSize,7,71777,300,Unfair,,0.77,0.21726059574357426,0.982,0.18581561489581477,,0.21199999999999997,0.031444980847759485
10,TrainingSize,7,71777,300,Our Eps-Fair,0.0,0.67625,0.024753011236297806,0.79525,0.054044349582711426,,0.119,-0.02929133834641362
10,TrainingSize,7,71777,300,Our Eps-Fair,0.05,0.72075,0.07482963770147108,0.82275,0.07080715460392657,,0.10199999999999998,0.0040224830975445075
10,TrainingSize,7,71777,300,Our Eps-Fair,0.1,0.75025,0.12216226407262724,0.9095,0.1245919568841421,,0.15925,-0.0024296928115148525
10,TrainingSize,7,71777,300,Our Eps-Fair,0.15,0.7685,0.17238741760685886,0.9755,0.17527719426865548,,0.20700000000000007,-0.002889776661796628
10,TrainingSize,7,71777,400,Unfair,,0.8075,0.21442932974534606,0.982,0.18581561489581477,,0.1745,0.02861371484953129
10,TrainingSize,7,71777,400,Our Eps-Fair,0.0,0.70025,0.03859353367151164,0.79525,0.054044349582711426,,0.09499999999999997,-0.015450815911199789
10,TrainingSize,7,71777,400,Our Eps-Fair,0.05,0.74425,0.07706679542346592,0.82275,0.07080715460392657,,0.07850000000000001,0.00625964081953935
10,TrainingSize,7,71777,400,Our Eps-Fair,0.1,0.7785,0.11812827887882568,0.9095,0.1245919568841421,,0.131,-0.0064636780053164145
10,TrainingSize,7,71777,400,Our Eps-Fair,0.15,0.80275,0.16400789043803232,0.9755,0.17527719426865548,,0.17275000000000007,-0.011269303830623162
10,TrainingSize,7,71777,500,Unfair,,0.82475,0.19517557074776878,0.982,0.18581561489581477,,0.15725,0.00935995585195401
10,TrainingSize,7,71777,500,Our Eps-Fair,0.0,0.7035,0.03072710001397755,0.79525,0.054044349582711426,,0.09175,-0.023317249568733878
10,TrainingSize,7,71777,500,Our Eps-Fair,0.05,0.7545,0.07177508100851379,0.82275,0.07080715460392657,,0.06825000000000003,0.0009679264045872188
10,TrainingSize,7,71777,500,Our Eps-Fair,0.1,0.79725,0.12950835289731555,0.9095,0.1245919568841421,,0.11224999999999996,0.004916396013173452
10,TrainingSize,7,71777,500,Our Eps-Fair,0.15,0.822,0.17869281676585558,0.9755,0.17527719426865548,,0.15350000000000008,0.0034156224972000937
10,TrainingSize,7,71777,600,Unfair,,0.83425,0.1970679156276231,0.982,0.18581561489581477,,0.14774999999999994,0.011252300731808329
10,TrainingSize,7,71777,600,Our Eps-Fair,0.0,0.7095,0.0417696125118803,0.79525,0.054044349582711426,,0.08574999999999999,-0.012274737070831127
10,TrainingSize,7,71777,600,Our Eps-Fair,0.05,0.76525,0.09548865280697408,0.82275,0.07080715460392657,,0.057499999999999996,0.024681498203047506
10,TrainingSize,7,71777,600,Our Eps-Fair,0.1,0.804,0.13446875693095064,0.9095,0.1245919568841421,,0.10549999999999993,0.009876800046808548
10,TrainingSize,7,71777,600,Our Eps-Fair,0.15,0.83125,0.1820516789184829,0.9755,0.17527719426865548,,0.14425,0.006774484649827411
10,TrainingSize,7,71777,700,Unfair,,0.84575,0.19561490081567368,0.982,0.18581561489581477,,0.13624999999999998,0.009799285919858902
10,TrainingSize,7,71777,700,Our Eps-Fair,0.0,0.72325,0.047196351535067266,0.79525,0.054044349582711426,,0.07200000000000006,-0.00684799804764416
10,TrainingSize,7,71777,700,Our Eps-Fair,0.05,0.781,0.0878320073833456,0.82275,0.07080715460392657,,0.041749999999999954,0.017024852779419022
10,TrainingSize,7,71777,700,Our Eps-Fair,0.1,0.821,0.12642679128271128,0.9095,0.1245919568841421,,0.08850000000000002,0.001834834398569185
10,TrainingSize,7,71777,700,Our Eps-Fair,0.15,0.84575,0.17966599412742973,0.9755,0.17527719426865548,,0.12975000000000003,0.004388799858774245
10,TrainingSize,7,71777,800,Unfair,,0.8525,0.1980951028324912,0.982,0.18581561489581477,,0.12949999999999995,0.012279487936676436
10,TrainingSize,7,71777,800,Our Eps-Fair,0.0,0.7325,0.053744794988886735,0.79525,0.054044349582711426,,0.06274999999999997,-0.0002995545938246913
10,TrainingSize,7,71777,800,Our Eps-Fair,0.05,0.7855,0.0923395788882524,0.82275,0.07080715460392657,,0.037250000000000005,0.02153242428432582
10,TrainingSize,7,71777,800,Our Eps-Fair,0.1,0.826,0.14048335309110085,0.9095,0.1245919568841421,,0.08350000000000002,0.015891396206958758
10,TrainingSize,7,71777,800,Our Eps-Fair,0.15,0.84975,0.1836667232603142,0.9755,0.17527719426865548,,0.12575000000000003,0.008389528991658707
10,TrainingSize,7,71777,900,Unfair,,0.8645,0.192107511593988,0.982,0.18581561489581477,,0.11749999999999994,0.006291896698173233
10,TrainingSize,7,71777,900,Our Eps-Fair,0.0,0.7305,0.04826404612240581,0.79525,0.054044349582711426,,0.06474999999999997,-0.005780303460305614
10,TrainingSize,7,71777,900,Our Eps-Fair,0.05,0.78175,0.08584514527772688,0.82275,0.07080715460392657,,0.041000000000000036,0.015037990673800308
10,TrainingSize,7,71777,900,Our Eps-Fair,0.1,0.8335,0.1305490425630071,0.9095,0.1245919568841421,,0.07599999999999996,0.005957085678864993
10,TrainingSize,7,71777,900,Our Eps-Fair,0.15,0.86375,0.1781589694721863,0.9755,0.17527719426865548,,0.11175000000000002,0.0028817752035308064
10,TrainingSize,7,71777,1000,Unfair,,0.867,0.1941618860037242,0.982,0.18581561489581477,,0.11499999999999999,0.00834627110790942
10,TrainingSize,7,71777,1000,Our Eps-Fair,0.0,0.7275,0.045209489429448524,0.79525,0.054044349582711426,,0.06774999999999998,-0.008834860153262902
10,TrainingSize,7,71777,1000,Our Eps-Fair,0.05,0.78475,0.08640599749304312,0.82275,0.07080715460392657,,0.038000000000000034,0.015598842889116546
10,TrainingSize,7,71777,1000,Our Eps-Fair,0.1,0.82775,0.13400242194139883,0.9095,0.1245919568841421,,0.08174999999999999,0.009410465057256734
10,TrainingSize,7,71777,1000,Our Eps-Fair,0.15,0.8635,0.17263771322323496,0.9755,0.17527719426865548,,0.11199999999999999,-0.0026394810454205275
10,TrainingSize,7,71777,1100,Unfair,,0.873,0.1951620682869453,0.982,0.18581561489581477,,0.10899999999999999,0.009346453391130521
10,TrainingSize,7,71777,1100,Our Eps-Fair,0.0,0.7365,0.04477015936154363,0.79525,0.054044349582711426,,0.05874999999999997,-0.009274190221167794
10,TrainingSize,7,71777,1100,Our Eps-Fair,0.05,0.796,0.0925016084181342,0.82275,0.07080715460392657,,0.02674999999999994,0.021694453814207634
10,TrainingSize,7,71777,1100,Our Eps-Fair,0.1,0.84325,0.12446693409873949,0.9095,0.1245919568841421,,0.06624999999999992,-0.00012502278540260647
10,TrainingSize,7,71777,1100,Our Eps-Fair,0.15,0.87275,0.16569044708398104,0.9755,0.17527719426865548,,0.10275000000000001,-0.009586747184674449
10,TrainingSize,7,71777,1200,Unfair,,0.8875,0.20009546739893344,0.982,0.18581561489581477,,0.09450000000000003,0.014279852503118667
10,TrainingSize,7,71777,1200,Our Eps-Fair,0.0,0.735,0.04411478992046303,0.79525,0.054044349582711426,,0.060250000000000026,-0.0099295596622484
10,TrainingSize,7,71777,1200,Our Eps-Fair,0.05,0.8025,0.08881868720574324,0.82275,0.07080715460392657,,0.02024999999999999,0.018011532601816663
10,TrainingSize,7,71777,1200,Our Eps-Fair,0.1,0.85,0.12433190949050463,0.9095,0.1245919568841421,,0.0595,-0.0002600473936374692
10,TrainingSize,7,71777,1200,Our Eps-Fair,0.15,0.88275,0.17107667872469756,0.9755,0.17527719426865548,,0.09275,-0.004200515543957922
10,TrainingSize,7,71777,1300,Unfair,,0.88525,0.18907995982267767,0.982,0.18581561489581477,,0.09675,0.0032643449268628943
10,TrainingSize,7,71777,1300,Our Eps-Fair,0.0,0.744,0.04929123332727389,0.79525,0.054044349582711426,,0.05125000000000002,-0.004753116255437534
10,TrainingSize,7,71777,1300,Our Eps-Fair,0.05,0.81875,0.09648883509019518,0.82275,0.07080715460392657,,0.0040000000000000036,0.025681680486268607
10,TrainingSize,7,71777,1300,Our Eps-Fair,0.1,0.8575,0.13557695890075966,0.9095,0.1245919568841421,,0.051999999999999935,0.010985002016617562
10,TrainingSize,7,71777,1300,Our Eps-Fair,0.15,0.87775,0.16804912695338725,0.9755,0.17527719426865548,,0.09775,-0.007228067315268233
10,TrainingSize,7,71777,1400,Unfair,,0.88825,0.18718761494282335,0.982,0.18581561489581477,,0.09375,0.0013720000470085758
10,TrainingSize,7,71777,1400,Our Eps-Fair,0.0,0.74925,0.05321094769521745,0.79525,0.054044349582711426,,0.04600000000000004,-0.0008334018874939786
10,TrainingSize,7,71777,1400,Our Eps-Fair,0.05,0.8155,0.09850270211746093,0.82275,0.07080715460392657,,0.007249999999999979,0.027695547513534355
10,TrainingSize,7,71777,1400,Our Eps-Fair,0.1,0.854,0.12102705718117128,0.9095,0.1245919568841421,,0.055499999999999994,-0.003564899702970817
10,TrainingSize,7,71777,1400,Our Eps-Fair,0.15,0.8835,0.17022502351053478,0.9755,0.17527719426865548,,0.09200000000000008,-0.0050521707581207
10,TrainingSize,7,71777,1500,Unfair,,0.88925,0.18313287596664496,0.982,0.18581561489581477,,0.09275,-0.0026827389291698145
10,TrainingSize,7,71777,1500,Our Eps-Fair,0.0,0.7525,0.04456762244919135,0.79525,0.054044349582711426,,0.042750000000000066,-0.009476727133520074
10,TrainingSize,7,71777,1500,Our Eps-Fair,0.05,0.814,0.08688583494341842,0.82275,0.07080715460392657,,0.008750000000000036,0.01607868033949185
10,TrainingSize,7,71777,1500,Our Eps-Fair,0.1,0.86525,0.13452276677424463,0.9095,0.1245919568841421,,0.04425000000000001,0.009930809890102532
10,TrainingSize,7,71777,1500,Our Eps-Fair,0.15,0.88725,0.16715696435675403,0.9755,0.17527719426865548,,0.08825000000000005,-0.00812022991190145
10,TrainingSize,7,71777,1600,Unfair,,0.8955,0.18511973807226365,0.982,0.18581561489581477,,0.08650000000000002,-0.0006958768235511281
10,TrainingSize,7,71777,1600,Our Eps-Fair,0.0,0.7435,0.04618266679102265,0.79525,0.054044349582711426,,0.05174999999999996,-0.007861682791688779
10,TrainingSize,7,71777,1600,Our Eps-Fair,0.05,0.81225,0.08936603696023601,0.82275,0.07080715460392657,,0.010499999999999954,0.01855888235630944
10,TrainingSize,7,71777,1600,Our Eps-Fair,0.1,0.86475,0.1260009636756299,0.9095,0.1245919568841421,,0.044749999999999956,0.0014090067914878102
10,TrainingSize,7,71777,1600,Our Eps-Fair,0.15,0.893,0.16962366391274813,0.9755,0.17527719426865548,,0.08250000000000002,-0.005653530355907349
10,TrainingSize,7,71777,1700,Unfair,,0.8885,0.19314820125967957,0.982,0.18581561489581477,,0.09350000000000003,0.0073325863638648014
10,TrainingSize,7,71777,1700,Our Eps-Fair,0.0,0.7465,0.0446351347533088,0.79525,0.054044349582711426,,0.04874999999999996,-0.009409214829402629
10,TrainingSize,7,71777,1700,Our Eps-Fair,0.05,0.80975,0.09294093848603907,0.82275,0.07080715460392657,,0.013000000000000012,0.022133783882112498
10,TrainingSize,7,71777,1700,Our Eps-Fair,0.1,0.863,0.13009621003427874,0.9095,0.1245919568841421,,0.046499999999999986,0.00550425315013664
10,TrainingSize,7,71777,1700,Our Eps-Fair,0.15,0.88725,0.1650755850253709,0.9755,0.17527719426865548,,0.08825000000000005,-0.010201609243284587
10,TrainingSize,7,71777,1800,Unfair,,0.90175,0.19064099432121503,0.982,0.18581561489581477,,0.08024999999999993,0.004825379425400261
10,TrainingSize,7,71777,1800,Our Eps-Fair,0.0,0.75575,0.04659499193728056,0.79525,0.054044349582711426,,0.03949999999999998,-0.007449357645430865
10,TrainingSize,7,71777,1800,Our Eps-Fair,0.05,0.8135,0.08341895310420325,0.82275,0.07080715460392657,,0.00924999999999998,0.012611798500276675
10,TrainingSize,7,71777,1800,Our Eps-Fair,0.1,0.86375,0.1285216730749179,0.9095,0.1245919568841421,,0.04574999999999996,0.003929716190775812
10,TrainingSize,7,71777,1800,Our Eps-Fair,0.15,0.89125,0.16306171799810515,0.9755,0.17527719426865548,,0.08425000000000005,-0.012215476270550335
10,TrainingSize,7,71777,1900,Unfair,,0.89775,0.19412137862125373,0.982,0.18581561489581477,,0.08424999999999994,0.008305763725438953
10,TrainingSize,7,71777,1900,Our Eps-Fair,0.0,0.748,0.03505913952817899,0.79525,0.054044349582711426,,0.047250000000000014,-0.018985210054532436
10,TrainingSize,7,71777,1900,Our Eps-Fair,0.05,0.8165,0.07929670182390738,0.82275,0.07080715460392657,,0.006249999999999978,0.008489547219980811
10,TrainingSize,7,71777,1900,Our Eps-Fair,0.1,0.8675,0.12949485043649206,0.9095,0.1245919568841421,,0.041999999999999926,0.004902893552349963
10,TrainingSize,7,71777,1900,Our Eps-Fair,0.15,0.8935,0.16917083138401973,0.9755,0.17527719426865548,,0.08200000000000007,-0.006106362884635758
10,TrainingSize,7,71777,2000,Unfair,,0.90125,0.19656107325560082,0.982,0.18581561489581477,,0.08074999999999999,0.010745458359786048
10,TrainingSize,7,71777,2000,Our Eps-Fair,0.0,0.752,0.041154750453270134,0.79525,0.054044349582711426,,0.04325000000000001,-0.012889599129441293
10,TrainingSize,7,71777,2000,Our Eps-Fair,0.05,0.814,0.08293911565382789,0.82275,0.07080715460392657,,0.008750000000000036,0.012131961049901316
10,TrainingSize,7,71777,2000,Our Eps-Fair,0.1,0.86825,0.1299476829652204,0.9095,0.1245919568841421,,0.04125000000000001,0.005355726081078316
10,TrainingSize,7,71777,2000,Our Eps-Fair,0.15,0.89725,0.16804912695338725,0.9755,0.17527719426865548,,0.07825000000000004,-0.007228067315268233
10,PoolSize,7,71777,20,Our Eps-Fair,0.0,0.62175,0.21743537759756715,0.79525,0.054044349582711426,,0.1735,0.16339102801485572
10,PoolSize,7,71777,20,Our Eps-Fair,0.05,0.766,0.19314094993812625,0.82275,0.07080715460392657,,0.05674999999999997,0.12233379533419968
10,PoolSize,7,71777,20,Our Eps-Fair,0.1,0.769,0.1956076494941203,0.9095,0.1245919568841421,,0.14049999999999996,0.0710156926099782
10,PoolSize,7,71777,20,Our Eps-Fair,0.15,0.789,0.17964524034505291,0.9755,0.17527719426865548,,0.1865,0.0043680460763974305
10,PoolSize,7,71777,40,Our Eps-Fair,0.0,0.58675,0.20765859577908072,0.79525,0.054044349582711426,,0.20850000000000002,0.1536142461963693
10,PoolSize,7,71777,40,Our Eps-Fair,0.05,0.6655,0.15555985078280515,0.82275,0.07080715460392657,,0.15725,0.08475269617887858
10,PoolSize,7,71777,40,Our Eps-Fair,0.1,0.7655,0.16357306119040196,0.9095,0.1245919568841421,,0.14400000000000002,0.03898110430625987
10,PoolSize,7,71777,40,Our Eps-Fair,0.15,0.803,0.15909249460714214,0.9755,0.17527719426865548,,0.1725,-0.01618469966151334
10,PoolSize,7,71777,60,Our Eps-Fair,0.0,0.6315,0.16251736879046208,0.79525,0.054044349582711426,,0.16375000000000006,0.10847301920775065
10,PoolSize,7,71777,60,Our Eps-Fair,0.05,0.69475,0.12350300842328513,0.82275,0.07080715460392657,,0.128,0.052695853819358554
10,PoolSize,7,71777,60,Our Eps-Fair,0.1,0.80625,0.15032214621114698,0.9095,0.1245919568841421,,0.10324999999999995,0.025730189327004882
10,PoolSize,7,71777,60,Our Eps-Fair,0.15,0.825,0.18121977730441374,0.9755,0.17527719426865548,,0.15050000000000008,0.005942583035758259
10,PoolSize,7,71777,80,Our Eps-Fair,0.0,0.616,0.22127257692714497,0.79525,0.054044349582711426,,0.17925000000000002,0.16722822734443354
10,PoolSize,7,71777,80,Our Eps-Fair,0.05,0.71225,0.11308260930554595,0.82275,0.07080715460392657,,0.11049999999999993,0.04227545470161938
10,PoolSize,7,71777,80,Our Eps-Fair,0.1,0.80225,0.14830827918388126,0.9095,0.1245919568841421,,0.10724999999999996,0.023716322299739162
10,PoolSize,7,71777,80,Our Eps-Fair,0.15,0.86125,0.16520335831205238,0.9755,0.17527719426865548,,0.11425000000000007,-0.010073835956603105
10,PoolSize,7,71777,100,Our Eps-Fair,0.0,0.65275,0.12893699876802547,0.79525,0.054044349582711426,,0.14249999999999996,0.07489264918531405
10,PoolSize,7,71777,100,Our Eps-Fair,0.05,0.73975,0.09851345407700554,0.82275,0.07080715460392657,,0.08299999999999996,0.02770629947307897
10,PoolSize,7,71777,100,Our Eps-Fair,0.1,0.828,0.14830827918388126,0.9095,0.1245919568841421,,0.08150000000000002,0.023716322299739162
10,PoolSize,7,71777,100,Our Eps-Fair,0.15,0.86425,0.16569669822325117,0.9755,0.17527719426865548,,0.11125000000000007,-0.009580496045404313
10,PoolSize,7,71777,120,Our Eps-Fair,0.0,0.647,0.15999040825190392,0.79525,0.054044349582711426,,0.14825,0.10594605866919249
10,PoolSize,7,71777,120,Our Eps-Fair,0.05,0.77125,0.10247367582741956,0.82275,0.07080715460392657,,0.05149999999999999,0.03166652122349299
10,PoolSize,7,71777,120,Our Eps-Fair,0.1,0.83325,0.12160766299658113,0.9095,0.1245919568841421,,0.07624999999999993,-0.002984293887560968
10,PoolSize,7,71777,120,Our Eps-Fair,0.15,0.87325,0.16072104140979693,0.9755,0.17527719426865548,,0.10225000000000006,-0.014556152858858556
10,PoolSize,7,71777,140,Our Eps-Fair,0.0,0.649,0.18556932000857154,0.79525,0.054044349582711426,,0.14625,0.13152497042586012
10,PoolSize,7,71777,140,Our Eps-Fair,0.05,0.76875,0.0878832667253607,0.82275,0.07080715460392657,,0.05399999999999994,0.01707611212143413
10,PoolSize,7,71777,140,Our Eps-Fair,0.1,0.8285,0.11380699132416883,0.9095,0.1245919568841421,,0.08099999999999996,-0.01078496555997327
10,PoolSize,7,71777,140,Our Eps-Fair,0.15,0.8615,0.1596668492832819,0.9755,0.17527719426865548,,0.11399999999999999,-0.015610344985373587
10,PoolSize,7,71777,160,Our Eps-Fair,0.0,0.63625,0.14685201377951132,0.79525,0.054044349582711426,,0.15900000000000003,0.0928076641967999
10,PoolSize,7,71777,160,Our Eps-Fair,0.05,0.68375,0.15425211244749357,0.82275,0.07080715460392657,,0.139,0.083444957843567
10,PoolSize,7,71777,160,Our Eps-Fair,0.1,0.79975,0.08981611898768552,0.9095,0.1245919568841421,,0.10975000000000001,-0.03477583789645658
10,PoolSize,7,71777,160,Our Eps-Fair,0.15,0.85025,0.14680125452863785,0.9755,0.17527719426865548,,0.12525000000000008,-0.028475939740017636
10,PoolSize,7,71777,180,Our Eps-Fair,0.0,0.62275,0.11762343687136984,0.79525,0.054044349582711426,,0.1725,0.06357908728865841
10,PoolSize,7,71777,180,Our Eps-Fair,0.05,0.72575,0.07389421722108855,0.82275,0.07080715460392657,,0.09699999999999998,0.003087062617161976
10,PoolSize,7,71777,180,Our Eps-Fair,0.1,0.80275,0.09858996802167194,0.9095,0.1245919568841421,,0.10675000000000001,-0.026001988862470155
10,PoolSize,7,71777,180,Our Eps-Fair,0.15,0.85825,0.15531680648798246,0.9755,0.17527719426865548,,0.11725000000000008,-0.019960387780673022
10,PoolSize,7,71777,200,Our Eps-Fair,0.0,0.63975,0.09141966123325976,0.79525,0.054044349582711426,,0.15549999999999997,0.03737531165054833
10,PoolSize,7,71777,200,Our Eps-Fair,0.05,0.7415,0.08056418282231936,0.82275,0.07080715460392657,,0.08124999999999993,0.009757028218392791
10,PoolSize,7,71777,200,Our Eps-Fair,0.1,0.8125,0.10416523411391725,0.9095,0.1245919568841421,,0.09699999999999998,-0.02042672277022485
10,PoolSize,7,71777,200,Our Eps-Fair,0.15,0.86175,0.1578105109656235,0.9755,0.17527719426865548,,0.11375000000000002,-0.01746668330303197
10,PoolSize,7,71777,220,Our Eps-Fair,0.0,0.6455,0.08397905518280707,0.79525,0.054044349582711426,,0.14975000000000005,0.029934705600095646
10,PoolSize,7,71777,220,Our Eps-Fair,0.05,0.73675,0.08107102519434167,0.82275,0.07080715460392657,,0.08599999999999997,0.0102638705904151
10,PoolSize,7,71777,220,Our Eps-Fair,0.1,0.797,0.10043280387850685,0.9095,0.1245919568841421,,0.11249999999999993,-0.024159153005635245
10,PoolSize,7,71777,220,Our Eps-Fair,0.15,0.86125,0.14869184908949656,0.9755,0.17527719426865548,,0.11425000000000007,-0.02658534517915892
10,PoolSize,7,71777,240,Our Eps-Fair,0.0,0.65875,0.0714187660701163,0.79525,0.054044349582711426,,0.13650000000000007,0.01737441648740487
10,PoolSize,7,71777,240,Our Eps-Fair,0.05,0.75975,0.07115021712707142,0.82275,0.07080715460392657,,0.06299999999999994,0.00034306252314485197
10,PoolSize,7,71777,240,Our Eps-Fair,0.1,0.816,0.09944612405610923,0.9095,0.1245919568841421,,0.09350000000000003,-0.02514583282803287
10,PoolSize,7,71777,240,Our Eps-Fair,0.15,0.86825,0.14871885401114354,0.9755,0.17527719426865548,,0.10725000000000007,-0.026558340257511942
10,PoolSize,7,71777,260,Our Eps-Fair,0.0,0.694,0.05754123689042327,0.79525,0.054044349582711426,,0.10125000000000006,0.003496887307711846
10,PoolSize,7,71777,260,Our Eps-Fair,0.05,0.76275,0.0788698740345428,0.82275,0.07080715460392657,,0.05999999999999994,0.008062719430616233
10,PoolSize,7,71777,260,Our Eps-Fair,0.1,0.81025,0.09867098278661285,0.9095,0.1245919568841421,,0.09924999999999995,-0.025920974097529248
10,PoolSize,7,71777,260,Our Eps-Fair,0.15,0.87925,0.13876378970067293,0.9755,0.17527719426865548,,0.09625000000000006,-0.03651340456798255
10,PoolSize,7,71777,280,Our Eps-Fair,0.0,0.6615,0.0610046180916472,0.79525,0.054044349582711426,,0.13375000000000004,0.006960268508935774
10,PoolSize,7,71777,280,Our Eps-Fair,0.05,0.7515,0.06707022354824167,0.82275,0.07080715460392657,,0.07125000000000004,-0.0037369310556849
10,PoolSize,7,71777,280,Our Eps-Fair,0.1,0.81175,0.09523110586904462,0.9095,0.1245919568841421,,0.09775,-0.029360851015097472
10,PoolSize,7,71777,280,Our Eps-Fair,0.15,0.8745,0.15178241234464981,0.9755,0.17527719426865548,,0.10099999999999998,-0.02349478192400567
10,PoolSize,7,71777,300,Our Eps-Fair,0.0,0.68725,0.054155369816149004,0.79525,0.054044349582711426,,0.10799999999999998,0.00011102023343757816
10,PoolSize,7,71777,300,Our Eps-Fair,0.05,0.75225,0.07476112521507045,0.82275,0.07080715460392657,,0.07050000000000001,0.003953970611143873
10,PoolSize,7,71777,300,Our Eps-Fair,0.1,0.80625,0.09005466246223373,0.9095,0.1245919568841421,,0.10324999999999995,-0.034537294421908366
10,PoolSize,7,71777,300,Our Eps-Fair,0.15,0.868,0.1467274910852503,0.9755,0.17527719426865548,,0.10750000000000004,-0.02854970318340519
10,TrainingSize,8,81777,100,Unfair,,0.64725,0.21189461542158636,0.98025,0.18322746279177815,,0.33299999999999996,0.028667152629808207
10,TrainingSize,8,81777,100,Our Eps-Fair,0.0,0.578,0.009848763998141608,0.7565,0.029664445120876654,,0.1785,-0.019815681122735046
10,TrainingSize,8,81777,100,Our Eps-Fair,0.05,0.6145,0.07131842868357391,0.817,0.06354435348211282,,0.2024999999999999,0.007774075201461089
10,TrainingSize,8,81777,100,Our Eps-Fair,0.1,0.639,0.12548062288726192,0.89925,0.12111095980390586,,0.26025,0.004369663083356054
10,TrainingSize,8,81777,100,Our Eps-Fair,0.15,0.6485,0.188043704641215,0.96975,0.17369711145644753,,0.32125000000000004,0.01434659318476747
10,TrainingSize,8,81777,200,Unfair,,0.7065,0.20411052724330736,0.98025,0.18322746279177815,,0.27374999999999994,0.02088306445152921
10,TrainingSize,8,81777,200,Our Eps-Fair,0.0,0.62025,0.022104647623319817,0.7565,0.029664445120876654,,0.13624999999999998,-0.007559797497556836
10,TrainingSize,8,81777,200,Our Eps-Fair,0.05,0.66125,0.07558395680802321,0.817,0.06354435348211282,,0.15574999999999994,0.012039603325910392
10,TrainingSize,8,81777,200,Our Eps-Fair,0.1,0.6945,0.11961902625803042,0.89925,0.12111095980390586,,0.20475,-0.001491933545875443
10,TrainingSize,8,81777,200,Our Eps-Fair,0.15,0.70475,0.14344190070331148,0.96975,0.17369711145644753,,0.265,-0.030255210753136058
10,TrainingSize,8,81777,300,Unfair,,0.754,0.16193987407680355,0.98025,0.18322746279177815,,0.22624999999999995,-0.021287588714974603
10,TrainingSize,8,81777,300,Our Eps-Fair,0.0,0.65225,0.02634013681731523,0.7565,0.029664445120876654,,0.10424999999999995,-0.003324308303561424
10,TrainingSize,8,81777,300,Our Eps-Fair,0.05,0.698,0.07146862333584325,0.817,0.06354435348211282,,0.119,0.007924269853730431
10,TrainingSize,8,81777,300,Our Eps-Fair,0.1,0.737,0.13038698152806036,0.89925,0.12111095980390586,,0.16225,0.009276021724154496
10,TrainingSize,8,81777,300,Our Eps-Fair,0.15,0.75375,0.14277103125650842,0.96975,0.17369711145644753,,0.21599999999999997,-0.030926080199939116
10,TrainingSize,8,81777,400,Unfair,,0.785,0.1541457729217065,0.98025,0.18322746279177815,,0.19524999999999992,-0.029081689870071648
10,TrainingSize,8,81777,400,Our Eps-Fair,0.0,0.67875,0.03139068232429226,0.7565,0.029664445120876654,,0.07774999999999999,0.0017262372034156093
10,TrainingSize,8,81777,400,Our Eps-Fair,0.05,0.72575,0.0736033899934315,0.817,0.06354435348211282,,0.09124999999999994,0.010059036511318675
10,TrainingSize,8,81777,400,Our Eps-Fair,0.1,0.76475,0.12183790192088949,0.89925,0.12111095980390586,,0.13449999999999995,0.0007269421169836254
10,TrainingSize,8,81777,400,Our Eps-Fair,0.15,0.78425,0.15210713084157068,0.96975,0.17369711145644753,,0.1855,-0.021589980614876852
10,TrainingSize,8,81777,500,Unfair,,0.80875,0.1717505887630369,0.98025,0.18322746279177815,,0.17149999999999999,-0.011476874028741257
10,TrainingSize,8,81777,500,Our Eps-Fair,0.0,0.68825,0.022825581954212665,0.7565,0.029664445120876654,,0.06824999999999992,-0.006838863166663989
10,TrainingSize,8,81777,500,Our Eps-Fair,0.05,0.74475,0.07249395216200194,0.817,0.06354435348211282,,0.07224999999999993,0.00894959867988912
10,TrainingSize,8,81777,500,Our Eps-Fair,0.1,0.78775,0.12232052740351497,0.89925,0.12111095980390586,,0.11150000000000004,0.001209567599609107
10,TrainingSize,8,81777,500,Our Eps-Fair,0.15,0.808,0.14977410724298693,0.96975,0.17369711145644753,,0.16174999999999995,-0.023923004213460608
10,TrainingSize,8,81777,600,Unfair,,0.8225,0.18506985052628205,0.98025,0.18322746279177815,,0.15774999999999995,0.001842387734503903
10,TrainingSize,8,81777,600,Our Eps-Fair,0.0,0.69625,0.0376327720726061,0.7565,0.029664445120876654,,0.060249999999999915,0.007968326951729443
10,TrainingSize,8,81777,600,Our Eps-Fair,0.05,0.7475,0.07798306605360547,0.817,0.06354435348211282,,0.0694999999999999,0.014438712571492651
10,TrainingSize,8,81777,600,Our Eps-Fair,0.1,0.79025,0.13637474166519814,0.89925,0.12111095980390586,,0.10899999999999999,0.015263781861292278
10,TrainingSize,8,81777,600,Our Eps-Fair,0.15,0.81975,0.1569333856678255,0.96975,0.17369711145644753,,0.15000000000000002,-0.016763725788622036
10,TrainingSize,8,81777,700,Unfair,,0.82725,0.19533515436005064,0.98025,0.18322746279177815,,0.1529999999999999,0.012107691568272488
10,TrainingSize,8,81777,700,Our Eps-Fair,0.0,0.7,0.016014755122638946,0.7565,0.029664445120876654,,0.056499999999999995,-0.013649689998237707
10,TrainingSize,8,81777,700,Our Eps-Fair,0.05,0.7535,0.0715006648616607,0.817,0.06354435348211282,,0.0635,0.007956311379547887
10,TrainingSize,8,81777,700,Our Eps-Fair,0.1,0.80125,0.12582907448052677,0.89925,0.12111095980390586,,0.09799999999999998,0.0047181146766209076
10,TrainingSize,8,81777,700,Our Eps-Fair,0.15,0.82625,0.167306829651228,0.96975,0.17369711145644753,,0.14349999999999996,-0.006390281805219528
10,TrainingSize,8,81777,800,Unfair,,0.84275,0.1832114420288694,0.98025,0.18322746279177815,,0.13749999999999996,-1.602076290874166e-05
10,TrainingSize,8,81777,800,Our Eps-Fair,0.0,0.70225,0.018247648953043122,0.7565,0.029664445120876654,,0.05424999999999991,-0.011416796167833532
10,TrainingSize,8,81777,800,Our Eps-Fair,0.05,0.76325,0.06663836331886125,0.817,0.06354435348211282,,0.053749999999999964,0.0030940098367484292
10,TrainingSize,8,81777,800,Our Eps-Fair,0.1,0.80875,0.11616054406510838,0.89925,0.12111095980390586,,0.09050000000000002,-0.004950415738797481
10,TrainingSize,8,81777,800,Our Eps-Fair,0.15,0.83975,0.1684523141992022,0.96975,0.17369711145644753,,0.13,-0.005244797257245332
10,TrainingSize,8,81777,900,Unfair,,0.843,0.18169147214790368,0.98025,0.18322746279177815,,0.13724999999999998,-0.0015359906438744686
10,TrainingSize,8,81777,900,Our Eps-Fair,0.0,0.705,0.028404812637177784,0.7565,0.029664445120876654,,0.05149999999999999,-0.0012596324836988693
10,TrainingSize,8,81777,900,Our Eps-Fair,0.05,0.768,0.07620476137073648,0.817,0.06354435348211282,,0.04899999999999993,0.01266040788862366
10,TrainingSize,8,81777,900,Our Eps-Fair,0.1,0.80575,0.12127717521908393,0.89925,0.12111095980390586,,0.09350000000000003,0.00016621541517806981
10,TrainingSize,8,81777,900,Our Eps-Fair,0.15,0.84075,0.16799772505166696,0.96975,0.17369711145644753,,0.129,-0.005699386404780571
10,TrainingSize,8,81777,1000,Unfair,,0.85225,0.17768628142072124,0.98025,0.18322746279177815,,0.128,-0.0055411813710569136
10,TrainingSize,8,81777,1000,Our Eps-Fair,0.0,0.71375,0.020706836059533162,0.7565,0.029664445120876654,,0.042749999999999955,-0.008957609061343491
10,TrainingSize,8,81777,1000,Our Eps-Fair,0.05,0.7745,0.07051138275204666,0.817,0.06354435348211282,,0.04249999999999998,0.006967029269933839
10,TrainingSize,8,81777,1000,Our Eps-Fair,0.1,0.81575,0.11719788846344863,0.89925,0.12111095980390586,,0.08350000000000002,-0.003913071340457236
10,TrainingSize,8,81777,1000,Our Eps-Fair,0.15,0.84775,0.1647775517070123,0.96975,0.17369711145644753,,0.122,-0.00891955974943523
10,TrainingSize,8,81777,1100,Unfair,,0.861,0.17905605664941765,0.98025,0.18322746279177815,,0.11924999999999997,-0.004171406142360501
10,TrainingSize,8,81777,1100,Our Eps-Fair,0.0,0.70525,0.02371473429564716,0.7565,0.029664445120876654,,0.05124999999999991,-0.005949710825229493
10,TrainingSize,8,81777,1100,Our Eps-Fair,0.05,0.7755,0.07239382239382239,0.817,0.06354435348211282,,0.04149999999999998,0.008849468911709568
10,TrainingSize,8,81777,1100,Our Eps-Fair,0.1,0.824,0.12376239606530062,0.89925,0.12111095980390586,,0.07525000000000004,0.00265143626139476
10,TrainingSize,8,81777,1100,Our Eps-Fair,0.15,0.856,0.16431094698729556,0.96975,0.17369711145644753,,0.11375000000000002,-0.00938616446915197
10,TrainingSize,8,81777,1200,Unfair,,0.862,0.17935043816786556,0.98025,0.18322746279177815,,0.11824999999999997,-0.003877024623912595
10,TrainingSize,8,81777,1200,Our Eps-Fair,0.0,0.69725,0.021013233150162597,0.7565,0.029664445120876654,,0.059249999999999914,-0.008651211970714057
10,TrainingSize,8,81777,1200,Our Eps-Fair,0.05,0.77125,0.08126932504525866,0.817,0.06354435348211282,,0.04574999999999996,0.01772497156314584
10,TrainingSize,8,81777,1200,Our Eps-Fair,0.1,0.827,0.1321332446851119,0.89925,0.12111095980390586,,0.07225000000000004,0.011022284881206032
10,TrainingSize,8,81777,1200,Our Eps-Fair,0.15,0.858,0.1767010045018344,0.96975,0.17369711145644753,,0.11175000000000002,0.0030038930453868684
10,TrainingSize,8,81777,1300,Unfair,,0.865,0.19014843236834936,0.98025,0.18322746279177815,,0.11524999999999996,0.0069209695765712065
10,TrainingSize,8,81777,1300,Our Eps-Fair,0.0,0.70325,0.028829362854259105,0.7565,0.029664445120876654,,0.05324999999999991,-0.0008350822666175484
10,TrainingSize,8,81777,1300,Our Eps-Fair,0.05,0.77675,0.08404291962383248,0.817,0.06354435348211282,,0.0402499999999999,0.02049856614171966
10,TrainingSize,8,81777,1300,Our Eps-Fair,0.1,0.82725,0.1327240103173713,0.89925,0.12111095980390586,,0.07199999999999995,0.011613050513465437
10,TrainingSize,8,81777,1300,Our Eps-Fair,0.15,0.86225,0.17698937823419153,0.96975,0.17369711145644753,,0.10750000000000004,0.0032922667777439962
10,TrainingSize,8,81777,1400,Unfair,,0.87325,0.18635952194043479,0.98025,0.18322746279177815,,0.10699999999999998,0.003132059148656635
10,TrainingSize,8,81777,1400,Our Eps-Fair,0.0,0.7045,0.03217169451609285,0.7565,0.029664445120876654,,0.051999999999999935,0.002507249395216196
10,TrainingSize,8,81777,1400,Our Eps-Fair,0.05,0.77125,0.07363342892388537,0.817,0.06354435348211282,,0.04574999999999996,0.010089075441772552
10,TrainingSize,8,81777,1400,Our Eps-Fair,0.1,0.83025,0.12694652269341067,0.89925,0.12111095980390586,,0.06899999999999995,0.005835562889504806
10,TrainingSize,8,81777,1400,Our Eps-Fair,0.15,0.8675,0.1747344558547878,0.96975,0.17369711145644753,,0.10224999999999995,0.001037344398340273
10,TrainingSize,8,81777,1500,Unfair,,0.87275,0.18744693122286482,0.98025,0.18322746279177815,,0.10749999999999993,0.00421946843108667
10,TrainingSize,8,81777,1500,Our Eps-Fair,0.0,0.7025,0.02220878258222657,0.7565,0.029664445120876654,,0.05399999999999994,-0.007455662538650085
10,TrainingSize,8,81777,1500,Our Eps-Fair,0.05,0.77775,0.08015988721382913,0.817,0.06354435348211282,,0.039249999999999896,0.016615533731716314
10,TrainingSize,8,81777,1500,Our Eps-Fair,0.1,0.832,0.12921546324035948,0.89925,0.12111095980390586,,0.06725000000000003,0.008104503436453622
10,TrainingSize,8,81777,1500,Our Eps-Fair,0.15,0.868,0.1689930149473718,0.96975,0.17369711145644753,,0.10175000000000001,-0.004704096509075745
10,TrainingSize,8,81777,1600,Unfair,,0.88125,0.1845812172575658,0.98025,0.18322746279177815,,0.09899999999999998,0.0013537544657876432
10,TrainingSize,8,81777,1600,Our Eps-Fair,0.0,0.7045,0.0288073343052596,0.7565,0.029664445120876654,,0.051999999999999935,-0.0008571108156170543
10,TrainingSize,8,81777,1600,Our Eps-Fair,0.05,0.77475,0.07382768067415371,0.817,0.06354435348211282,,0.0422499999999999,0.010283327192040892
10,TrainingSize,8,81777,1600,Our Eps-Fair,0.1,0.829,0.12161561383553084,0.89925,0.12111095980390586,,0.07025000000000003,0.0005046540316249737
10,TrainingSize,8,81777,1600,Our Eps-Fair,0.15,0.87525,0.17909210336596226,0.96975,0.17369711145644753,,0.09450000000000003,0.005394991909514729
10,TrainingSize,8,81777,1700,Unfair,,0.88325,0.1881818837213028,0.98025,0.18322746279177815,,0.09699999999999998,0.004954420929524639
10,TrainingSize,8,81777,1700,Our Eps-Fair,0.0,0.697,0.027287364424293872,0.7565,0.029664445120876654,,0.0595,-0.002377080696582781
10,TrainingSize,8,81777,1700,Our Eps-Fair,0.05,0.76425,0.06102709111007866,0.817,0.06354435348211282,,0.052749999999999964,-0.0025172623720341597
10,TrainingSize,8,81777,1700,Our Eps-Fair,0.1,0.83325,0.1282141655585639,0.89925,0.12111095980390586,,0.06599999999999995,0.007103205754658046
10,TrainingSize,8,81777,1700,Our Eps-Fair,0.15,0.8775,0.17541133308768161,0.96975,0.17369711145644753,,0.09225000000000005,0.0017142216312340808
10,TrainingSize,8,81777,1800,Unfair,,0.88575,0.18320543424277866,0.98025,0.18322746279177815,,0.09449999999999992,-2.2028548999492026e-05
10,TrainingSize,8,81777,1800,Our Eps-Fair,0.0,0.693,0.030787901119851344,0.7565,0.029664445120876654,,0.0635,0.00112345599897469
10,TrainingSize,8,81777,1800,Our Eps-Fair,0.05,0.7725,0.06522653358752944,0.817,0.06354435348211282,,0.044499999999999984,0.0016821801054166252
10,TrainingSize,8,81777,1800,Our Eps-Fair,0.1,0.8375,0.13515115589804388,0.89925,0.12111095980390586,,0.06174999999999997,0.014040196094138022
10,TrainingSize,8,81777,1800,Our Eps-Fair,0.15,0.879,0.17482056745542218,0.96975,0.17369711145644753,,0.09075,0.0011234559989746484
10,TrainingSize,8,81777,1900,Unfair,,0.88775,0.18476745862637978,0.98025,0.18322746279177815,,0.09249999999999992,0.0015399958346016263
10,TrainingSize,8,81777,1900,Our Eps-Fair,0.0,0.70875,0.018534020090036685,0.7565,0.029664445120876654,,0.04774999999999996,-0.011130425030839969
10,TrainingSize,8,81777,1900,Our Eps-Fair,0.05,0.7715,0.06689069033467375,0.817,0.06354435348211282,,0.045499999999999985,0.00334633685256093
10,TrainingSize,8,81777,1900,Our Eps-Fair,0.1,0.84025,0.12209823931815632,0.89925,0.12111095980390586,,0.05899999999999994,0.0009872795142504553
10,TrainingSize,8,81777,1900,Our Eps-Fair,0.15,0.8815,0.18247048174434066,0.96975,0.17369711145644753,,0.08825000000000005,0.008773370287893129
10,TrainingSize,8,81777,2000,Unfair,,0.88825,0.18265672311315465,0.98025,0.18322746279177815,,0.09199999999999997,-0.0005707396786235053
10,TrainingSize,8,81777,2000,Our Eps-Fair,0.0,0.718,0.027992277992277992,0.7565,0.029664445120876654,,0.03849999999999998,-0.0016721671285986617
10,TrainingSize,8,81777,2000,Our Eps-Fair,0.05,0.7815,0.07393582082378763,0.817,0.06354435348211282,,0.035499999999999976,0.010391467341674815
10,TrainingSize,8,81777,2000,Our Eps-Fair,0.1,0.8475,0.13322065396754196,0.89925,0.12111095980390586,,0.05174999999999996,0.012109694163636095
10,TrainingSize,8,81777,2000,Our Eps-Fair,0.15,0.88275,0.17374717634053732,0.96975,0.17369711145644753,,0.08699999999999997,5.006488408978993e-05
10,PoolSize,8,81777,20,Our Eps-Fair,0.0,0.63125,0.18341370416059213,0.7565,0.029664445120876654,,0.12524999999999997,0.15374925903971548
10,PoolSize,8,81777,20,Our Eps-Fair,0.05,0.6455,0.2103546195869847,0.817,0.06354435348211282,,0.17149999999999999,0.14681026610487188
10,PoolSize,8,81777,20,Our Eps-Fair,0.1,0.701,0.2507189317355292,0.89925,0.12111095980390586,,0.19825000000000004,0.12960797193162338
10,PoolSize,8,81777,20,Our Eps-Fair,0.15,0.74825,0.2050257133244685,0.96975,0.17369711145644753,,0.22150000000000003,0.03132860186802097
10,PoolSize,8,81777,40,Our Eps-Fair,0.0,0.6585,0.10597334145051987,0.7565,0.029664445120876654,,0.09799999999999998,0.07630889632964322
10,PoolSize,8,81777,40,Our Eps-Fair,0.05,0.6965,0.08078669956263318,0.817,0.06354435348211282,,0.12049999999999994,0.01724234608052036
10,PoolSize,8,81777,40,Our Eps-Fair,0.1,0.764,0.1636140438007658,0.89925,0.12111095980390586,,0.13524999999999998,0.04250308399685994
10,PoolSize,8,81777,40,Our Eps-Fair,0.15,0.8015,0.16554454573126773,0.96975,0.17369711145644753,,0.16825,-0.008152565725179806
10,PoolSize,8,81777,60,Our Eps-Fair,0.0,0.7145,0.02651236001858409,0.7565,0.029664445120876654,,0.041999999999999926,-0.0031520851022925622
10,PoolSize,8,81777,60,Our Eps-Fair,0.05,0.7495,0.06855885227254521,0.817,0.06354435348211282,,0.0674999999999999,0.005014498790432392
10,PoolSize,8,81777,60,Our Eps-Fair,0.1,0.78875,0.15831517646870344,0.89925,0.12111095980390586,,0.11050000000000004,0.037204216664797576
10,PoolSize,8,81777,60,Our Eps-Fair,0.15,0.809,0.17733983242281998,0.96975,0.17369711145644753,,0.16074999999999995,0.0036427209663724425
10,PoolSize,8,81777,80,Our Eps-Fair,0.0,0.7105,0.04801422643746295,0.7565,0.029664445120876654,,0.04599999999999993,0.018349781316586294
10,PoolSize,8,81777,80,Our Eps-Fair,0.05,0.77375,0.08366442910011375,0.817,0.06354435348211282,,0.0432499999999999,0.02012007561800093
10,PoolSize,8,81777,80,Our Eps-Fair,0.1,0.80375,0.19069914609333696,0.89925,0.12111095980390586,,0.09550000000000003,0.0695881862894311
10,PoolSize,8,81777,80,Our Eps-Fair,0.15,0.8255,0.18862445729665647,0.96975,0.17369711145644753,,0.14425,0.014927345840208939
10,PoolSize,8,81777,100,Our Eps-Fair,0.0,0.6985,0.04451969752799628,0.7565,0.029664445120876654,,0.05799999999999994,0.014855252407119629
10,PoolSize,8,81777,100,Our Eps-Fair,0.05,0.774,0.06733726910075459,0.817,0.06354435348211282,,0.04299999999999993,0.0037929156186417706
10,PoolSize,8,81777,100,Our Eps-Fair,0.1,0.8105,0.19069914609333696,0.89925,0.12111095980390586,,0.08875,0.0695881862894311
10,PoolSize,8,81777,100,Our Eps-Fair,0.15,0.84675,0.16961782470081224,0.96975,0.17369711145644753,,0.123,-0.004079286755635292
10,PoolSize,8,81777,120,Our Eps-Fair,0.0,0.67825,0.09509524343549239,0.7565,0.029664445120876654,,0.07824999999999993,0.06543079831461573
10,PoolSize,8,81777,120,Our Eps-Fair,0.05,0.727,0.0889632964321761,0.817,0.06354435348211282,,0.08999999999999997,0.025418942950063278
10,PoolSize,8,81777,120,Our Eps-Fair,0.1,0.793,0.19781637001554014,0.89925,0.12111095980390586,,0.10624999999999996,0.07670541021163428
10,PoolSize,8,81777,120,Our Eps-Fair,0.15,0.86425,0.17964882487704065,0.96975,0.17369711145644753,,0.10550000000000004,0.005951713420593113
10,PoolSize,8,81777,140,Our Eps-Fair,0.0,0.6825,0.08201228792515097,0.7565,0.029664445120876654,,0.07399999999999995,0.05234784280427432
10,PoolSize,8,81777,140,Our Eps-Fair,0.05,0.7155,0.08599545010333391,0.817,0.06354435348211282,,0.10149999999999992,0.022451096621221092
10,PoolSize,8,81777,140,Our Eps-Fair,0.1,0.7945,0.19080728624297089,0.89925,0.12111095980390586,,0.10475000000000001,0.06969632643906502
10,PoolSize,8,81777,140,Our Eps-Fair,0.15,0.85,0.1841005943703039,0.96975,0.17369711145644753,,0.11975000000000002,0.010403482913856371
10,PoolSize,8,81777,160,Our Eps-Fair,0.0,0.69025,0.09215543344174049,0.7565,0.029664445120876654,,0.06624999999999992,0.06249098832086383
10,PoolSize,8,81777,160,Our Eps-Fair,0.05,0.748,0.10312565084349318,0.817,0.06354435348211282,,0.06899999999999995,0.03958129736138036
10,PoolSize,8,81777,160,Our Eps-Fair,0.1,0.8035,0.18928731636200516,0.89925,0.12111095980390586,,0.09575,0.0681763565580993
10,PoolSize,8,81777,160,Our Eps-Fair,0.15,0.8395,0.19166439705858793,0.96975,0.17369711145644753,,0.13024999999999998,0.017967285602140393
10,PoolSize,8,81777,180,Our Eps-Fair,0.0,0.70275,0.09549776510357422,0.7565,0.029664445120876654,,0.053749999999999964,0.06583331998269756
10,PoolSize,8,81777,180,Our Eps-Fair,0.05,0.767,0.09930069369903394,0.817,0.06354435348211282,,0.04999999999999993,0.03575634021692112
10,PoolSize,8,81777,180,Our Eps-Fair,0.1,0.8085,0.18780339319758407,0.89925,0.12111095980390586,,0.09075,0.06669243339367821
10,PoolSize,8,81777,180,Our Eps-Fair,0.15,0.85575,0.18217009243980198,0.96975,0.17369711145644753,,0.11399999999999999,0.008472980983354444
10,PoolSize,8,81777,200,Our Eps-Fair,0.0,0.69375,0.09842956471587178,0.7565,0.029664445120876654,,0.06274999999999997,0.06876511959499512
10,PoolSize,8,81777,200,Our Eps-Fair,0.05,0.77925,0.09626075393710248,0.817,0.06354435348211282,,0.03774999999999995,0.032716400454989664
10,PoolSize,8,81777,200,Our Eps-Fair,0.1,0.82225,0.17444808471779424,0.89925,0.12111095980390586,,0.07699999999999996,0.05333712491388838
10,PoolSize,8,81777,200,Our Eps-Fair,0.15,0.857,0.18313534340505294,0.96975,0.17369711145644753,,0.11275000000000002,0.009438231948605408
10,PoolSize,8,81777,220,Our Eps-Fair,0.0,0.69775,0.11435019785642189,0.7565,0.029664445120876654,,0.05874999999999997,0.08468575273554524
10,PoolSize,8,81777,220,Our Eps-Fair,0.05,0.7745,0.09963913231548086,0.817,0.06354435348211282,,0.04249999999999998,0.036094778833368035
10,PoolSize,8,81777,220,Our Eps-Fair,0.1,0.82725,0.18925126964546052,0.89925,0.12111095980390586,,0.07199999999999995,0.06814030984155466
10,PoolSize,8,81777,220,Our Eps-Fair,0.15,0.85825,0.18313534340505294,0.96975,0.17369711145644753,,0.11150000000000004,0.009438231948605408
10,PoolSize,8,81777,240,Our Eps-Fair,0.0,0.69475,0.07244588987327577,0.7565,0.029664445120876654,,0.06174999999999997,0.04278144475239912
10,PoolSize,8,81777,240,Our Eps-Fair,0.05,0.759,0.09341506592543936,0.817,0.06354435348211282,,0.05799999999999994,0.029870712443326536
10,PoolSize,8,81777,240,Our Eps-Fair,0.1,0.82075,0.18925126964546052,0.89925,0.12111095980390586,,0.07850000000000001,0.06814030984155466
10,PoolSize,8,81777,240,Our Eps-Fair,0.15,0.85475,0.18072221599192553,0.96975,0.17369711145644753,,0.11499999999999999,0.0070251045354779995
10,PoolSize,8,81777,260,Our Eps-Fair,0.0,0.70525,0.062144539322962544,0.7565,0.029664445120876654,,0.05124999999999991,0.03248009420208589
10,PoolSize,8,81777,260,Our Eps-Fair,0.05,0.7645,0.09438031689069035,0.817,0.06354435348211282,,0.05249999999999999,0.030835963408577527
10,PoolSize,8,81777,260,Our Eps-Fair,0.1,0.83,0.15419183261506914,0.89925,0.12111095980390586,,0.06925000000000003,0.03308087281116327
10,PoolSize,8,81777,260,Our Eps-Fair,0.15,0.86,0.18120484147455101,0.96975,0.17369711145644753,,0.10975000000000001,0.007507730018103481
10,PoolSize,8,81777,280,Our Eps-Fair,0.0,0.705,0.050711722392220326,0.7565,0.029664445120876654,,0.05149999999999999,0.021047277271343673
10,PoolSize,8,81777,280,Our Eps-Fair,0.05,0.77575,0.08703279450167417,0.817,0.06354435348211282,,0.0412499999999999,0.02348844101956135
10,PoolSize,8,81777,280,Our Eps-Fair,0.1,0.8315,0.13972708630384978,0.89925,0.12111095980390586,,0.06774999999999998,0.018616126499943916
10,PoolSize,8,81777,280,Our Eps-Fair,0.15,0.867,0.17809280827953028,0.96975,0.17369711145644753,,0.10275000000000001,0.004395696823082745
10,PoolSize,8,81777,300,Our Eps-Fair,0.0,0.703,0.06215855749050772,0.7565,0.029664445120876654,,0.05349999999999999,0.03249411236963107
10,PoolSize,8,81777,300,Our Eps-Fair,0.05,0.772,0.08744332655121036,0.817,0.06354435348211282,,0.04499999999999993,0.023898973069097537
10,PoolSize,8,81777,300,Our Eps-Fair,0.1,0.84475,0.14117496275172625,0.89925,0.12111095980390586,,0.05449999999999999,0.02006400294782039
10,PoolSize,8,81777,300,Our Eps-Fair,0.15,0.86575,0.18406454765375926,0.96975,0.17369711145644753,,0.10399999999999998,0.01036743619731173
10,TrainingSize,9,91777,100,Unfair,,0.59425,0.2139576932923707,0.98225,0.18526785714285715,,0.388,0.028689836149513537
10,TrainingSize,9,91777,100,Our Eps-Fair,0.0,0.52075,0.028897849462365593,0.767,0.04166666666666666,,0.24624999999999997,-0.012768817204301064
10,TrainingSize,9,91777,100,Our Eps-Fair,0.05,0.55,0.07690892217101895,0.81725,0.06994847670250898,,0.26725,0.0069604454685099765
10,TrainingSize,9,91777,100,Our Eps-Fair,0.1,0.573,0.12090373783922172,0.8895,0.11271121351766512,,0.3165,0.008192524321556593
10,TrainingSize,9,91777,100,Our Eps-Fair,0.15,0.58625,0.15761808755760368,0.966,0.16373047875064,,0.3797499999999999,-0.006112391193036332
10,TrainingSize,9,91777,200,Unfair,,0.73725,0.18934811827956993,0.98225,0.18526785714285715,,0.245,0.004080261136712782
10,TrainingSize,9,91777,200,Our Eps-Fair,0.0,0.6295,0.028529825908858192,0.767,0.04166666666666666,,0.13750000000000007,-0.013136840757808466
10,TrainingSize,9,91777,200,Our Eps-Fair,0.05,0.68125,0.08962173579109063,0.81725,0.06994847670250898,,0.136,0.019673259088581654
10,TrainingSize,9,91777,200,Our Eps-Fair,0.1,0.7175,0.13723278289810548,0.8895,0.11271121351766512,,0.17199999999999993,0.024521569380440353
10,TrainingSize,9,91777,200,Our Eps-Fair,0.15,0.734,0.15808211725550433,0.966,0.16373047875064,,0.23199999999999998,-0.005648361495135673
10,TrainingSize,9,91777,300,Unfair,,0.7685,0.19759664618535588,0.98225,0.18526785714285715,,0.21375,0.012328789042498733
10,TrainingSize,9,91777,300,Our Eps-Fair,0.0,0.65325,0.022761456733230906,0.767,0.04166666666666666,,0.11375000000000002,-0.01890520993343575
10,TrainingSize,9,91777,300,Our Eps-Fair,0.05,0.703,0.0848374295954941,0.81725,0.06994847670250898,,0.11425000000000007,0.014888952892985127
10,TrainingSize,9,91777,300,Our Eps-Fair,0.1,0.745,0.1399049539170507,0.8895,0.11271121351766512,,0.14449999999999996,0.027193740399385588
10,TrainingSize,9,91777,300,Our Eps-Fair,0.15,0.767,0.17361911162314386,0.966,0.16373047875064,,0.19899999999999995,0.009888632872503855
10,TrainingSize,9,91777,400,Unfair,,0.8,0.18109959037378395,0.98225,0.18526785714285715,,0.1822499999999999,-0.004168266769073198
10,TrainingSize,9,91777,400,Our Eps-Fair,0.0,0.6815,0.02773777521761392,0.767,0.04166666666666666,,0.08550000000000002,-0.013928891449052738
10,TrainingSize,9,91777,400,Our Eps-Fair,0.05,0.72675,0.06880440348182285,0.81725,0.06994847670250898,,0.09050000000000002,-0.0011440732206861315
10,TrainingSize,9,91777,400,Our Eps-Fair,0.1,0.77,0.12840021761392728,0.8895,0.11271121351766512,,0.11949999999999994,0.015689004096262157
10,TrainingSize,9,91777,400,Our Eps-Fair,0.15,0.7975,0.16321044546851002,0.966,0.16373047875064,,0.16849999999999998,-0.0005200332821299891
10,TrainingSize,9,91777,500,Unfair,,0.81125,0.19056419610855097,0.98225,0.18526785714285715,,0.17099999999999993,0.005296338965693814
10,TrainingSize,9,91777,500,Our Eps-Fair,0.0,0.69525,0.04018657194060421,0.767,0.04166666666666666,,0.07174999999999998,-0.0014800947260624475
10,TrainingSize,9,91777,500,Our Eps-Fair,0.05,0.742,0.08121319764464924,0.81725,0.06994847670250898,,0.07525000000000004,0.01126472094214026
10,TrainingSize,9,91777,500,Our Eps-Fair,0.1,0.78425,0.127784178187404,0.8895,0.11271121351766512,,0.10524999999999995,0.015072964669738884
10,TrainingSize,9,91777,500,Our Eps-Fair,0.15,0.80725,0.1649945596518177,0.966,0.16373047875064,,0.15874999999999995,0.0012640809011776888
10,TrainingSize,9,91777,600,Unfair,,0.81675,0.18556387608806968,0.98225,0.18526785714285715,,0.16549999999999998,0.00029601894521252836
10,TrainingSize,9,91777,600,Our Eps-Fair,0.0,0.69625,0.034658218125960066,0.767,0.04166666666666666,,0.07074999999999998,-0.007008448540706591
10,TrainingSize,9,91777,600,Our Eps-Fair,0.05,0.75275,0.08329333077316947,0.81725,0.06994847670250898,,0.0645,0.013344854070660495
10,TrainingSize,9,91777,600,Our Eps-Fair,0.1,0.7895,0.1323604710701485,0.8895,0.11271121351766512,,0.09999999999999998,0.019649257552483382
10,TrainingSize,9,91777,600,Our Eps-Fair,0.15,0.816,0.1654185867895545,0.966,0.16373047875064,,0.15000000000000002,0.0016881080389145042
10,TrainingSize,9,91777,700,Unfair,,0.83225,0.18401977726574503,0.98225,0.18526785714285715,,0.1499999999999999,-0.0012480798771121182
10,TrainingSize,9,91777,700,Our Eps-Fair,0.0,0.695,0.023801523297491023,0.767,0.04166666666666666,,0.07200000000000006,-0.017865143369175635
10,TrainingSize,9,91777,700,Our Eps-Fair,0.05,0.75375,0.06983646953405018,0.81725,0.06994847670250898,,0.0635,-0.00011200716845879977
10,TrainingSize,9,91777,700,Our Eps-Fair,0.1,0.8005,0.1209357398873528,0.8895,0.11271121351766512,,0.08899999999999997,0.00822452636968768
10,TrainingSize,9,91777,700,Our Eps-Fair,0.15,0.83275,0.1663146441372248,0.966,0.16373047875064,,0.13324999999999998,0.0025841653865847913
10,TrainingSize,9,91777,800,Unfair,,0.83225,0.1819556451612903,0.98225,0.18526785714285715,,0.1499999999999999,-0.003312211981566837
10,TrainingSize,9,91777,800,Our Eps-Fair,0.0,0.693,0.02118535586277523,0.767,0.04166666666666666,,0.07400000000000007,-0.020481310803891428
10,TrainingSize,9,91777,800,Our Eps-Fair,0.05,0.75375,0.07970910138248846,0.81725,0.06994847670250898,,0.0635,0.009760624679979485
10,TrainingSize,9,91777,800,Our Eps-Fair,0.1,0.799,0.12794418842805938,0.8895,0.11271121351766512,,0.09049999999999991,0.015232974910394256
10,TrainingSize,9,91777,800,Our Eps-Fair,0.15,0.8285,0.17057891705069123,0.966,0.16373047875064,,0.13749999999999996,0.006848438300051218
10,TrainingSize,9,91777,900,Unfair,,0.84275,0.18503584229390682,0.98225,0.18526785714285715,,0.13949999999999996,-0.0002320148489503293
10,TrainingSize,9,91777,900,Our Eps-Fair,0.0,0.697,0.02157738095238096,0.767,0.04166666666666666,,0.07000000000000006,-0.0200892857142857
10,TrainingSize,9,91777,900,Our Eps-Fair,0.05,0.761,0.07016449052739374,0.81725,0.06994847670250898,,0.05625000000000002,0.00021601382488475873
10,TrainingSize,9,91777,900,Our Eps-Fair,0.1,0.81225,0.1185515873015873,0.8895,0.11271121351766512,,0.07724999999999993,0.005840373783922173
10,TrainingSize,9,91777,900,Our Eps-Fair,0.15,0.8395,0.17011488735279057,0.966,0.16373047875064,,0.12649999999999995,0.00638440860215056
10,TrainingSize,9,91777,1000,Unfair,,0.84425,0.18588389656938045,0.98225,0.18526785714285715,,0.138,0.0006160394265233016
10,TrainingSize,9,91777,1000,Our Eps-Fair,0.0,0.7075,0.030089925755248326,0.767,0.04166666666666666,,0.0595,-0.011576740911418332
10,TrainingSize,9,91777,1000,Our Eps-Fair,0.05,0.7665,0.06962045570916536,0.81725,0.06994847670250898,,0.05075000000000007,-0.000328020993343614
10,TrainingSize,9,91777,1000,Our Eps-Fair,0.1,0.81,0.12322388632872504,0.8895,0.11271121351766512,,0.0794999999999999,0.010512672811059914
10,TrainingSize,9,91777,1000,Our Eps-Fair,0.15,0.8435,0.1702188940092166,0.966,0.16373047875064,,0.12249999999999994,0.006488415258576602
10,TrainingSize,9,91777,1100,Unfair,,0.84975,0.19144425243215563,0.98225,0.18526785714285715,,0.13249999999999995,0.006176395289298475
10,TrainingSize,9,91777,1100,Our Eps-Fair,0.0,0.70625,0.026129672299027157,0.767,0.04166666666666666,,0.06074999999999997,-0.0155369943676395
10,TrainingSize,9,91777,1100,Our Eps-Fair,0.05,0.75925,0.06967645929339478,0.81725,0.06994847670250898,,0.05800000000000005,-0.00027201740911420025
10,TrainingSize,9,91777,1100,Our Eps-Fair,0.1,0.812,0.12328789042498721,0.8895,0.11271121351766512,,0.0774999999999999,0.010576676907322086
10,TrainingSize,9,91777,1100,Our Eps-Fair,0.15,0.84875,0.17034690220174092,0.966,0.16373047875064,,0.11724999999999997,0.006616423451100917
10,TrainingSize,9,91777,1200,Unfair,,0.85975,0.1958765360983103,0.98225,0.18526785714285715,,0.12249999999999994,0.010608678955453144
10,TrainingSize,9,91777,1200,Our Eps-Fair,0.0,0.714,0.036666346646185344,0.767,0.04166666666666666,,0.05300000000000005,-0.005000320020481314
10,TrainingSize,9,91777,1200,Our Eps-Fair,0.05,0.77425,0.08567748335893496,0.81725,0.06994847670250898,,0.04300000000000004,0.015729006656425987
10,TrainingSize,9,91777,1200,Our Eps-Fair,0.1,0.8185,0.12379192268305172,0.8895,0.11271121351766512,,0.07099999999999995,0.011080709165386601
10,TrainingSize,9,91777,1200,Our Eps-Fair,0.15,0.8525,0.16219438044034817,0.966,0.16373047875064,,0.11349999999999993,-0.0015360983102918335
10,TrainingSize,9,91777,1300,Unfair,,0.86125,0.19686059907834103,0.98225,0.18526785714285715,,0.121,0.011592741935483875
10,TrainingSize,9,91777,1300,Our Eps-Fair,0.0,0.71325,0.02058531746031747,0.767,0.04166666666666666,,0.053749999999999964,-0.021081349206349187
10,TrainingSize,9,91777,1300,Our Eps-Fair,0.05,0.77825,0.07814100102406554,0.81725,0.06994847670250898,,0.039000000000000035,0.008192524321556566
10,TrainingSize,9,91777,1300,Our Eps-Fair,0.1,0.82575,0.1216797875064004,0.8895,0.11271121351766512,,0.06374999999999997,0.008968573988735282
10,TrainingSize,9,91777,1300,Our Eps-Fair,0.15,0.85725,0.1627704173067076,0.966,0.16373047875064,,0.10875000000000001,-0.0009600614439324029
10,TrainingSize,9,91777,1400,Unfair,,0.8635,0.19382840501792115,0.98225,0.18526785714285715,,0.11874999999999991,0.008560547875063995
10,TrainingSize,9,91777,1400,Our Eps-Fair,0.0,0.7165,0.029609895033282124,0.767,0.04166666666666666,,0.05049999999999999,-0.012056771633384533
10,TrainingSize,9,91777,1400,Our Eps-Fair,0.05,0.779,0.07312467997951869,0.81725,0.06994847670250898,,0.038250000000000006,0.0031762032770097093
10,TrainingSize,9,91777,1400,Our Eps-Fair,0.1,0.8265,0.12123175883256529,0.8895,0.11271121351766512,,0.06299999999999994,0.008520545314900166
10,TrainingSize,9,91777,1400,Our Eps-Fair,0.15,0.856,0.16473054275473628,0.966,0.16373047875064,,0.10999999999999999,0.0010000640040962738
10,TrainingSize,9,91777,1500,Unfair,,0.86975,0.19085221454173068,0.98225,0.18526785714285715,,0.11249999999999993,0.0055843573988735296
10,TrainingSize,9,91777,1500,Our Eps-Fair,0.0,0.70875,0.029129864311315923,0.767,0.04166666666666666,,0.058250000000000024,-0.012536802355350735
10,TrainingSize,9,91777,1500,Our Eps-Fair,0.05,0.7775,0.08519745263696876,0.81725,0.06994847670250898,,0.03975000000000006,0.015248975934459785
10,TrainingSize,9,91777,1500,Our Eps-Fair,0.1,0.827,0.12175179211469535,0.8895,0.11271121351766512,,0.0625,0.009040578597030224
10,TrainingSize,9,91777,1500,Our Eps-Fair,0.15,0.8675,0.1657706093189964,0.966,0.16373047875064,,0.09849999999999992,0.002040130568356391
10,TrainingSize,9,91777,1600,Unfair,,0.87,0.19286834357398874,0.98225,0.18526785714285715,,0.11224999999999996,0.007600486431131592
10,TrainingSize,9,91777,1600,Our Eps-Fair,0.0,0.71625,0.02460957501280084,0.767,0.04166666666666666,,0.05074999999999996,-0.01705709165386582
10,TrainingSize,9,91777,1600,Our Eps-Fair,0.05,0.7725,0.07869303635432667,0.81725,0.06994847670250898,,0.04475000000000007,0.008744559651817696
10,TrainingSize,9,91777,1600,Our Eps-Fair,0.1,0.8315,0.12674411162314386,0.8895,0.11271121351766512,,0.05799999999999994,0.014032898105478739
10,TrainingSize,9,91777,1600,Our Eps-Fair,0.15,0.866,0.1657706093189964,0.966,0.16373047875064,,0.09999999999999998,0.002040130568356391
10,TrainingSize,9,91777,1700,Unfair,,0.8735,0.1848838325652842,0.98225,0.18526785714285715,,0.1087499999999999,-0.0003840245775729445
10,TrainingSize,9,91777,1700,Our Eps-Fair,0.0,0.713,0.017641129032258063,0.767,0.04166666666666666,,0.05400000000000005,-0.024025537634408595
10,TrainingSize,9,91777,1700,Our Eps-Fair,0.05,0.7835,0.0776929723502304,0.81725,0.06994847670250898,,0.03375000000000006,0.007744495647721422
10,TrainingSize,9,91777,1700,Our Eps-Fair,0.1,0.833,0.12478398617511521,0.8895,0.11271121351766512,,0.056499999999999995,0.01207277265745009
10,TrainingSize,9,91777,1700,Our Eps-Fair,0.15,0.86925,0.164810547875064,0.966,0.16373047875064,,0.09675,0.001080069124423988
10,TrainingSize,9,91777,1800,Unfair,,0.881,0.1848758320532514,0.98225,0.18526785714285715,,0.10124999999999995,-0.00039202508960575755
10,TrainingSize,9,91777,1800,Our Eps-Fair,0.0,0.71775,0.03016993087557604,0.767,0.04166666666666666,,0.049250000000000016,-0.011496735791090618
10,TrainingSize,9,91777,1800,Our Eps-Fair,0.05,0.782,0.08266929083461341,0.81725,0.06994847670250898,,0.035250000000000004,0.012720814132104435
10,TrainingSize,9,91777,1800,Our Eps-Fair,0.1,0.838,0.13025633640552994,0.8895,0.11271121351766512,,0.05149999999999999,0.01754512288786482
10,TrainingSize,9,91777,1800,Our Eps-Fair,0.15,0.87525,0.1587621607782898,0.966,0.16373047875064,,0.09075,-0.0049683179723502
10,TrainingSize,9,91777,1900,Unfair,,0.883,0.18832405273937536,0.98225,0.18526785714285715,,0.09924999999999995,0.0030561955965182075
10,TrainingSize,9,91777,1900,Our Eps-Fair,0.0,0.7145,0.02715373783922173,0.767,0.04166666666666666,,0.05249999999999999,-0.014512928827444926
10,TrainingSize,9,91777,1900,Our Eps-Fair,0.05,0.782,0.0807171658986175,0.81725,0.06994847670250898,,0.035250000000000004,0.010768689196108516
10,TrainingSize,9,91777,1900,Our Eps-Fair,0.1,0.83575,0.12878424219150025,0.8895,0.11271121351766512,,0.053749999999999964,0.01607302867383513
10,TrainingSize,9,91777,1900,Our Eps-Fair,0.15,0.879,0.16286642345110086,0.966,0.16373047875064,,0.08699999999999997,-0.000864055299539146
10,TrainingSize,9,91777,2000,Unfair,,0.886,0.18125960061443935,0.98225,0.18526785714285715,,0.09624999999999995,-0.004008256528417797
10,TrainingSize,9,91777,2000,Our Eps-Fair,0.0,0.72025,0.01748911930363542,0.767,0.04166666666666666,,0.04675000000000007,-0.024177547363031238
10,TrainingSize,9,91777,2000,Our Eps-Fair,0.05,0.7885,0.06861239119303633,0.81725,0.06994847670250898,,0.028750000000000053,-0.0013360855094726454
10,TrainingSize,9,91777,2000,Our Eps-Fair,0.1,0.84475,0.12669610855094726,0.8895,0.11271121351766512,,0.044749999999999956,0.013984895033282138
10,TrainingSize,9,91777,2000,Our Eps-Fair,0.15,0.88125,0.1652665770609319,0.966,0.16373047875064,,0.08474999999999999,0.001536098310291889
10,PoolSize,9,91777,20,Our Eps-Fair,0.0,0.71175,0.22681451612903225,0.767,0.04166666666666666,,0.05525000000000002,0.1851478494623656
10,PoolSize,9,91777,20,Our Eps-Fair,0.05,0.7485,0.21337365591397847,0.81725,0.06994847670250898,,0.06874999999999998,0.1434251792114695
10,PoolSize,9,91777,20,Our Eps-Fair,0.1,0.75525,0.20791730670762928,0.8895,0.11271121351766512,,0.13424999999999998,0.09520609318996416
10,PoolSize,9,91777,20,Our Eps-Fair,0.15,0.807,0.2113895289298515,0.966,0.16373047875064,,0.15899999999999992,0.04765905017921149
10,PoolSize,9,91777,40,Our Eps-Fair,0.0,0.65475,0.21022945468509985,0.767,0.04166666666666666,,0.11224999999999996,0.1685627880184332
10,PoolSize,9,91777,40,Our Eps-Fair,0.05,0.66575,0.24594374039938555,0.81725,0.06994847670250898,,0.15150000000000008,0.17599526369687657
10,PoolSize,9,91777,40,Our Eps-Fair,0.1,0.7825,0.20385304659498207,0.8895,0.11271121351766512,,0.10699999999999998,0.09114183307731695
10,PoolSize,9,91777,40,Our Eps-Fair,0.15,0.7905,0.20732526881720428,0.966,0.16373047875064,,0.1755,0.043594790066564276
10,PoolSize,9,91777,60,Our Eps-Fair,0.0,0.63525,0.15484991039426527,0.767,0.04166666666666666,,0.13175000000000003,0.11318324372759861
10,PoolSize,9,91777,60,Our Eps-Fair,0.05,0.714,0.20391705069124424,0.81725,0.06994847670250898,,0.10325000000000006,0.13396857398873527
10,PoolSize,9,91777,60,Our Eps-Fair,0.1,0.769,0.20391705069124424,0.8895,0.11271121351766512,,0.12049999999999994,0.09120583717357912
10,PoolSize,9,91777,60,Our Eps-Fair,0.15,0.818,0.202428955453149,0.966,0.16373047875064,,0.14800000000000002,0.038698476702509005
10,PoolSize,9,91777,80,Our Eps-Fair,0.0,0.6385,0.17999551971326166,0.767,0.04166666666666666,,0.12850000000000006,0.138328853046595
10,PoolSize,9,91777,80,Our Eps-Fair,0.05,0.743,0.17359511008704556,0.81725,0.06994847670250898,,0.07425000000000004,0.10364663338453659
10,PoolSize,9,91777,80,Our Eps-Fair,0.1,0.81325,0.18804403481822837,0.8895,0.11271121351766512,,0.07624999999999993,0.07533282130056325
10,PoolSize,9,91777,80,Our Eps-Fair,0.15,0.81975,0.18804403481822837,0.966,0.16373047875064,,0.14625,0.024313556067588366
10,PoolSize,9,91777,100,Our Eps-Fair,0.0,0.64375,0.084493407578085,0.767,0.04166666666666666,,0.12324999999999997,0.042826740911418346
10,PoolSize,9,91777,100,Our Eps-Fair,0.05,0.7415,0.06727630568356374,0.81725,0.06994847670250898,,0.07574999999999998,-0.0026721710189452352
10,PoolSize,9,91777,100,Our Eps-Fair,0.1,0.81,0.1870679723502304,0.8895,0.11271121351766512,,0.0794999999999999,0.07435675883256528
10,PoolSize,9,91777,100,Our Eps-Fair,0.15,0.834,0.19254032258064516,0.966,0.16373047875064,,0.132,0.02880984383000515
10,PoolSize,9,91777,120,Our Eps-Fair,0.0,0.66425,0.1270641321044547,0.767,0.04166666666666666,,0.10275000000000001,0.08539746543778803
10,PoolSize,9,91777,120,Our Eps-Fair,0.05,0.75525,0.0723166282642089,0.81725,0.06994847670250898,,0.062000000000000055,0.0023681515616999216
10,PoolSize,9,91777,120,Our Eps-Fair,0.1,0.832,0.18955613159242193,0.8895,0.11271121351766512,,0.057499999999999996,0.07684491807475681
10,PoolSize,9,91777,120,Our Eps-Fair,0.15,0.8415,0.19006016385048644,0.966,0.16373047875064,,0.12449999999999994,0.026329685099846428
10,PoolSize,9,91777,140,Our Eps-Fair,0.0,0.6645,0.1426651305683564,0.767,0.04166666666666666,,0.10250000000000004,0.10099846390168973
10,PoolSize,9,91777,140,Our Eps-Fair,0.05,0.76825,0.08341333845366103,0.81725,0.06994847670250898,,0.049000000000000044,0.013464861751152052
10,PoolSize,9,91777,140,Our Eps-Fair,0.1,0.82575,0.17309107782898103,0.8895,0.11271121351766512,,0.06374999999999997,0.06037986431131591
10,PoolSize,9,91777,140,Our Eps-Fair,0.15,0.85775,0.18305171530977982,0.966,0.16373047875064,,0.10824999999999996,0.01932123655913981
10,PoolSize,9,91777,160,Our Eps-Fair,0.0,0.70075,0.05604358678955451,0.767,0.04166666666666666,,0.06625000000000003,0.014376920122887854
10,PoolSize,9,91777,160,Our Eps-Fair,0.05,0.75875,0.061435931899641555,0.81725,0.06994847670250898,,0.058499999999999996,-0.008512544802867422
10,PoolSize,9,91777,160,Our Eps-Fair,0.1,0.827,0.14810547875064006,0.8895,0.11271121351766512,,0.0625,0.03539426523297494
10,PoolSize,9,91777,160,Our Eps-Fair,0.15,0.8605,0.18553187403993857,0.966,0.16373047875064,,0.10549999999999993,0.02180139528929856
10,PoolSize,9,91777,180,Our Eps-Fair,0.0,0.71775,0.05160330261136711,0.767,0.04166666666666666,,0.049250000000000016,0.009936635944700456
10,PoolSize,9,91777,180,Our Eps-Fair,0.05,0.78,0.07901305683563749,0.81725,0.06994847670250898,,0.037250000000000005,0.00906458013312851
10,PoolSize,9,91777,180,Our Eps-Fair,0.1,0.817,0.1012624807987711,0.8895,0.11271121351766512,,0.07250000000000001,-0.011448732718894017
10,PoolSize,9,91777,180,Our Eps-Fair,0.15,0.86925,0.18599590373783922,0.966,0.16373047875064,,0.09675,0.022265424987199217
10,PoolSize,9,91777,200,Our Eps-Fair,0.0,0.70625,0.056195596518177154,0.767,0.04166666666666666,,0.06074999999999997,0.014528929851510497
10,PoolSize,9,91777,200,Our Eps-Fair,0.05,0.77175,0.06482014848950335,0.81725,0.06994847670250898,,0.045499999999999985,-0.0051283282130056285
10,PoolSize,9,91777,200,Our Eps-Fair,0.1,0.825,0.1044546850998464,0.8895,0.11271121351766512,,0.0645,-0.008256528417818723
10,PoolSize,9,91777,200,Our Eps-Fair,0.15,0.871,0.16402649769585254,0.966,0.16373047875064,,0.09499999999999997,0.00029601894521252836
10,PoolSize,9,91777,220,Our Eps-Fair,0.0,0.70625,0.02916186635944701,0.767,0.04166666666666666,,0.06074999999999997,-0.012504800307219649
10,PoolSize,9,91777,220,Our Eps-Fair,0.05,0.75525,0.05818772401433692,0.81725,0.06994847670250898,,0.062000000000000055,-0.01176075268817206
10,PoolSize,9,91777,220,Our Eps-Fair,0.1,0.822,0.11895161290322581,0.8895,0.11271121351766512,,0.0675,0.006240399385560688
10,PoolSize,9,91777,220,Our Eps-Fair,0.15,0.87075,0.17701132872503839,0.966,0.16373047875064,,0.09524999999999995,0.013280849974398379
10,PoolSize,9,91777,240,Our Eps-Fair,0.0,0.68975,0.04974718381976448,0.767,0.04166666666666666,,0.07725000000000004,0.008080517153097821
10,PoolSize,9,91777,240,Our Eps-Fair,0.05,0.75825,0.05239535330261136,0.81725,0.06994847670250898,,0.05900000000000005,-0.01755312339989762
10,PoolSize,9,91777,240,Our Eps-Fair,0.1,0.81825,0.1054387480798771,0.8895,0.11271121351766512,,0.07124999999999992,-0.00727246543778802
10,PoolSize,9,91777,240,Our Eps-Fair,0.15,0.86975,0.17450716845878136,0.966,0.16373047875064,,0.09624999999999995,0.010776689708141357
10,PoolSize,9,91777,260,Our Eps-Fair,0.0,0.67625,0.07740495391705071,0.767,0.04166666666666666,,0.09075,0.035738287250384054
10,PoolSize,9,91777,260,Our Eps-Fair,0.05,0.75425,0.0615159370199693,0.81725,0.06994847670250898,,0.06300000000000006,-0.00843253968253968
10,PoolSize,9,91777,260,Our Eps-Fair,0.1,0.81575,0.10048643113159243,0.8895,0.11271121351766512,,0.07374999999999998,-0.012224782386072691
10,PoolSize,9,91777,260,Our Eps-Fair,0.15,0.87525,0.16501856118791602,0.966,0.16373047875064,,0.09075,0.001288082437276017
10,PoolSize,9,91777,280,Our Eps-Fair,0.0,0.689,0.0564836149513569,0.767,0.04166666666666666,,0.07800000000000007,0.01481694828469024
10,PoolSize,9,91777,280,Our Eps-Fair,0.05,0.7715,0.06749231950844853,0.81725,0.06994847670250898,,0.04575000000000007,-0.0024561571940604487
10,PoolSize,9,91777,280,Our Eps-Fair,0.1,0.8245,0.11051907322068613,0.8895,0.11271121351766512,,0.06499999999999995,-0.002192140296978992
10,PoolSize,9,91777,280,Our Eps-Fair,0.15,0.8755,0.17950748847926268,0.966,0.16373047875064,,0.09050000000000002,0.01577700972862267
10,PoolSize,9,91777,300,Our Eps-Fair,0.0,0.70975,0.02828181003584232,0.767,0.04166666666666666,,0.05725000000000002,-0.013384856630824338
10,PoolSize,9,91777,300,Our Eps-Fair,0.05,0.77275,0.06598822324628775,0.81725,0.06994847670250898,,0.044499999999999984,-0.003960253456221224
10,PoolSize,9,91777,300,Our Eps-Fair,0.1,0.83875,0.15208173323092677,0.8895,0.11271121351766512,,0.05074999999999996,0.03937051971326165
10,PoolSize,9,91777,300,Our Eps-Fair,0.15,0.8745,0.18301171274961597,0.966,0.16373047875064,,0.09149999999999991,0.019281233998975966
10,TrainingSize,10,101777,100,Unfair,,0.59625,0.21173916343200422,0.975,0.18429773739358302,,0.37875000000000003,0.0274414260384212
10,TrainingSize,10,101777,100,Our Eps-Fair,0.0,0.535,0.016245490529454364,0.73775,0.021875393713754854,,0.20274999999999999,-0.00562990318430049
10,TrainingSize,10,101777,100,Our Eps-Fair,0.05,0.56725,0.07393189763329658,0.816,0.06677134808341084,,0.24874999999999992,0.007160549549885736
10,TrainingSize,10,101777,100,Our Eps-Fair,0.1,0.5845,0.12102100199101751,0.8965,0.11921834090557858,,0.31199999999999994,0.0018026610854389308
10,TrainingSize,10,101777,100,Our Eps-Fair,0.15,0.59075,0.15685280471973093,0.964,0.16791899471775465,,0.37324999999999997,-0.011066189998023723
10,TrainingSize,10,101777,200,Unfair,,0.70975,0.1998646939671594,0.975,0.18429773739358302,,0.26525,0.015566956573576374
10,TrainingSize,10,101777,200,Our Eps-Fair,0.0,0.6195,0.013251575293348833,0.73775,0.021875393713754854,,0.11824999999999997,-0.008623818420406021
10,TrainingSize,10,101777,200,Our Eps-Fair,0.05,0.65775,0.06709120332950025,0.816,0.06677134808341084,,0.15825,0.00031985524608940663
10,TrainingSize,10,101777,200,Our Eps-Fair,0.1,0.68575,0.11596618701738365,0.8965,0.11921834090557858,,0.21075,-0.003252153888194928
10,TrainingSize,10,101777,200,Our Eps-Fair,0.15,0.70275,0.16366494499216144,0.964,0.16791899471775465,,0.26125,-0.004254049725593206
10,TrainingSize,10,101777,300,Unfair,,0.75525,0.18283246473138798,0.975,0.18429773739358302,,0.21975,-0.0014652726621950385
10,TrainingSize,10,101777,300,Our Eps-Fair,0.0,0.64925,0.012118180627292002,0.73775,0.021875393713754854,,0.08850000000000002,-0.009757213086462851
10,TrainingSize,10,101777,300,Our Eps-Fair,0.05,0.68925,0.06848559186119935,0.816,0.06677134808341084,,0.12674999999999992,0.0017142437777885045
10,TrainingSize,10,101777,300,Our Eps-Fair,0.1,0.72925,0.11853680126218838,0.8965,0.11921834090557858,,0.16725,-0.0006815396433901971
10,TrainingSize,10,101777,300,Our Eps-Fair,0.15,0.75025,0.1676296972947059,0.964,0.16791899471775465,,0.21375,-0.0002892974230487566
10,TrainingSize,10,101777,400,Unfair,,0.78075,0.1917460815227614,0.975,0.18429773739358302,,0.19424999999999992,0.007448344129178386
10,TrainingSize,10,101777,400,Our Eps-Fair,0.0,0.6765,0.03488400926653462,0.73775,0.021875393713754854,,0.06125000000000003,0.013008615552779768
10,TrainingSize,10,101777,400,Our Eps-Fair,0.05,0.7165,0.07432263700988195,0.816,0.06677134808341084,,0.09949999999999992,0.007551288926471111
10,TrainingSize,10,101777,400,Our Eps-Fair,0.1,0.749,0.11230751389316435,0.8965,0.11921834090557858,,0.14749999999999996,-0.006910827012414231
10,TrainingSize,10,101777,400,Our Eps-Fair,0.15,0.77475,0.1546483834034953,0.964,0.16791899471775465,,0.18924999999999992,-0.013270611314259356
10,TrainingSize,10,101777,500,Unfair,,0.7985,0.18146637975709537,0.975,0.18429773739358302,,0.1765,-0.002831357636487647
10,TrainingSize,10,101777,500,Our Eps-Fair,0.0,0.6755,0.014470131105584538,0.73775,0.021875393713754854,,0.06225000000000003,-0.0074052626081703155
10,TrainingSize,10,101777,500,Our Eps-Fair,0.05,0.73325,0.07227501239219913,0.816,0.06677134808341084,,0.08274999999999999,0.005503664308788292
10,TrainingSize,10,101777,500,Our Eps-Fair,0.1,0.76875,0.11738963052836732,0.8965,0.11921834090557858,,0.12774999999999992,-0.0018287103772112595
10,TrainingSize,10,101777,500,Our Eps-Fair,0.15,0.7935,0.168093324593462,0.964,0.16791899471775465,,0.17049999999999998,0.00017432987570734082
10,TrainingSize,10,101777,600,Unfair,,0.80825,0.16592998100655965,0.975,0.18429773739358302,,0.16674999999999995,-0.01836775638702337
10,TrainingSize,10,101777,600,Our Eps-Fair,0.0,0.6925,0.02207902904270606,0.73775,0.021875393713754854,,0.04525000000000001,0.00020363532895120717
10,TrainingSize,10,101777,600,Our Eps-Fair,0.05,0.735,0.062372524409313526,0.816,0.06677134808341084,,0.08099999999999996,-0.004398823674097316
10,TrainingSize,10,101777,600,Our Eps-Fair,0.1,0.774,0.1164453437016194,0.8965,0.11921834090557858,,0.12249999999999994,-0.002772997203959182
10,TrainingSize,10,101777,600,Our Eps-Fair,0.15,0.802,0.163186038781885,0.964,0.16791899471775465,,0.16199999999999992,-0.004732955935869643
10,TrainingSize,10,101777,700,Unfair,,0.8185,0.17381490124688442,0.975,0.18429773739358302,,0.15649999999999997,-0.010482836146698593
10,TrainingSize,10,101777,700,Our Eps-Fair,0.0,0.69625,0.025839394594421278,0.73775,0.021875393713754854,,0.04149999999999998,0.003964000880666424
10,TrainingSize,10,101777,700,Our Eps-Fair,0.05,0.74375,0.06613288996102876,0.816,0.06677134808341084,,0.07224999999999993,-0.0006384581223820851
10,TrainingSize,10,101777,700,Our Eps-Fair,0.1,0.79175,0.11866704772105016,0.8965,0.11921834090557858,,0.10475000000000001,-0.0005512931845284147
10,TrainingSize,10,101777,700,Our Eps-Fair,0.15,0.8165,0.1673679520071856,0.964,0.16791899471775465,,0.14749999999999996,-0.0005510427105690496
10,TrainingSize,10,101777,800,Unfair,,0.8255,0.17594944032846152,0.975,0.18429773739358302,,0.14949999999999997,-0.008348297065121496
10,TrainingSize,10,101777,800,Our Eps-Fair,0.0,0.7095,0.029702203995510518,0.73775,0.021875393713754854,,0.028249999999999997,0.007826810281755664
10,TrainingSize,10,101777,800,Our Eps-Fair,0.05,0.75575,0.07051843851528054,0.816,0.06677134808341084,,0.060249999999999915,0.0037470904318697013
10,TrainingSize,10,101777,800,Our Eps-Fair,0.1,0.7975,0.12174487173353778,0.8965,0.11921834090557858,,0.09899999999999998,0.0025265308279592003
10,TrainingSize,10,101777,800,Our Eps-Fair,0.15,0.823,0.17294375281626656,0.964,0.16791899471775465,,0.14100000000000001,0.005024758098511911
10,TrainingSize,10,101777,900,Unfair,,0.83475,0.1835723648073066,0.975,0.18429773739358302,,0.14024999999999999,-0.0007253725862764182
10,TrainingSize,10,101777,900,Our Eps-Fair,0.0,0.70675,0.022209525975527195,0.73775,0.021875393713754854,,0.031000000000000028,0.0003341322617723408
10,TrainingSize,10,101777,900,Our Eps-Fair,0.05,0.75925,0.07327690822959745,0.816,0.06677134808341084,,0.05674999999999997,0.006505560146186612
10,TrainingSize,10,101777,900,Our Eps-Fair,0.1,0.801,0.13016705861666739,0.8965,0.11921834090557858,,0.09549999999999992,0.01094871771108881
10,TrainingSize,10,101777,900,Our Eps-Fair,0.15,0.83425,0.17782248459647765,0.964,0.16791899471775465,,0.12974999999999992,0.009903489878722999
10,TrainingSize,10,101777,1000,Unfair,,0.84075,0.1748884326366567,0.975,0.18429773739358302,,0.13424999999999998,-0.009409304756926307
10,TrainingSize,10,101777,1000,Our Eps-Fair,0.0,0.717,0.025880472323754636,0.73775,0.021875393713754854,,0.020750000000000046,0.004005078609999782
10,TrainingSize,10,101777,1000,Our Eps-Fair,0.05,0.7715,0.07523711743546727,0.816,0.06677134808341084,,0.044499999999999984,0.008465769352056424
10,TrainingSize,10,101777,1000,Our Eps-Fair,0.1,0.81375,0.12250030119493613,0.8965,0.11921834090557858,,0.08274999999999999,0.0032819602893575522
10,TrainingSize,10,101777,1000,Our Eps-Fair,0.15,0.84125,0.16970512452187653,0.964,0.16791899471775465,,0.12274999999999991,0.0017861298041218776
10,TrainingSize,10,101777,1100,Unfair,,0.84525,0.18043567941437183,0.975,0.18429773739358302,,0.12975000000000003,-0.0038620579792111864
10,TrainingSize,10,101777,1100,Our Eps-Fair,0.0,0.71875,0.02482322174134005,0.73775,0.021875393713754854,,0.019000000000000017,0.0029478280275851976
10,TrainingSize,10,101777,1100,Our Eps-Fair,0.05,0.77425,0.08011584921567838,0.816,0.06677134808341084,,0.041749999999999954,0.013344501132267539
10,TrainingSize,10,101777,1100,Our Eps-Fair,0.1,0.81475,0.11570494267778203,0.8965,0.11921834090557858,,0.08174999999999999,-0.0035133982277965464
10,TrainingSize,10,101777,1100,Our Eps-Fair,0.15,0.84375,0.16828268290673024,0.964,0.16791899471775465,,0.12024999999999997,0.0003636881889755861
10,TrainingSize,10,101777,1200,Unfair,,0.85275,0.17741471299065653,0.975,0.18429773739358302,,0.12224999999999997,-0.006883024402926485
10,TrainingSize,10,101777,1200,Our Eps-Fair,0.0,0.73325,0.037731146762461254,0.73775,0.021875393713754854,,0.0045000000000000595,0.0158557530487064
10,TrainingSize,10,101777,1200,Our Eps-Fair,0.05,0.7765,0.07584677105252416,0.816,0.06677134808341084,,0.03949999999999998,0.009075422969113317
10,TrainingSize,10,101777,1200,Our Eps-Fair,0.1,0.81775,0.12223880638137515,0.8965,0.11921834090557858,,0.07874999999999999,0.0030204654757965688
10,TrainingSize,10,101777,1200,Our Eps-Fair,0.15,0.85125,0.17133170241389267,0.964,0.16791899471775465,,0.11275000000000002,0.003412707696138023
10,TrainingSize,10,101777,1300,Unfair,,0.85075,0.17880885104839633,0.975,0.18429773739358302,,0.12424999999999997,-0.005488886345186683
10,TrainingSize,10,101777,1300,Our Eps-Fair,0.0,0.7245,0.028655974267307316,0.73775,0.021875393713754854,,0.013249999999999984,0.006780580553552462
10,TrainingSize,10,101777,1300,Our Eps-Fair,0.05,0.78025,0.07501920509083312,0.816,0.06677134808341084,,0.03574999999999995,0.008247857007422282
10,TrainingSize,10,101777,1300,Our Eps-Fair,0.1,0.82675,0.12032217964443218,0.8965,0.11921834090557858,,0.06974999999999998,0.0011038387388535992
10,TrainingSize,10,101777,1300,Our Eps-Fair,0.15,0.85175,0.17220285084451054,0.964,0.16791899471775465,,0.11224999999999996,0.004283856126755886
10,TrainingSize,10,101777,1400,Unfair,,0.85925,0.1832089270922904,0.975,0.18429773739358302,,0.11575000000000002,-0.0010888103012926253
10,TrainingSize,10,101777,1400,Our Eps-Fair,0.0,0.73125,0.026142468085234266,0.73775,0.021875393713754854,,0.006500000000000061,0.004267074371479412
10,TrainingSize,10,101777,1400,Our Eps-Fair,0.05,0.784,0.08059475542595476,0.816,0.06677134808341084,,0.03199999999999992,0.01382340734254392
10,TrainingSize,10,101777,1400,Our Eps-Fair,0.1,0.82725,0.12650763407057003,0.8965,0.11921834090557858,,0.06924999999999992,0.007289293164991453
10,TrainingSize,10,101777,1400,Our Eps-Fair,0.15,0.85475,0.17869338255313616,0.964,0.16791899471775465,,0.10924999999999996,0.01077438783538151
10,TrainingSize,10,101777,1500,Unfair,,0.85625,0.19697422447626523,0.975,0.18429773739358302,,0.11875000000000002,0.012676487082682208
10,TrainingSize,10,101777,1500,Our Eps-Fair,0.0,0.72275,0.024168983759518953,0.73775,0.021875393713754854,,0.015000000000000013,0.002293590045764099
10,TrainingSize,10,101777,1500,Our Eps-Fair,0.05,0.78625,0.07541119683721523,0.816,0.06677134808341084,,0.029749999999999943,0.008639848753804386
10,TrainingSize,10,101777,1500,Our Eps-Fair,0.1,0.82775,0.12594131244848064,0.8965,0.11921834090557858,,0.06874999999999998,0.006722971542902065
10,TrainingSize,10,101777,1500,Our Eps-Fair,0.15,0.85375,0.1738582332418519,0.964,0.16791899471775465,,0.11024999999999996,0.005939238524097251
10,TrainingSize,10,101777,1600,Unfair,,0.8605,0.18355733636974564,0.975,0.18429773739358302,,0.11449999999999994,-0.0007404010238373782
10,TrainingSize,10,101777,1600,Our Eps-Fair,0.0,0.7255,0.018026861328348576,0.73775,0.021875393713754854,,0.012249999999999983,-0.003848532385406278
10,TrainingSize,10,101777,1600,Our Eps-Fair,0.05,0.7885,0.07088087433445939,0.816,0.06677134808341084,,0.02749999999999997,0.004109526251048545
10,TrainingSize,10,101777,1600,Our Eps-Fair,0.1,0.8295,0.12114974560612318,0.8965,0.11921834090557858,,0.06699999999999995,0.0019314047005446061
10,TrainingSize,10,101777,1600,Our Eps-Fair,0.15,0.856,0.17259484259089264,0.964,0.16791899471775465,,0.10799999999999998,0.004675847873137989
10,TrainingSize,10,101777,1700,Unfair,,0.86275,0.18782641453289983,0.975,0.18429773739358302,,0.11224999999999996,0.003528677139316816
10,TrainingSize,10,101777,1700,Our Eps-Fair,0.0,0.72475,0.022862010639632835,0.73775,0.021875393713754854,,0.013000000000000012,0.0009866169258779811
10,TrainingSize,10,101777,1700,Our Eps-Fair,0.05,0.78275,0.06953056921960579,0.816,0.06677134808341084,,0.03325,0.0027592211361949504
10,TrainingSize,10,101777,1700,Our Eps-Fair,0.1,0.83125,0.11927670133810703,0.8965,0.11921834090557858,,0.06524999999999992,5.836043252845091e-05
10,TrainingSize,10,101777,1700,Our Eps-Fair,0.15,0.861,0.16815168502599043,0.964,0.16791899471775465,,0.10299999999999998,0.00023269030823577785
10,TrainingSize,10,101777,1800,Unfair,,0.8675,0.19240006903062323,0.975,0.18429773739358302,,0.10749999999999993,0.008102331637040217
10,TrainingSize,10,101777,1800,Our Eps-Fair,0.0,0.7235,0.02177294986438086,0.73775,0.021875393713754854,,0.014249999999999985,-0.00010244384937399542
10,TrainingSize,10,101777,1800,Our Eps-Fair,0.05,0.778,0.0688768321857034,0.816,0.06677134808341084,,0.03799999999999992,0.002105484102292554
10,TrainingSize,10,101777,1800,Our Eps-Fair,0.1,0.83075,0.11557394479704221,0.8965,0.11921834090557858,,0.06574999999999998,-0.0036443961085363685
10,TrainingSize,10,101777,1800,Our Eps-Fair,0.15,0.861,0.16314220583899885,0.964,0.16791899471775465,,0.10299999999999998,-0.004776788878755794
10,TrainingSize,10,101777,1900,Unfair,,0.86725,0.19854219146179358,0.975,0.18429773739358302,,0.10775000000000001,0.014244454068210566
10,TrainingSize,10,101777,1900,Our Eps-Fair,0.0,0.71325,0.014034055942356932,0.73775,0.021875393713754854,,0.024499999999999966,-0.007841337771397922
10,TrainingSize,10,101777,1900,Our Eps-Fair,0.05,0.776,0.07257933825280888,0.816,0.06677134808341084,,0.039999999999999925,0.005807990169398036
10,TrainingSize,10,101777,1900,Our Eps-Fair,0.1,0.8305,0.11535603245240807,0.8965,0.11921834090557858,,0.06599999999999995,-0.00386230845317051
10,TrainingSize,10,101777,1900,Our Eps-Fair,0.15,0.86125,0.17163652922242115,0.964,0.16791899471775465,,0.10275000000000001,0.0037175345046664976
10,TrainingSize,10,101777,2000,Unfair,,0.87175,0.19836786158608627,0.975,0.18429773739358302,,0.10324999999999995,0.014070124192503253
10,TrainingSize,10,101777,2000,Our Eps-Fair,0.0,0.71975,0.020785831990584175,0.73775,0.021875393713754854,,0.018000000000000016,-0.001089561723170679
10,TrainingSize,10,101777,2000,Our Eps-Fair,0.05,0.78,0.07379914643484134,0.816,0.06677134808341084,,0.03599999999999992,0.007027798351430498
10,TrainingSize,10,101777,2000,Our Eps-Fair,0.1,0.829,0.12097516525645653,0.8965,0.11921834090557858,,0.0675,0.0017568243508779557
10,TrainingSize,10,101777,2000,Our Eps-Fair,0.15,0.8655,0.1709830426624781,0.964,0.16791899471775465,,0.09849999999999992,0.0030640479447234525
10,PoolSize,10,101777,20,Our Eps-Fair,0.0,0.775,0.18875542244812743,0.73775,0.021875393713754854,,-0.037250000000000005,0.16688002873437258
10,PoolSize,10,101777,20,Our Eps-Fair,0.05,0.82375,0.1903236399076152,0.816,0.06677134808341084,,-0.007750000000000035,0.12355229182420435
10,PoolSize,10,101777,20,Our Eps-Fair,0.1,0.82625,0.1918918573671029,0.8965,0.11921834090557858,,0.07024999999999992,0.07267351646152433
10,PoolSize,10,101777,20,Our Eps-Fair,0.15,0.8465,0.1890026402460055,0.964,0.16791899471775465,,0.11749999999999994,0.021083645528250844
10,PoolSize,10,101777,40,Our Eps-Fair,0.0,0.764,0.15678167011527563,0.73775,0.021875393713754854,,-0.026249999999999996,0.13490627640152078
10,PoolSize,10,101777,40,Our Eps-Fair,0.05,0.8185,0.19772915298974486,0.816,0.06677134808341084,,-0.0025000000000000577,0.13095780490633402
10,PoolSize,10,101777,40,Our Eps-Fair,0.1,0.82075,0.2023030579614275,0.8965,0.11921834090557858,,0.07574999999999998,0.08308471705584893
10,PoolSize,10,101777,40,Our Eps-Fair,0.15,0.83825,0.20535257841650867,0.964,0.16791899471775465,,0.12574999999999992,0.03743358369875402
10,PoolSize,10,101777,60,Our Eps-Fair,0.0,0.72925,0.17969477744261578,0.73775,0.021875393713754854,,0.008500000000000063,0.15781938372886092
10,PoolSize,10,101777,60,Our Eps-Fair,0.05,0.78675,0.19511545722393198,0.816,0.06677134808341084,,0.029249999999999998,0.12834410914052113
10,PoolSize,10,101777,60,Our Eps-Fair,0.1,0.8075,0.19973294466454145,0.8965,0.11921834090557858,,0.08899999999999997,0.08051460375896287
10,PoolSize,10,101777,60,Our Eps-Fair,0.15,0.8315,0.20391485788984204,0.964,0.16791899471775465,,0.13249999999999995,0.03599586317208739
10,PoolSize,10,101777,80,Our Eps-Fair,0.0,0.71525,0.15726082679951137,0.73775,0.021875393713754854,,0.022499999999999964,0.1353854330857565
10,PoolSize,10,101777,80,Our Eps-Fair,0.05,0.7865,0.19367798717122472,0.816,0.06677134808341084,,0.02949999999999997,0.12690663908781388
10,PoolSize,10,101777,80,Our Eps-Fair,0.1,0.81875,0.19424430879331417,0.8965,0.11921834090557858,,0.07774999999999999,0.07502596788773559
10,PoolSize,10,101777,80,Our Eps-Fair,0.15,0.8265,0.1937651521090784,0.964,0.16791899471775465,,0.13749999999999996,0.02584615739132376
10,PoolSize,10,101777,100,Our Eps-Fair,0.0,0.71,0.15869829685221862,0.73775,0.021875393713754854,,0.027750000000000052,0.13682290313846376
10,PoolSize,10,101777,100,Our Eps-Fair,0.05,0.77925,0.19136911821394031,0.816,0.06677134808341084,,0.03674999999999995,0.12459777013052947
10,PoolSize,10,101777,100,Our Eps-Fair,0.1,0.81775,0.19250176145811915,0.8965,0.11921834090557858,,0.07874999999999999,0.07328342055254057
10,PoolSize,10,101777,100,Our Eps-Fair,0.15,0.84425,0.19772915298974486,0.964,0.16791899471775465,,0.11975000000000002,0.02981015827199021
10,PoolSize,10,101777,120,Our Eps-Fair,0.0,0.723,0.07249092094515847,0.73775,0.021875393713754854,,0.01475000000000004,0.05061552723140361
10,PoolSize,10,101777,120,Our Eps-Fair,0.05,0.7875,0.12363194254327751,0.816,0.06677134808341084,,0.02849999999999997,0.05686059445986667
10,PoolSize,10,101777,120,Our Eps-Fair,0.1,0.8225,0.18331036904582698,0.8965,0.11921834090557858,,0.07399999999999995,0.0640920281402484
10,PoolSize,10,101777,120,Our Eps-Fair,0.15,0.84725,0.19511545722393198,0.964,0.16791899471775465,,0.11675000000000002,0.027196462506177327
10,PoolSize,10,101777,140,Our Eps-Fair,0.0,0.73725,0.08667776600271865,0.73775,0.021875393713754854,,0.000500000000000056,0.0648023722889638
10,PoolSize,10,101777,140,Our Eps-Fair,0.05,0.797,0.12520016000276524,0.816,0.06677134808341084,,0.018999999999999906,0.058428811919354395
10,PoolSize,10,101777,140,Our Eps-Fair,0.1,0.83275,0.15530061759364155,0.8965,0.11921834090557858,,0.06374999999999997,0.03608227668806298
10,PoolSize,10,101777,140,Our Eps-Fair,0.15,0.85475,0.1859240648116398,0.964,0.16791899471775465,,0.10924999999999996,0.01800507009388516
10,PoolSize,10,101777,160,Our Eps-Fair,0.0,0.71725,0.10266476740612424,0.73775,0.021875393713754854,,0.020499999999999963,0.08078937369236938
10,PoolSize,10,101777,160,Our Eps-Fair,0.05,0.7795,0.12623136129340745,0.816,0.06677134808341084,,0.03649999999999998,0.05946001320999661
10,PoolSize,10,101777,160,Our Eps-Fair,0.1,0.82975,0.1876082517143064,0.8965,0.11921834090557858,,0.06674999999999998,0.06838991080872782
10,PoolSize,10,101777,160,Our Eps-Fair,0.15,0.85125,0.1965819822559238,0.964,0.16791899471775465,,0.11275000000000002,0.02866298753816915
10,PoolSize,10,101777,180,Our Eps-Fair,0.0,0.6995,0.09946020357020574,0.73775,0.021875393713754854,,0.038250000000000006,0.07758480985645089
10,PoolSize,10,101777,180,Our Eps-Fair,0.05,0.77075,0.10749991671740851,0.816,0.06677134808341084,,0.0452499999999999,0.04072856863399767
10,PoolSize,10,101777,180,Our Eps-Fair,0.1,0.82175,0.16931288230153507,0.8965,0.11921834090557858,,0.07474999999999998,0.050094541395956496
10,PoolSize,10,101777,180,Our Eps-Fair,0.15,0.852,0.19096259897791595,0.964,0.16791899471775465,,0.11199999999999999,0.023043604260161304
10,PoolSize,10,101777,200,Our Eps-Fair,0.0,0.72575,0.09007544526129568,0.73775,0.021875393713754854,,0.01200000000000001,0.06820005154754083
10,PoolSize,10,101777,200,Our Eps-Fair,0.05,0.7705,0.11381636902428621,0.816,0.06677134808341084,,0.045499999999999985,0.04704502094087537
10,PoolSize,10,101777,200,Our Eps-Fair,0.1,0.82225,0.17471435323490875,0.8965,0.11921834090557858,,0.07424999999999993,0.05549601232933017
10,PoolSize,10,101777,200,Our Eps-Fair,0.15,0.86075,0.17545475425874607,0.964,0.16791899471775465,,0.10324999999999995,0.007535759540991421
10,PoolSize,10,101777,220,Our Eps-Fair,0.0,0.727,0.09099017616084035,0.73775,0.021875393713754854,,0.010750000000000037,0.0691147824470855
10,PoolSize,10,101777,220,Our Eps-Fair,0.05,0.7885,0.13054377145152918,0.816,0.06677134808341084,,0.02749999999999997,0.06377242336811834
10,PoolSize,10,101777,220,Our Eps-Fair,0.1,0.82275,0.1751935099191445,0.8965,0.11921834090557858,,0.07374999999999998,0.05597516901356593
10,PoolSize,10,101777,220,Our Eps-Fair,0.15,0.86075,0.17497559757451037,0.964,0.16791899471775465,,0.10324999999999995,0.007056602856755717
10,PoolSize,10,101777,240,Our Eps-Fair,0.0,0.737,0.09290680289778333,0.73775,0.021875393713754854,,0.0007500000000000284,0.07103140918402848
10,PoolSize,10,101777,240,Our Eps-Fair,0.05,0.79825,0.13054377145152918,0.816,0.06677134808341084,,0.017749999999999932,0.06377242336811834
10,PoolSize,10,101777,240,Our Eps-Fair,0.1,0.83025,0.1821196158430791,0.8965,0.11921834090557858,,0.06624999999999992,0.06290127493750051
10,PoolSize,10,101777,240,Our Eps-Fair,0.15,0.861,0.1873470073747048,0.964,0.16791899471775465,,0.10299999999999998,0.019428012656950155
10,PoolSize,10,101777,260,Our Eps-Fair,0.0,0.73975,0.07208465218309346,0.73775,0.021875393713754854,,-0.0020000000000000018,0.0502092584693386
10,PoolSize,10,101777,260,Our Eps-Fair,0.05,0.79575,0.11165277496342453,0.816,0.06677134808341084,,0.02024999999999999,0.04488142688001369
10,PoolSize,10,101777,260,Our Eps-Fair,0.1,0.8285,0.1751935099191445,0.8965,0.11921834090557858,,0.06799999999999995,0.05597516901356593
10,PoolSize,10,101777,260,Our Eps-Fair,0.15,0.85875,0.18839248568102995,0.964,0.16791899471775465,,0.10524999999999995,0.020473490963275304
10,PoolSize,10,101777,280,Our Eps-Fair,0.0,0.738,0.07016802544615047,0.73775,0.021875393713754854,,-0.00024999999999997247,0.04829263173239562
10,PoolSize,10,101777,280,Our Eps-Fair,0.05,0.79375,0.1220930305370337,0.816,0.06677134808341084,,0.022249999999999992,0.05532168245362286
10,PoolSize,10,101777,280,Our Eps-Fair,0.1,0.82775,0.16926929983260824,0.8965,0.11921834090557858,,0.06874999999999998,0.05005095892702967
10,PoolSize,10,101777,280,Our Eps-Fair,0.15,0.864,0.18233727771375385,0.964,0.16791899471775465,,0.09999999999999998,0.014418282995999204
10,PoolSize,10,101777,300,Our Eps-Fair,0.0,0.73925,0.07208465218309346,0.73775,0.021875393713754854,,-0.0014999999999999458,0.0502092584693386
10,PoolSize,10,101777,300,Our Eps-Fair,0.05,0.79475,0.10606244666470128,0.816,0.06677134808341084,,0.02124999999999999,0.03929109858129044
10,PoolSize,10,101777,300,Our Eps-Fair,0.1,0.83225,0.16269160318612894,0.8965,0.11921834090557858,,0.06424999999999992,0.04347326228055036
10,PoolSize,10,101777,300,Our Eps-Fair,0.15,0.862,0.18882805989633883,0.964,0.16791899471775465,,0.10199999999999998,0.02090906517858418
10,TrainingSize,11,111777,100,Unfair,,0.648,0.1752635675369702,0.979,0.18377983613021076,,0.33099999999999996,-0.008516268593240561
10,TrainingSize,11,111777,100,Our Eps-Fair,0.0,0.57875,0.01962227090994964,0.72875,0.04873889868560638,,0.15000000000000002,-0.02911662777565674
10,TrainingSize,11,111777,100,Our Eps-Fair,0.05,0.6085,0.0715364561651689,0.81575,0.07349988336447365,,0.20724999999999993,-0.001963427199304743
10,TrainingSize,11,111777,100,Our Eps-Fair,0.1,0.62975,0.09093845719576192,0.8895,0.11313571049787244,,0.2597499999999999,-0.022197253302110517
10,TrainingSize,11,111777,100,Our Eps-Fair,0.15,0.64425,0.14826113056703366,0.96475,0.16899425173121874,,0.3205,-0.020733121164185075
10,TrainingSize,11,111777,200,Unfair,,0.726,0.19688401878269512,0.979,0.18377983613021076,,0.253,0.013104182652484364
10,TrainingSize,11,111777,200,Our Eps-Fair,0.0,0.63325,0.013208192039331546,0.72875,0.04873889868560638,,0.09550000000000003,-0.035530706646274834
10,TrainingSize,11,111777,200,Our Eps-Fair,0.05,0.66725,0.057347925650289955,0.81575,0.07349988336447365,,0.14849999999999997,-0.016151957714183693
10,TrainingSize,11,111777,200,Our Eps-Fair,0.1,0.69825,0.10860080122231033,0.8895,0.11313571049787244,,0.19124999999999992,-0.0045349092755621045
10,TrainingSize,11,111777,200,Our Eps-Fair,0.15,0.723,0.15203347102075965,0.96475,0.16899425173121874,,0.24175000000000002,-0.01696078071045909
10,TrainingSize,11,111777,300,Unfair,,0.74325,0.1714367221641753,0.979,0.18377983613021076,,0.23575000000000002,-0.012343113966035463
10,TrainingSize,11,111777,300,Our Eps-Fair,0.0,0.6405,0.017687596305566572,0.72875,0.04873889868560638,,0.08825000000000005,-0.031051302380039808
10,TrainingSize,11,111777,300,Our Eps-Fair,0.05,0.68225,0.06740308312825233,0.81575,0.07349988336447365,,0.13349999999999995,-0.00609680023622132
10,TrainingSize,11,111777,300,Our Eps-Fair,0.1,0.722,0.10497772423961263,0.8895,0.11313571049787244,,0.16749999999999998,-0.008157986258259808
10,TrainingSize,11,111777,300,Our Eps-Fair,0.15,0.742,0.14684300258098293,0.96475,0.16899425173121874,,0.22275,-0.022151249150235808
10,TrainingSize,11,111777,400,Unfair,,0.77725,0.1548722272185065,0.979,0.18377983613021076,,0.20174999999999998,-0.02890760891170427
10,TrainingSize,11,111777,400,Our Eps-Fair,0.0,0.658,0.03587773796585142,0.72875,0.04873889868560638,,0.07074999999999998,-0.01286116071975496
10,TrainingSize,11,111777,400,Our Eps-Fair,0.05,0.71,0.06072673058743552,0.81575,0.07349988336447365,,0.10575000000000001,-0.012773152777038124
10,TrainingSize,11,111777,400,Our Eps-Fair,0.1,0.7455,0.10131639380454087,0.8895,0.11313571049787244,,0.1439999999999999,-0.011819316693331569
10,TrainingSize,11,111777,400,Our Eps-Fair,0.15,0.776,0.1429008968059367,0.96475,0.16899425173121874,,0.18874999999999997,-0.02609335492528203
10,TrainingSize,11,111777,500,Unfair,,0.8025,0.17169049506717982,0.979,0.18377983613021076,,0.1765,-0.012089341063030945
10,TrainingSize,11,111777,500,Our Eps-Fair,0.0,0.6755,0.032052392728443735,0.72875,0.04873889868560638,,0.05325000000000002,-0.016686505957162645
10,TrainingSize,11,111777,500,Our Eps-Fair,0.05,0.72675,0.06282717015210623,0.81575,0.07349988336447365,,0.08899999999999997,-0.010672713212367416
10,TrainingSize,11,111777,500,Our Eps-Fair,0.1,0.764,0.11370301169680563,0.8895,0.11313571049787244,,0.12549999999999994,0.0005673011989331955
10,TrainingSize,11,111777,500,Our Eps-Fair,0.15,0.796,0.15464970713606901,0.96475,0.16899425173121874,,0.16874999999999996,-0.014344544595149722
10,TrainingSize,11,111777,600,Unfair,,0.8115,0.17113819522211882,0.979,0.18377983613021076,,0.16749999999999998,-0.012641640908091945
10,TrainingSize,11,111777,600,Our Eps-Fair,0.0,0.6745,0.042005791022639793,0.72875,0.04873889868560638,,0.05425000000000002,-0.0067331076629665865
10,TrainingSize,11,111777,600,Our Eps-Fair,0.05,0.736,0.0626699059590128,0.81575,0.07349988336447365,,0.07974999999999999,-0.01082997740546085
10,TrainingSize,11,111777,600,Our Eps-Fair,0.1,0.77825,0.09846813674934164,0.8895,0.11313571049787244,,0.11124999999999996,-0.014667573748530796
10,TrainingSize,11,111777,600,Our Eps-Fair,0.15,0.81025,0.1461726920854607,0.96475,0.16899425173121874,,0.15449999999999997,-0.02282155964575805
10,TrainingSize,11,111777,700,Unfair,,0.82525,0.17357666529404278,0.979,0.18377983613021076,,0.15374999999999994,-0.01020317083616798
10,TrainingSize,11,111777,700,Our Eps-Fair,0.0,0.6925,0.021790966634738784,0.72875,0.04873889868560638,,0.036250000000000004,-0.026947932050867596
10,TrainingSize,11,111777,700,Our Eps-Fair,0.05,0.7495,0.05998841395435939,0.81575,0.07349988336447365,,0.06624999999999992,-0.01351146941011426
10,TrainingSize,11,111777,700,Our Eps-Fair,0.1,0.7915,0.1100974362936255,0.8895,0.11313571049787244,,0.09799999999999998,-0.0030382742042469324
10,TrainingSize,11,111777,700,Our Eps-Fair,0.15,0.822,0.14875367501917047,0.96475,0.16899425173121874,,0.14275000000000004,-0.020240576712048264
10,TrainingSize,11,111777,800,Unfair,,0.8315,0.16227039490314,0.979,0.18377983613021076,,0.14749999999999996,-0.02150944122707077
10,TrainingSize,11,111777,800,Our Eps-Fair,0.0,0.7,0.01776335314262112,0.72875,0.04873889868560638,,0.028750000000000053,-0.03097554554298526
10,TrainingSize,11,111777,800,Our Eps-Fair,0.05,0.75275,0.05944561496675074,0.81575,0.07349988336447365,,0.06299999999999994,-0.014054268397722905
10,TrainingSize,11,111777,800,Our Eps-Fair,0.1,0.80175,0.11059273099397221,0.8895,0.11313571049787244,,0.08775,-0.002542979503900228
10,TrainingSize,11,111777,800,Our Eps-Fair,0.15,0.83175,0.1575359676210778,0.96475,0.16899425173121874,,0.133,-0.011458284110140937
10,TrainingSize,11,111777,900,Unfair,,0.842,0.17381693697856235,0.979,0.18377983613021076,,0.137,-0.009962899151648413
10,TrainingSize,11,111777,900,Our Eps-Fair,0.0,0.69625,0.022716300146088192,0.72875,0.04873889868560638,,0.03249999999999997,-0.026022598539518188
10,TrainingSize,11,111777,900,Our Eps-Fair,0.05,0.75625,0.0649183588818891,0.81575,0.07349988336447365,,0.0595,-0.008581524482584549
10,TrainingSize,11,111777,900,Our Eps-Fair,0.1,0.80425,0.1079792451268727,0.8895,0.11313571049787244,,0.08524999999999994,-0.005156465370999744
10,TrainingSize,11,111777,900,Our Eps-Fair,0.15,0.84,0.15854555873667597,0.96475,0.16899425173121874,,0.12475000000000003,-0.010448692994542763
10,TrainingSize,11,111777,1000,Unfair,,0.83825,0.16482562551270252,0.979,0.18377983613021076,,0.14074999999999993,-0.018954210617508238
10,TrainingSize,11,111777,1000,Our Eps-Fair,0.0,0.69275,0.02382365008442014,0.72875,0.04873889868560638,,0.03600000000000003,-0.02491524860118624
10,TrainingSize,11,111777,1000,Our Eps-Fair,0.05,0.7455,0.04593564569202371,0.81575,0.07349988336447365,,0.07024999999999992,-0.027564237672449934
10,TrainingSize,11,111777,1000,Our Eps-Fair,0.1,0.79425,0.09853464275150833,0.8895,0.11313571049787244,,0.09524999999999995,-0.014601067746364105
10,TrainingSize,11,111777,1000,Our Eps-Fair,0.15,0.83675,0.15262502440845288,0.96475,0.16899425173121874,,0.128,-0.016369227322765856
10,TrainingSize,11,111777,1100,Unfair,,0.8535,0.16435883338471297,0.979,0.18377983613021076,,0.12549999999999994,-0.019421002745497795
10,TrainingSize,11,111777,1100,Our Eps-Fair,0.0,0.7025,0.027347718131561394,0.72875,0.04873889868560638,,0.026249999999999996,-0.021391180554044986
10,TrainingSize,11,111777,1100,Our Eps-Fair,0.05,0.75725,0.05658785705409913,0.81575,0.07349988336447365,,0.058499999999999996,-0.016912026310374514
10,TrainingSize,11,111777,1100,Our Eps-Fair,0.1,0.80625,0.09489256405390586,0.8895,0.11313571049787244,,0.08324999999999994,-0.018243146443966574
10,TrainingSize,11,111777,1100,Our Eps-Fair,0.15,0.8475,0.1545451977040928,0.96475,0.16899425173121874,,0.11724999999999997,-0.01444905402712593
10,TrainingSize,11,111777,1200,Unfair,,0.85725,0.18327504057241167,0.979,0.18377983613021076,,0.12175000000000002,-0.000504795557799087
10,TrainingSize,11,111777,1200,Our Eps-Fair,0.0,0.70075,0.02440045214080569,0.72875,0.04873889868560638,,0.028000000000000025,-0.02433844654480069
10,TrainingSize,11,111777,1200,Our Eps-Fair,0.05,0.7625,0.05286027063942522,0.81575,0.07349988336447365,,0.05325000000000002,-0.020639612725048426
10,TrainingSize,11,111777,1200,Our Eps-Fair,0.1,0.8175,0.10035980747262442,0.8895,0.11313571049787244,,0.07199999999999995,-0.012775903025248017
10,TrainingSize,11,111777,1200,Our Eps-Fair,0.15,0.85425,0.15528201420178173,0.96475,0.16899425173121874,,0.11050000000000004,-0.01371223752943701
10,TrainingSize,11,111777,1300,Unfair,,0.86925,0.17274083986079744,0.979,0.18377983613021076,,0.10975000000000001,-0.01103899626941332
10,TrainingSize,11,111777,1300,Our Eps-Fair,0.0,0.71525,0.018999714724253852,0.72875,0.04873889868560638,,0.013499999999999956,-0.029739183961352528
10,TrainingSize,11,111777,1300,Our Eps-Fair,0.05,0.77675,0.05894631990537144,0.81575,0.07349988336447365,,0.038999999999999924,-0.014553563459102206
10,TrainingSize,11,111777,1300,Our Eps-Fair,0.1,0.8225,0.1064743593109278,0.8895,0.11313571049787244,,0.06699999999999995,-0.006661351186944636
10,TrainingSize,11,111777,1300,Our Eps-Fair,0.15,0.86275,0.1582347806889572,0.96475,0.16899425173121874,,0.10199999999999998,-0.010759471042261548
10,TrainingSize,11,111777,1400,Unfair,,0.87275,0.17427422824909947,0.979,0.18377983613021076,,0.10624999999999996,-0.009505607881111294
10,TrainingSize,11,111777,1400,Our Eps-Fair,0.0,0.7145,0.02629062272870128,0.72875,0.04873889868560638,,0.014249999999999985,-0.0224482759569051
10,TrainingSize,11,111777,1400,Our Eps-Fair,0.05,0.76975,0.05291727578413952,0.81575,0.07349988336447365,,0.04599999999999993,-0.02058260758033413
10,TrainingSize,11,111777,1400,Our Eps-Fair,0.1,0.82725,0.10996042392825954,0.8895,0.11313571049787244,,0.062249999999999917,-0.003175286569612898
10,TrainingSize,11,111777,1400,Our Eps-Fair,0.15,0.86975,0.16700357207237954,0.96475,0.16899425173121874,,0.09499999999999997,-0.0019906796588392006
10,TrainingSize,11,111777,1500,Unfair,,0.87425,0.180770064498321,0.979,0.18377983613021076,,0.10475000000000001,-0.003009771631889757
10,TrainingSize,11,111777,1500,Our Eps-Fair,0.0,0.71025,0.03282446240773229,0.72875,0.04873889868560638,,0.01849999999999996,-0.01591443627787409
10,TrainingSize,11,111777,1500,Our Eps-Fair,0.05,0.78475,0.05790822621741615,0.81575,0.07349988336447365,,0.031000000000000028,-0.0155916571470575
10,TrainingSize,11,111777,1500,Our Eps-Fair,0.1,0.82925,0.10702665915598883,0.8895,0.11313571049787244,,0.060249999999999915,-0.006109051341883609
10,TrainingSize,11,111777,1500,Our Eps-Fair,0.15,0.86875,0.1630982196143202,0.96475,0.16899425173121874,,0.09599999999999997,-0.005896032116898542
10,TrainingSize,11,111777,1600,Unfair,,0.8725,0.1772649981660845,0.979,0.18377983613021076,,0.10649999999999993,-0.006514837964126274
10,TrainingSize,11,111777,1600,Our Eps-Fair,0.0,0.709,0.037386624142828895,0.72875,0.04873889868560638,,0.019750000000000045,-0.011352274542777485
10,TrainingSize,11,111777,1600,Our Eps-Fair,0.05,0.77375,0.0554317527156826,0.81575,0.07349988336447365,,0.041999999999999926,-0.01806813064879105
10,TrainingSize,11,111777,1600,Our Eps-Fair,0.1,0.826,0.10746494871162121,0.8895,0.11313571049787244,,0.0635,-0.005670761786251227
10,TrainingSize,11,111777,1600,Our Eps-Fair,0.15,0.86675,0.16506989755825463,0.96475,0.16899425173121874,,0.09799999999999998,-0.003924354172964106
10,TrainingSize,11,111777,1700,Unfair,,0.87175,0.17054664183442556,0.979,0.18377983613021076,,0.10724999999999996,-0.013233194295785206
10,TrainingSize,11,111777,1700,Our Eps-Fair,0.0,0.71225,0.02129567193439208,0.72875,0.04873889868560638,,0.01649999999999996,-0.0274432267512143
10,TrainingSize,11,111777,1700,Our Eps-Fair,0.05,0.77775,0.056130565783561986,0.81575,0.07349988336447365,,0.03799999999999992,-0.01736931758091166
10,TrainingSize,11,111777,1700,Our Eps-Fair,0.1,0.83125,0.10848404068467178,0.8895,0.11313571049787244,,0.05824999999999991,-0.004651669813200657
10,TrainingSize,11,111777,1700,Our Eps-Fair,0.15,0.863,0.15711667978035015,0.96475,0.16899425173121874,,0.10175000000000001,-0.011877571950868582
10,TrainingSize,11,111777,1800,Unfair,,0.87675,0.17896665174031956,0.979,0.18377983613021076,,0.10224999999999995,-0.004813184389891201
10,TrainingSize,11,111777,1800,Our Eps-Fair,0.0,0.71225,0.01931449313300526,0.72875,0.04873889868560638,,0.01649999999999996,-0.02942440555260112
10,TrainingSize,11,111777,1800,Our Eps-Fair,0.05,0.77675,0.05888931476065715,0.81575,0.07349988336447365,,0.038999999999999924,-0.014610568603816501
10,TrainingSize,11,111777,1800,Our Eps-Fair,0.1,0.82775,0.10366810604657072,0.8895,0.11313571049787244,,0.06174999999999997,-0.009467604451301723
10,TrainingSize,11,111777,1800,Our Eps-Fair,0.15,0.87025,0.16497488898373078,0.96475,0.16899425173121874,,0.09450000000000003,-0.004019362747487959
10,TrainingSize,11,111777,1900,Unfair,,0.8785,0.17773179029407404,0.979,0.18377983613021076,,0.10050000000000003,-0.006048045836136717
10,TrainingSize,11,111777,1900,Our Eps-Fair,0.0,0.71225,0.029328896932948212,0.72875,0.04873889868560638,,0.01649999999999996,-0.019410001752658168
10,TrainingSize,11,111777,1900,Our Eps-Fair,0.05,0.77575,0.061559805772470944,0.81575,0.07349988336447365,,0.039999999999999925,-0.011940077592002704
10,TrainingSize,11,111777,1900,Our Eps-Fair,0.1,0.8365,0.12023135087941686,0.8895,0.11313571049787244,,0.052999999999999936,0.007095640381544421
10,TrainingSize,11,111777,1900,Our Eps-Fair,0.15,0.871,0.16723559301226934,0.96475,0.16899425173121874,,0.09375,-0.0017586587189493963
10,TrainingSize,11,111777,2000,Unfair,,0.87525,0.1730041136212543,0.979,0.18377983613021076,,0.10375000000000001,-0.010775722508956448
10,TrainingSize,11,111777,2000,Our Eps-Fair,0.0,0.71425,0.015299130746549872,0.72875,0.04873889868560638,,0.014499999999999957,-0.03343976793905651
10,TrainingSize,11,111777,2000,Our Eps-Fair,0.05,0.778,0.05636533697166171,0.81575,0.07349988336447365,,0.03774999999999995,-0.017134546392811936
10,TrainingSize,11,111777,2000,Our Eps-Fair,0.1,0.83425,0.11188459758493204,0.8895,0.11313571049787244,,0.05524999999999991,-0.0012511129129404025
10,TrainingSize,11,111777,2000,Our Eps-Fair,0.15,0.872,0.16147932350894667,0.96475,0.16899425173121874,,0.09275,-0.007514928222272066
10,PoolSize,11,111777,20,Our Eps-Fair,0.0,0.6335,0.2936765043045135,0.72875,0.04873889868560638,,0.09525000000000006,0.2449376056189071
10,PoolSize,11,111777,20,Our Eps-Fair,0.05,0.66175,0.2698656053708847,0.81575,0.07349988336447365,,0.15400000000000003,0.19636572200641106
10,PoolSize,11,111777,20,Our Eps-Fair,0.1,0.69,0.23760019341745592,0.8895,0.11313571049787244,,0.1995,0.12446448291958348
10,PoolSize,11,111777,20,Our Eps-Fair,0.15,0.6905,0.23760019341745592,0.96475,0.16899425173121874,,0.27425,0.06860594168623718
10,PoolSize,11,111777,40,Our Eps-Fair,0.0,0.695,0.16594647666951942,0.72875,0.04873889868560638,,0.03375000000000006,0.11720757798391304
10,PoolSize,11,111777,40,Our Eps-Fair,0.05,0.71675,0.2432492032405925,0.81575,0.07349988336447365,,0.09899999999999998,0.16974931987611885
10,PoolSize,11,111777,40,Our Eps-Fair,0.1,0.7335,0.2452398828994317,0.8895,0.11313571049787244,,0.15599999999999992,0.13210417240155925
10,PoolSize,11,111777,40,Our Eps-Fair,0.15,0.7715,0.22277110509223458,0.96475,0.16899425173121874,,0.19325000000000003,0.05377685336101584
10,PoolSize,11,111777,60,Our Eps-Fair,0.0,0.7025,0.1126224141728791,0.72875,0.04873889868560638,,0.026249999999999996,0.06388351548727272
10,PoolSize,11,111777,60,Our Eps-Fair,0.05,0.73525,0.19426378230635316,0.81575,0.07349988336447365,,0.08050000000000002,0.12076389894187951
10,PoolSize,11,111777,60,Our Eps-Fair,0.1,0.79625,0.2106370099901516,0.8895,0.11313571049787244,,0.09324999999999994,0.09750129949227918
10,PoolSize,11,111777,60,Our Eps-Fair,0.15,0.817,0.19868343117966397,0.96475,0.16899425173121874,,0.14775000000000005,0.029689179448445235
10,PoolSize,11,111777,80,Our Eps-Fair,0.0,0.678,0.0934674354360481,0.72875,0.04873889868560638,,0.05074999999999996,0.04472853675044172
10,PoolSize,11,111777,80,Our Eps-Fair,0.05,0.77275,0.11250340343215974,0.81575,0.07349988336447365,,0.04299999999999993,0.03900352006768609
10,PoolSize,11,111777,80,Our Eps-Fair,0.1,0.83075,0.1917208028024529,0.8895,0.11313571049787244,,0.05874999999999997,0.07858509230458047
10,PoolSize,11,111777,80,Our Eps-Fair,0.15,0.843,0.1952068674197846,0.96475,0.16899425173121874,,0.12175000000000002,0.026212615688565866
10,PoolSize,11,111777,100,Our Eps-Fair,0.0,0.687,0.12165997981317817,0.72875,0.04873889868560638,,0.041749999999999954,0.07292108112757179
10,PoolSize,11,111777,100,Our Eps-Fair,0.05,0.78625,0.14451979291131026,0.81575,0.07349988336447365,,0.02949999999999997,0.07101990954683661
10,PoolSize,11,111777,100,Our Eps-Fair,0.1,0.82925,0.21378254387458467,0.8895,0.11313571049787244,,0.060249999999999915,0.10064683337671224
10,PoolSize,11,111777,100,Our Eps-Fair,0.15,0.845,0.19120925663541133,0.96475,0.16899425173121874,,0.11975000000000002,0.022215004904192592
10,PoolSize,11,111777,120,Our Eps-Fair,0.0,0.73525,0.10441167315350211,0.72875,0.04873889868560638,,-0.00649999999999995,0.05567277446789573
10,PoolSize,11,111777,120,Our Eps-Fair,0.05,0.78025,0.1485296548013458,0.81575,0.07349988336447365,,0.035499999999999976,0.07502977143687216
10,PoolSize,11,111777,120,Our Eps-Fair,0.1,0.82675,0.2188304994525756,0.8895,0.11313571049787244,,0.06274999999999997,0.10569478895470316
10,PoolSize,11,111777,120,Our Eps-Fair,0.15,0.8615,0.19625721221340225,0.96475,0.16899425173121874,,0.10324999999999995,0.027262960482183518
10,PoolSize,11,111777,140,Our Eps-Fair,0.0,0.73225,0.07935241155514286,0.72875,0.04873889868560638,,-0.0034999999999999476,0.03061351286953648
10,PoolSize,11,111777,140,Our Eps-Fair,0.05,0.766,0.1049164687113012,0.81575,0.07349988336447365,,0.04974999999999996,0.03141658534682755
10,PoolSize,11,111777,140,Our Eps-Fair,0.1,0.83625,0.182179941739742,0.8895,0.11313571049787244,,0.05324999999999991,0.06904423124186956
10,PoolSize,11,111777,140,Our Eps-Fair,0.15,0.86675,0.17622690447812916,0.96475,0.16899425173121874,,0.09799999999999998,0.0072326527469104285
10,PoolSize,11,111777,160,Our Eps-Fair,0.0,0.71375,0.05781721800392485,0.72875,0.04873889868560638,,0.015000000000000013,0.00907831931831847
10,PoolSize,11,111777,160,Our Eps-Fair,0.05,0.74875,0.08388607071788229,0.81575,0.07349988336447365,,0.06699999999999995,0.01038618735340864
10,PoolSize,11,111777,160,Our Eps-Fair,0.1,0.82525,0.13308051051607409,0.8895,0.11313571049787244,,0.06424999999999992,0.019944800018201647
10,PoolSize,11,111777,160,Our Eps-Fair,0.15,0.85925,0.19626671307085464,0.96475,0.16899425173121874,,0.10550000000000004,0.0272724613396359
10,PoolSize,11,111777,180,Our Eps-Fair,0.0,0.733,0.07137069120488124,0.72875,0.04873889868560638,,-0.004249999999999976,0.022631792519274857
10,PoolSize,11,111777,180,Our Eps-Fair,0.05,0.76175,0.08891502458096842,0.81575,0.07349988336447365,,0.05399999999999994,0.015415141216494774
10,PoolSize,11,111777,180,Our Eps-Fair,0.1,0.82675,0.15109163602015083,0.8895,0.11313571049787244,,0.06274999999999997,0.03795592552227839
10,PoolSize,11,111777,180,Our Eps-Fair,0.15,0.86175,0.1972763041864528,0.96475,0.16899425173121874,,0.10299999999999998,0.028282052455234075
10,PoolSize,11,111777,200,Our Eps-Fair,0.0,0.72625,0.04544435135270958,0.72875,0.04873889868560638,,0.0025000000000000577,-0.0032945473328968022
10,PoolSize,11,111777,200,Our Eps-Fair,0.05,0.78525,0.09547736683235661,0.81575,0.07349988336447365,,0.03049999999999997,0.02197748346788296
10,PoolSize,11,111777,200,Our Eps-Fair,0.1,0.83225,0.15211072799320138,0.8895,0.11313571049787244,,0.05724999999999991,0.038975017495328945
10,PoolSize,11,111777,200,Our Eps-Fair,0.15,0.86325,0.18422762654329555,0.96475,0.16899425173121874,,0.10150000000000003,0.015233374812076816
10,PoolSize,11,111777,220,Our Eps-Fair,0.0,0.72175,0.03801493084750898,0.72875,0.04873889868560638,,0.007000000000000006,-0.010723967838097398
10,PoolSize,11,111777,220,Our Eps-Fair,0.05,0.77225,0.08297148817680795,0.81575,0.07349988336447365,,0.04349999999999998,0.009471604812334306
10,PoolSize,11,111777,220,Our Eps-Fair,0.1,0.826,0.13659507770576296,0.8895,0.11313571049787244,,0.0635,0.02345936720789052
10,PoolSize,11,111777,220,Our Eps-Fair,0.15,0.86675,0.17575061149268723,0.96475,0.16899425173121874,,0.09799999999999998,0.006756359761468489
10,PoolSize,11,111777,240,Our Eps-Fair,0.0,0.7155,0.04928319780860223,0.72875,0.04873889868560638,,0.013249999999999984,0.0005442991229958477
10,PoolSize,11,111777,240,Our Eps-Fair,0.05,0.764,0.08790543346537025,0.81575,0.07349988336447365,,0.05174999999999996,0.0144055501008966
10,PoolSize,11,111777,240,Our Eps-Fair,0.1,0.82825,0.1406049395957985,0.8895,0.11313571049787244,,0.061249999999999916,0.027469229097926068
10,PoolSize,11,111777,240,Our Eps-Fair,0.15,0.862,0.17623640533558155,0.96475,0.16899425173121874,,0.10275000000000001,0.007242153604362811
10,PoolSize,11,111777,260,Our Eps-Fair,0.0,0.71475,0.04487304979274381,0.72875,0.04873889868560638,,0.014000000000000012,-0.0038658488928625667
10,PoolSize,11,111777,260,Our Eps-Fair,0.05,0.769,0.08594325637888818,0.81575,0.07349988336447365,,0.04674999999999996,0.012443373014414533
10,PoolSize,11,111777,260,Our Eps-Fair,0.1,0.828,0.15311081825134717,0.8895,0.11313571049787244,,0.0615,0.03997510775347474
10,PoolSize,11,111777,260,Our Eps-Fair,0.15,0.8655,0.17874138140967222,0.96475,0.16899425173121874,,0.09924999999999995,0.009747129678453481
10,PoolSize,11,111777,280,Our Eps-Fair,0.0,0.70475,0.05732867391282062,0.72875,0.04873889868560638,,0.02400000000000002,0.008589775227214241
10,PoolSize,11,111777,280,Our Eps-Fair,0.05,0.75925,0.07256079861207473,0.81575,0.07349988336447365,,0.056499999999999995,-0.0009390847523989138
10,PoolSize,11,111777,280,Our Eps-Fair,0.1,0.82425,0.13892503798467815,0.8895,0.11313571049787244,,0.06524999999999992,0.025789327486805708
10,PoolSize,11,111777,280,Our Eps-Fair,0.15,0.85875,0.16868347368349995,0.96475,0.16899425173121874,,0.10599999999999998,-0.0003107780477187849
10,PoolSize,11,111777,300,Our Eps-Fair,0.0,0.71175,0.03922253983422003,0.72875,0.04873889868560638,,0.017000000000000015,-0.009516358851386353
10,PoolSize,11,111777,300,Our Eps-Fair,0.05,0.75475,0.07846633158642569,0.81575,0.07349988336447365,,0.06099999999999994,0.004966448221952038
10,PoolSize,11,111777,300,Our Eps-Fair,0.1,0.823,0.13657607599085816,0.8895,0.11313571049787244,,0.0665,0.023440365492985726
10,PoolSize,11,111777,300,Our Eps-Fair,0.15,0.85425,0.18171314961175244,0.96475,0.16899425173121874,,0.11050000000000004,0.012718897880533708
10,TrainingSize,12,121777,100,Unfair,,0.6195,0.27189491590606923,0.9855,0.1806297274001859,,0.366,0.09126518850588333
10,TrainingSize,12,121777,100,Our Eps-Fair,0.0,0.55375,0.027748084034668274,0.78325,0.05328820384485837,,0.22950000000000004,-0.025540119810190096
10,TrainingSize,12,121777,100,Our Eps-Fair,0.05,0.59,0.07554063241796585,0.821,0.06350785252599359,,0.23099999999999998,0.012032779891972267
10,TrainingSize,12,121777,100,Our Eps-Fair,0.1,0.61375,0.12153580290256025,0.9075,0.1240668350520697,,0.29374999999999996,-0.002531032149509449
10,TrainingSize,12,121777,100,Our Eps-Fair,0.15,0.62075,0.16863270502623176,0.976,0.17113498112978254,,0.35524999999999995,-0.002502276103550777
10,TrainingSize,12,121777,200,Unfair,,0.73,0.16082806410047712,0.9855,0.1806297274001859,,0.25550000000000006,-0.019801663299708783
10,TrainingSize,12,121777,200,Our Eps-Fair,0.0,0.62625,0.036367396245060524,0.78325,0.05328820384485837,,0.15700000000000003,-0.016920807599797846
10,TrainingSize,12,121777,200,Our Eps-Fair,0.05,0.679,0.08489009814313458,0.821,0.06350785252599359,,0.1419999999999999,0.021382245617141
10,TrainingSize,12,121777,200,Our Eps-Fair,0.1,0.71575,0.1286237931525103,0.9075,0.1240668350520697,,0.19174999999999998,0.0045569581004406
10,TrainingSize,12,121777,200,Our Eps-Fair,0.15,0.727,0.16313829982753875,0.976,0.17113498112978254,,0.249,-0.007996681302243791
10,TrainingSize,12,121777,300,Unfair,,0.75925,0.1912312063611374,0.9855,0.1806297274001859,,0.22625000000000006,0.01060147896095151
10,TrainingSize,12,121777,300,Our Eps-Fair,0.0,0.656,0.048297404529302285,0.78325,0.05328820384485837,,0.12724999999999997,-0.004990799315556085
10,TrainingSize,12,121777,300,Our Eps-Fair,0.05,0.70175,0.07959898568674062,0.821,0.06350785252599359,,0.11924999999999997,0.016091133160747034
10,TrainingSize,12,121777,300,Our Eps-Fair,0.1,0.73775,0.13113157041267925,0.9075,0.1240668350520697,,0.16974999999999996,0.007064735360609559
10,TrainingSize,12,121777,300,Our Eps-Fair,0.15,0.75675,0.18367886848209836,0.976,0.17113498112978254,,0.21924999999999994,0.012543887352315819
10,TrainingSize,12,121777,400,Unfair,,0.793,0.17903514213863464,0.9855,0.1806297274001859,,0.1925,-0.0015945852615512623
10,TrainingSize,12,121777,400,Our Eps-Fair,0.0,0.68,0.017986531668283262,0.78325,0.05328820384485837,,0.10324999999999995,-0.03530167217657511
10,TrainingSize,12,121777,400,Our Eps-Fair,0.05,0.7275,0.06796829033304252,0.821,0.06350785252599359,,0.09349999999999992,0.004460437807048939
10,TrainingSize,12,121777,400,Our Eps-Fair,0.1,0.765,0.11836088537615033,0.9075,0.1240668350520697,,0.14249999999999996,-0.005705949675919364
10,TrainingSize,12,121777,400,Our Eps-Fair,0.15,0.792,0.16855468862328304,0.976,0.17113498112978254,,0.18399999999999994,-0.002580292506499493
10,TrainingSize,12,121777,500,Unfair,,0.806,0.1702702993304342,0.9855,0.1806297274001859,,0.1795,-0.010359428069751708
10,TrainingSize,12,121777,500,Our Eps-Fair,0.0,0.69075,0.027974131561160742,0.78325,0.05328820384485837,,0.09250000000000003,-0.025314072283697628
10,TrainingSize,12,121777,500,Our Eps-Fair,0.05,0.74,0.07322089469310922,0.821,0.06350785252599359,,0.08099999999999996,0.009713042167115632
10,TrainingSize,12,121777,500,Our Eps-Fair,0.1,0.78025,0.12908764067645223,0.9075,0.1240668350520697,,0.12724999999999997,0.005020805624382535
10,TrainingSize,12,121777,500,Our Eps-Fair,0.15,0.80325,0.16458785459642888,0.976,0.17113498112978254,,0.17274999999999996,-0.006547126533353653
10,TrainingSize,12,121777,600,Unfair,,0.82575,0.17760509147048165,0.9855,0.1806297274001859,,0.15975000000000006,-0.0030246359297042558
10,TrainingSize,12,121777,600,Our Eps-Fair,0.0,0.69375,0.03662820107927692,0.78325,0.05328820384485837,,0.08950000000000002,-0.016660002765581453
10,TrainingSize,12,121777,600,Our Eps-Fair,0.05,0.75075,0.069249059614784,0.821,0.06350785252599359,,0.07024999999999992,0.005741207088790418
10,TrainingSize,12,121777,600,Our Eps-Fair,0.1,0.79825,0.12610151284307525,0.9075,0.1240668350520697,,0.10924999999999996,0.0020346777910055514
10,TrainingSize,12,121777,600,Our Eps-Fair,0.15,0.82225,0.16608091851311735,0.976,0.17113498112978254,,0.15374999999999994,-0.005054062616665189
10,TrainingSize,12,121777,700,Unfair,,0.83825,0.19401429150478888,0.9855,0.1806297274001859,,0.14725,0.01338456410460298
10,TrainingSize,12,121777,700,Our Eps-Fair,0.0,0.69675,0.02998930525142912,0.78325,0.05328820384485837,,0.08650000000000002,-0.02329889859342925
10,TrainingSize,12,121777,700,Our Eps-Fair,0.05,0.75675,0.06367763822343647,0.821,0.06350785252599359,,0.06424999999999992,0.00016978569744288685
10,TrainingSize,12,121777,700,Our Eps-Fair,0.1,0.804,0.124777484466109,0.9075,0.1240668350520697,,0.10349999999999993,0.0007106494140393105
10,TrainingSize,12,121777,700,Our Eps-Fair,0.15,0.83175,0.1746479697356369,0.976,0.17113498112978254,,0.14425,0.0035129886058543613
10,TrainingSize,12,121777,800,Unfair,,0.85225,0.21075706167221658,0.9855,0.1806297274001859,,0.1332500000000001,0.03012733427203068
10,TrainingSize,12,121777,800,Our Eps-Fair,0.0,0.70625,0.02124846749028983,0.78325,0.05328820384485837,,0.07699999999999996,-0.03203973635456854
10,TrainingSize,12,121777,800,Our Eps-Fair,0.05,0.7665,0.06461033432279137,0.821,0.06350785252599359,,0.05449999999999999,0.001102481796797783
10,TrainingSize,12,121777,800,Our Eps-Fair,0.1,0.815,0.11883898589678478,0.9075,0.1240668350520697,,0.09250000000000003,-0.0052278491552849166
10,TrainingSize,12,121777,800,Our Eps-Fair,0.15,0.84975,0.16647225079072875,0.976,0.17113498112978254,,0.12624999999999997,-0.004662730339053789
10,TrainingSize,12,121777,900,Unfair,,0.858,0.2051326291352757,0.9855,0.1806297274001859,,0.12750000000000006,0.024502901735089788
10,TrainingSize,12,121777,900,Our Eps-Fair,0.0,0.69725,0.034366975656631826,0.78325,0.05328820384485837,,0.08599999999999997,-0.018921228188226544
10,TrainingSize,12,121777,900,Our Eps-Fair,0.05,0.7715,0.073670239167785,0.821,0.06350785252599359,,0.04949999999999999,0.010162386641791421
10,TrainingSize,12,121777,900,Our Eps-Fair,0.1,0.82075,0.12307187586189995,0.9075,0.1240668350520697,,0.08675,-0.0009949591901697447
10,TrainingSize,12,121777,900,Our Eps-Fair,0.15,0.84975,0.16606641546385126,0.976,0.17113498112978254,,0.12624999999999997,-0.0050685656659312794
10,TrainingSize,12,121777,1000,Unfair,,0.862,0.2075823941983802,0.9855,0.1806297274001859,,0.12350000000000005,0.026952666798194302
10,TrainingSize,12,121777,1000,Our Eps-Fair,0.0,0.7035,0.030960509447111262,0.78325,0.05328820384485837,,0.07974999999999999,-0.022327694397747108
10,TrainingSize,12,121777,1000,Our Eps-Fair,0.05,0.7775,0.07116246190761608,0.821,0.06350785252599359,,0.04349999999999998,0.00765460938162249
10,TrainingSize,12,121777,1000,Our Eps-Fair,0.1,0.82875,0.11998422668366023,0.9075,0.1240668350520697,,0.07874999999999999,-0.004082608368409471
10,TrainingSize,12,121777,1000,Our Eps-Fair,0.15,0.85825,0.16558806489064326,0.976,0.17113498112978254,,0.11775000000000002,-0.005546916239139277
10,TrainingSize,12,121777,1100,Unfair,,0.868,0.19555086456927567,0.9855,0.1806297274001859,,0.11750000000000005,0.014921137169089771
10,TrainingSize,12,121777,1100,Our Eps-Fair,0.0,0.70825,0.02237895517532562,0.78325,0.05328820384485837,,0.07499999999999996,-0.03090924866953275
10,TrainingSize,12,121777,1100,Our Eps-Fair,0.05,0.78175,0.0782074431149149,0.821,0.06350785252599359,,0.03925000000000001,0.014699590588921313
10,TrainingSize,12,121777,1100,Our Eps-Fair,0.1,0.83225,0.12492726595766758,0.9075,0.1240668350520697,,0.07524999999999993,0.0008604309055978837
10,TrainingSize,12,121777,1100,Our Eps-Fair,0.15,0.86325,0.16795081165815112,0.976,0.17113498112978254,,0.11275000000000002,-0.003184169471631415
10,TrainingSize,12,121777,1200,Unfair,,0.874,0.19708743763376246,0.9855,0.1806297274001859,,0.11150000000000004,0.01645771023357656
10,TrainingSize,12,121777,1200,Our Eps-Fair,0.0,0.7195,0.02608073347421294,0.78325,0.05328820384485837,,0.06374999999999997,-0.02720747037064543
10,TrainingSize,12,121777,1200,Our Eps-Fair,0.05,0.788,0.07768558339390855,0.821,0.06350785252599359,,0.03299999999999992,0.014177730867914962
10,TrainingSize,12,121777,1200,Our Eps-Fair,0.1,0.8325,0.13049368629754404,0.9075,0.1240668350520697,,0.07499999999999996,0.0064268512454743465
10,TrainingSize,12,121777,1200,Our Eps-Fair,0.15,0.86775,0.177039722601677,0.976,0.17113498112978254,,0.10824999999999996,0.005904741471894459
10,TrainingSize,12,121777,1300,Unfair,,0.87325,0.18496888970906133,0.9855,0.1806297274001859,,0.11225000000000007,0.004339162308875433
10,TrainingSize,12,121777,1300,Our Eps-Fair,0.0,0.7155,0.025278064713105952,0.78325,0.05328820384485837,,0.06774999999999998,-0.028010139131752418
10,TrainingSize,12,121777,1300,Our Eps-Fair,0.05,0.77875,0.06681379760094558,0.821,0.06350785252599359,,0.0422499999999999,0.0033059450749519936
10,TrainingSize,12,121777,1300,Our Eps-Fair,0.1,0.84,0.11757797076835404,0.9075,0.1240668350520697,,0.0675,-0.006488864283715659
10,TrainingSize,12,121777,1300,Our Eps-Fair,0.15,0.87525,0.17057461331244894,0.976,0.17113498112978254,,0.10075,-0.0005603678173335958
10,TrainingSize,12,121777,1400,Unfair,,0.88175,0.17898213099304128,0.9855,0.1806297274001859,,0.10375000000000001,-0.0016475964071446247
10,TrainingSize,12,121777,1400,Our Eps-Fair,0.0,0.7195,0.023408171568072206,0.78325,0.05328820384485837,,0.06374999999999997,-0.029880032276786164
10,TrainingSize,12,121777,1400,Our Eps-Fair,0.05,0.78725,0.07023476685973223,0.821,0.06350785252599359,,0.03374999999999995,0.006726914333738648
10,TrainingSize,12,121777,1400,Our Eps-Fair,0.1,0.83875,0.11649074217854302,0.9075,0.1240668350520697,,0.06874999999999998,-0.007576092873526674
10,TrainingSize,12,121777,1400,Our Eps-Fair,0.15,0.875,0.16539952525018384,0.976,0.17113498112978254,,0.10099999999999998,-0.0057354558795987
10,TrainingSize,12,121777,1500,Unfair,,0.88425,0.18853488946050906,0.9855,0.1806297274001859,,0.10125000000000006,0.007905162060323156
10,TrainingSize,12,121777,1500,Our Eps-Fair,0.0,0.7235,0.020914897357169365,0.78325,0.05328820384485837,,0.05974999999999997,-0.032373306487689005
10,TrainingSize,12,121777,1500,Our Eps-Fair,0.05,0.788,0.06721963292782307,0.821,0.06350785252599359,,0.03299999999999992,0.003711780401829484
10,TrainingSize,12,121777,1500,Our Eps-Fair,0.1,0.8435,0.11650524522780914,0.9075,0.1240668350520697,,0.06399999999999995,-0.007561589824260556
10,TrainingSize,12,121777,1500,Our Eps-Fair,0.15,0.88175,0.1654865435457805,0.976,0.17113498112978254,,0.09424999999999994,-0.005648437584002047
10,TrainingSize,12,121777,1600,Unfair,,0.885,0.18795501754243826,0.9855,0.1806297274001859,,0.10050000000000003,0.007325290142252361
10,TrainingSize,12,121777,1600,Our Eps-Fair,0.0,0.7185,0.022465973470922274,0.78325,0.05328820384485837,,0.06474999999999997,-0.030822230373936096
10,TrainingSize,12,121777,1600,Our Eps-Fair,0.05,0.786,0.062276593653815715,0.821,0.06350785252599359,,0.03499999999999992,-0.0012312588721778706
10,TrainingSize,12,121777,1600,Our Eps-Fair,0.1,0.83775,0.11589161621230865,0.9075,0.1240668350520697,,0.06974999999999998,-0.00817521883976105
10,TrainingSize,12,121777,1600,Our Eps-Fair,0.15,0.88,0.16753047328200754,0.976,0.17113498112978254,,0.09599999999999997,-0.003604507847774996
10,TrainingSize,12,121777,1700,Unfair,,0.89125,0.19655107486349005,0.9855,0.1806297274001859,,0.09425000000000006,0.015921347463304147
10,TrainingSize,12,121777,1700,Our Eps-Fair,0.0,0.72775,0.019427334597099027,0.78325,0.05328820384485837,,0.055499999999999994,-0.03386086924775934
10,TrainingSize,12,121777,1700,Our Eps-Fair,0.05,0.791,0.07035079125386112,0.821,0.06350785252599359,,0.029999999999999916,0.006842938727867537
10,TrainingSize,12,121777,1700,Our Eps-Fair,0.1,0.8465,0.11487690286882818,0.9075,0.1240668350520697,,0.06099999999999994,-0.009189932183241517
10,TrainingSize,12,121777,1700,Our Eps-Fair,0.15,0.88925,0.167728514920262,0.976,0.17113498112978254,,0.08675,-0.0034064662095205367
10,TrainingSize,12,121777,1800,Unfair,,0.892,0.18905674918151538,0.9855,0.1806297274001859,,0.09350000000000003,0.00842702178132948
10,TrainingSize,12,121777,1800,Our Eps-Fair,0.0,0.71725,0.022857305748533646,0.78325,0.05328820384485837,,0.06599999999999995,-0.030430898096324724
10,TrainingSize,12,121777,1800,Our Eps-Fair,0.05,0.78875,0.07432262633218634,0.821,0.06350785252599359,,0.03225,0.010814773806192751
10,TrainingSize,12,121777,1800,Our Eps-Fair,0.1,0.84675,0.11950587611045221,0.9075,0.1240668350520697,,0.06074999999999997,-0.004560958941617482
10,TrainingSize,12,121777,1800,Our Eps-Fair,0.15,0.88675,0.1675014671834753,0.976,0.17113498112978254,,0.08924999999999994,-0.003633513946307232
10,TrainingSize,12,121777,1900,Unfair,,0.89375,0.19443462988093246,0.9855,0.1806297274001859,,0.09175,0.013804902480746561
10,TrainingSize,12,121777,1900,Our Eps-Fair,0.0,0.72275,0.025819928639996548,0.78325,0.05328820384485837,,0.0605,-0.027468275204861822
10,TrainingSize,12,121777,1900,Our Eps-Fair,0.05,0.79425,0.07627953777281674,0.821,0.06350785252599359,,0.02674999999999994,0.01277168524682315
10,TrainingSize,12,121777,1900,Our Eps-Fair,0.1,0.853,0.12546362872794004,0.9075,0.1240668350520697,,0.05449999999999999,0.0013967936758703392
10,TrainingSize,12,121777,1900,Our Eps-Fair,0.15,0.8905,0.16748696413420922,0.976,0.17113498112978254,,0.08550000000000002,-0.003648016995573322
10,TrainingSize,12,121777,2000,Unfair,,0.89375,0.18889721563958822,0.9855,0.1806297274001859,,0.09175,0.00826748823940232
10,TrainingSize,12,121777,2000,Our Eps-Fair,0.0,0.72125,0.030670448461789096,0.78325,0.05328820384485837,,0.062000000000000055,-0.022617755383069274
10,TrainingSize,12,121777,2000,Our Eps-Fair,0.05,0.79375,0.07240922403935426,0.821,0.06350785252599359,,0.027249999999999996,0.008901371513360679
10,TrainingSize,12,121777,2000,Our Eps-Fair,0.1,0.8535,0.12552164092500445,0.9075,0.1240668350520697,,0.05399999999999994,0.0014548058729347557
10,TrainingSize,12,121777,2000,Our Eps-Fair,0.15,0.889,0.17002374749291038,0.976,0.17113498112978254,,0.08699999999999997,-0.0011112336368721554
10,PoolSize,12,121777,20,Our Eps-Fair,0.0,0.7685,0.25874790174634216,0.78325,0.05328820384485837,,0.01475000000000004,0.20545969790148377
10,PoolSize,12,121777,20,Our Eps-Fair,0.05,0.85875,0.22978506230935053,0.821,0.06350785252599359,,-0.03775000000000006,0.16627720978335694
10,PoolSize,12,121777,20,Our Eps-Fair,0.1,0.85675,0.2194351362373939,0.9075,0.1240668350520697,,0.05074999999999996,0.09536830118532422
10,PoolSize,12,121777,20,Our Eps-Fair,0.15,0.875,0.19329914114442565,0.976,0.17113498112978254,,0.10099999999999998,0.02216416001464311
10,PoolSize,12,121777,40,Our Eps-Fair,0.0,0.79175,0.20684298873838225,0.78325,0.05328820384485837,,-0.008499999999999952,0.15355478489352387
10,PoolSize,12,121777,40,Our Eps-Fair,0.05,0.81275,0.18588208170767903,0.821,0.06350785252599359,,0.00824999999999998,0.12237422918168545
10,PoolSize,12,121777,40,Our Eps-Fair,0.1,0.8265,0.18286694777576984,0.9075,0.1240668350520697,,0.08099999999999996,0.05880011272370014
10,PoolSize,12,121777,40,Our Eps-Fair,0.15,0.83775,0.1863266751834573,0.976,0.17113498112978254,,0.13824999999999998,0.015191694053674765
10,PoolSize,12,121777,60,Our Eps-Fair,0.0,0.7615,0.11213732687297503,0.78325,0.05328820384485837,,0.021750000000000047,0.058849123028116665
10,PoolSize,12,121777,60,Our Eps-Fair,0.05,0.80325,0.19331364419369174,0.821,0.06350785252599359,,0.017749999999999932,0.12980579166769815
10,PoolSize,12,121777,60,Our Eps-Fair,0.1,0.861,0.19132772665452913,0.9075,0.1240668350520697,,0.046499999999999986,0.06726089160245943
10,PoolSize,12,121777,60,Our Eps-Fair,0.15,0.875,0.18928379691830205,0.976,0.17113498112978254,,0.10099999999999998,0.018148815788519512
10,PoolSize,12,121777,80,Our Eps-Fair,0.0,0.75175,0.11808582754524138,0.78325,0.05328820384485837,,0.03149999999999997,0.06479762370038301
10,PoolSize,12,121777,80,Our Eps-Fair,0.05,0.80625,0.12280632002878605,0.821,0.06350785252599359,,0.01474999999999993,0.05929846750279247
10,PoolSize,12,121777,80,Our Eps-Fair,0.1,0.86425,0.18681952880593145,0.9075,0.1240668350520697,,0.04325000000000001,0.06275269375386175
10,PoolSize,12,121777,80,Our Eps-Fair,0.15,0.87375,0.18779073300161359,0.976,0.17113498112978254,,0.10224999999999995,0.016655751871831048
10,PoolSize,12,121777,100,Our Eps-Fair,0.0,0.702,0.12243449185191185,0.78325,0.05328820384485837,,0.08125000000000004,0.06914628800705348
10,PoolSize,12,121777,100,Our Eps-Fair,0.05,0.8105,0.10416915156411634,0.821,0.06350785252599359,,0.010499999999999954,0.04066129903812275
10,PoolSize,12,121777,100,Our Eps-Fair,0.1,0.86175,0.17345921980096313,0.9075,0.1240668350520697,,0.04574999999999996,0.04939238474889343
10,PoolSize,12,121777,100,Our Eps-Fair,0.15,0.87425,0.18079401194101058,0.976,0.17113498112978254,,0.10175000000000001,0.009659030811228042
10,PoolSize,12,121777,120,Our Eps-Fair,0.0,0.689,0.1512673039506556,0.78325,0.05328820384485837,,0.09425000000000006,0.09797910010579723
10,PoolSize,12,121777,120,Our Eps-Fair,0.05,0.8165,0.10663341967648697,0.821,0.06350785252599359,,0.0044999999999999485,0.043125567150493385
10,PoolSize,12,121777,120,Our Eps-Fair,0.1,0.86125,0.17044408586905396,0.9075,0.1240668350520697,,0.04625000000000001,0.04637725081698427
10,PoolSize,12,121777,120,Our Eps-Fair,0.15,0.8725,0.18580481546245098,0.976,0.17113498112978254,,0.10349999999999993,0.014669834332668441
10,PoolSize,12,121777,140,Our Eps-Fair,0.0,0.744,0.0564636214764154,0.78325,0.05328820384485837,,0.03925000000000001,0.0031754176315570287
10,PoolSize,12,121777,140,Our Eps-Fair,0.05,0.81675,0.10301940983091695,0.821,0.06350785252599359,,0.004249999999999976,0.03951155730492337
10,PoolSize,12,121777,140,Our Eps-Fair,0.1,0.85725,0.1714297931140022,0.9075,0.1240668350520697,,0.05025000000000002,0.0473629580619325
10,PoolSize,12,121777,140,Our Eps-Fair,0.15,0.8645,0.17245900950674878,0.976,0.17113498112978254,,0.11149999999999993,0.0013240283769662409
10,PoolSize,12,121777,160,Our Eps-Fair,0.0,0.7465,0.06204004391923401,0.78325,0.05328820384485837,,0.03674999999999995,0.008751840074375641
10,PoolSize,12,121777,160,Our Eps-Fair,0.05,0.7905,0.08499136943542379,0.821,0.06350785252599359,,0.03049999999999997,0.021483516909430206
10,PoolSize,12,121777,160,Our Eps-Fair,0.1,0.848,0.19028400721251643,0.9075,0.1240668350520697,,0.0595,0.06621717216044673
10,PoolSize,12,121777,160,Our Eps-Fair,0.15,0.8775,0.19119719921113415,0.976,0.17113498112978254,,0.09850000000000003,0.020062218081351613
10,PoolSize,12,121777,180,Our Eps-Fair,0.0,0.72,0.03978786539870008,0.78325,0.05328820384485837,,0.06325000000000003,-0.013500338446158291
10,PoolSize,12,121777,180,Our Eps-Fair,0.05,0.80475,0.11264468354471527,0.821,0.06350785252599359,,0.016249999999999987,0.04913683101872168
10,PoolSize,12,121777,180,Our Eps-Fair,0.1,0.8415,0.18979115359004228,0.9075,0.1240668350520697,,0.06599999999999995,0.06572431853797259
10,PoolSize,12,121777,180,Our Eps-Fair,0.15,0.87,0.19219740950534853,0.976,0.17113498112978254,,0.10599999999999998,0.02106242837556599
10,PoolSize,12,121777,200,Our Eps-Fair,0.0,0.7385,0.07441939667815159,0.78325,0.05328820384485837,,0.044749999999999956,0.02113119283329322
10,PoolSize,12,121777,200,Our Eps-Fair,0.05,0.80525,0.13905598652116608,0.821,0.06350785252599359,,0.01574999999999993,0.07554813399517249
10,PoolSize,12,121777,200,Our Eps-Fair,0.1,0.851,0.19229893085021127,0.9075,0.1240668350520697,,0.056499999999999995,0.06823209579814157
10,PoolSize,12,121777,200,Our Eps-Fair,0.15,0.87725,0.19070434558866,0.976,0.17113498112978254,,0.09875,0.01956936445887747
10,PoolSize,12,121777,220,Our Eps-Fair,0.0,0.74925,0.04496845461758334,0.78325,0.05328820384485837,,0.03400000000000003,-0.008319749227275033
10,PoolSize,12,121777,220,Our Eps-Fair,0.05,0.806,0.10101898924248823,0.821,0.06350785252599359,,0.014999999999999902,0.03751113671649464
10,PoolSize,12,121777,220,Our Eps-Fair,0.1,0.8535,0.1714297931140022,0.9075,0.1240668350520697,,0.05399999999999994,0.0473629580619325
10,PoolSize,12,121777,220,Our Eps-Fair,0.15,0.8755,0.18679527370629673,0.976,0.17113498112978254,,0.10050000000000003,0.01566029257651419
10,PoolSize,12,121777,240,Our Eps-Fair,0.0,0.70175,0.08297219490397856,0.78325,0.05328820384485837,,0.08150000000000002,0.029683991059120188
10,PoolSize,12,121777,240,Our Eps-Fair,0.05,0.80475,0.08704955216834338,0.821,0.06350785252599359,,0.016249999999999987,0.023541699642349798
10,PoolSize,12,121777,240,Our Eps-Fair,0.1,0.84975,0.17741655183002225,0.9075,0.1240668350520697,,0.05774999999999997,0.053349716777952555
10,PoolSize,12,121777,240,Our Eps-Fair,0.15,0.87275,0.1862879170345565,0.976,0.17113498112978254,,0.10324999999999995,0.015152935904773956
10,PoolSize,12,121777,260,Our Eps-Fair,0.0,0.70775,0.09263147576778016,0.78325,0.05328820384485837,,0.07550000000000001,0.039343271922921794
10,PoolSize,12,121777,260,Our Eps-Fair,0.05,0.80425,0.08577403399064652,0.821,0.06350785252599359,,0.01674999999999993,0.022266181464652937
10,PoolSize,12,121777,260,Our Eps-Fair,0.1,0.85625,0.17543063429085964,0.9075,0.1240668350520697,,0.05125000000000002,0.05136379923878995
10,PoolSize,12,121777,260,Our Eps-Fair,0.15,0.8675,0.18047519490972974,0.976,0.17113498112978254,,0.10849999999999993,0.009340213779947204
10,PoolSize,12,121777,280,Our Eps-Fair,0.0,0.707,0.13158191509764927,0.78325,0.05328820384485837,,0.07625000000000004,0.0782937112527909
10,PoolSize,12,121777,280,Our Eps-Fair,0.05,0.82075,0.15539742230804027,0.821,0.06350785252599359,,0.00024999999999997247,0.09188956978204668
10,PoolSize,12,121777,280,Our Eps-Fair,0.1,0.84825,0.18795501754243826,0.9075,0.1240668350520697,,0.059250000000000025,0.06388818249036857
10,PoolSize,12,121777,280,Our Eps-Fair,0.15,0.8695,0.18024314612147202,0.976,0.17113498112978254,,0.10649999999999993,0.009108164991689482
10,PoolSize,12,121777,300,Our Eps-Fair,0.0,0.7275,0.07887458338115588,0.78325,0.05328820384485837,,0.055749999999999966,0.025586379536297513
10,PoolSize,12,121777,300,Our Eps-Fair,0.05,0.80975,0.10193693224000344,0.821,0.06350785252599359,,0.011249999999999982,0.038429079714009856
10,PoolSize,12,121777,300,Our Eps-Fair,0.1,0.84725,0.1869403041989578,0.9075,0.1240668350520697,,0.060250000000000026,0.0628734691468881
10,PoolSize,12,121777,300,Our Eps-Fair,0.15,0.865,0.19076710878462194,0.976,0.17113498112978254,,0.11099999999999999,0.019632127654839404
10,TrainingSize,13,131777,100,Unfair,,0.58175,0.13305812893006289,0.9745,0.17490879854077665,,0.39275000000000004,-0.041850669610713764
10,TrainingSize,13,131777,100,Our Eps-Fair,0.0,0.52375,0.031570505128082044,0.73625,0.03478855661690586,,0.2124999999999999,-0.0032180514888238143
10,TrainingSize,13,131777,100,Our Eps-Fair,0.05,0.5565,0.0809932958927343,0.81675,0.05941695067121072,,0.26025,0.021576345221523574
10,TrainingSize,13,131777,100,Our Eps-Fair,0.1,0.5775,0.11198579177266836,0.89275,0.10987975807612921,,0.31525000000000003,0.002106033696539153
10,TrainingSize,13,131777,100,Our Eps-Fair,0.15,0.58175,0.13305812893006289,0.9625,0.15918054688875022,,0.38075000000000003,-0.026122417958687333
10,TrainingSize,13,131777,200,Unfair,,0.68175,0.16744667914686634,0.9745,0.17490879854077665,,0.29275000000000007,-0.00746211939391031
10,TrainingSize,13,131777,200,Our Eps-Fair,0.0,0.599,0.017658282532520525,0.73625,0.03478855661690586,,0.13724999999999998,-0.017130274084385333
10,TrainingSize,13,131777,200,Our Eps-Fair,0.05,0.634,0.0659890558248932,0.81675,0.05941695067121072,,0.18274999999999997,0.006572105153682478
10,TrainingSize,13,131777,200,Our Eps-Fair,0.1,0.66575,0.11845589529432471,0.89275,0.10987975807612921,,0.2270000000000001,0.008576137218195501
10,TrainingSize,13,131777,200,Our Eps-Fair,0.15,0.68175,0.15494447911166576,0.9625,0.15918054688875022,,0.28075000000000006,-0.004236067777084462
10,TrainingSize,13,131777,300,Unfair,,0.73475,0.20443527096433545,0.9745,0.17490879854077665,,0.23975000000000002,0.029526472423558797
10,TrainingSize,13,131777,300,Our Eps-Fair,0.0,0.6285,0.02954847277556441,0.73625,0.03478855661690586,,0.10775000000000001,-0.0052400838413414474
10,TrainingSize,13,131777,300,Our Eps-Fair,0.05,0.67375,0.07855725691611065,0.81675,0.05941695067121072,,0.14300000000000002,0.01914030624489993
10,TrainingSize,13,131777,300,Our Eps-Fair,0.1,0.70475,0.12848605577689243,0.89275,0.10987975807612921,,0.18800000000000006,0.01860629770076322
10,TrainingSize,13,131777,300,Our Eps-Fair,0.15,0.731,0.1884550152802445,0.9625,0.15918054688875022,,0.23150000000000004,0.02927446839149428
10,TrainingSize,13,131777,400,Unfair,,0.78,0.17414478631658106,0.9745,0.17490879854077665,,0.1945,-0.0007640122241955871
10,TrainingSize,13,131777,400,Our Eps-Fair,0.0,0.65725,0.03060848973583577,0.73625,0.03478855661690586,,0.07899999999999996,-0.004180066881070088
10,TrainingSize,13,131777,400,Our Eps-Fair,0.05,0.70625,0.07255716091457465,0.81675,0.05941695067121072,,0.11049999999999993,0.013140210243363926
10,TrainingSize,13,131777,400,Our Eps-Fair,0.1,0.75,0.12609601753628058,0.89275,0.10987975807612921,,0.14275000000000004,0.016216259460151372
10,TrainingSize,13,131777,400,Our Eps-Fair,0.15,0.777,0.1726507624121986,0.9625,0.15918054688875022,,0.1855,0.013470215523448376
10,TrainingSize,13,131777,500,Unfair,,0.786,0.1816109057744924,0.9745,0.17490879854077665,,0.1885,0.006702107233715754
10,TrainingSize,13,131777,500,Our Eps-Fair,0.0,0.6615,0.019508312132994116,0.73625,0.03478855661690586,,0.07474999999999998,-0.015280244483911742
10,TrainingSize,13,131777,500,Our Eps-Fair,0.05,0.7165,0.07059712955407288,0.81675,0.05941695067121072,,0.10024999999999995,0.011180178882862157
10,TrainingSize,13,131777,500,Our Eps-Fair,0.1,0.7575,0.12610401766428264,0.89275,0.10987975807612921,,0.1352500000000001,0.016224259588153433
10,TrainingSize,13,131777,500,Our Eps-Fair,0.15,0.78225,0.16711667386678186,0.9625,0.15918054688875022,,0.18025000000000002,0.007936126978031643
10,TrainingSize,13,131777,600,Unfair,,0.801,0.20514128226051614,0.9745,0.17490879854077665,,0.1735,0.030232483719739495
10,TrainingSize,13,131777,600,Our Eps-Fair,0.0,0.67625,0.01352821645146321,0.73625,0.03478855661690586,,0.05999999999999994,-0.021260340165442648
10,TrainingSize,13,131777,600,Our Eps-Fair,0.05,0.7305,0.072035152562441,0.81675,0.05941695067121072,,0.08624999999999994,0.01261820189123028
10,TrainingSize,13,131777,600,Our Eps-Fair,0.1,0.773,0.122003952063233,0.89275,0.10987975807612921,,0.11975000000000002,0.012124193987103793
10,TrainingSize,13,131777,600,Our Eps-Fair,0.15,0.799,0.1651566425062801,0.9625,0.15918054688875022,,0.16349999999999998,0.005976095617529875
10,TrainingSize,13,131777,700,Unfair,,0.81625,0.20512928206851308,0.9745,0.17490879854077665,,0.15825,0.03022048352773643
10,TrainingSize,13,131777,700,Our Eps-Fair,0.0,0.689,0.01646426342821483,0.73625,0.03478855661690586,,0.047250000000000014,-0.018324293188691027
10,TrainingSize,13,131777,700,Our Eps-Fair,0.05,0.7435,0.06645306324901198,0.81675,0.05941695067121072,,0.07324999999999993,0.007036112577801262
10,TrainingSize,13,131777,700,Our Eps-Fair,0.1,0.787,0.12063393014288228,0.89275,0.10987975807612921,,0.10575000000000001,0.010754172066753068
10,TrainingSize,13,131777,700,Our Eps-Fair,0.15,0.812,0.17014072225155602,0.9625,0.15918054688875022,,0.15049999999999997,0.010960175362805802
10,TrainingSize,13,131777,800,Unfair,,0.83075,0.21459543352693644,0.9745,0.17490879854077665,,0.14375000000000004,0.03968663498615979
10,TrainingSize,13,131777,800,Our Eps-Fair,0.0,0.69,0.020632330117281883,0.73625,0.03478855661690586,,0.04625000000000001,-0.014156226499623975
10,TrainingSize,13,131777,800,Our Eps-Fair,0.05,0.75125,0.06250100001600026,0.81675,0.05941695067121072,,0.0655,0.0030840493447895356
10,TrainingSize,13,131777,800,Our Eps-Fair,0.1,0.80225,0.12810004960079363,0.89275,0.10987975807612921,,0.09050000000000002,0.018220291524664423
10,TrainingSize,13,131777,800,Our Eps-Fair,0.15,0.8305,0.17461079377270033,0.9625,0.15918054688875022,,0.132,0.015430246883950116
10,TrainingSize,13,131777,900,Unfair,,0.833,0.21611345781532507,0.9745,0.17490879854077665,,0.14150000000000007,0.041204659274548416
10,TrainingSize,13,131777,900,Our Eps-Fair,0.0,0.69775,0.011158178530856516,0.73625,0.03478855661690586,,0.03849999999999998,-0.023630378086049342
10,TrainingSize,13,131777,900,Our Eps-Fair,0.05,0.75425,0.0680230883694139,0.81675,0.05941695067121072,,0.0625,0.008606137698203176
10,TrainingSize,13,131777,900,Our Eps-Fair,0.1,0.8,0.12401598425574811,0.89275,0.10987975807612921,,0.09275,0.014136226179618905
10,TrainingSize,13,131777,900,Our Eps-Fair,0.15,0.83,0.177136834189347,0.9625,0.15918054688875022,,0.13250000000000006,0.017956287300596785
10,TrainingSize,13,131777,1000,Unfair,,0.8425,0.20447927166834673,0.9745,0.17490879854077665,,0.132,0.02957047312757008
10,TrainingSize,13,131777,1000,Our Eps-Fair,0.0,0.703,0.02692643082289317,0.73625,0.03478855661690586,,0.03325,-0.007862125794012687
10,TrainingSize,13,131777,1000,Our Eps-Fair,0.05,0.75375,0.0729711675386806,0.81675,0.05941695067121072,,0.06299999999999994,0.013554216867469882
10,TrainingSize,13,131777,1000,Our Eps-Fair,0.1,0.80925,0.12420398726379622,0.89275,0.10987975807612921,,0.08350000000000002,0.014324229187667015
10,TrainingSize,13,131777,1000,Our Eps-Fair,0.15,0.83875,0.1736667786684587,0.9625,0.15918054688875022,,0.12375000000000003,0.01448623177970848
10,TrainingSize,13,131777,1100,Unfair,,0.83725,0.19943119089905442,0.9745,0.17490879854077665,,0.13724999999999998,0.024522392358277773
10,TrainingSize,13,131777,1100,Our Eps-Fair,0.0,0.70275,0.020408326533224552,0.73625,0.03478855661690586,,0.033499999999999974,-0.014380230083681306
10,TrainingSize,13,131777,1100,Our Eps-Fair,0.05,0.75325,0.06543304692875085,0.81675,0.05941695067121072,,0.0635,0.006016096257540127
10,TrainingSize,13,131777,1100,Our Eps-Fair,0.1,0.80625,0.12147394358309732,0.89275,0.10987975807612921,,0.08650000000000002,0.011594185506968113
10,TrainingSize,13,131777,1100,Our Eps-Fair,0.15,0.83575,0.17667482679722873,0.9625,0.15918054688875022,,0.12675000000000003,0.017494279908478516
10,TrainingSize,13,131777,1200,Unfair,,0.8505,0.20445527128434055,0.9745,0.17490879854077665,,0.124,0.029546472743563895
10,TrainingSize,13,131777,1200,Our Eps-Fair,0.0,0.7045,0.03060448967183474,0.73625,0.03478855661690586,,0.031749999999999945,-0.004184066945071119
10,TrainingSize,13,131777,1200,Our Eps-Fair,0.05,0.76775,0.07271316341061457,0.81675,0.05941695067121072,,0.04899999999999993,0.013296212739403845
10,TrainingSize,13,131777,1200,Our Eps-Fair,0.1,0.81425,0.12101593625498008,0.89275,0.10987975807612921,,0.07850000000000001,0.011136178178850875
10,TrainingSize,13,131777,1200,Our Eps-Fair,0.15,0.84975,0.16863469815517046,0.9625,0.15918054688875022,,0.11275000000000002,0.009454151266420241
10,TrainingSize,13,131777,1300,Unfair,,0.853,0.21294540712651405,0.9745,0.17490879854077665,,0.12150000000000005,0.0380366085857374
10,TrainingSize,13,131777,1300,Our Eps-Fair,0.0,0.71225,0.016704267268276285,0.73625,0.03478855661690586,,0.02399999999999991,-0.018084289348629573
10,TrainingSize,13,131777,1300,Our Eps-Fair,0.05,0.77475,0.06635506168098691,0.81675,0.05941695067121072,,0.041999999999999926,0.0069381110097761906
10,TrainingSize,13,131777,1300,Our Eps-Fair,0.1,0.8215,0.12864205827293235,0.89275,0.10987975807612921,,0.07125000000000004,0.01876230019680314
10,TrainingSize,13,131777,1300,Our Eps-Fair,0.15,0.8475,0.1791008656138498,0.9625,0.15918054688875022,,0.11499999999999999,0.019920318725099584
10,TrainingSize,13,131777,1400,Unfair,,0.856,0.2039172626762028,0.9745,0.17490879854077665,,0.11850000000000005,0.029008464135426154
10,TrainingSize,13,131777,1400,Our Eps-Fair,0.0,0.70625,0.01075617209875357,0.73625,0.03478855661690586,,0.029999999999999916,-0.02403238451815229
10,TrainingSize,13,131777,1400,Our Eps-Fair,0.05,0.7655,0.07017912286596584,0.81675,0.05941695067121072,,0.05125000000000002,0.010762172194755115
10,TrainingSize,13,131777,1400,Our Eps-Fair,0.1,0.81925,0.12860205763292215,0.89275,0.10987975807612921,,0.07350000000000001,0.018722299556792943
10,TrainingSize,13,131777,1400,Our Eps-Fair,0.15,0.8515,0.18355093681498902,0.9625,0.15918054688875022,,0.11099999999999999,0.0243703899262388
10,TrainingSize,13,131777,1500,Unfair,,0.854,0.20891334261348182,0.9745,0.17490879854077665,,0.12050000000000005,0.03400454407270517
10,TrainingSize,13,131777,1500,Our Eps-Fair,0.0,0.70875,0.019832317317077075,0.73625,0.03478855661690586,,0.02749999999999997,-0.014956239299828783
10,TrainingSize,13,131777,1500,Our Eps-Fair,0.05,0.7715,0.07065313045008723,0.81675,0.05941695067121072,,0.04525000000000001,0.011236179778876504
10,TrainingSize,13,131777,1500,Our Eps-Fair,0.1,0.81925,0.12907206515304245,0.89275,0.10987975807612921,,0.07350000000000001,0.019192307076913245
10,TrainingSize,13,131777,1500,Our Eps-Fair,0.15,0.853,0.18252292036672585,0.9625,0.15918054688875022,,0.10950000000000004,0.02334237347797563
10,TrainingSize,13,131777,1600,Unfair,,0.85825,0.21600545608729743,0.9745,0.17490879854077665,,0.11625000000000008,0.04109665754652078
10,TrainingSize,13,131777,1600,Our Eps-Fair,0.0,0.7065,0.02158434534952558,0.73625,0.03478855661690586,,0.029749999999999943,-0.013204211267380278
10,TrainingSize,13,131777,1600,Our Eps-Fair,0.05,0.776,0.06964911438583019,0.81675,0.05941695067121072,,0.04074999999999995,0.010232163714619463
10,TrainingSize,13,131777,1600,Our Eps-Fair,0.1,0.82825,0.13008408134530153,0.89275,0.10987975807612921,,0.0645,0.02020432326917232
10,TrainingSize,13,131777,1600,Our Eps-Fair,0.15,0.85575,0.18403694459111342,0.9625,0.15918054688875022,,0.10675000000000001,0.024856397702363198
10,TrainingSize,13,131777,1700,Unfair,,0.857,0.20244723915582652,0.9745,0.17490879854077665,,0.11750000000000005,0.02753844061504987
10,TrainingSize,13,131777,1700,Our Eps-Fair,0.0,0.71,0.01921430742891886,0.73625,0.03478855661690586,,0.026249999999999996,-0.015574249187987
10,TrainingSize,13,131777,1700,Our Eps-Fair,0.05,0.77325,0.06269900318405094,0.81675,0.05941695067121072,,0.04349999999999998,0.0032820525128402223
10,TrainingSize,13,131777,1700,Our Eps-Fair,0.1,0.82025,0.12162594601513622,0.89275,0.10987975807612921,,0.07250000000000001,0.011746187939007016
10,TrainingSize,13,131777,1700,Our Eps-Fair,0.15,0.8525,0.18404094465511445,0.9625,0.15918054688875022,,0.10999999999999999,0.02486039776636423
10,TrainingSize,13,131777,1800,Unfair,,0.85675,0.1995431926910831,0.9745,0.17490879854077665,,0.11775000000000002,0.024634394150306438
10,TrainingSize,13,131777,1800,Our Eps-Fair,0.0,0.7135,0.02562040992655884,0.73625,0.03478855661690586,,0.022749999999999937,-0.009168146690347018
10,TrainingSize,13,131777,1800,Our Eps-Fair,0.05,0.775,0.06219899518392294,0.81675,0.05941695067121072,,0.041749999999999954,0.0027820445127122173
10,TrainingSize,13,131777,1800,Our Eps-Fair,0.1,0.828,0.12562200995215925,0.89275,0.10987975807612921,,0.06475000000000009,0.01574225187603004
10,TrainingSize,13,131777,1800,Our Eps-Fair,0.15,0.8585,0.1820649130386086,0.9625,0.15918054688875022,,0.10399999999999998,0.022884366149858393
10,TrainingSize,13,131777,1900,Unfair,,0.86875,0.20591729467671482,0.9745,0.17490879854077665,,0.10575000000000001,0.031008496135938174
10,TrainingSize,13,131777,1900,Our Eps-Fair,0.0,0.7145,0.013066209059344941,0.73625,0.03478855661690586,,0.021749999999999936,-0.021722347557560917
10,TrainingSize,13,131777,1900,Our Eps-Fair,0.05,0.77875,0.06924710795372725,0.81675,0.05941695067121072,,0.03799999999999992,0.00983015728251653
10,TrainingSize,13,131777,1900,Our Eps-Fair,0.1,0.82975,0.12717203475255603,0.89275,0.10987975807612921,,0.06300000000000006,0.017292276676426827
10,TrainingSize,13,131777,1900,Our Eps-Fair,0.15,0.86175,0.17612481799708796,0.9625,0.15918054688875022,,0.10075,0.01694427110833774
10,TrainingSize,13,131777,2000,Unfair,,0.869,0.20243523896382343,0.9745,0.17490879854077665,,0.10550000000000004,0.027526440423046777
10,TrainingSize,13,131777,2000,Our Eps-Fair,0.0,0.7175,0.01973031568505096,0.73625,0.03478855661690586,,0.018749999999999933,-0.0150582409318549
10,TrainingSize,13,131777,2000,Our Eps-Fair,0.05,0.78025,0.06521104337669403,0.81675,0.05941695067121072,,0.03649999999999998,0.005794092705483311
10,TrainingSize,13,131777,2000,Our Eps-Fair,0.1,0.83,0.11864189827037232,0.89275,0.10987975807612921,,0.06275000000000008,0.00876214019424311
10,TrainingSize,13,131777,2000,Our Eps-Fair,0.15,0.86725,0.17210875374005985,0.9625,0.15918054688875022,,0.09525000000000006,0.012928206851309632
10,PoolSize,13,131777,20,Our Eps-Fair,0.0,0.7195,0.19390510248163972,0.73625,0.03478855661690586,,0.01674999999999993,0.15911654586473387
10,PoolSize,13,131777,20,Our Eps-Fair,0.05,0.722,0.19490511848189573,0.81675,0.05941695067121072,,0.09475,0.135488167810685
10,PoolSize,13,131777,20,Our Eps-Fair,0.1,0.80825,0.20142322277156438,0.89275,0.10987975807612921,,0.08450000000000002,0.09154346469543517
10,PoolSize,13,131777,20,Our Eps-Fair,0.15,0.806,0.20142322277156438,0.9625,0.15918054688875022,,0.15649999999999997,0.04224267588281416
10,PoolSize,13,131777,40,Our Eps-Fair,0.0,0.7015,0.07417118673898784,0.73625,0.03478855661690586,,0.03474999999999995,0.039382630122081985
10,PoolSize,13,131777,40,Our Eps-Fair,0.05,0.71675,0.13048208771340342,0.81675,0.05941695067121072,,0.09999999999999998,0.0710651370421927
10,PoolSize,13,131777,40,Our Eps-Fair,0.1,0.7985,0.19514512232195713,0.89275,0.10987975807612921,,0.09425000000000006,0.08526536424582792
10,PoolSize,13,131777,40,Our Eps-Fair,0.15,0.81875,0.19712515400246403,0.9625,0.15918054688875022,,0.14375000000000004,0.03794460711371381
10,PoolSize,13,131777,60,Our Eps-Fair,0.0,0.6425,0.1956051296820749,0.73625,0.03478855661690586,,0.09375,0.16081657306516906
10,PoolSize,13,131777,60,Our Eps-Fair,0.05,0.67725,0.15895854333669338,0.81675,0.05941695067121072,,0.13949999999999996,0.09954159266548265
10,PoolSize,13,131777,60,Our Eps-Fair,0.1,0.724,0.17920886734187746,0.89275,0.10987975807612921,,0.16875000000000007,0.06932910926574826
10,PoolSize,13,131777,60,Our Eps-Fair,0.15,0.775,0.19737115793852705,0.9625,0.15918054688875022,,0.1875,0.038190611049776835
10,PoolSize,13,131777,80,Our Eps-Fair,0.0,0.6395,0.187629002064033,0.73625,0.03478855661690586,,0.09675,0.15284044544712713
10,PoolSize,13,131777,80,Our Eps-Fair,0.05,0.6875,0.15149242387878203,0.81675,0.05941695067121072,,0.12924999999999998,0.09207547320757131
10,PoolSize,13,131777,80,Our Eps-Fair,0.1,0.7735,0.18319293108689738,0.89275,0.10987975807612921,,0.11925000000000008,0.07331317301076817
10,PoolSize,13,131777,80,Our Eps-Fair,0.15,0.80275,0.20138722219555516,0.9625,0.15918054688875022,,0.15975000000000006,0.04220667530680494
10,PoolSize,13,131777,100,Our Eps-Fair,0.0,0.66825,0.15786452583241334,0.73625,0.03478855661690586,,0.06799999999999995,0.12307596921550748
10,PoolSize,13,131777,100,Our Eps-Fair,0.05,0.7105,0.14333429334869355,0.81675,0.05941695067121072,,0.10624999999999996,0.08391734267748283
10,PoolSize,13,131777,100,Our Eps-Fair,0.1,0.76325,0.19335909374549992,0.89275,0.10987975807612921,,0.12950000000000006,0.08347933566937071
10,PoolSize,13,131777,100,Our Eps-Fair,0.15,0.83175,0.2269016304260868,0.9625,0.15918054688875022,,0.13075000000000003,0.06772108353733658
10,PoolSize,13,131777,120,Our Eps-Fair,0.0,0.65575,0.1529324469191507,0.73625,0.03478855661690586,,0.0804999999999999,0.11814389030224484
10,PoolSize,13,131777,120,Our Eps-Fair,0.05,0.70225,0.11926390822253156,0.81675,0.05941695067121072,,0.11449999999999994,0.05984695755132084
10,PoolSize,13,131777,120,Our Eps-Fair,0.1,0.77,0.17221275540408648,0.89275,0.10987975807612921,,0.12275000000000003,0.062332997327957274
10,PoolSize,13,131777,120,Our Eps-Fair,0.15,0.79175,0.20687330997295955,0.9625,0.15918054688875022,,0.17075000000000007,0.04769276308420933
10,PoolSize,13,131777,140,Our Eps-Fair,0.0,0.621,0.24310788972623562,0.73625,0.03478855661690586,,0.11524999999999996,0.20831933310932976
10,PoolSize,13,131777,140,Our Eps-Fair,0.05,0.71175,0.13617017872285958,0.81675,0.05941695067121072,,0.10499999999999998,0.07675322805164886
10,PoolSize,13,131777,140,Our Eps-Fair,0.1,0.767,0.16970871533944543,0.89275,0.10987975807612921,,0.12575000000000003,0.05982895726331622
10,PoolSize,13,131777,140,Our Eps-Fair,0.15,0.824,0.1667206675306805,0.9625,0.15918054688875022,,0.13850000000000007,0.00754012064193027
10,PoolSize,13,131777,160,Our Eps-Fair,0.0,0.6765,0.14899238387814207,0.73625,0.03478855661690586,,0.05974999999999997,0.11420382726123621
10,PoolSize,13,131777,160,Our Eps-Fair,0.05,0.72725,0.162722603561657,0.81675,0.05941695067121072,,0.08950000000000002,0.10330565289044627
10,PoolSize,13,131777,160,Our Eps-Fair,0.1,0.7825,0.19368709899358388,0.89275,0.10987975807612921,,0.11025000000000007,0.08380734091745468
10,PoolSize,13,131777,160,Our Eps-Fair,0.15,0.82975,0.20462727403638456,0.9625,0.15918054688875022,,0.13275000000000003,0.04544672714763434
10,PoolSize,13,131777,180,Our Eps-Fair,0.0,0.6795,0.10903174450791214,0.73625,0.03478855661690586,,0.05674999999999997,0.07424318789100628
10,PoolSize,13,131777,180,Our Eps-Fair,0.05,0.72625,0.14622433958943343,0.81675,0.05941695067121072,,0.09050000000000002,0.0868073889182227
10,PoolSize,13,131777,180,Our Eps-Fair,0.1,0.78425,0.1856909710555369,0.89275,0.10987975807612921,,0.10850000000000004,0.07581121297940768
10,PoolSize,13,131777,180,Our Eps-Fair,0.15,0.8405,0.1936390982255716,0.9625,0.15918054688875022,,0.122,0.03445855133682138
10,PoolSize,13,131777,200,Our Eps-Fair,0.0,0.65675,0.17529280468487496,0.73625,0.03478855661690586,,0.07950000000000002,0.1405042480679691
10,PoolSize,13,131777,200,Our Eps-Fair,0.05,0.7215,0.15122041952671245,0.81675,0.05941695067121072,,0.09524999999999995,0.09180346885550172
10,PoolSize,13,131777,200,Our Eps-Fair,0.1,0.79225,0.18718499495991936,0.89275,0.10987975807612921,,0.10050000000000003,0.07730523688379015
10,PoolSize,13,131777,200,Our Eps-Fair,0.15,0.84925,0.1981051696827149,0.9625,0.15918054688875022,,0.11325000000000007,0.03892462279396469
10,PoolSize,13,131777,220,Our Eps-Fair,0.0,0.676,0.08202731243699898,0.73625,0.03478855661690586,,0.060249999999999915,0.047238755820093126
10,PoolSize,13,131777,220,Our Eps-Fair,0.05,0.73475,0.14671434742955886,0.81675,0.05941695067121072,,0.08199999999999996,0.08729739675834813
10,PoolSize,13,131777,220,Our Eps-Fair,0.1,0.79825,0.18118889902238436,0.89275,0.10987975807612921,,0.09450000000000003,0.07130914094625515
10,PoolSize,13,131777,220,Our Eps-Fair,0.15,0.8465,0.1979051664826637,0.9625,0.15918054688875022,,0.11599999999999999,0.03872461959391349
10,PoolSize,13,131777,240,Our Eps-Fair,0.0,0.675,0.08849541592665482,0.73625,0.03478855661690586,,0.061249999999999916,0.05370685930974896
10,PoolSize,13,131777,240,Our Eps-Fair,0.05,0.74925,0.12872205955295285,0.81675,0.05941695067121072,,0.0675,0.06930510888174213
10,PoolSize,13,131777,240,Our Eps-Fair,0.1,0.80775,0.18017688283012528,0.89275,0.10987975807612921,,0.08500000000000008,0.07029712475399608
10,PoolSize,13,131777,240,Our Eps-Fair,0.15,0.847,0.1979051664826637,0.9625,0.15918054688875022,,0.11550000000000005,0.03872461959391349
10,PoolSize,13,131777,260,Our Eps-Fair,0.0,0.67225,0.09197347157554522,0.73625,0.03478855661690586,,0.06399999999999995,0.057184914958639366
10,PoolSize,13,131777,260,Our Eps-Fair,0.05,0.764,0.13767620281924509,0.81675,0.05941695067121072,,0.052749999999999964,0.07825925214803436
10,PoolSize,13,131777,260,Our Eps-Fair,0.1,0.8135,0.1736827789244628,0.89275,0.10987975807612921,,0.07925000000000004,0.06380302084833359
10,PoolSize,13,131777,260,Our Eps-Fair,0.15,0.8455,0.18264292228675658,0.9625,0.15918054688875022,,0.11699999999999999,0.023462375398006358
10,PoolSize,13,131777,280,Our Eps-Fair,0.0,0.6705,0.09672154754476073,0.73625,0.03478855661690586,,0.06574999999999998,0.06193299092785487
10,PoolSize,13,131777,280,Our Eps-Fair,0.05,0.7405,0.10076161218579499,0.81675,0.05941695067121072,,0.07624999999999993,0.04134466151458427
10,PoolSize,13,131777,280,Our Eps-Fair,0.1,0.817,0.15368645898334374,0.89275,0.10987975807612921,,0.0757500000000001,0.04380670090721453
10,PoolSize,13,131777,280,Our Eps-Fair,0.15,0.8575,0.1894350309604954,0.9625,0.15918054688875022,,0.10499999999999998,0.03025448407174519
10,PoolSize,13,131777,300,Our Eps-Fair,0.0,0.68775,0.06248299972799565,0.73625,0.03478855661690586,,0.04849999999999999,0.02769444311108979
10,PoolSize,13,131777,300,Our Eps-Fair,0.05,0.75875,0.10821573145170323,0.81675,0.05941695067121072,,0.05799999999999994,0.048798780780492504
10,PoolSize,13,131777,300,Our Eps-Fair,0.1,0.8205,0.15167842685482968,0.89275,0.10987975807612921,,0.07225000000000004,0.041798668778700476
10,PoolSize,13,131777,300,Our Eps-Fair,0.15,0.8585,0.19194107105713692,0.9625,0.15918054688875022,,0.10399999999999998,0.03276052416838671
10,TrainingSize,14,141777,100,Unfair,,0.62275,0.2457614507916635,0.973,0.1779083996689741,,0.35024999999999995,0.06785305112268941
10,TrainingSize,14,141777,100,Our Eps-Fair,0.0,0.556,0.02912857614107764,0.724,0.03787565221675543,,0.16799999999999993,-0.00874707607567779
10,TrainingSize,14,141777,100,Our Eps-Fair,0.05,0.586,0.07030773451604973,0.81175,0.06888644407035774,,0.22575,0.001421290445691989
10,TrainingSize,14,141777,100,Our Eps-Fair,0.1,0.606,0.11167721526110302,0.89475,0.1236315108820129,,0.28875000000000006,-0.011954295620909869
10,TrainingSize,14,141777,100,Our Eps-Fair,0.15,0.62125,0.15832445287320504,0.9615,0.16847306188178057,,0.34025000000000005,-0.010148609008575532
10,TrainingSize,14,141777,200,Unfair,,0.6855,0.24632441485875,0.973,0.1779083996689741,,0.2875,0.06841601518977591
10,TrainingSize,14,141777,200,Our Eps-Fair,0.0,0.59625,0.036312307755023865,0.724,0.03787565221675543,,0.12775000000000003,-0.001563344461731564
10,TrainingSize,14,141777,200,Our Eps-Fair,0.05,0.63525,0.059674191111170005,0.81175,0.06888644407035774,,0.1765,-0.009212252959187733
10,TrainingSize,14,141777,200,Our Eps-Fair,0.1,0.665,0.12407467939684066,0.89475,0.1236315108820129,,0.22975,0.0004431685148277714
10,TrainingSize,14,141777,200,Our Eps-Fair,0.15,0.67575,0.1534238394149375,0.9615,0.16847306188178057,,0.28575000000000006,-0.015049222466843065
10,TrainingSize,14,141777,300,Unfair,,0.74875,0.20323102859862463,0.973,0.1779083996689741,,0.22424999999999995,0.025322628929650537
10,TrainingSize,14,141777,300,Our Eps-Fair,0.0,0.638,0.02190207826526036,0.724,0.03787565221675543,,0.08599999999999997,-0.015973573951495068
10,TrainingSize,14,141777,300,Our Eps-Fair,0.05,0.68325,0.07664989612300079,0.81175,0.06888644407035774,,0.12849999999999995,0.007763452052643047
10,TrainingSize,14,141777,300,Our Eps-Fair,0.1,0.724,0.12773056954907103,0.89475,0.1236315108820129,,0.17075000000000007,0.004099058667058134
10,TrainingSize,14,141777,300,Our Eps-Fair,0.15,0.743,0.16303924567316724,0.9615,0.16847306188178057,,0.21850000000000003,-0.005433816208613329
10,TrainingSize,14,141777,400,Unfair,,0.78,0.2105280532922644,0.973,0.1779083996689741,,0.19299999999999995,0.03261965362329031
10,TrainingSize,14,141777,400,Our Eps-Fair,0.0,0.66225,0.026923487656181272,0.724,0.03787565221675543,,0.06174999999999997,-0.010952164560574157
10,TrainingSize,14,141777,400,Our Eps-Fair,0.05,0.715,0.07949497796537133,0.81175,0.06888644407035774,,0.09675,0.010608533895013594
10,TrainingSize,14,141777,400,Our Eps-Fair,0.1,0.7485,0.11415715825942815,0.89475,0.1236315108820129,,0.14625,-0.009474352622584739
10,TrainingSize,14,141777,400,Our Eps-Fair,0.15,0.774,0.16123355906083287,0.9615,0.16847306188178057,,0.1875,-0.0072395028209477075
10,TrainingSize,14,141777,500,Unfair,,0.7915,0.21037199395069978,0.973,0.1779083996689741,,0.1815,0.03246359428172568
10,TrainingSize,14,141777,500,Our Eps-Fair,0.0,0.6675,0.034233517294951415,0.724,0.03787565221675543,,0.056499999999999995,-0.0036421349218040133
10,TrainingSize,14,141777,500,Our Eps-Fair,0.05,0.7245,0.07929715274233028,0.81175,0.06888644407035774,,0.08724999999999994,0.010410708671972538
10,TrainingSize,14,141777,500,Our Eps-Fair,0.1,0.76225,0.11613566058493742,0.89475,0.1236315108820129,,0.13250000000000006,-0.007495850297075474
10,TrainingSize,14,141777,500,Our Eps-Fair,0.15,0.789,0.16627447586944935,0.9615,0.16847306188178057,,0.1725,-0.0021985860123312218
10,TrainingSize,14,141777,600,Unfair,,0.806,0.18326143516071988,0.973,0.1779083996689741,,0.16699999999999993,0.005353035491745789
10,TrainingSize,14,141777,600,Our Eps-Fair,0.0,0.67775,0.03580236384885352,0.724,0.03787565221675543,,0.04625000000000001,-0.00207328836790191
10,TrainingSize,14,141777,600,Our Eps-Fair,0.05,0.7285,0.06313225604035934,0.81175,0.06888644407035774,,0.08324999999999994,-0.0057541880299984
10,TrainingSize,14,141777,600,Our Eps-Fair,0.1,0.7765,0.11176074702405589,0.89475,0.1236315108820129,,0.11825000000000008,-0.011870763857957004
10,TrainingSize,14,141777,600,Our Eps-Fair,0.15,0.8,0.16684294202870642,0.9615,0.16847306188178057,,0.16149999999999998,-0.0016301198530741523
10,TrainingSize,14,141777,700,Unfair,,0.81675,0.1872044344862134,0.973,0.1779083996689741,,0.15625,0.009296034817239313
10,TrainingSize,14,141777,700,Our Eps-Fair,0.0,0.68875,0.022216947994474906,0.724,0.03787565221675543,,0.035250000000000004,-0.015658704222280523
10,TrainingSize,14,141777,700,Our Eps-Fair,0.05,0.73575,0.06635072986503117,0.81175,0.06888644407035774,,0.07599999999999996,-0.0025357142053265697
10,TrainingSize,14,141777,700,Our Eps-Fair,0.1,0.78275,0.12598340518982343,0.89475,0.1236315108820129,,0.1120000000000001,0.002351894307810534
10,TrainingSize,14,141777,700,Our Eps-Fair,0.15,0.809,0.1808482675537373,0.9615,0.16847306188178057,,0.15249999999999997,0.01237520567195674
10,TrainingSize,14,141777,800,Unfair,,0.83175,0.18897110626315655,0.973,0.1779083996689741,,0.14125,0.011062706594182459
10,TrainingSize,14,141777,800,Our Eps-Fair,0.0,0.682,0.054121329635593934,0.724,0.03787565221675543,,0.041999999999999926,0.016245677418838506
10,TrainingSize,14,141777,800,Our Eps-Fair,0.05,0.74,0.07223596772672809,0.81175,0.06888644407035774,,0.07174999999999998,0.003349523656370354
10,TrainingSize,14,141777,800,Our Eps-Fair,0.1,0.7895,0.11686293713184437,0.89475,0.1236315108820129,,0.10525000000000007,-0.0067685737501685245
10,TrainingSize,14,141777,800,Our Eps-Fair,0.15,0.8235,0.1680021328110014,0.9615,0.16847306188178057,,0.138,-0.0004709290707791691
10,TrainingSize,14,141777,900,Unfair,,0.833,0.18404723396071354,0.973,0.1779083996689741,,0.14,0.006138834291739448
10,TrainingSize,14,141777,900,Our Eps-Fair,0.0,0.6935,0.018399246313410667,0.724,0.03787565221675543,,0.03049999999999997,-0.019476405903344762
10,TrainingSize,14,141777,900,Our Eps-Fair,0.05,0.7515,0.06678264410041918,0.81175,0.06888644407035774,,0.060250000000000026,-0.0021037999699385634
10,TrainingSize,14,141777,900,Our Eps-Fair,0.1,0.79075,0.1220599132820255,0.89475,0.1236315108820129,,0.10400000000000009,-0.0015715975999873871
10,TrainingSize,14,141777,900,Our Eps-Fair,0.15,0.822,0.16604688932966763,0.9615,0.16847306188178057,,0.13950000000000007,-0.002426172552112943
10,TrainingSize,14,141777,1000,Unfair,,0.8375,0.18844165493929066,0.973,0.1779083996689741,,0.13549999999999995,0.010533255270316566
10,TrainingSize,14,141777,1000,Our Eps-Fair,0.0,0.703,0.029348659827899554,0.724,0.03787565221675543,,0.02100000000000002,-0.008526992388855875
10,TrainingSize,14,141777,1000,Our Eps-Fair,0.05,0.755,0.07506154215140307,0.81175,0.06888644407035774,,0.05674999999999997,0.006175098081045327
10,TrainingSize,14,141777,1000,Our Eps-Fair,0.1,0.79475,0.12733767014907418,0.89475,0.1236315108820129,,0.10000000000000009,0.0037061592670612903
10,TrainingSize,14,141777,1000,Our Eps-Fair,0.15,0.826,0.1744363294142598,0.9615,0.16847306188178057,,0.13550000000000006,0.005963267532479222
10,TrainingSize,14,141777,1100,Unfair,,0.84625,0.19470028478328885,0.973,0.1779083996689741,,0.12675000000000003,0.01679188511431476
10,TrainingSize,14,141777,1100,Our Eps-Fair,0.0,0.7075,0.027355401891569264,0.724,0.03787565221675543,,0.01649999999999996,-0.010520250325186165
10,TrainingSize,14,141777,1100,Our Eps-Fair,0.05,0.761,0.06911778203661943,0.81175,0.06888644407035774,,0.05074999999999996,0.00023133796626169378
10,TrainingSize,14,141777,1100,Our Eps-Fair,0.1,0.80425,0.11827572434418188,0.89475,0.1236315108820129,,0.09050000000000002,-0.005355786537831017
10,TrainingSize,14,141777,1100,Our Eps-Fair,0.15,0.83675,0.17231852411879617,0.9615,0.16847306188178057,,0.12475000000000003,0.0038454622370155955
10,TrainingSize,14,141777,1200,Unfair,,0.84775,0.1901730633073226,0.973,0.1779083996689741,,0.12524999999999997,0.012264663638348494
10,TrainingSize,14,141777,1200,Our Eps-Fair,0.0,0.7045,0.03768608013197017,0.724,0.03787565221675543,,0.019499999999999962,-0.0001895720847852611
10,TrainingSize,14,141777,1200,Our Eps-Fair,0.05,0.76475,0.0694716666012251,0.81175,0.06888644407035774,,0.04699999999999993,0.0005852225308673603
10,TrainingSize,14,141777,1200,Our Eps-Fair,0.1,0.80175,0.12068889195116443,0.89475,0.1236315108820129,,0.09300000000000008,-0.002942618930848462
10,TrainingSize,14,141777,1200,Our Eps-Fair,0.15,0.842,0.16929787551716538,0.9615,0.16847306188178057,,0.11950000000000005,0.0008248136353848079
10,TrainingSize,14,141777,1300,Unfair,,0.85225,0.18671399799773866,0.973,0.1779083996689741,,0.12075000000000002,0.008805598328764569
10,TrainingSize,14,141777,1300,Our Eps-Fair,0.0,0.70575,0.026681895790874488,0.724,0.03787565221675543,,0.01824999999999999,-0.01119375642588094
10,TrainingSize,14,141777,1300,Our Eps-Fair,0.05,0.75425,0.06903975236583712,0.81175,0.06888644407035774,,0.057499999999999996,0.00015330829547938185
10,TrainingSize,14,141777,1300,Our Eps-Fair,0.1,0.8055,0.1286139054375426,0.89475,0.1236315108820129,,0.08925000000000005,0.0049823945555297205
10,TrainingSize,14,141777,1300,Our Eps-Fair,0.15,0.84025,0.16278564924312472,0.9615,0.16847306188178057,,0.12124999999999997,-0.005687412638655853
10,TrainingSize,14,141777,1400,Unfair,,0.85,0.18659970453765046,0.973,0.1779083996689741,,0.123,0.008691304868676364
10,TrainingSize,14,141777,1400,Our Eps-Fair,0.0,0.70975,0.038293561126618414,0.724,0.03787565221675543,,0.014249999999999985,0.0004179089098629851
10,TrainingSize,14,141777,1400,Our Eps-Fair,0.05,0.7615,0.0684127639534933,0.81175,0.06888644407035774,,0.05025000000000002,-0.0004736801168644389
10,TrainingSize,14,141777,1400,Our Eps-Fair,0.1,0.80975,0.12939970423753633,0.89475,0.1236315108820129,,0.08500000000000008,0.005768193355523435
10,TrainingSize,14,141777,1400,Our Eps-Fair,0.15,0.84125,0.18255916812367903,0.9615,0.16847306188178057,,0.12024999999999997,0.01408610624189846
10,TrainingSize,14,141777,1500,Unfair,,0.85575,0.1929206080612153,0.973,0.1779083996689741,,0.11724999999999997,0.01501220839224121
10,TrainingSize,14,141777,1500,Our Eps-Fair,0.0,0.7075,0.033606528882607595,0.724,0.03787565221675543,,0.01649999999999996,-0.004269123334147834
10,TrainingSize,14,141777,1500,Our Eps-Fair,0.05,0.76925,0.07780908690529574,0.81175,0.06888644407035774,,0.04249999999999998,0.008922642834938002
10,TrainingSize,14,141777,1500,Our Eps-Fair,0.1,0.815,0.1213966610803758,0.89475,0.1236315108820129,,0.0797500000000001,-0.002234849801637087
10,TrainingSize,14,141777,1500,Our Eps-Fair,0.15,0.84425,0.17769381807432275,0.9615,0.16847306188178057,,0.11725000000000008,0.009220756192542173
10,TrainingSize,14,141777,1600,Unfair,,0.86525,0.18909465324189523,0.973,0.1779083996689741,,0.10775000000000001,0.011186253572921134
10,TrainingSize,14,141777,1600,Our Eps-Fair,0.0,0.70925,0.032330293594139164,0.724,0.03787565221675543,,0.01474999999999993,-0.005545358622616264
10,TrainingSize,14,141777,1600,Our Eps-Fair,0.05,0.7725,0.07445406115675485,0.81175,0.06888644407035774,,0.03925000000000001,0.005567617086397109
10,TrainingSize,14,141777,1600,Our Eps-Fair,0.1,0.82,0.1251418351828283,0.89475,0.1236315108820129,,0.0747500000000001,0.0015103243008153938
10,TrainingSize,14,141777,1600,Our Eps-Fair,0.15,0.85425,0.1811853957467327,0.9615,0.16847306188178057,,0.10725000000000007,0.01271233386495213
10,TrainingSize,14,141777,1700,Unfair,,0.86175,0.1849565797394459,0.973,0.1779083996689741,,0.11124999999999996,0.00704818007047181
10,TrainingSize,14,141777,1700,Our Eps-Fair,0.0,0.703,0.037725094967361344,0.724,0.03787565221675543,,0.02100000000000002,-0.00015055724939408432
10,TrainingSize,14,141777,1700,Our Eps-Fair,0.05,0.76825,0.07259260333741907,0.81175,0.06888644407035774,,0.04349999999999998,0.003706159267061332
10,TrainingSize,14,141777,1700,Our Eps-Fair,0.1,0.82275,0.12302402988736466,0.89475,0.1236315108820129,,0.07200000000000006,-0.0006074809946482324
10,TrainingSize,14,141777,1700,Our Eps-Fair,0.15,0.85275,0.1824811384528967,0.9615,0.16847306188178057,,0.10875000000000001,0.014008076571116135
10,TrainingSize,14,141777,1800,Unfair,,0.86925,0.1903318736949725,0.973,0.1779083996689741,,0.10375000000000001,0.012423474025998416
10,TrainingSize,14,141777,1800,Our Eps-Fair,0.0,0.70875,0.03513636060111855,0.724,0.03787565221675543,,0.015249999999999986,-0.0027392916156368796
10,TrainingSize,14,141777,1800,Our Eps-Fair,0.05,0.766,0.07924138153532882,0.81175,0.06888644407035774,,0.04574999999999996,0.010354937464971084
10,TrainingSize,14,141777,1800,Our Eps-Fair,0.1,0.81925,0.1335767925753768,0.89475,0.1236315108820129,,0.07550000000000001,0.009945281693363908
10,TrainingSize,14,141777,1800,Our Eps-Fair,0.15,0.861,0.18024353760517436,0.9615,0.16847306188178057,,0.10050000000000003,0.011770475723393792
10,TrainingSize,14,141777,1900,Unfair,,0.86875,0.18846766482955146,0.973,0.1779083996689741,,0.10424999999999995,0.010559265160577369
10,TrainingSize,14,141777,1900,Our Eps-Fair,0.0,0.7095,0.04172661654594159,0.724,0.03787565221675543,,0.014499999999999957,0.003850964329186163
10,TrainingSize,14,141777,1900,Our Eps-Fair,0.05,0.77275,0.0839284137793396,0.81175,0.06888644407035774,,0.038999999999999924,0.015041969708981862
10,TrainingSize,14,141777,1900,Our Eps-Fair,0.1,0.82125,0.1232776263174072,0.89475,0.1236315108820129,,0.07350000000000001,-0.0003538845646056943
10,TrainingSize,14,141777,1900,Our Eps-Fair,0.15,0.85925,0.1733384119311368,0.9615,0.16847306188178057,,0.10225000000000006,0.004865350049356232
10,TrainingSize,14,141777,2000,Unfair,,0.86975,0.19248869382582728,0.973,0.1779083996689741,,0.10324999999999995,0.01458029415685319
10,TrainingSize,14,141777,2000,Our Eps-Fair,0.0,0.7125,0.038725475362006406,0.724,0.03787565221675543,,0.011499999999999955,0.0008498231452509775
10,TrainingSize,14,141777,2000,Our Eps-Fair,0.05,0.78,0.08277197404312991,0.81175,0.06888644407035774,,0.031749999999999945,0.013885529972772176
10,TrainingSize,14,141777,2000,Our Eps-Fair,0.1,0.8245,0.12910434192601736,0.89475,0.1236315108820129,,0.07025000000000003,0.005472831044004464
10,TrainingSize,14,141777,2000,Our Eps-Fair,0.15,0.86075,0.18067545184056238,0.9615,0.16847306188178057,,0.10075,0.012202389958781812
10,PoolSize,14,141777,20,Our Eps-Fair,0.0,0.75625,0.16484493228550157,0.724,0.03787565221675543,,-0.03225,0.12696928006874614
10,PoolSize,14,141777,20,Our Eps-Fair,0.05,0.7625,0.16484493228550157,0.81175,0.06888644407035774,,0.049250000000000016,0.09595848821514383
10,PoolSize,14,141777,20,Our Eps-Fair,0.1,0.845,0.1762615234442897,0.89475,0.1236315108820129,,0.04975000000000007,0.0526300125622768
10,PoolSize,14,141777,20,Our Eps-Fair,0.15,0.845,0.1762615234442897,0.9615,0.16847306188178057,,0.11650000000000005,0.007788461562509119
10,PoolSize,14,141777,40,Our Eps-Fair,0.0,0.737,0.10033665301230793,0.724,0.03787565221675543,,-0.013000000000000012,0.0624610007955525
10,PoolSize,14,141777,40,Our Eps-Fair,0.05,0.764,0.15729981325398984,0.81175,0.06888644407035774,,0.04774999999999996,0.0884133691836321
10,PoolSize,14,141777,40,Our Eps-Fair,0.1,0.8105,0.1813674649785581,0.89475,0.1236315108820129,,0.08425000000000005,0.05773595409654521
10,PoolSize,14,141777,40,Our Eps-Fair,0.15,0.81775,0.1788957751184888,0.9615,0.16847306188178057,,0.14375000000000004,0.010422713236708236
10,PoolSize,14,141777,60,Our Eps-Fair,0.0,0.737,0.16188930840952273,0.724,0.03787565221675543,,-0.013000000000000012,0.1240136561927673
10,PoolSize,14,141777,60,Our Eps-Fair,0.05,0.74225,0.18393669192710527,0.81175,0.06888644407035774,,0.0695,0.11505024785674753
10,PoolSize,14,141777,60,Our Eps-Fair,0.1,0.776,0.18344625543863052,0.89475,0.1236315108820129,,0.11875000000000002,0.05981474455661763
10,PoolSize,14,141777,60,Our Eps-Fair,0.15,0.825,0.18148450948473155,0.9615,0.16847306188178057,,0.13650000000000007,0.013011447602950976
10,PoolSize,14,141777,80,Our Eps-Fair,0.0,0.74275,0.08719515595805306,0.724,0.03787565221675543,,-0.018750000000000044,0.049319503741297635
10,PoolSize,14,141777,80,Our Eps-Fair,0.05,0.8,0.15184648962768094,0.81175,0.06888644407035774,,0.011749999999999927,0.0829600455573232
10,PoolSize,14,141777,80,Our Eps-Fair,0.1,0.81225,0.15833920848402605,0.89475,0.1236315108820129,,0.08250000000000002,0.03470769760201316
10,PoolSize,14,141777,80,Our Eps-Fair,0.15,0.85675,0.17008742574363903,0.9615,0.16847306188178057,,0.10475000000000001,0.0016143638618584533
10,PoolSize,14,141777,100,Our Eps-Fair,0.0,0.7625,0.1046828056368434,0.724,0.03787565221675543,,-0.03849999999999998,0.06680715342008797
10,PoolSize,14,141777,100,Our Eps-Fair,0.05,0.7935,0.13880252966190393,0.81175,0.06888644407035774,,0.01824999999999999,0.06991608559154619
10,PoolSize,14,141777,100,Our Eps-Fair,0.1,0.8305,0.15588702604165233,0.89475,0.1236315108820129,,0.06425000000000003,0.03225551515963944
10,PoolSize,14,141777,100,Our Eps-Fair,0.15,0.84975,0.1695774818374687,0.9615,0.16847306188178057,,0.11175000000000002,0.0011044199556881351
10,PoolSize,14,141777,120,Our Eps-Fair,0.0,0.77525,0.1006227618051764,0.724,0.03787565221675543,,-0.05125000000000002,0.06274710958842097
10,PoolSize,14,141777,120,Our Eps-Fair,0.05,0.80625,0.11835375401496419,0.81175,0.06888644407035774,,0.005499999999999949,0.04946730994460645
10,PoolSize,14,141777,120,Our Eps-Fair,0.1,0.838,0.16362721925011986,0.89475,0.1236315108820129,,0.05675000000000008,0.039995708368106966
10,PoolSize,14,141777,120,Our Eps-Fair,0.15,0.86825,0.17643709020354986,0.9615,0.16847306188178057,,0.09325000000000006,0.00796402832176929
10,PoolSize,14,141777,140,Our Eps-Fair,0.0,0.78125,0.10529028663149163,0.724,0.03787565221675543,,-0.05725000000000002,0.0674146344147362
10,PoolSize,14,141777,140,Our Eps-Fair,0.05,0.82675,0.13390841867620162,0.81175,0.06888644407035774,,-0.015000000000000013,0.06502197460584389
10,PoolSize,14,141777,140,Our Eps-Fair,0.1,0.84875,0.16655033076327275,0.89475,0.1236315108820129,,0.04600000000000004,0.042918819881259854
10,PoolSize,14,141777,140,Our Eps-Fair,0.15,0.86525,0.17888927264592358,0.9615,0.16847306188178057,,0.09625000000000006,0.010416210764143008
10,PoolSize,14,141777,160,Our Eps-Fair,0.0,0.7605,0.07386608757980222,0.724,0.03787565221675543,,-0.03649999999999998,0.03599043536304679
10,PoolSize,14,141777,160,Our Eps-Fair,0.05,0.825,0.11492069859564101,0.81175,0.06888644407035774,,-0.013249999999999984,0.04603425452528327
10,PoolSize,14,141777,160,Our Eps-Fair,0.1,0.84475,0.15709548555838357,0.89475,0.1236315108820129,,0.050000000000000044,0.033463974676370675
10,PoolSize,14,141777,160,Our Eps-Fair,0.15,0.865,0.1763980753681587,0.9615,0.16847306188178057,,0.09650000000000003,0.00792501348637814
10,PoolSize,14,141777,180,Our Eps-Fair,0.0,0.73775,0.03584888153720453,0.724,0.03787565221675543,,-0.01375000000000004,-0.002026770679550899
10,PoolSize,14,141777,180,Our Eps-Fair,0.05,0.8235,0.1052382668509701,0.81175,0.06888644407035774,,-0.011750000000000038,0.03635182278061236
10,PoolSize,14,141777,180,Our Eps-Fair,0.1,0.84875,0.1481895990950559,0.89475,0.1236315108820129,,0.04600000000000004,0.02455808821304302
10,PoolSize,14,141777,180,Our Eps-Fair,0.15,0.86875,0.1749072584850389,0.9615,0.16847306188178057,,0.09275,0.006434196603258335
10,PoolSize,14,141777,200,Our Eps-Fair,0.0,0.73325,0.07066712117282598,0.724,0.03787565221675543,,-0.00924999999999998,0.032791468956070546
10,PoolSize,14,141777,200,Our Eps-Fair,0.05,0.81025,0.10878186430390155,0.81175,0.06888644407035774,,0.0014999999999999458,0.03989542023354381
10,PoolSize,14,141777,200,Our Eps-Fair,0.1,0.844,0.13662620211335363,0.89475,0.1236315108820129,,0.05075000000000007,0.012994691231340741
10,PoolSize,14,141777,200,Our Eps-Fair,0.15,0.86425,0.1642959735439401,0.9615,0.16847306188178057,,0.09725000000000006,-0.004177088337840473
10,PoolSize,14,141777,220,Our Eps-Fair,0.0,0.7095,0.04690408527842713,0.724,0.03787565221675543,,0.014499999999999957,0.009028433061671698
10,PoolSize,14,141777,220,Our Eps-Fair,0.05,0.82425,0.11282890319043816,0.81175,0.06888644407035774,,-0.012500000000000067,0.04394245912008042
10,PoolSize,14,141777,220,Our Eps-Fair,0.1,0.84425,0.1381170189964734,0.89475,0.1236315108820129,,0.0505000000000001,0.014485508114460519
10,PoolSize,14,141777,220,Our Eps-Fair,0.15,0.86325,0.17399141023374137,0.9615,0.16847306188178057,,0.09825000000000006,0.0055183483519608
10,PoolSize,14,141777,240,Our Eps-Fair,0.0,0.743,0.06699997674115583,0.724,0.03787565221675543,,-0.019000000000000017,0.029124324524400405
10,PoolSize,14,141777,240,Our Eps-Fair,0.05,0.8145,0.11117552449318853,0.81175,0.06888644407035774,,-0.00275000000000003,0.04228908042283079
10,PoolSize,14,141777,240,Our Eps-Fair,0.1,0.8415,0.13658718727796243,0.89475,0.1236315108820129,,0.05325000000000002,0.012955676395949536
10,PoolSize,14,141777,240,Our Eps-Fair,0.15,0.86425,0.17446233930452054,0.9615,0.16847306188178057,,0.09725000000000006,0.005989277422739969
10,PoolSize,14,141777,260,Our Eps-Fair,0.0,0.74575,0.048785050515458506,0.724,0.03787565221675543,,-0.021750000000000047,0.010909398298703077
10,PoolSize,14,141777,260,Our Eps-Fair,0.05,0.81425,0.11012312431802192,0.81175,0.06888644407035774,,-0.0025000000000000577,0.04123668024766418
10,PoolSize,14,141777,260,Our Eps-Fair,0.1,0.84,0.13039733358609612,0.89475,0.1236315108820129,,0.054750000000000076,0.006765822704083227
10,PoolSize,14,141777,260,Our Eps-Fair,0.15,0.8565,0.1834657628563261,0.9615,0.16847306188178057,,0.10499999999999998,0.014992700974545525
10,PoolSize,14,141777,280,Our Eps-Fair,0.0,0.72725,0.026715408534095098,0.724,0.03787565221675543,,-0.003249999999999975,-0.011160243682660331
10,PoolSize,14,141777,280,Our Eps-Fair,0.05,0.805,0.107232525167695,0.81175,0.06888644407035774,,0.006749999999999923,0.03834608109733727
10,PoolSize,14,141777,280,Our Eps-Fair,0.1,0.83975,0.1355672994656218,0.89475,0.1236315108820129,,0.05500000000000005,0.0119357885836089
10,PoolSize,14,141777,280,Our Eps-Fair,0.15,0.855,0.18142598723164483,0.9615,0.16847306188178057,,0.10650000000000004,0.012952925349864253
10,PoolSize,14,141777,300,Our Eps-Fair,0.0,0.73575,0.06750992064732615,0.724,0.03787565221675543,,-0.011750000000000038,0.029634268430570723
10,PoolSize,14,141777,300,Our Eps-Fair,0.05,0.8045,0.10774246907386532,0.81175,0.06888644407035774,,0.007249999999999979,0.038856025003507585
10,PoolSize,14,141777,300,Our Eps-Fair,0.1,0.83575,0.1345251531895003,0.89475,0.1236315108820129,,0.05900000000000005,0.01089364230748742
10,PoolSize,14,141777,300,Our Eps-Fair,0.15,0.85875,0.18344625543863052,0.9615,0.16847306188178057,,0.10275000000000001,0.01497319355684995
10,TrainingSize,15,151777,100,Unfair,,0.61475,0.18497526594700786,0.978,0.19778442285918002,,0.36324999999999996,-0.01280915691217216
10,TrainingSize,15,151777,100,Our Eps-Fair,0.0,0.5525,0.03967398600632857,0.7245,0.04530255495629823,,0.17200000000000004,-0.005628568949969659
10,TrainingSize,15,151777,100,Our Eps-Fair,0.05,0.581,0.09412040297493643,0.816,0.09168862318563403,,0.235,0.0024317797893023962
10,TrainingSize,15,151777,100,Our Eps-Fair,0.1,0.604,0.13188711561716632,0.89775,0.14379426147970314,,0.29375000000000007,-0.011907145862536828
10,TrainingSize,15,151777,100,Our Eps-Fair,0.15,0.61175,0.17996470456763095,0.96225,0.18879481273645599,,0.35050000000000003,-0.00883010816882504
10,TrainingSize,15,151777,200,Unfair,,0.7115,0.2346876249234053,0.978,0.19778442285918002,,0.26649999999999996,0.03690320206422529
10,TrainingSize,15,151777,200,Our Eps-Fair,0.0,0.6055,0.0341519183609999,0.7245,0.04530255495629823,,0.119,-0.01115063659529833
10,TrainingSize,15,151777,200,Our Eps-Fair,0.05,0.64875,0.06730282445959965,0.816,0.09168862318563403,,0.1672499999999999,-0.024385798726034386
10,TrainingSize,15,151777,200,Our Eps-Fair,0.1,0.68925,0.12126498549607233,0.89775,0.14379426147970314,,0.20850000000000002,-0.022529275983630817
10,TrainingSize,15,151777,200,Our Eps-Fair,0.15,0.71,0.17217810918183749,0.96225,0.18879481273645599,,0.2522500000000001,-0.0166167035546185
10,TrainingSize,15,151777,300,Unfair,,0.76375,0.2061295250866823,0.978,0.19778442285918002,,0.21424999999999994,0.008345102227502288
10,TrainingSize,15,151777,300,Our Eps-Fair,0.0,0.64775,0.037095954425441724,0.7245,0.04530255495629823,,0.07674999999999998,-0.008206600530856506
10,TrainingSize,15,151777,300,Our Eps-Fair,0.05,0.69375,0.0871070670615715,0.816,0.09168862318563403,,0.12224999999999997,-0.0045815561240625385
10,TrainingSize,15,151777,300,Our Eps-Fair,0.1,0.734,0.1417242361218925,0.89775,0.14379426147970314,,0.16375000000000006,-0.0020700253578106453
10,TrainingSize,15,151777,300,Our Eps-Fair,0.15,0.758,0.19014957933234683,0.96225,0.18879481273645599,,0.20425000000000004,0.001354766595890844
10,TrainingSize,15,151777,400,Unfair,,0.7825,0.2031294883362321,0.978,0.19778442285918002,,0.1955,0.0053450654770520745
10,TrainingSize,15,151777,400,Our Eps-Fair,0.0,0.66225,0.028427598238078416,0.7245,0.04530255495629823,,0.06225000000000003,-0.016874956718219813
10,TrainingSize,15,151777,400,Our Eps-Fair,0.05,0.71,0.09357739632310495,0.816,0.09168862318563403,,0.10599999999999998,0.00188877313747092
10,TrainingSize,15,151777,400,Our Eps-Fair,0.1,0.7515,0.13424689452445793,0.89775,0.14379426147970314,,0.1462500000000001,-0.009547366955245218
10,TrainingSize,15,151777,400,Our Eps-Fair,0.15,0.77625,0.1902125801041063,0.96225,0.18879481273645599,,0.18600000000000005,0.0014177673676503133
10,TrainingSize,15,151777,500,Unfair,,0.78225,0.21553689032690648,0.978,0.19778442285918002,,0.19574999999999998,0.017752467467726463
10,TrainingSize,15,151777,500,Our Eps-Fair,0.0,0.6555,0.046347317754642486,0.7245,0.04530255495629823,,0.06900000000000006,0.0010447627983442564
10,TrainingSize,15,151777,500,Our Eps-Fair,0.05,0.706,0.07399490643760386,0.816,0.09168862318563403,,0.10999999999999999,-0.017693716748030178
10,TrainingSize,15,151777,500,Our Eps-Fair,0.1,0.74475,0.1289955801958574,0.89775,0.14379426147970314,,0.15300000000000002,-0.014798681283845733
10,TrainingSize,15,151777,500,Our Eps-Fair,0.15,0.772,0.18499976624713652,0.96225,0.18879481273645599,,0.19025000000000003,-0.00379504648931947
10,TrainingSize,15,151777,600,Unfair,,0.792,0.2020279748426918,0.978,0.19778442285918002,,0.18599999999999994,0.004243551983511784
10,TrainingSize,15,151777,600,Our Eps-Fair,0.0,0.65875,0.050326366497989605,0.7245,0.04530255495629823,,0.06575000000000009,0.005023811541691375
10,TrainingSize,15,151777,600,Our Eps-Fair,0.05,0.70875,0.07849321154184138,0.816,0.09168862318563403,,0.10724999999999996,-0.013195411643792648
10,TrainingSize,15,151777,600,Our Eps-Fair,0.1,0.74975,0.12249725059131976,0.89775,0.14379426147970314,,0.14800000000000002,-0.021297010888383386
10,TrainingSize,15,151777,600,Our Eps-Fair,0.15,0.78575,0.18619503088912837,0.96225,0.18879481273645599,,0.1765000000000001,-0.00259978184732762
10,TrainingSize,15,151777,700,Unfair,,0.807,0.19173884880089778,0.978,0.19778442285918002,,0.17099999999999993,-0.006045574058282238
10,TrainingSize,15,151777,700,Our Eps-Fair,0.0,0.67075,0.040301743696360276,0.7245,0.04530255495629823,,0.053750000000000075,-0.005000811259937954
10,TrainingSize,15,151777,700,Our Eps-Fair,0.05,0.7255,0.06854558968347362,0.816,0.09168862318563403,,0.09049999999999991,-0.023143033502160418
10,TrainingSize,15,151777,700,Our Eps-Fair,0.1,0.7705,0.13104460529641487,0.89775,0.14379426147970314,,0.12725000000000009,-0.012749656183288272
10,TrainingSize,15,151777,700,Our Eps-Fair,0.15,0.80275,0.1765924132570624,0.96225,0.18879481273645599,,0.1595000000000001,-0.012202399479393583
10,TrainingSize,15,151777,800,Unfair,,0.81775,0.193132865877607,0.978,0.19778442285918002,,0.16025,-0.0046515569815730184
10,TrainingSize,15,151777,800,Our Eps-Fair,0.0,0.67125,0.04421154159138449,0.7245,0.04530255495629823,,0.05325000000000002,-0.00109101336491374
10,TrainingSize,15,151777,800,Our Eps-Fair,0.05,0.72425,0.06654206514029795,0.816,0.09168862318563403,,0.09175,-0.02514655804533608
10,TrainingSize,15,151777,800,Our Eps-Fair,0.1,0.77225,0.12855682482110403,0.89775,0.14379426147970314,,0.12550000000000006,-0.015237436658599113
10,TrainingSize,15,151777,800,Our Eps-Fair,0.15,0.811,0.18010120623977643,0.96225,0.18879481273645599,,0.15125,-0.008693606496679551
10,TrainingSize,15,151777,900,Unfair,,0.82625,0.20417150110088847,0.978,0.19778442285918002,,0.15174999999999994,0.006387078241708449
10,TrainingSize,15,151777,900,Our Eps-Fair,0.0,0.67725,0.04020449250503319,0.7245,0.04530255495629823,,0.047250000000000014,-0.00509806245126504
10,TrainingSize,15,151777,900,Our Eps-Fair,0.05,0.7385,0.06662256612643505,0.816,0.09168862318563403,,0.0774999999999999,-0.025066057059198982
10,TrainingSize,15,151777,900,Our Eps-Fair,0.1,0.7805,0.1250900323528963,0.89775,0.14379426147970314,,0.11725000000000008,-0.01870422912680683
10,TrainingSize,15,151777,900,Our Eps-Fair,0.15,0.81875,0.17664141385731977,0.96225,0.18879481273645599,,0.14350000000000007,-0.012153398879136218
10,TrainingSize,15,151777,1000,Unfair,,0.838,0.20318548902224054,0.978,0.19778442285918002,,0.14,0.0054010661630605195
10,TrainingSize,15,151777,1000,Our Eps-Fair,0.0,0.691,0.04266777268021535,0.7245,0.04530255495629823,,0.033500000000000085,-0.002634782276082881
10,TrainingSize,15,151777,1000,Our Eps-Fair,0.05,0.75075,0.07434416071596878,0.816,0.09168862318563403,,0.06524999999999992,-0.017344462469665256
10,TrainingSize,15,151777,1000,Our Eps-Fair,0.1,0.79675,0.12930983404546706,0.89775,0.14379426147970314,,0.10100000000000009,-0.014484427434236086
10,TrainingSize,15,151777,1000,Our Eps-Fair,0.15,0.8265,0.17175260396939862,0.96225,0.18879481273645599,,0.13575000000000004,-0.017042208767057365
10,TrainingSize,15,151777,1100,Unfair,,0.843,0.2202066975320448,0.978,0.19778442285918002,,0.135,0.022422274672864784
10,TrainingSize,15,151777,1100,Our Eps-Fair,0.0,0.6915,0.04081049992862412,0.7245,0.04530255495629823,,0.03300000000000003,-0.004492055027674108
10,TrainingSize,15,151777,1100,Our Eps-Fair,0.05,0.7475,0.08163675005018813,0.816,0.09168862318563403,,0.0684999999999999,-0.010051873135445907
10,TrainingSize,15,151777,1100,Our Eps-Fair,0.1,0.79275,0.12463727680664088,0.89775,0.14379426147970314,,0.1050000000000001,-0.01915698467306226
10,TrainingSize,15,151777,1100,Our Eps-Fair,0.15,0.8315,0.1841712560978872,0.96225,0.18879481273645599,,0.13075000000000003,-0.004623556638568782
10,TrainingSize,15,151777,1200,Unfair,,0.85075,0.21569789229918068,0.978,0.19778442285918002,,0.12724999999999997,0.017913469440000662
10,TrainingSize,15,151777,1200,Our Eps-Fair,0.0,0.6925,0.04728432923303308,0.7245,0.04530255495629823,,0.03200000000000003,0.001981774276734849
10,TrainingSize,15,151777,1200,Our Eps-Fair,0.05,0.75225,0.07516292074577915,0.816,0.09168862318563403,,0.06374999999999997,-0.016525702439854878
10,TrainingSize,15,151777,1200,Our Eps-Fair,0.1,0.80025,0.12670030207870045,0.89775,0.14379426147970314,,0.09750000000000003,-0.017093959401002695
10,TrainingSize,15,151777,1200,Our Eps-Fair,0.15,0.843,0.17569740229317807,0.96225,0.18879481273645599,,0.11925000000000008,-0.013097410443277918
10,TrainingSize,15,151777,1300,Unfair,,0.85225,0.20817155010148874,0.978,0.19778442285918002,,0.12575000000000003,0.010387127242308725
10,TrainingSize,15,151777,1300,Our Eps-Fair,0.0,0.7015,0.03426316972382912,0.7245,0.04530255495629823,,0.02300000000000002,-0.011039385232469112
10,TrainingSize,15,151777,1300,Our Eps-Fair,0.05,0.75,0.06732307470766516,0.816,0.09168862318563403,,0.06599999999999995,-0.024365548477968874
10,TrainingSize,15,151777,1300,Our Eps-Fair,0.1,0.7965,0.1261285450746772,0.89775,0.14379426147970314,,0.10125000000000006,-0.017665716405025955
10,TrainingSize,15,151777,1300,Our Eps-Fair,0.15,0.83625,0.1816589753224477,0.96225,0.18879481273645599,,0.126,-0.007135837414008278
10,TrainingSize,15,151777,1400,Unfair,,0.85475,0.20821705065887058,0.978,0.19778442285918002,,0.12324999999999997,0.010432627799690564
10,TrainingSize,15,151777,1400,Our Eps-Fair,0.0,0.698,0.04427029231108082,0.7245,0.04530255495629823,,0.02650000000000008,-0.0010322626452174133
10,TrainingSize,15,151777,1400,Our Eps-Fair,0.05,0.75475,0.07067511577016819,0.816,0.09168862318563403,,0.061249999999999916,-0.021013507415465843
10,TrainingSize,15,151777,1400,Our Eps-Fair,0.1,0.80825,0.12819857043248778,0.89775,0.14379426147970314,,0.08950000000000002,-0.015595691047215365
10,TrainingSize,15,151777,1400,Our Eps-Fair,0.15,0.84625,0.18070446362967946,0.96225,0.18879481273645599,,0.1160000000000001,-0.008090349106776529
10,TrainingSize,15,151777,1500,Unfair,,0.8645,0.20770129434085566,0.978,0.19778442285918002,,0.11349999999999993,0.009916871481675638
10,TrainingSize,15,151777,1500,Our Eps-Fair,0.0,0.69675,0.041534758800795324,0.7245,0.04530255495629823,,0.027750000000000052,-0.003767796155502906
10,TrainingSize,15,151777,1500,Our Eps-Fair,0.05,0.74825,0.07133012379401649,0.816,0.09168862318563403,,0.06774999999999998,-0.020358499391617546
10,TrainingSize,15,151777,1500,Our Eps-Fair,0.1,0.80775,0.12767931407159738,0.89775,0.14379426147970314,,0.09000000000000008,-0.016114947408105762
10,TrainingSize,15,151777,1500,Our Eps-Fair,0.15,0.85175,0.17968695116515176,0.96225,0.18879481273645599,,0.11050000000000004,-0.009107861571304221
10,TrainingSize,15,151777,1600,Unfair,,0.8645,0.2057047698834311,0.978,0.19778442285918002,,0.11349999999999993,0.007920347024251068
10,TrainingSize,15,151777,1600,Our Eps-Fair,0.0,0.70025,0.03605394166078535,0.7245,0.04530255495629823,,0.024249999999999994,-0.00924861329551288
10,TrainingSize,15,151777,1600,Our Eps-Fair,0.05,0.75775,0.06930559899358765,0.816,0.09168862318563403,,0.05824999999999991,-0.02238302419204638
10,TrainingSize,15,151777,1600,Our Eps-Fair,0.1,0.812,0.12182549236228143,0.89775,0.14379426147970314,,0.08574999999999999,-0.02196876911742171
10,TrainingSize,15,151777,1600,Our Eps-Fair,0.15,0.8515,0.18168347562257636,0.96225,0.18879481273645599,,0.11075000000000002,-0.007111337113879623
10,TrainingSize,15,151777,1700,Unfair,,0.865,0.20772579464098434,0.978,0.19778442285918002,,0.11299999999999999,0.00994137178180432
10,TrainingSize,15,151777,1700,Our Eps-Fair,0.0,0.7015,0.045548807972897676,0.7245,0.04530255495629823,,0.02300000000000002,0.0002462530165994459
10,TrainingSize,15,151777,1700,Our Eps-Fair,0.05,0.76075,0.07368915269212048,0.816,0.09168862318563403,,0.05524999999999991,-0.017999470493513553
10,TrainingSize,15,151777,1700,Our Eps-Fair,0.1,0.81525,0.13819869293398845,0.89775,0.14379426147970314,,0.08250000000000002,-0.005595568545714691
10,TrainingSize,15,151777,1700,Our Eps-Fair,0.15,0.851,0.18070796367255496,0.96225,0.18879481273645599,,0.11125000000000007,-0.00808684906390103
10,TrainingSize,15,151777,1800,Unfair,,0.87,0.21524513675292523,0.978,0.19778442285918002,,0.10799999999999998,0.017460713893745206
10,TrainingSize,15,151777,1800,Our Eps-Fair,0.0,0.699,0.04054524667927184,0.7245,0.04530255495629823,,0.025500000000000078,-0.00475730827702639
10,TrainingSize,15,151777,1800,Our Eps-Fair,0.05,0.75675,0.06969610377727128,0.816,0.09168862318563403,,0.059249999999999914,-0.02199251940836275
10,TrainingSize,15,151777,1800,Our Eps-Fair,0.1,0.8185,0.13320213172611367,0.89775,0.14379426147970314,,0.07925000000000004,-0.010592129753589474
10,TrainingSize,15,151777,1800,Our Eps-Fair,0.15,0.85475,0.17871843930088144,0.96225,0.18879481273645599,,0.10750000000000004,-0.010076373435574548
10,TrainingSize,15,151777,1900,Unfair,,0.869,0.21673990506383706,0.978,0.19778442285918002,,0.10899999999999999,0.018955482204657037
10,TrainingSize,15,151777,1900,Our Eps-Fair,0.0,0.7095,0.04477204845759361,0.7245,0.04530255495629823,,0.015000000000000013,-0.0005305064987046193
10,TrainingSize,15,151777,1900,Our Eps-Fair,0.05,0.767,0.07728469673753502,0.816,0.09168862318563403,,0.04899999999999993,-0.014403926448099014
10,TrainingSize,15,151777,1900,Our Eps-Fair,0.1,0.819,0.12171424099945223,0.89775,0.14379426147970314,,0.0787500000000001,-0.022080020480250914
10,TrainingSize,15,151777,1900,Our Eps-Fair,0.15,0.863,0.19172559863858335,0.96225,0.18879481273645599,,0.09925000000000006,0.002930785902127364
10,TrainingSize,15,151777,2000,Unfair,,0.871,0.21723816116747433,0.978,0.19778442285918002,,0.10699999999999998,0.019453738308294305
10,TrainingSize,15,151777,2000,Our Eps-Fair,0.0,0.70025,0.050019112734131,0.7245,0.04530255495629823,,0.024249999999999994,0.004716557777832767
10,TrainingSize,15,151777,2000,Our Eps-Fair,0.05,0.768,0.07621193359618655,0.816,0.09168862318563403,,0.04799999999999993,-0.015476689589447479
10,TrainingSize,15,151777,2000,Our Eps-Fair,0.1,0.82575,0.13421614414776584,0.89775,0.14379426147970314,,0.07200000000000006,-0.009578117331937308
10,TrainingSize,15,151777,2000,Our Eps-Fair,0.15,0.862,0.1842412569553977,0.96225,0.18879481273645599,,0.10025000000000006,-0.004553555781058288
10,PoolSize,15,151777,20,Our Eps-Fair,0.0,0.64075,0.1609029710613955,0.7245,0.04530255495629823,,0.08374999999999999,0.11560041610509728
10,PoolSize,15,151777,20,Our Eps-Fair,0.05,0.747,0.18430350771796955,0.816,0.09168862318563403,,0.06899999999999995,0.09261488453233552
10,PoolSize,15,151777,20,Our Eps-Fair,0.1,0.74725,0.18430350771796955,0.89775,0.14379426147970314,,0.15050000000000008,0.040509246238266405
10,PoolSize,15,151777,20,Our Eps-Fair,0.15,0.782,0.23964843569333727,0.96225,0.18879481273645599,,0.18025000000000002,0.050853622956881284
10,PoolSize,15,151777,40,Our Eps-Fair,0.0,0.68925,0.15587915951970413,0.7245,0.04530255495629823,,0.035250000000000004,0.1105766045634059
10,PoolSize,15,151777,40,Our Eps-Fair,0.05,0.72,0.1393912075422924,0.816,0.09168862318563403,,0.09599999999999997,0.04770258435665836
10,PoolSize,15,151777,40,Our Eps-Fair,0.1,0.779,0.17836993503170412,0.89775,0.14379426147970314,,0.11875000000000002,0.034575673552000974
10,PoolSize,15,151777,40,Our Eps-Fair,0.15,0.79975,0.19235260631942738,0.96225,0.18879481273645599,,0.1625000000000001,0.003557793582971397
10,PoolSize,15,151777,60,Our Eps-Fair,0.0,0.733,0.08189500321378938,0.7245,0.04530255495629823,,-0.008499999999999952,0.03659244825749115
10,PoolSize,15,151777,60,Our Eps-Fair,0.05,0.7625,0.09286013753668483,0.816,0.09168862318563403,,0.05349999999999999,0.001171514351050798
10,PoolSize,15,151777,60,Our Eps-Fair,0.1,0.80325,0.1625922417549615,0.89775,0.14379426147970314,,0.09450000000000003,0.018797980275258364
10,PoolSize,15,151777,60,Our Eps-Fair,0.15,0.816,0.18280523936418225,0.96225,0.18879481273645599,,0.1462500000000001,-0.005989573372273738
10,PoolSize,15,151777,80,Our Eps-Fair,0.0,0.66,0.1003387291494321,0.7245,0.04530255495629823,,0.0645,0.05503617419313386
10,PoolSize,15,151777,80,Our Eps-Fair,0.05,0.732,0.10390227280284184,0.816,0.09168862318563403,,0.08399999999999996,0.012213649617207806
10,PoolSize,15,151777,80,Our Eps-Fair,0.1,0.7665,0.17332437322357203,0.89775,0.14379426147970314,,0.1312500000000001,0.02953011174386888
10,PoolSize,15,151777,80,Our Eps-Fair,0.15,0.79975,0.18330699551069501,0.96225,0.18879481273645599,,0.1625000000000001,-0.005487817225760971
10,PoolSize,15,151777,100,Our Eps-Fair,0.0,0.67425,0.07815370738291545,0.7245,0.04530255495629823,,0.05025000000000002,0.03285115242661722
10,PoolSize,15,151777,100,Our Eps-Fair,0.05,0.72825,0.10390227280284184,0.816,0.09168862318563403,,0.08775,0.012213649617207806
10,PoolSize,15,151777,100,Our Eps-Fair,0.1,0.76425,0.17332437322357203,0.89775,0.14379426147970314,,0.13350000000000006,0.02953011174386888
10,PoolSize,15,151777,100,Our Eps-Fair,0.15,0.8005,0.21376361860432788,0.96225,0.18879481273645599,,0.16175000000000006,0.024968805867871896
10,PoolSize,15,151777,120,Our Eps-Fair,0.0,0.6455,0.10400702408604505,0.7245,0.04530255495629823,,0.07900000000000007,0.05870446912974682
10,PoolSize,15,151777,120,Our Eps-Fair,0.05,0.73175,0.10290226055269178,0.816,0.09168862318563403,,0.08424999999999994,0.011213637367057744
10,PoolSize,15,151777,120,Our Eps-Fair,0.1,0.77075,0.17332437322357203,0.89775,0.14379426147970314,,0.127,0.02953011174386888
10,PoolSize,15,151777,120,Our Eps-Fair,0.15,0.811,0.20375999605995176,0.96225,0.18879481273645599,,0.15125,0.014965183323495779
10,PoolSize,15,151777,140,Our Eps-Fair,0.0,0.67875,0.09262763468852495,0.7245,0.04530255495629823,,0.04575000000000007,0.047325079732226716
10,PoolSize,15,151777,140,Our Eps-Fair,0.05,0.72725,0.07293339343406956,0.816,0.09168862318563403,,0.08875,-0.018755229751564476
10,PoolSize,15,151777,140,Our Eps-Fair,0.1,0.7795,0.16933132430872277,0.89775,0.14379426147970314,,0.11825000000000008,0.02553706282901963
10,PoolSize,15,151777,140,Our Eps-Fair,0.15,0.80725,0.18479826377873132,0.96225,0.18879481273645599,,0.15500000000000003,-0.003996548957724666
10,PoolSize,15,151777,160,Our Eps-Fair,0.0,0.66825,0.08459953634432021,0.7245,0.04530255495629823,,0.05625000000000002,0.039296981388021984
10,PoolSize,15,151777,160,Our Eps-Fair,0.05,0.73075,0.07843521083133269,0.816,0.09168862318563403,,0.08524999999999994,-0.013253412354301344
10,PoolSize,15,151777,160,Our Eps-Fair,0.1,0.78025,0.17332437322357203,0.89775,0.14379426147970314,,0.11750000000000005,0.02953011174386888
10,PoolSize,15,151777,160,Our Eps-Fair,0.15,0.804,0.22274622864130086,0.96225,0.18879481273645599,,0.15825,0.03395141590484488
10,PoolSize,15,151777,180,Our Eps-Fair,0.0,0.64125,0.07457841358556642,0.7245,0.04530255495629823,,0.08325000000000005,0.029275858629268195
10,PoolSize,15,151777,180,Our Eps-Fair,0.05,0.70975,0.049244353243327224,0.816,0.09168862318563403,,0.10624999999999996,-0.04244426994230681
10,PoolSize,15,151777,180,Our Eps-Fair,0.1,0.781,0.16933132430872277,0.89775,0.14379426147970314,,0.11675000000000002,0.02553706282901963
10,PoolSize,15,151777,180,Our Eps-Fair,0.15,0.826,0.2122373499075364,0.96225,0.18879481273645599,,0.1362500000000001,0.023442537171080413
10,PoolSize,15,151777,200,Our Eps-Fair,0.0,0.64825,0.08057148700071576,0.7245,0.04530255495629823,,0.07625000000000004,0.03526893204441753
10,PoolSize,15,151777,200,Our Eps-Fair,0.05,0.72275,0.07395440594147278,0.816,0.09168862318563403,,0.09324999999999994,-0.017734217244161257
10,PoolSize,15,151777,200,Our Eps-Fair,0.1,0.7785,0.16933132430872277,0.89775,0.14379426147970314,,0.11925000000000008,0.02553706282901963
10,PoolSize,15,151777,200,Our Eps-Fair,0.15,0.81,0.18579827602888133,0.96225,0.18879481273645599,,0.15225,-0.0029965367075746596
10,PoolSize,15,151777,220,Our Eps-Fair,0.0,0.6625,0.08260651192977113,0.7245,0.04530255495629823,,0.062000000000000055,0.0373039569734729
10,PoolSize,15,151777,220,Our Eps-Fair,0.05,0.71475,0.06943860062285763,0.816,0.09168862318563403,,0.10124999999999995,-0.022250022562776403
10,PoolSize,15,151777,220,Our Eps-Fair,0.1,0.75925,0.17332437322357203,0.89775,0.14379426147970314,,0.13850000000000007,0.02953011174386888
10,PoolSize,15,151777,220,Our Eps-Fair,0.15,0.8195,0.21074958168237562,0.96225,0.18879481273645599,,0.14275000000000004,0.021954768945919634
10,PoolSize,15,151777,240,Our Eps-Fair,0.0,0.658,0.0921468787992653,0.7245,0.04530255495629823,,0.0665,0.046844323842967064
10,PoolSize,15,151777,240,Our Eps-Fair,0.05,0.709,0.07443866187360794,0.816,0.09168862318563403,,0.10699999999999998,-0.017249961312026094
10,PoolSize,15,151777,240,Our Eps-Fair,0.1,0.77,0.16983308045523554,0.89775,0.14379426147970314,,0.12775000000000003,0.026038818975532396
10,PoolSize,15,151777,240,Our Eps-Fair,0.15,0.815,0.2117565940182767,0.96225,0.18879481273645599,,0.1472500000000001,0.02296178128182072
10,PoolSize,15,151777,260,Our Eps-Fair,0.0,0.67175,0.0727988917864244,0.7245,0.04530255495629823,,0.052750000000000075,0.027496336830126172
10,PoolSize,15,151777,260,Our Eps-Fair,0.05,0.706,0.07243163728755676,0.816,0.09168862318563403,,0.10999999999999999,-0.01925698589807727
10,PoolSize,15,151777,260,Our Eps-Fair,0.1,0.7625,0.15886094604658907,0.89775,0.14379426147970314,,0.1352500000000001,0.015066684566885924
10,PoolSize,15,151777,260,Our Eps-Fair,0.15,0.81025,0.1813069710103949,0.96225,0.18879481273645599,,0.15200000000000002,-0.007487841726061095
10,PoolSize,15,151777,280,Our Eps-Fair,0.0,0.66825,0.07424815953995435,0.7245,0.04530255495629823,,0.05625000000000002,0.028945604583656123
10,PoolSize,15,151777,280,Our Eps-Fair,0.05,0.715,0.08591955251451829,0.816,0.09168862318563403,,0.10099999999999998,-0.0057690706711157475
10,PoolSize,15,151777,280,Our Eps-Fair,0.1,0.76875,0.16135222656477544,0.89775,0.14379426147970314,,0.129,0.01755796508507229
10,PoolSize,15,151777,280,Our Eps-Fair,0.15,0.816,0.20676003281040192,0.96225,0.18879481273645599,,0.1462500000000001,0.017965220073945937
10,PoolSize,15,151777,300,Our Eps-Fair,0.0,0.678,0.08191100340979178,0.7245,0.04530255495629823,,0.046499999999999986,0.03660844845349355
10,PoolSize,15,151777,300,Our Eps-Fair,0.05,0.71925,0.08391252792846711,0.816,0.09168862318563403,,0.09675,-0.007776095257166923
10,PoolSize,15,151777,300,Our Eps-Fair,0.1,0.767,0.14836606748432668,0.89775,0.14379426147970314,,0.13075000000000003,0.004571806004623535
10,PoolSize,15,151777,300,Our Eps-Fair,0.15,0.80675,0.1873000444255442,0.96225,0.18879481273645599,,0.15550000000000008,-0.001494768310911776
10,TrainingSize,16,161777,100,Unfair,,0.567,0.2083367196719307,0.978,0.1879251626255248,,0.41100000000000003,0.020411557046405904
10,TrainingSize,16,161777,100,Our Eps-Fair,0.0,0.508,0.018271474408907834,0.74575,0.018935155095974876,,0.23775000000000002,-0.000663680687067042
10,TrainingSize,16,161777,100,Our Eps-Fair,0.05,0.54525,0.08271176827891392,0.81425,0.06260179333823634,,0.269,0.02010997494067758
10,TrainingSize,16,161777,100,Our Eps-Fair,0.1,0.56275,0.1364954108756109,0.88475,0.11621588977599152,,0.32200000000000006,0.020279521099619377
10,TrainingSize,16,161777,100,Our Eps-Fair,0.15,0.56525,0.18116432198666088,0.96425,0.17134639905714327,,0.399,0.009817922929517608
10,TrainingSize,16,161777,200,Unfair,,0.691,0.225777217847559,0.978,0.1879251626255248,,0.28700000000000003,0.03785205522203419
10,TrainingSize,16,161777,200,Our Eps-Fair,0.0,0.61175,0.013730488125392126,0.74575,0.018935155095974876,,0.134,-0.00520466697058275
10,TrainingSize,16,161777,200,Our Eps-Fair,0.05,0.653,0.06674492130482523,0.81425,0.06260179333823634,,0.16125,0.004143127966588889
10,TrainingSize,16,161777,200,Our Eps-Fair,0.1,0.67925,0.12622536485558195,0.88475,0.11621588977599152,,0.20550000000000002,0.010009475079590421
10,TrainingSize,16,161777,200,Our Eps-Fair,0.15,0.68875,0.16908853435347773,0.96425,0.17134639905714327,,0.2755000000000001,-0.002257864703665541
10,TrainingSize,16,161777,300,Unfair,,0.734,0.20932498872818128,0.978,0.1879251626255248,,0.244,0.021399826102656477
10,TrainingSize,16,161777,300,Our Eps-Fair,0.0,0.6475,0.020698135067272055,0.74575,0.018935155095974876,,0.09825000000000006,0.0017629799712971794
10,TrainingSize,16,161777,300,Our Eps-Fair,0.05,0.68575,0.07710624217443199,0.81425,0.06260179333823634,,0.12850000000000006,0.014504448836195644
10,TrainingSize,16,161777,300,Our Eps-Fair,0.1,0.7135,0.1307776042027442,0.88475,0.11621588977599152,,0.17125,0.014561714426752678
10,TrainingSize,16,161777,300,Our Eps-Fair,0.15,0.7255,0.14604701129882608,0.96425,0.17134639905714327,,0.23875000000000002,-0.025299387758317193
10,TrainingSize,16,161777,400,Unfair,,0.77,0.20335636377003635,0.978,0.1879251626255248,,0.20799999999999996,0.015431201144511547
10,TrainingSize,16,161777,400,Our Eps-Fair,0.0,0.67275,0.03960428226584686,0.74575,0.018935155095974876,,0.07300000000000006,0.020669127169871987
10,TrainingSize,16,161777,400,Our Eps-Fair,0.05,0.721,0.09125859515253029,0.81425,0.06260179333823634,,0.09325000000000006,0.028656801814293947
10,TrainingSize,16,161777,400,Our Eps-Fair,0.1,0.75675,0.1337619166818166,0.88475,0.11621588977599152,,0.128,0.017546026905825088
10,TrainingSize,16,161777,400,Our Eps-Fair,0.15,0.76925,0.1605051975400303,0.96425,0.17134639905714327,,0.19500000000000006,-0.010841201517112986
10,TrainingSize,16,161777,500,Unfair,,0.786,0.1896991455923875,0.978,0.1879251626255248,,0.19199999999999995,0.0017739829668627083
10,TrainingSize,16,161777,500,Our Eps-Fair,0.0,0.6805,0.04406424649110721,0.74575,0.018935155095974876,,0.06525000000000003,0.025129091395132336
10,TrainingSize,16,161777,500,Our Eps-Fair,0.05,0.726,0.08159921538638895,0.81425,0.06260179333823634,,0.08825000000000005,0.018997422048152607
10,TrainingSize,16,161777,500,Our Eps-Fair,0.1,0.76025,0.1341382691437744,0.88475,0.11621588977599152,,0.12450000000000006,0.01792237936778289
10,TrainingSize,16,161777,500,Our Eps-Fair,0.15,0.78075,0.15276709084048132,0.96425,0.17134639905714327,,0.1835,-0.018579308216661955
10,TrainingSize,16,161777,600,Unfair,,0.802,0.19183172618745453,0.978,0.1879251626255248,,0.17599999999999993,0.003906563561929727
10,TrainingSize,16,161777,600,Our Eps-Fair,0.0,0.683,0.026815300465551722,0.74575,0.018935155095974876,,0.06274999999999997,0.007880145369576846
10,TrainingSize,16,161777,600,Our Eps-Fair,0.05,0.73025,0.07322068433130918,0.81425,0.06260179333823634,,0.08400000000000007,0.010618890993072838
10,TrainingSize,16,161777,600,Our Eps-Fair,0.1,0.7765,0.12287445256971209,0.88475,0.11621588977599152,,0.10825000000000007,0.006658562793720568
10,TrainingSize,16,161777,600,Our Eps-Fair,0.15,0.8,0.16390662357826918,0.96425,0.17134639905714327,,0.16425,-0.007439775478874089
10,TrainingSize,16,161777,700,Unfair,,0.81325,0.19200552350377387,0.978,0.1879251626255248,,0.16474999999999995,0.004080360878249062
10,TrainingSize,16,161777,700,Our Eps-Fair,0.0,0.69975,0.04542436678385692,0.74575,0.018935155095974876,,0.04600000000000004,0.02648921168788204
10,TrainingSize,16,161777,700,Our Eps-Fair,0.05,0.74325,0.08935382657928621,0.81425,0.06260179333823634,,0.07100000000000006,0.02675203324104987
10,TrainingSize,16,161777,700,Our Eps-Fair,0.1,0.78475,0.14107415743936286,0.88475,0.11621588977599152,,0.10000000000000009,0.024858267663371333
10,TrainingSize,16,161777,700,Our Eps-Fair,0.15,0.80725,0.15993079115789274,0.96425,0.17134639905714327,,0.15700000000000003,-0.01141560789925053
10,TrainingSize,16,161777,800,Unfair,,0.82325,0.18795492072716796,0.978,0.1879251626255248,,0.15474999999999994,2.9758101643156953e-05
10,TrainingSize,16,161777,800,Our Eps-Fair,0.0,0.70125,0.03276417004529483,0.74575,0.018935155095974876,,0.044499999999999984,0.013829014949319957
10,TrainingSize,16,161777,800,Our Eps-Fair,0.05,0.75625,0.08423693350514676,0.81425,0.06260179333823634,,0.05800000000000005,0.021635140166910413
10,TrainingSize,16,161777,800,Our Eps-Fair,0.1,0.79725,0.12731466141657066,0.88475,0.11621588977599152,,0.08750000000000002,0.011098771640579139
10,TrainingSize,16,161777,800,Our Eps-Fair,0.15,0.8195,0.1624232197215692,0.96425,0.17134639905714327,,0.14475000000000005,-0.008923179335574072
10,TrainingSize,16,161777,900,Unfair,,0.8385,0.18859534508269876,0.978,0.1879251626255248,,0.13949999999999996,0.0006701824571739567
10,TrainingSize,16,161777,900,Our Eps-Fair,0.0,0.71675,0.042667866326607434,0.74575,0.018935155095974876,,0.029000000000000026,0.02373271123063256
10,TrainingSize,16,161777,900,Our Eps-Fair,0.05,0.765,0.08120310754602941,0.81425,0.06260179333823634,,0.049250000000000016,0.018601314207793068
10,TrainingSize,16,161777,900,Our Eps-Fair,0.1,0.81,0.12472320589280433,0.88475,0.11621588977599152,,0.07474999999999998,0.00850731611681281
10,TrainingSize,16,161777,900,Our Eps-Fair,0.15,0.833,0.15674292326085779,0.96425,0.17134639905714327,,0.1312500000000001,-0.014603475796285487
10,TrainingSize,16,161777,1000,Unfair,,0.8415,0.19210455046386382,0.978,0.1879251626255248,,0.13649999999999995,0.004179387838339016
10,TrainingSize,16,161777,1000,Our Eps-Fair,0.0,0.713,0.04699579460508124,0.74575,0.018935155095974876,,0.03275000000000006,0.028060639509106367
10,TrainingSize,16,161777,1000,Our Eps-Fair,0.05,0.761,0.09089224541381392,0.81425,0.06260179333823634,,0.05325000000000002,0.02829045207557758
10,TrainingSize,16,161777,1000,Our Eps-Fair,0.1,0.814,0.1361190584136531,0.88475,0.11621588977599152,,0.07075000000000009,0.019903168637661575
10,TrainingSize,16,161777,1000,Our Eps-Fair,0.15,0.84,0.16324194261887798,0.96425,0.17134639905714327,,0.12425000000000008,-0.008104456438265295
10,TrainingSize,16,161777,1100,Unfair,,0.84275,0.1942041220722342,0.978,0.1879251626255248,,0.13524999999999998,0.006278959446709392
10,TrainingSize,16,161777,1100,Our Eps-Fair,0.0,0.7135,0.04206045095777325,0.74575,0.018935155095974876,,0.03225,0.023125295861798373
10,TrainingSize,16,161777,1100,Our Eps-Fair,0.05,0.76675,0.08787492394804487,0.81425,0.06260179333823634,,0.04749999999999999,0.025273130609808528
10,TrainingSize,16,161777,1100,Our Eps-Fair,0.1,0.81125,0.13146104026821304,0.88475,0.11621588977599152,,0.07350000000000001,0.015245150492221513
10,TrainingSize,16,161777,1100,Our Eps-Fair,0.15,0.83725,0.1626015182633472,0.96425,0.17134639905714327,,0.127,-0.008744880793796067
10,TrainingSize,16,161777,1200,Unfair,,0.8485,0.1973534794847897,0.978,0.1879251626255248,,0.12949999999999995,0.009428316859264901
10,TrainingSize,16,161777,1200,Our Eps-Fair,0.0,0.72025,0.048128102876007994,0.74575,0.018935155095974876,,0.025500000000000078,0.02919294778003312
10,TrainingSize,16,161777,1200,Our Eps-Fair,0.05,0.77075,0.09151616527599639,0.81425,0.06260179333823634,,0.04349999999999998,0.028914371937760044
10,TrainingSize,16,161777,1200,Our Eps-Fair,0.1,0.81875,0.13398647781858614,0.88475,0.11621588977599152,,0.06600000000000006,0.017770588042594612
10,TrainingSize,16,161777,1200,Our Eps-Fair,0.15,0.8395,0.16370081754757732,0.96425,0.17134639905714327,,0.12475000000000003,-0.007645581509565957
10,TrainingSize,16,161777,1300,Unfair,,0.84875,0.18784264015878327,0.978,0.1879251626255248,,0.12924999999999998,-8.252246674153585e-05
10,TrainingSize,16,161777,1300,Our Eps-Fair,0.0,0.7235,0.04060130370493367,0.74575,0.018935155095974876,,0.022249999999999992,0.021666148608958796
10,TrainingSize,16,161777,1300,Our Eps-Fair,0.05,0.77425,0.08234866942525103,0.81425,0.06260179333823634,,0.040000000000000036,0.019746876087014684
10,TrainingSize,16,161777,1300,Our Eps-Fair,0.1,0.81825,0.12993587504198018,0.88475,0.11621588977599152,,0.0665,0.013719985265988652
10,TrainingSize,16,161777,1300,Our Eps-Fair,0.15,0.84,0.16512695581372028,0.96425,0.17134639905714327,,0.12425000000000008,-0.006219443243422995
10,TrainingSize,16,161777,1400,Unfair,,0.8495,0.18848306451431404,0.978,0.1879251626255248,,0.12849999999999995,0.0005579018887892362
10,TrainingSize,16,161777,1400,Our Eps-Fair,0.0,0.723,0.03807586615456057,0.74575,0.018935155095974876,,0.022750000000000048,0.019140711058585697
10,TrainingSize,16,161777,1400,Our Eps-Fair,0.05,0.77275,0.08400587059827039,0.81425,0.06260179333823634,,0.04149999999999998,0.021404077260034043
10,TrainingSize,16,161777,1400,Our Eps-Fair,0.1,0.81425,0.12445913399923128,0.88475,0.11621588977599152,,0.07050000000000001,0.008243244223239757
10,TrainingSize,16,161777,1400,Our Eps-Fair,0.15,0.839,0.1612579024639458,0.96425,0.17134639905714327,,0.12525000000000008,-0.010088496593197466
10,TrainingSize,16,161777,1500,Unfair,,0.85725,0.19592734121864677,0.978,0.1879251626255248,,0.12075000000000002,0.008002178593121967
10,TrainingSize,16,161777,1500,Our Eps-Fair,0.0,0.71325,0.03700957585702708,0.74575,0.018935155095974876,,0.03249999999999997,0.0180744207610522
10,TrainingSize,16,161777,1500,Our Eps-Fair,0.05,0.763,0.08677562466381472,0.81425,0.06260179333823634,,0.05125000000000002,0.024173831325578377
10,TrainingSize,16,161777,1500,Our Eps-Fair,0.1,0.81575,0.13095265185946875,0.88475,0.11621588977599152,,0.06900000000000006,0.014736762083477226
10,TrainingSize,16,161777,1500,Our Eps-Fair,0.15,0.84325,0.16511045132037197,0.96425,0.17134639905714327,,0.121,-0.006235947736771302
10,TrainingSize,16,161777,1600,Unfair,,0.8575,0.20156912719487885,0.978,0.1879251626255248,,0.12049999999999994,0.013643964569354045
10,TrainingSize,16,161777,1600,Our Eps-Fair,0.0,0.716,0.04340406675717465,0.74575,0.018935155095974876,,0.029750000000000054,0.02446891166119977
10,TrainingSize,16,161777,1600,Our Eps-Fair,0.05,0.77225,0.08236517391859934,0.81425,0.06260179333823634,,0.04200000000000004,0.01976338058036299
10,TrainingSize,16,161777,1600,Our Eps-Fair,0.1,0.81575,0.12990286605528356,0.88475,0.11621588977599152,,0.06900000000000006,0.013686976279292037
10,TrainingSize,16,161777,1600,Our Eps-Fair,0.15,0.85225,0.1631264111654398,0.96425,0.17134639905714327,,0.1120000000000001,-0.008219987891703473
10,TrainingSize,16,161777,1700,Unfair,,0.8635,0.2006183683507835,0.978,0.1879251626255248,,0.11449999999999994,0.0126932057252587
10,TrainingSize,16,161777,1700,Our Eps-Fair,0.0,0.71875,0.0368940444035889,0.74575,0.018935155095974876,,0.027000000000000024,0.017958889307614023
10,TrainingSize,16,161777,1700,Our Eps-Fair,0.05,0.777,0.08472556653548928,0.81425,0.06260179333823634,,0.037250000000000005,0.022123773197252936
10,TrainingSize,16,161777,1700,Our Eps-Fair,0.1,0.825,0.1373471427596163,0.88475,0.11621588977599152,,0.05975000000000008,0.021131252983624768
10,TrainingSize,16,161777,1700,Our Eps-Fair,0.15,0.853,0.1630438886986982,0.96425,0.17134639905714327,,0.11125000000000007,-0.008302510358445064
10,TrainingSize,16,161777,1800,Unfair,,0.8705,0.20360268082985594,0.978,0.1879251626255248,,0.10749999999999993,0.015677518204331137
10,TrainingSize,16,161777,1800,Our Eps-Fair,0.0,0.7245,0.03699307136367874,0.74575,0.018935155095974876,,0.02124999999999999,0.018057916267703866
10,TrainingSize,16,161777,1800,Our Eps-Fair,0.05,0.779,0.0884328258368341,0.81425,0.06260179333823634,,0.035250000000000004,0.02583103249859775
10,TrainingSize,16,161777,1800,Our Eps-Fair,0.1,0.8245,0.127951834887048,0.88475,0.11621588977599152,,0.060250000000000026,0.011735945111056481
10,TrainingSize,16,161777,1800,Our Eps-Fair,0.15,0.86475,0.1616507594192519,0.96425,0.17134639905714327,,0.09950000000000003,-0.009695639637891384
10,TrainingSize,16,161777,1900,Unfair,,0.8725,0.20414407822529684,0.978,0.1879251626255248,,0.10549999999999993,0.016218915599772038
10,TrainingSize,16,161777,1900,Our Eps-Fair,0.0,0.72575,0.04199443298437999,0.74575,0.018935155095974876,,0.020000000000000018,0.023059277888405116
10,TrainingSize,16,161777,1900,Our Eps-Fair,0.05,0.77925,0.08241468739864427,0.81425,0.06260179333823634,,0.03500000000000003,0.019812894060407926
10,TrainingSize,16,161777,1900,Our Eps-Fair,0.1,0.83425,0.12942748663323592,0.88475,0.11621588977599152,,0.05049999999999999,0.013211596857244393
10,TrainingSize,16,161777,1900,Our Eps-Fair,0.15,0.862,0.168619656701537,0.96425,0.17134639905714327,,0.10225000000000006,-0.002726742355606271
10,TrainingSize,16,161777,2000,Unfair,,0.873,0.19605937716543329,0.978,0.1879251626255248,,0.10499999999999998,0.00813421453990848
10,TrainingSize,16,161777,2000,Our Eps-Fair,0.0,0.72675,0.04353610270396116,0.74575,0.018935155095974876,,0.019000000000000017,0.024600947607986284
10,TrainingSize,16,161777,2000,Our Eps-Fair,0.05,0.78275,0.0813814060878074,0.81425,0.06260179333823634,,0.031500000000000083,0.01877961274957106
10,TrainingSize,16,161777,2000,Our Eps-Fair,0.1,0.83125,0.13456088420072365,0.88475,0.11621588977599152,,0.05349999999999999,0.018344994424732128
10,TrainingSize,16,161777,2000,Our Eps-Fair,0.15,0.86325,0.1691775585903262,0.96425,0.17134639905714327,,0.10100000000000009,-0.0021688404668170624
10,PoolSize,16,161777,20,Our Eps-Fair,0.0,0.73925,0.06439753222814912,0.74575,0.018935155095974876,,0.006500000000000061,0.04546237713217424
10,PoolSize,16,161777,20,Our Eps-Fair,0.05,0.78575,0.19672080723977103,0.81425,0.06260179333823634,,0.02850000000000008,0.1341190139015347
10,PoolSize,16,161777,20,Our Eps-Fair,0.1,0.7965,0.21836369951719353,0.88475,0.11621588977599152,,0.08825000000000005,0.10214780974120201
10,PoolSize,16,161777,20,Our Eps-Fair,0.15,0.79775,0.22279065475575727,0.96425,0.17134639905714327,,0.1665000000000001,0.051444255698613994
10,PoolSize,16,161777,40,Our Eps-Fair,0.0,0.73075,0.20688857541465666,0.74575,0.018935155095974876,,0.015000000000000013,0.18795342031868179
10,PoolSize,16,161777,40,Our Eps-Fair,0.05,0.77275,0.2019037182873037,0.81425,0.06260179333823634,,0.04149999999999998,0.13930192494906735
10,PoolSize,16,161777,40,Our Eps-Fair,0.1,0.7835,0.20090344596316348,0.88475,0.11621588977599152,,0.10125000000000006,0.08468755618717196
10,PoolSize,16,161777,40,Our Eps-Fair,0.15,0.8435,0.19196701301929453,0.96425,0.17134639905714327,,0.12075000000000002,0.020620613962151257
10,PoolSize,16,161777,60,Our Eps-Fair,0.0,0.73825,0.14644962090929253,0.74575,0.018935155095974876,,0.007500000000000062,0.12751446581331766
10,PoolSize,16,161777,60,Our Eps-Fair,0.05,0.78425,0.16374808041489297,0.81425,0.06260179333823634,,0.030000000000000027,0.10114628707665663
10,PoolSize,16,161777,60,Our Eps-Fair,0.1,0.789,0.16571561607647683,0.88475,0.11621588977599152,,0.09575,0.04949972630048531
10,PoolSize,16,161777,60,Our Eps-Fair,0.15,0.85775,0.16502792885363038,0.96425,0.17134639905714327,,0.10650000000000004,-0.006318470203512894
10,PoolSize,16,161777,80,Our Eps-Fair,0.0,0.72475,0.079417121311277,0.74575,0.018935155095974876,,0.02100000000000002,0.06048196621530212
10,PoolSize,16,161777,80,Our Eps-Fair,0.05,0.80125,0.12362490688089832,0.81425,0.06260179333823634,,0.013000000000000012,0.061023113542661975
10,PoolSize,16,161777,80,Our Eps-Fair,0.1,0.8365,0.15845188852665137,0.88475,0.11621588977599152,,0.048250000000000015,0.04223599875065985
10,PoolSize,16,161777,80,Our Eps-Fair,0.15,0.852,0.1636655579481514,0.96425,0.17134639905714327,,0.11225000000000007,-0.007680841108991865
10,PoolSize,16,161777,100,Our Eps-Fair,0.0,0.73625,0.07573061766065811,0.74575,0.018935155095974876,,0.009500000000000064,0.056795462564683236
10,PoolSize,16,161777,100,Our Eps-Fair,0.05,0.8035,0.12265764354345471,0.81425,0.06260179333823634,,0.010750000000000037,0.060055850205218364
10,PoolSize,16,161777,100,Our Eps-Fair,0.1,0.84625,0.16307689768539485,0.88475,0.11621588977599152,,0.03850000000000009,0.04686100790940333
10,PoolSize,16,161777,100,Our Eps-Fair,0.15,0.8625,0.17304436132737136,0.96425,0.17134639905714327,,0.10175000000000001,0.0016979622702280872
10,PoolSize,16,161777,120,Our Eps-Fair,0.0,0.734,0.054463077572869195,0.74575,0.018935155095974876,,0.011750000000000038,0.03552792247689432
10,PoolSize,16,161777,120,Our Eps-Fair,0.05,0.78825,0.09929053184729542,0.81425,0.06260179333823634,,0.026000000000000023,0.03668873850905907
10,PoolSize,16,161777,120,Our Eps-Fair,0.1,0.8455,0.16509394682702366,0.88475,0.11621588977599152,,0.03925000000000001,0.04887805705103214
10,PoolSize,16,161777,120,Our Eps-Fair,0.15,0.86325,0.16550105766294876,0.96425,0.17134639905714327,,0.10100000000000009,-0.005845341394194514
10,PoolSize,16,161777,140,Our Eps-Fair,0.0,0.74775,0.08469680870617025,0.74575,0.018935155095974876,,-0.0020000000000000018,0.06576165361019537
10,PoolSize,16,161777,140,Our Eps-Fair,0.05,0.814,0.13733163853859212,0.81425,0.06260179333823634,,0.0002500000000000835,0.07472984520035578
10,PoolSize,16,161777,140,Our Eps-Fair,0.1,0.84175,0.1846052587817033,0.88475,0.11621588977599152,,0.04300000000000004,0.06838936900571178
10,PoolSize,16,161777,140,Our Eps-Fair,0.15,0.86025,0.17550378090435123,0.96425,0.17134639905714327,,0.10400000000000009,0.004157381847207958
10,PoolSize,16,161777,160,Our Eps-Fair,0.0,0.7605,0.07926858087114216,0.74575,0.018935155095974876,,-0.01474999999999993,0.06033342577516729
10,PoolSize,16,161777,160,Our Eps-Fair,0.05,0.80075,0.12510055862708624,0.81425,0.06260179333823634,,0.013500000000000068,0.0624987652888499
10,PoolSize,16,161777,160,Our Eps-Fair,0.1,0.84275,0.1635687816007908,0.88475,0.11621588977599152,,0.04200000000000004,0.04735289182479928
10,PoolSize,16,161777,160,Our Eps-Fair,0.15,0.8625,0.16648482549374066,0.96425,0.17134639905714327,,0.10175000000000001,-0.00486157356340261
10,PoolSize,16,161777,180,Our Eps-Fair,0.0,0.758,0.08353049117622272,0.74575,0.018935155095974876,,-0.012249999999999983,0.06459533608024784
10,PoolSize,16,161777,180,Our Eps-Fair,0.05,0.81,0.1630273842053499,0.81425,0.06260179333823634,,0.004249999999999976,0.10042559086711356
10,PoolSize,16,161777,180,Our Eps-Fair,0.1,0.85125,0.17116159874525838,0.88475,0.11621588977599152,,0.033500000000000085,0.05494570896926686
10,PoolSize,16,161777,180,Our Eps-Fair,0.15,0.86325,0.17017783091446648,0.96425,0.17134639905714327,,0.10100000000000009,-0.0011685681426767958
10,PoolSize,16,161777,200,Our Eps-Fair,0.0,0.741,0.07408566982360948,0.74575,0.018935155095974876,,0.004750000000000032,0.0551505147276346
10,PoolSize,16,161777,200,Our Eps-Fair,0.05,0.81775,0.14256306279384562,0.81425,0.06260179333823634,,-0.0034999999999999476,0.07996126945560927
10,PoolSize,16,161777,200,Our Eps-Fair,0.1,0.85275,0.16712750046200076,0.88475,0.11621588977599152,,0.03200000000000003,0.05091161068600923
10,PoolSize,16,161777,200,Our Eps-Fair,0.15,0.865,0.18062942636132684,0.96425,0.17134639905714327,,0.09925000000000006,0.009283027304183566
10,PoolSize,16,161777,220,Our Eps-Fair,0.0,0.73825,0.08048016072375705,0.74575,0.018935155095974876,,0.007500000000000062,0.06154500562778217
10,PoolSize,16,161777,220,Our Eps-Fair,0.05,0.78975,0.1494659421027375,0.81425,0.06260179333823634,,0.024500000000000077,0.08686414876450116
10,PoolSize,16,161777,220,Our Eps-Fair,0.1,0.8445,0.1666026075599082,0.88475,0.11621588977599152,,0.04025000000000001,0.050386717783916665
10,PoolSize,16,161777,220,Our Eps-Fair,0.15,0.8595,0.17117810323860672,0.96425,0.17134639905714327,,0.10475000000000001,-0.00016829581853655684
10,PoolSize,16,161777,240,Our Eps-Fair,0.0,0.733,0.0870892100374327,0.74575,0.018935155095974876,,0.012750000000000039,0.06815405494145782
10,PoolSize,16,161777,240,Our Eps-Fair,0.05,0.781,0.1559429554696266,0.81425,0.06260179333823634,,0.03325,0.09334116213139027
10,PoolSize,16,161777,240,Our Eps-Fair,0.1,0.83825,0.16607771465781557,0.88475,0.11621588977599152,,0.046499999999999986,0.04986182488182404
10,PoolSize,16,161777,240,Our Eps-Fair,0.15,0.8565,0.17117810323860672,0.96425,0.17134639905714327,,0.10775000000000001,-0.00016829581853655684
10,PoolSize,16,161777,260,Our Eps-Fair,0.0,0.73625,0.084038879584967,0.74575,0.018935155095974876,,0.009500000000000064,0.06510372448899213
10,PoolSize,16,161777,260,Our Eps-Fair,0.05,0.80175,0.14449758946873287,0.81425,0.06260179333823634,,0.012500000000000067,0.08189579613049652
10,PoolSize,16,161777,260,Our Eps-Fair,0.1,0.84275,0.16761938437739674,0.88475,0.11621588977599152,,0.04200000000000004,0.05140349460140521
10,PoolSize,16,161777,260,Our Eps-Fair,0.15,0.85875,0.16665212103995314,0.96425,0.17134639905714327,,0.10550000000000004,-0.004694278017190134
10,PoolSize,16,161777,280,Our Eps-Fair,0.0,0.73375,0.08454726799371129,0.74575,0.018935155095974876,,0.01200000000000001,0.06561211289773641
10,PoolSize,16,161777,280,Our Eps-Fair,0.05,0.80175,0.1440057055533369,0.81425,0.06260179333823634,,0.012500000000000067,0.08140391221510054
10,PoolSize,16,161777,280,Our Eps-Fair,0.1,0.842,0.16711099596865248,0.88475,0.11621588977599152,,0.042750000000000066,0.05089510619266095
10,PoolSize,16,161777,280,Our Eps-Fair,0.15,0.859,0.165567075636342,0.96425,0.17134639905714327,,0.10525000000000007,-0.005779323420801286
10,PoolSize,16,161777,300,Our Eps-Fair,0.0,0.7385,0.07898800448422083,0.74575,0.018935155095974876,,0.007249999999999979,0.060052849388245955
10,PoolSize,16,161777,300,Our Eps-Fair,0.05,0.79875,0.1494659421027375,0.81425,0.06260179333823634,,0.01550000000000007,0.08686414876450116
10,PoolSize,16,161777,300,Our Eps-Fair,0.1,0.8405,0.16760287988404843,0.88475,0.11621588977599152,,0.04425000000000001,0.051386990108056904
10,PoolSize,16,161777,300,Our Eps-Fair,0.15,0.857,0.16816078177283766,0.96425,0.17134639905714327,,0.10725000000000007,-0.0031856172843056085
10,TrainingSize,17,171777,100,Unfair,,0.62675,0.26703912459873935,0.9775,0.17935335857759305,,0.35075,0.0876857660211463
10,TrainingSize,17,171777,100,Our Eps-Fair,0.0,0.56875,0.031188972602671144,0.73875,0.03257380342509153,,0.17000000000000004,-0.0013848308224203854
10,TrainingSize,17,171777,100,Our Eps-Fair,0.05,0.59575,0.07467376148478688,0.8245,0.0680749199981182,,0.22875,0.006598841486668686
10,TrainingSize,17,171777,100,Our Eps-Fair,0.1,0.61525,0.1111428082387174,0.89275,0.10801229982012715,,0.2775000000000001,0.00313050841859025
10,TrainingSize,17,171777,100,Our Eps-Fair,0.15,0.6245,0.1580583941167462,0.96825,0.16879671364180976,,0.34375,-0.010738319525063572
10,TrainingSize,17,171777,200,Unfair,,0.72175,0.18863177513590557,0.9775,0.17935335857759305,,0.25575000000000003,0.009278416558312519
10,TrainingSize,17,171777,200,Our Eps-Fair,0.0,0.64225,0.02920206318271859,0.73875,0.03257380342509153,,0.09650000000000003,-0.0033717402423729392
10,TrainingSize,17,171777,200,Our Eps-Fair,0.05,0.6795,0.08384357367430098,0.8245,0.0680749199981182,,0.14500000000000002,0.015768653676182784
10,TrainingSize,17,171777,200,Our Eps-Fair,0.1,0.7055,0.1233270172635903,0.89275,0.10801229982012715,,0.18725000000000003,0.015314717443463147
10,TrainingSize,17,171777,200,Our Eps-Fair,0.15,0.72225,0.17195124514658586,0.96825,0.16879671364180976,,0.2460000000000001,0.003154531504776098
10,TrainingSize,17,171777,300,Unfair,,0.74825,0.17078712642849778,0.9775,0.17935335857759305,,0.22925000000000006,-0.00856623214909527
10,TrainingSize,17,171777,300,Our Eps-Fair,0.0,0.65725,0.015784669066973372,0.73875,0.03257380342509153,,0.08150000000000002,-0.016789134358118157
10,TrainingSize,17,171777,300,Our Eps-Fair,0.05,0.701,0.06705093594944743,0.8245,0.0680749199981182,,0.12350000000000005,-0.0010239840486707674
10,TrainingSize,17,171777,300,Our Eps-Fair,0.1,0.732,0.11143458863968272,0.89275,0.10801229982012715,,0.16075000000000006,0.0034222888195555717
10,TrainingSize,17,171777,300,Our Eps-Fair,0.15,0.74775,0.1649054741606684,0.96825,0.16879671364180976,,0.22050000000000003,-0.0038912394811413675
10,TrainingSize,17,171777,400,Unfair,,0.7835,0.18044240515135046,0.9775,0.17935335857759305,,0.19400000000000006,0.0010890465737574129
10,TrainingSize,17,171777,400,Our Eps-Fair,0.0,0.68275,0.02674169877252039,0.73875,0.03257380342509153,,0.05600000000000005,-0.005832104652571141
10,TrainingSize,17,171777,400,Our Eps-Fair,0.05,0.72625,0.07291807426937288,0.8245,0.0680749199981182,,0.09825000000000006,0.004843154271254688
10,TrainingSize,17,171777,400,Our Eps-Fair,0.1,0.76125,0.11681676090723184,0.89275,0.10801229982012715,,0.13150000000000006,0.008804461087104684
10,TrainingSize,17,171777,400,Our Eps-Fair,0.15,0.78225,0.1664224319571108,0.96825,0.16879671364180976,,0.18600000000000005,-0.00237428168469897
10,TrainingSize,17,171777,500,Unfair,,0.793,0.18411643589489501,0.9775,0.17935335857759305,,0.1845,0.004763077317301967
10,TrainingSize,17,171777,500,Our Eps-Fair,0.0,0.6795,0.026054037930451163,0.73875,0.03257380342509153,,0.059250000000000025,-0.006519765494640367
10,TrainingSize,17,171777,500,Our Eps-Fair,0.05,0.73125,0.08023010112718323,0.8245,0.0680749199981182,,0.09325000000000006,0.012155181129065037
10,TrainingSize,17,171777,500,Our Eps-Fair,0.1,0.76875,0.12505317610223426,0.89275,0.10801229982012715,,0.124,0.017040876282107112
10,TrainingSize,17,171777,500,Our Eps-Fair,0.15,0.79225,0.1710779058675387,0.96825,0.16879671364180976,,0.17600000000000005,0.0022811922257289508
10,TrainingSize,17,171777,600,Unfair,,0.81,0.19060717349372747,0.9775,0.17935335857759305,,0.16749999999999998,0.01125381491613442
10,TrainingSize,17,171777,600,Our Eps-Fair,0.0,0.69975,0.03543505308601565,0.73875,0.03257380342509153,,0.039000000000000035,0.0028612496609241173
10,TrainingSize,17,171777,600,Our Eps-Fair,0.05,0.74075,0.07777424104564487,0.8245,0.0680749199981182,,0.08374999999999999,0.009699321047526674
10,TrainingSize,17,171777,600,Our Eps-Fair,0.1,0.781,0.11579127541567447,0.89275,0.10801229982012715,,0.11175000000000002,0.007778975595547313
10,TrainingSize,17,171777,600,Our Eps-Fair,0.15,0.8065,0.1640401425770165,0.96825,0.16879671364180976,,0.16175000000000006,-0.004756571064793269
10,TrainingSize,17,171777,700,Unfair,,0.82425,0.17862666022047186,0.9775,0.17935335857759305,,0.15325,-0.0007266983571211916
10,TrainingSize,17,171777,700,Our Eps-Fair,0.0,0.698,0.031543813604874266,0.73875,0.03257380342509153,,0.040750000000000064,-0.0010299898202172642
10,TrainingSize,17,171777,700,Our Eps-Fair,0.05,0.75075,0.07780527086530156,0.8245,0.0680749199981182,,0.07374999999999998,0.009730350867183366
10,TrainingSize,17,171777,700,Our Eps-Fair,0.1,0.79125,0.12060990611978112,0.89275,0.10801229982012715,,0.10150000000000003,0.012597606299653966
10,TrainingSize,17,171777,700,Our Eps-Fair,0.15,0.82275,0.16394705311804642,0.96825,0.16879671364180976,,0.14550000000000007,-0.004849660523763344
10,TrainingSize,17,171777,800,Unfair,,0.8355,0.16739887031437212,0.9775,0.17935335857759305,,0.14200000000000002,-0.01195448826322093
10,TrainingSize,17,171777,800,Our Eps-Fair,0.0,0.704,0.028540927831646204,0.73875,0.03257380342509153,,0.03475000000000006,-0.004032875593445326
10,TrainingSize,17,171777,800,Our Eps-Fair,0.05,0.75975,0.07567922773785608,0.8245,0.0680749199981182,,0.06474999999999997,0.007604307739737887
10,TrainingSize,17,171777,800,Our Eps-Fair,0.1,0.801,0.11554303685842095,0.89275,0.10801229982012715,,0.09175,0.007530737038293794
10,TrainingSize,17,171777,800,Our Eps-Fair,0.15,0.83525,0.16418378061316924,0.96825,0.16879671364180976,,0.133,-0.00461293302864052
10,TrainingSize,17,171777,900,Unfair,,0.84775,0.17855809432864986,0.9775,0.17935335857759305,,0.12975000000000003,-0.0007952642489431894
10,TrainingSize,17,171777,900,Our Eps-Fair,0.0,0.71275,0.027035481097334543,0.73875,0.03257380342509153,,0.026000000000000023,-0.0055383223277569865
10,TrainingSize,17,171777,900,Our Eps-Fair,0.05,0.7745,0.083288540287216,0.8245,0.0680749199981182,,0.050000000000000044,0.015213620289097798
10,TrainingSize,17,171777,900,Our Eps-Fair,0.1,0.81825,0.130077504481807,0.89275,0.10801229982012715,,0.07450000000000001,0.02206520466167984
10,TrainingSize,17,171777,900,Our Eps-Fair,0.15,0.84575,0.17349122506728967,0.96825,0.16879671364180976,,0.12250000000000005,0.004694511425479914
10,TrainingSize,17,171777,1000,Unfair,,0.85525,0.17552417873576504,0.9775,0.17935335857759305,,0.12225000000000008,-0.003829179841828012
10,TrainingSize,17,171777,1000,Our Eps-Fair,0.0,0.72025,0.025921910956429123,0.73875,0.03257380342509153,,0.018500000000000072,-0.006651892468662407
10,TrainingSize,17,171777,1000,Our Eps-Fair,0.05,0.7765,0.06977805671250073,0.8245,0.0680749199981182,,0.04800000000000004,0.0017031367143825332
10,TrainingSize,17,171777,1000,Our Eps-Fair,0.1,0.82075,0.11917953152980015,0.89275,0.10801229982012715,,0.07200000000000006,0.011167231709673
10,TrainingSize,17,171777,1000,Our Eps-Fair,0.15,0.854,0.17100433516609462,0.96825,0.16879671364180976,,0.11425000000000007,0.0022076215242848585
10,TrainingSize,17,171777,1100,Unfair,,0.8705,0.17588502550951463,0.9775,0.17935335857759305,,0.10699999999999998,-0.003468333068078422
10,TrainingSize,17,171777,1100,Our Eps-Fair,0.0,0.722,0.034744389358173186,0.73875,0.03257380342509153,,0.016750000000000043,0.0021705859330816563
10,TrainingSize,17,171777,1100,Our Eps-Fair,0.05,0.7865,0.0767847901833662,0.8245,0.0680749199981182,,0.038000000000000034,0.008709870185248006
10,TrainingSize,17,171777,1100,Our Eps-Fair,0.1,0.83275,0.12644100981042783,0.89275,0.10801229982012715,,0.06000000000000005,0.018428709990300676
10,TrainingSize,17,171777,1100,Our Eps-Fair,0.15,0.86175,0.1736218505984251,0.96825,0.16879671364180976,,0.10650000000000004,0.00482513695661535
10,TrainingSize,17,171777,1200,Unfair,,0.871,0.17798003881730345,0.9775,0.17935335857759305,,0.10650000000000004,-0.001373319760289593
10,TrainingSize,17,171777,1200,Our Eps-Fair,0.0,0.71975,0.030018848113036622,0.73875,0.03257380342509153,,0.019000000000000017,-0.0025549553120549073
10,TrainingSize,17,171777,1200,Our Eps-Fair,0.05,0.78675,0.07354517691501533,0.8245,0.0680749199981182,,0.03775000000000006,0.005470256916897134
10,TrainingSize,17,171777,1200,Our Eps-Fair,0.1,0.835,0.12016748094919218,0.89275,0.10801229982012715,,0.05775000000000008,0.012155181129065024
10,TrainingSize,17,171777,1200,Our Eps-Fair,0.15,0.867,0.16403513776739448,0.96825,0.16879671364180976,,0.10125000000000006,-0.00476157587441528
10,TrainingSize,17,171777,1300,Unfair,,0.87475,0.175947085148828,0.9775,0.17935335857759305,,0.10275000000000001,-0.0034062734287650387
10,TrainingSize,17,171777,1300,Our Eps-Fair,0.0,0.725,0.03616825769564551,0.73875,0.03257380342509153,,0.01375000000000004,0.003594454270553979
10,TrainingSize,17,171777,1300,Our Eps-Fair,0.05,0.78675,0.07863156493390147,0.8245,0.0680749199981182,,0.03775000000000006,0.010556644935783274
10,TrainingSize,17,171777,1300,Our Eps-Fair,0.1,0.82925,0.11882519100855922,0.89275,0.10801229982012715,,0.0635,0.010812891188432067
10,TrainingSize,17,171777,1300,Our Eps-Fair,0.15,0.8705,0.1679769258257185,0.96825,0.16879671364180976,,0.09775,-0.0008197878160912664
10,TrainingSize,17,171777,1400,Unfair,,0.87675,0.174492186991699,0.9775,0.17935335857759305,,0.10075,-0.004861171585894053
10,TrainingSize,17,171777,1400,Our Eps-Fair,0.0,0.722,0.032761984266880456,0.73875,0.03257380342509153,,0.016750000000000043,0.00018818084178892636
10,TrainingSize,17,171777,1400,Our Eps-Fair,0.05,0.786,0.07786733050461493,0.8245,0.0680749199981182,,0.03849999999999998,0.009792410506496735
10,TrainingSize,17,171777,1400,Our Eps-Fair,0.1,0.83475,0.12073402539840786,0.89275,0.10801229982012715,,0.05800000000000005,0.012721725578280704
10,TrainingSize,17,171777,1400,Our Eps-Fair,0.15,0.87175,0.1694628538025042,0.96825,0.16879671364180976,,0.09650000000000003,0.0006661401606944395
10,TrainingSize,17,171777,1500,Unfair,,0.88625,0.17904306038102616,0.9775,0.17935335857759305,,0.09125000000000005,-0.0003102981965668883
10,TrainingSize,17,171777,1500,Our Eps-Fair,0.0,0.729,0.036199287515302186,0.73875,0.03257380342509153,,0.009750000000000036,0.0036254840902106567
10,TrainingSize,17,171777,1500,Our Eps-Fair,0.05,0.7945,0.08211941675950588,0.8245,0.0680749199981182,,0.030000000000000027,0.014044496761387679
10,TrainingSize,17,171777,1500,Our Eps-Fair,0.1,0.8405,0.1256767753811413,0.89275,0.10801229982012715,,0.05225000000000002,0.01766447556101415
10,TrainingSize,17,171777,1500,Our Eps-Fair,0.15,0.875,0.17485954001795728,0.96825,0.16879671364180976,,0.09325000000000006,0.006062826376147523
10,TrainingSize,17,171777,1600,Unfair,,0.88575,0.17322346775251016,0.9775,0.17935335857759305,,0.09175,-0.00612989082508289
10,TrainingSize,17,171777,1600,Our Eps-Fair,0.0,0.72975,0.02327987195695061,0.73875,0.03257380342509153,,0.009000000000000008,-0.00929393146814092
10,TrainingSize,17,171777,1600,Our Eps-Fair,0.05,0.7935,0.07869362457321485,0.8245,0.0680749199981182,,0.031000000000000028,0.010618704575096657
10,TrainingSize,17,171777,1600,Our Eps-Fair,0.1,0.84275,0.11927912724127886,0.89275,0.10801229982012715,,0.050000000000000044,0.011266827421151704
10,TrainingSize,17,171777,1600,Our Eps-Fair,0.15,0.87775,0.16439598454114404,0.96825,0.16879671364180976,,0.09050000000000002,-0.004400729100665718
10,TrainingSize,17,171777,1700,Unfair,,0.88825,0.17768125168286725,0.9775,0.17935335857759305,,0.08925000000000005,-0.0016721068947258
10,TrainingSize,17,171777,1700,Our Eps-Fair,0.0,0.73125,0.03928375168536963,0.73875,0.03257380342509153,,0.007500000000000062,0.006709948260278098
10,TrainingSize,17,171777,1700,Our Eps-Fair,0.05,0.8015,0.08560076233260164,0.8245,0.0680749199981182,,0.02300000000000002,0.01752584233448344
10,TrainingSize,17,171777,1700,Our Eps-Fair,0.1,0.84725,0.13028970840978182,0.89275,0.10801229982012715,,0.045500000000000096,0.02227740858965467
10,TrainingSize,17,171777,1700,Our Eps-Fair,0.15,0.8785,0.16585088269827303,0.96825,0.16879671364180976,,0.08975000000000011,-0.0029458309435367314
10,TrainingSize,17,171777,1800,Unfair,,0.8915,0.17628841316505162,0.9775,0.17935335857759305,,0.08600000000000008,-0.003064945412541431
10,TrainingSize,17,171777,1800,Our Eps-Fair,0.0,0.73825,0.031927682502885274,0.73875,0.03257380342509153,,0.000500000000000056,-0.0006461209222062558
10,TrainingSize,17,171777,1800,Our Eps-Fair,0.05,0.79725,0.08417689399512931,0.8245,0.0680749199981182,,0.027249999999999996,0.016101973997011118
10,TrainingSize,17,171777,1800,Our Eps-Fair,0.1,0.8475,0.1274109419151805,0.89275,0.10801229982012715,,0.04525000000000001,0.019398642095053334
10,TrainingSize,17,171777,1800,Our Eps-Fair,0.15,0.88075,0.16476183612451564,0.96825,0.16879671364180976,,0.08750000000000002,-0.0040348775172941165
10,TrainingSize,17,171777,1900,Unfair,,0.8895,0.17883736270556003,0.9775,0.17935335857759305,,0.08800000000000008,-0.0005159958720330204
10,TrainingSize,17,171777,1900,Our Eps-Fair,0.0,0.72975,0.033557248515823715,0.73875,0.03257380342509153,,0.009000000000000008,0.0009834450907321851
10,TrainingSize,17,171777,1900,Our Eps-Fair,0.05,0.80225,0.08163445070712955,0.8245,0.0680749199981182,,0.022249999999999992,0.01355953070901135
10,TrainingSize,17,171777,1900,Our Eps-Fair,0.1,0.849,0.1263218953414231,0.89275,0.10801229982012715,,0.04375000000000007,0.01830959552129595
10,TrainingSize,17,171777,1900,Our Eps-Fair,0.15,0.88075,0.17152683729063628,0.96825,0.16879671364180976,,0.08750000000000002,0.0027301236488265213
10,TrainingSize,17,171777,2000,Unfair,,0.8915,0.18132425260675508,0.9775,0.17935335857759305,,0.08600000000000008,0.0019708940291620347
10,TrainingSize,17,171777,2000,Our Eps-Fair,0.0,0.737,0.024280833881359987,0.73875,0.03257380342509153,,0.0017500000000000293,-0.008292969543731543
10,TrainingSize,17,171777,2000,Our Eps-Fair,0.05,0.798,0.07262579338744532,0.8245,0.0680749199981182,,0.026499999999999968,0.004550873389327123
10,TrainingSize,17,171777,2000,Our Eps-Fair,0.1,0.8525,0.12185910660144399,0.89275,0.10801229982012715,,0.04025000000000001,0.013846806781316834
10,TrainingSize,17,171777,2000,Our Eps-Fair,0.15,0.88375,0.16982870538587583,0.96825,0.16879671364180976,,0.08450000000000002,0.0010319917440660686
10,PoolSize,17,171777,20,Our Eps-Fair,0.0,0.62375,0.27643064985451016,0.73875,0.03257380342509153,,0.11499999999999999,0.24385684642941863
10,PoolSize,17,171777,20,Our Eps-Fair,0.05,0.70625,0.2648109833550042,0.8245,0.0680749199981182,,0.11824999999999997,0.19673606335688598
10,PoolSize,17,171777,20,Our Eps-Fair,0.1,0.7075,0.2632629957389051,0.89275,0.10801229982012715,,0.18525000000000003,0.15525069591877794
10,PoolSize,17,171777,20,Our Eps-Fair,0.15,0.798,0.20930063791303444,0.96825,0.16879671364180976,,0.17025,0.04050392427122468
10,PoolSize,17,171777,40,Our Eps-Fair,0.0,0.6945,0.2152038108622386,0.73875,0.03257380342509153,,0.04425000000000001,0.18263000743714708
10,PoolSize,17,171777,40,Our Eps-Fair,0.05,0.709,0.18804571192916392,0.8245,0.0680749199981182,,0.11550000000000005,0.11997079193104572
10,PoolSize,17,171777,40,Our Eps-Fair,0.1,0.74625,0.18265503148525733,0.89275,0.10801229982012715,,0.14650000000000007,0.07464273166513018
10,PoolSize,17,171777,40,Our Eps-Fair,0.15,0.768,0.17428648931623292,0.96825,0.16879671364180976,,0.20025000000000004,0.0054897756744231585
10,PoolSize,17,171777,60,Our Eps-Fair,0.0,0.69775,0.16301015275679925,0.73875,0.03257380342509153,,0.041000000000000036,0.13043634933170772
10,PoolSize,17,171777,60,Our Eps-Fair,0.05,0.7635,0.12732936351834112,0.8245,0.0680749199981182,,0.061000000000000054,0.059254443520222924
10,PoolSize,17,171777,60,Our Eps-Fair,0.1,0.7765,0.16576279804892502,0.89275,0.10801229982012715,,0.11625000000000008,0.05775049822879787
10,PoolSize,17,171777,60,Our Eps-Fair,0.15,0.8205,0.16527783199654866,0.96825,0.16879671364180976,,0.14775000000000005,-0.003518881645261096
10,PoolSize,17,171777,80,Our Eps-Fair,0.0,0.74175,0.14656384785779134,0.73875,0.03257380342509153,,-0.0030000000000000027,0.1139900444326998
10,PoolSize,17,171777,80,Our Eps-Fair,0.05,0.7655,0.1442721455318561,0.8245,0.0680749199981182,,0.05900000000000005,0.07619722553373791
10,PoolSize,17,171777,80,Our Eps-Fair,0.1,0.80425,0.15870551600087685,0.89275,0.10801229982012715,,0.08850000000000002,0.05069321618074969
10,PoolSize,17,171777,80,Our Eps-Fair,0.15,0.85625,0.1848431342520162,0.96825,0.16879671364180976,,0.1120000000000001,0.016046420610206447
10,PoolSize,17,171777,100,Our Eps-Fair,0.0,0.69,0.24806539084059784,0.73875,0.03257380342509153,,0.04875000000000007,0.2154915874155063
10,PoolSize,17,171777,100,Our Eps-Fair,0.05,0.797,0.18975485441509293,0.8245,0.0680749199981182,,0.02749999999999997,0.12167993441697474
10,PoolSize,17,171777,100,Our Eps-Fair,0.1,0.83425,0.19269568054900757,0.89275,0.10801229982012715,,0.058499999999999996,0.08468338072888042
10,PoolSize,17,171777,100,Our Eps-Fair,0.15,0.8595,0.19217968467697455,0.96825,0.16879671364180976,,0.10875000000000001,0.02338297103516479
10,PoolSize,17,171777,120,Our Eps-Fair,0.0,0.7115,0.1324572914570903,0.73875,0.03257380342509153,,0.027249999999999996,0.09988348803199876
10,PoolSize,17,171777,120,Our Eps-Fair,0.05,0.8075,0.1399189621225998,0.8245,0.0680749199981182,,0.017000000000000015,0.0718440421244816
10,PoolSize,17,171777,120,Our Eps-Fair,0.1,0.85525,0.18823789661865054,0.89275,0.10801229982012715,,0.03750000000000009,0.08022559679852338
10,PoolSize,17,171777,120,Our Eps-Fair,0.15,0.8695,0.1911476929329085,0.96825,0.16879671364180976,,0.09875,0.02235097929109875
10,PoolSize,17,171777,140,Our Eps-Fair,0.0,0.7455,0.12375092463857768,0.73875,0.03257380342509153,,-0.006750000000000034,0.09117712121348615
10,PoolSize,17,171777,140,Our Eps-Fair,0.05,0.802,0.14026829783421868,0.8245,0.0680749199981182,,0.022499999999999964,0.07219337783610048
10,PoolSize,17,171777,140,Our Eps-Fair,0.1,0.85925,0.18435816819963985,0.89275,0.10801229982012715,,0.033500000000000085,0.0763458683795127
10,PoolSize,17,171777,140,Our Eps-Fair,0.15,0.87525,0.1887228626710269,0.96825,0.16879671364180976,,0.09300000000000008,0.019926149029217133
10,PoolSize,17,171777,160,Our Eps-Fair,0.0,0.77525,0.10657391753475089,0.73875,0.03257380342509153,,-0.03649999999999998,0.07400011410965936
10,PoolSize,17,171777,160,Our Eps-Fair,0.05,0.826,0.15870551600087685,0.8245,0.0680749199981182,,-0.0014999999999999458,0.09063059600275865
10,PoolSize,17,171777,160,Our Eps-Fair,0.1,0.874,0.18775293056627418,0.89275,0.10801229982012715,,0.018750000000000044,0.07974063074614703
10,PoolSize,17,171777,160,Our Eps-Fair,0.15,0.881,0.18769087092696085,0.96825,0.16879671364180976,,0.08725000000000005,0.018894157285151092
10,PoolSize,17,171777,180,Our Eps-Fair,0.0,0.772,0.10584371581089427,0.73875,0.03257380342509153,,-0.03325,0.07326991238580274
10,PoolSize,17,171777,180,Our Eps-Fair,0.05,0.81575,0.13923630609015264,0.8245,0.0680749199981182,,0.008750000000000036,0.07116138609203444
10,PoolSize,17,171777,180,Our Eps-Fair,0.1,0.86975,0.17592756639130205,0.89275,0.10801229982012715,,0.02300000000000002,0.0679152665711749
10,PoolSize,17,171777,180,Our Eps-Fair,0.15,0.88425,0.1799003842692828,0.96825,0.16879671364180976,,0.08400000000000007,0.011103670627473028
10,PoolSize,17,171777,200,Our Eps-Fair,0.0,0.77,0.10162265937566002,0.73875,0.03257380342509153,,-0.03125,0.06904885595056849
10,PoolSize,17,171777,200,Our Eps-Fair,0.05,0.81825,0.1463020963145583,0.8245,0.0680749199981182,,0.006249999999999978,0.07822717631644009
10,PoolSize,17,171777,200,Our Eps-Fair,0.1,0.86425,0.1838421723276068,0.89275,0.10801229982012715,,0.02850000000000008,0.07582987250747965
10,PoolSize,17,171777,200,Our Eps-Fair,0.15,0.882,0.1872059048745845,0.96825,0.16879671364180976,,0.08625000000000005,0.018409191232774735
10,PoolSize,17,171777,220,Our Eps-Fair,0.0,0.7885,0.10104460386431359,0.73875,0.03257380342509153,,-0.04974999999999996,0.06847080043922206
10,PoolSize,17,171777,220,Our Eps-Fair,0.05,0.8275,0.13297929310066975,0.8245,0.0680749199981182,,-0.0030000000000000027,0.06490437310255155
10,PoolSize,17,171777,220,Our Eps-Fair,0.1,0.8535,0.16206924854785448,0.89275,0.10801229982012715,,0.03925000000000001,0.05405694872772733
10,PoolSize,17,171777,220,Our Eps-Fair,0.15,0.87825,0.18420952535386506,0.96825,0.16879671364180976,,0.09000000000000008,0.015412811712055302
10,PoolSize,17,171777,240,Our Eps-Fair,0.0,0.77775,0.10101357404465691,0.73875,0.03257380342509153,,-0.039000000000000035,0.06843977061956538
10,PoolSize,17,171777,240,Our Eps-Fair,0.05,0.8225,0.12547107770567517,0.8245,0.0680749199981182,,0.0020000000000000018,0.057396157707556975
10,PoolSize,17,171777,240,Our Eps-Fair,0.1,0.85425,0.14392280982023725,0.89275,0.10801229982012715,,0.03850000000000009,0.0359105100001101
10,PoolSize,17,171777,240,Our Eps-Fair,0.15,0.87075,0.19686118359743712,0.96825,0.16879671364180976,,0.09750000000000003,0.028064469955627364
10,PoolSize,17,171777,260,Our Eps-Fair,0.0,0.78525,0.10101357404465691,0.73875,0.03257380342509153,,-0.046499999999999986,0.06843977061956538
10,PoolSize,17,171777,260,Our Eps-Fair,0.05,0.81825,0.12340709421754305,0.8245,0.0680749199981182,,0.006249999999999978,0.05533217421942485
10,PoolSize,17,171777,260,Our Eps-Fair,0.1,0.8555,0.15441739511670716,0.89275,0.10801229982012715,,0.037250000000000005,0.046405095296580004
10,PoolSize,17,171777,260,Our Eps-Fair,0.15,0.8705,0.1989251670855692,0.96825,0.16879671364180976,,0.09775,0.030128453443759445
10,PoolSize,17,171777,280,Our Eps-Fair,0.0,0.76425,0.09794862863211547,0.73875,0.03257380342509153,,-0.025499999999999967,0.06537482520702394
10,PoolSize,17,171777,280,Our Eps-Fair,0.05,0.81575,0.12237510247347701,0.8245,0.0680749199981182,,0.008750000000000036,0.05430018247535881
10,PoolSize,17,171777,280,Our Eps-Fair,0.1,0.84675,0.13721486348380796,0.89275,0.10801229982012715,,0.04600000000000004,0.029202563663680806
10,PoolSize,17,171777,280,Our Eps-Fair,0.15,0.8785,0.18139281849857714,0.96825,0.16879671364180976,,0.08975000000000011,0.012596104856767376
10,PoolSize,17,171777,300,Our Eps-Fair,0.0,0.77,0.09446077680651105,0.73875,0.03257380342509153,,-0.03125,0.06188697338141952
10,PoolSize,17,171777,300,Our Eps-Fair,0.05,0.816,0.1133664451537928,0.8245,0.0680749199981182,,0.008500000000000063,0.0452915251556746
10,PoolSize,17,171777,300,Our Eps-Fair,0.1,0.8475,0.13829740380505667,0.89275,0.10801229982012715,,0.04525000000000001,0.03028510398492952
10,PoolSize,17,171777,300,Our Eps-Fair,0.15,0.8775,0.17832787308603568,0.96825,0.16879671364180976,,0.09075000000000011,0.009531159444225917
10,TrainingSize,18,181777,100,Unfair,,0.66225,0.2183259728622632,0.98425,0.18064356118791602,,0.32199999999999995,0.03768241167434719
10,TrainingSize,18,181777,100,Our Eps-Fair,0.0,0.59075,0.024465565796210953,0.75925,0.029705901177675353,,0.16849999999999998,-0.0052403353814644005
10,TrainingSize,18,181777,100,Our Eps-Fair,0.05,0.6225,0.06998047875064005,0.82175,0.07529281874039936,,0.19924999999999993,-0.005312339989759315
10,TrainingSize,18,181777,100,Our Eps-Fair,0.1,0.6525,0.12150377624167948,0.90025,0.11597542242703535,,0.24775000000000003,0.00552835381464413
10,TrainingSize,18,181777,100,Our Eps-Fair,0.15,0.66225,0.14706541218637992,0.96975,0.1638504864311316,,0.3075,-0.016785074244751674
10,TrainingSize,18,181777,200,Unfair,,0.7585,0.15532994111623144,0.98425,0.18064356118791602,,0.22575,-0.025313620071684584
10,TrainingSize,18,181777,200,Our Eps-Fair,0.0,0.655,0.021329365079365087,0.75925,0.029705901177675353,,0.10424999999999995,-0.008376536098310267
10,TrainingSize,18,181777,200,Our Eps-Fair,0.05,0.702,0.07733294930875576,0.82175,0.07529281874039936,,0.11975000000000002,0.002040130568356391
10,TrainingSize,18,181777,200,Our Eps-Fair,0.1,0.74125,0.12837621607782898,0.90025,0.11597542242703535,,0.15900000000000003,0.012400793650793634
10,TrainingSize,18,181777,200,Our Eps-Fair,0.15,0.75925,0.15454589093701998,0.96975,0.1638504864311316,,0.21050000000000002,-0.009304595494111612
10,TrainingSize,18,181777,300,Unfair,,0.78375,0.18147561443932414,0.98425,0.18064356118791602,,0.2005,0.0008320532514081158
10,TrainingSize,18,181777,300,Our Eps-Fair,0.0,0.65825,0.014032898105478753,0.75925,0.029705901177675353,,0.10099999999999998,-0.0156730030721966
10,TrainingSize,18,181777,300,Our Eps-Fair,0.05,0.71475,0.06960445468509985,0.82175,0.07529281874039936,,0.10699999999999998,-0.005688364055299516
10,TrainingSize,18,181777,300,Our Eps-Fair,0.1,0.7555,0.12471998207885304,0.90025,0.11597542242703535,,0.14475000000000005,0.008744559651817696
10,TrainingSize,18,181777,300,Our Eps-Fair,0.15,0.78125,0.1636824756784434,0.96975,0.1638504864311316,,0.1885,-0.00016801075268818577
10,TrainingSize,18,181777,400,Unfair,,0.79775,0.1858198924731183,0.98425,0.18064356118791602,,0.1865,0.005176331285202285
10,TrainingSize,18,181777,400,Our Eps-Fair,0.0,0.67175,0.038914490527393736,0.75925,0.029705901177675353,,0.08750000000000002,0.009208589349718382
10,TrainingSize,18,181777,400,Our Eps-Fair,0.05,0.733,0.10191852278545827,0.82175,0.07529281874039936,,0.08875,0.0266257040450589
10,TrainingSize,18,181777,400,Our Eps-Fair,0.1,0.774,0.12793618791602662,0.90025,0.11597542242703535,,0.12624999999999997,0.011960765488991276
10,TrainingSize,18,181777,400,Our Eps-Fair,0.15,0.798,0.16485055043522787,0.96975,0.1638504864311316,,0.17174999999999996,0.0010000640040962738
10,TrainingSize,18,181777,500,Unfair,,0.82075,0.17168298771121354,0.98425,0.18064356118791602,,0.16349999999999998,-0.008960573476702482
10,TrainingSize,18,181777,500,Our Eps-Fair,0.0,0.69775,0.038178443420378905,0.75925,0.029705901177675353,,0.0615,0.008472542242703551
10,TrainingSize,18,181777,500,Our Eps-Fair,0.05,0.752,0.08517345110087046,0.82175,0.07529281874039936,,0.06974999999999998,0.009880632360471098
10,TrainingSize,18,181777,500,Our Eps-Fair,0.1,0.792,0.12972830261136714,0.90025,0.11597542242703535,,0.10824999999999996,0.013752880184331795
10,TrainingSize,18,181777,500,Our Eps-Fair,0.15,0.819,0.17117095494111623,0.96975,0.1638504864311316,,0.15075000000000005,0.0073204685099846345
10,TrainingSize,18,181777,600,Unfair,,0.833,0.16875480030721965,0.98425,0.18064356118791602,,0.15125,-0.011888760880696375
10,TrainingSize,18,181777,600,Our Eps-Fair,0.0,0.70525,0.033674155145929335,0.75925,0.029705901177675353,,0.05399999999999994,0.003968253968253982
10,TrainingSize,18,181777,600,Our Eps-Fair,0.05,0.761,0.07968509984639019,0.82175,0.07529281874039936,,0.06074999999999997,0.004392281105990825
10,TrainingSize,18,181777,600,Our Eps-Fair,0.1,0.80375,0.11979966717869943,0.90025,0.11597542242703535,,0.09650000000000003,0.0038242447516640826
10,TrainingSize,18,181777,600,Our Eps-Fair,0.15,0.83125,0.16032226062467997,0.96975,0.1638504864311316,,0.13849999999999996,-0.0035282258064516236
10,TrainingSize,18,181777,700,Unfair,,0.84775,0.16776273681515613,0.98425,0.18064356118791602,,0.13649999999999995,-0.012880824372759891
10,TrainingSize,18,181777,700,Our Eps-Fair,0.0,0.7095,0.040634600614439326,0.75925,0.029705901177675353,,0.04974999999999996,0.010928699436763972
10,TrainingSize,18,181777,700,Our Eps-Fair,0.05,0.77125,0.08024513568868408,0.82175,0.07529281874039936,,0.05049999999999999,0.004952316948284713
10,TrainingSize,18,181777,700,Our Eps-Fair,0.1,0.8215,0.13026433691756273,0.90025,0.11597542242703535,,0.07874999999999999,0.014288914490527382
10,TrainingSize,18,181777,700,Our Eps-Fair,0.15,0.8465,0.1707709293394777,0.96975,0.1638504864311316,,0.12324999999999997,0.006920442908346119
10,TrainingSize,18,181777,800,Unfair,,0.868,0.17417914746543778,0.98425,0.18064356118791602,,0.11624999999999996,-0.006464413722478246
10,TrainingSize,18,181777,800,Our Eps-Fair,0.0,0.715,0.03717837941628263,0.75925,0.029705901177675353,,0.04425000000000001,0.0074724782386072774
10,TrainingSize,18,181777,800,Our Eps-Fair,0.05,0.78075,0.08419738863287252,0.82175,0.07529281874039936,,0.040999999999999925,0.008904569892473152
10,TrainingSize,18,181777,800,Our Eps-Fair,0.1,0.8385,0.13772081413210446,0.90025,0.11597542242703535,,0.06174999999999997,0.021745391705069117
10,TrainingSize,18,181777,800,Our Eps-Fair,0.15,0.86675,0.17267505120327703,0.96975,0.1638504864311316,,0.10299999999999998,0.008824564772145438
10,TrainingSize,18,181777,900,Unfair,,0.86625,0.17377912186379926,0.98425,0.18064356118791602,,0.118,-0.006864439324116761
10,TrainingSize,18,181777,900,Our Eps-Fair,0.0,0.7205,0.04361079109062979,0.75925,0.029705901177675353,,0.03874999999999995,0.013904889912954438
10,TrainingSize,18,181777,900,Our Eps-Fair,0.05,0.7865,0.08162122375832054,0.82175,0.07529281874039936,,0.035250000000000004,0.006328405017921174
10,TrainingSize,18,181777,900,Our Eps-Fair,0.1,0.8355,0.13113639272913466,0.90025,0.11597542242703535,,0.06474999999999997,0.015160970302099314
10,TrainingSize,18,181777,900,Our Eps-Fair,0.15,0.86275,0.17116295442908347,0.96975,0.1638504864311316,,0.10699999999999998,0.007312467997951877
10,TrainingSize,18,181777,1000,Unfair,,0.8705,0.1762112775217614,0.98425,0.18064356118791602,,0.1137499999999999,-0.004432283666154613
10,TrainingSize,18,181777,1000,Our Eps-Fair,0.0,0.71725,0.0421146953405018,0.75925,0.029705901177675353,,0.041999999999999926,0.012408794162826448
10,TrainingSize,18,181777,1000,Our Eps-Fair,0.05,0.77925,0.0856934843830005,0.82175,0.07529281874039936,,0.04249999999999998,0.010400665642601142
10,TrainingSize,18,181777,1000,Our Eps-Fair,0.1,0.83325,0.1367207501280082,0.90025,0.11597542242703535,,0.06699999999999995,0.020745327700972843
10,TrainingSize,18,181777,1000,Our Eps-Fair,0.15,0.868,0.17569124423963134,0.96975,0.1638504864311316,,0.10175000000000001,0.011840757808499747
10,TrainingSize,18,181777,1100,Unfair,,0.877,0.17469918074756785,0.98425,0.18064356118791602,,0.10724999999999996,-0.005944380440348174
10,TrainingSize,18,181777,1100,Our Eps-Fair,0.0,0.732,0.04406682027649769,0.75925,0.029705901177675353,,0.027249999999999996,0.014360919098822339
10,TrainingSize,18,181777,1100,Our Eps-Fair,0.05,0.79175,0.09809427803379416,0.82175,0.07529281874039936,,0.030000000000000027,0.02280145929339479
10,TrainingSize,18,181777,1100,Our Eps-Fair,0.1,0.8395,0.13167242703533025,0.90025,0.11597542242703535,,0.06074999999999997,0.0156970046082949
10,TrainingSize,18,181777,1100,Our Eps-Fair,0.15,0.87525,0.17269905273937533,0.96975,0.1638504864311316,,0.09450000000000003,0.008848566308243738
10,TrainingSize,18,181777,1200,Unfair,,0.8805,0.18261968766001022,0.98425,0.18064356118791602,,0.10375000000000001,0.001976126472094192
10,TrainingSize,18,181777,1200,Our Eps-Fair,0.0,0.7275,0.039074500768049164,0.75925,0.029705901177675353,,0.031749999999999945,0.00936859959037381
10,TrainingSize,18,181777,1200,Our Eps-Fair,0.05,0.78475,0.08812564004096261,0.82175,0.07529281874039936,,0.03700000000000003,0.012832821300563249
10,TrainingSize,18,181777,1200,Our Eps-Fair,0.1,0.83925,0.128200204813108,0.90025,0.11597542242703535,,0.06099999999999994,0.012224782386072663
10,TrainingSize,18,181777,1200,Our Eps-Fair,0.15,0.88,0.1791234639016897,0.96975,0.1638504864311316,,0.08975,0.015272977470558113
10,TrainingSize,18,181777,1300,Unfair,,0.879,0.1801315284178187,0.98425,0.18064356118791602,,0.10524999999999995,-0.0005120327700973148
10,TrainingSize,18,181777,1300,Our Eps-Fair,0.0,0.72725,0.03809843830005122,0.75925,0.029705901177675353,,0.03200000000000003,0.008392537122375865
10,TrainingSize,18,181777,1300,Our Eps-Fair,0.05,0.79,0.08072516641065028,0.82175,0.07529281874039936,,0.031749999999999945,0.005432347670250914
10,TrainingSize,18,181777,1300,Our Eps-Fair,0.1,0.84575,0.130568356374808,0.90025,0.11597542242703535,,0.05449999999999999,0.01459293394777264
10,TrainingSize,18,181777,1300,Our Eps-Fair,0.15,0.877,0.17713133640552994,0.96975,0.1638504864311316,,0.09275,0.013280849974398351
10,TrainingSize,18,181777,1400,Unfair,,0.88325,0.1781874039938556,0.98425,0.18064356118791602,,0.10099999999999998,-0.002456157194060421
10,TrainingSize,18,181777,1400,Our Eps-Fair,0.0,0.72125,0.03205805171530979,0.75925,0.029705901177675353,,0.038000000000000034,0.0023521505376344343
10,TrainingSize,18,181777,1400,Our Eps-Fair,0.05,0.78875,0.08011712749615976,0.82175,0.07529281874039936,,0.03300000000000003,0.004824308755760398
10,TrainingSize,18,181777,1400,Our Eps-Fair,0.1,0.84325,0.12717613927291344,0.90025,0.11597542242703535,,0.05699999999999994,0.01120071684587809
10,TrainingSize,18,181777,1400,Our Eps-Fair,0.15,0.87925,0.17617127496159754,0.96975,0.1638504864311316,,0.09050000000000002,0.012320788530465948
10,TrainingSize,18,181777,1500,Unfair,,0.88425,0.18313972094214026,0.98425,0.18064356118791602,,0.09999999999999998,0.0024961597542242364
10,TrainingSize,18,181777,1500,Our Eps-Fair,0.0,0.7235,0.04253872247823859,0.75925,0.029705901177675353,,0.03574999999999995,0.012832821300563235
10,TrainingSize,18,181777,1500,Our Eps-Fair,0.05,0.78975,0.08419738863287252,0.82175,0.07529281874039936,,0.03200000000000003,0.008904569892473152
10,TrainingSize,18,181777,1500,Our Eps-Fair,0.1,0.84225,0.12461597542242703,0.90025,0.11597542242703535,,0.05799999999999994,0.008640552995391682
10,TrainingSize,18,181777,1500,Our Eps-Fair,0.15,0.88325,0.18764400921658986,0.96975,0.1638504864311316,,0.08650000000000002,0.023793522785458265
10,TrainingSize,18,181777,1600,Unfair,,0.8875,0.17927547363031238,0.98425,0.18064356118791602,,0.09675,-0.0013680875576036478
10,TrainingSize,18,181777,1600,Our Eps-Fair,0.0,0.72925,0.04149065540194574,0.75925,0.029705901177675353,,0.030000000000000027,0.011784754224270388
10,TrainingSize,18,181777,1600,Our Eps-Fair,0.05,0.794,0.08766161034306195,0.82175,0.07529281874039936,,0.02774999999999994,0.01236879160266259
10,TrainingSize,18,181777,1600,Our Eps-Fair,0.1,0.849,0.1337525601638505,0.90025,0.11597542242703535,,0.05125000000000002,0.017777137736815163
10,TrainingSize,18,181777,1600,Our Eps-Fair,0.15,0.88475,0.17920346902201742,0.96975,0.1638504864311316,,0.08499999999999996,0.015352982590885828
10,TrainingSize,18,181777,1700,Unfair,,0.89375,0.17914746543778803,0.98425,0.18064356118791602,,0.09049999999999991,-0.0014960957501279903
10,TrainingSize,18,181777,1700,Our Eps-Fair,0.0,0.725,0.03010592677931387,0.75925,0.029705901177675353,,0.03425,0.0004000256016385151
10,TrainingSize,18,181777,1700,Our Eps-Fair,0.05,0.7935,0.0787410394265233,0.82175,0.07529281874039936,,0.028249999999999997,0.0034482206861239373
10,TrainingSize,18,181777,1700,Our Eps-Fair,0.1,0.8515,0.13322452636968768,0.90025,0.11597542242703535,,0.04874999999999996,0.017249103942652333
10,TrainingSize,18,181777,1700,Our Eps-Fair,0.15,0.891,0.178243407578085,0.96975,0.1638504864311316,,0.07874999999999999,0.014392921146953397
10,TrainingSize,18,181777,1800,Unfair,,0.891,0.1807075652841782,0.98425,0.18064356118791602,,0.09324999999999994,6.40040962621713e-05
10,TrainingSize,18,181777,1800,Our Eps-Fair,0.0,0.733,0.03806643625192013,0.75925,0.029705901177675353,,0.026249999999999996,0.00836053507424478
10,TrainingSize,18,181777,1800,Our Eps-Fair,0.05,0.7925,0.07971710189452125,0.82175,0.07529281874039936,,0.029249999999999998,0.004424283154121883
10,TrainingSize,18,181777,1800,Our Eps-Fair,0.1,0.8485,0.12324788786482335,0.90025,0.11597542242703535,,0.05174999999999996,0.007272465437788006
10,TrainingSize,18,181777,1800,Our Eps-Fair,0.15,0.88875,0.17877144137224782,0.96975,0.1638504864311316,,0.08099999999999996,0.014920954941116227
10,TrainingSize,18,181777,1900,Unfair,,0.89525,0.1852598566308244,0.98425,0.18064356118791602,,0.08899999999999997,0.004616295442908369
10,TrainingSize,18,181777,1900,Our Eps-Fair,0.0,0.734,0.04503488223246288,0.75925,0.029705901177675353,,0.025249999999999995,0.015328981054787527
10,TrainingSize,18,181777,1900,Our Eps-Fair,0.05,0.80075,0.08469342037890426,0.82175,0.07529281874039936,,0.02100000000000002,0.009400601638504896
10,TrainingSize,18,181777,1900,Our Eps-Fair,0.1,0.85525,0.12423195084485407,0.90025,0.11597542242703535,,0.04500000000000004,0.008256528417818723
10,TrainingSize,18,181777,1900,Our Eps-Fair,0.15,0.89325,0.17977150537634412,0.96975,0.1638504864311316,,0.07650000000000001,0.01592101894521253
10,TrainingSize,18,181777,2000,Unfair,,0.89825,0.18670794930875573,0.98425,0.18064356118791602,,0.08599999999999997,0.006064388120839703
10,TrainingSize,18,181777,2000,Our Eps-Fair,0.0,0.72825,0.02996191756272401,0.75925,0.029705901177675353,,0.031000000000000028,0.0002560163850486574
10,TrainingSize,18,181777,2000,Our Eps-Fair,0.05,0.793,0.08424539170506912,0.82175,0.07529281874039936,,0.028749999999999942,0.008952572964669753
10,TrainingSize,18,181777,2000,Our Eps-Fair,0.1,0.852,0.13180843573988735,0.90025,0.11597542242703535,,0.048250000000000015,0.015833013312852
10,TrainingSize,18,181777,2000,Our Eps-Fair,0.15,0.89625,0.1817156298003072,0.96975,0.1638504864311316,,0.07350000000000001,0.017865143369175607
10,PoolSize,18,181777,20,Our Eps-Fair,0.0,0.72725,0.17151497695852536,0.75925,0.029705901177675353,,0.03200000000000003,0.14180907578085
10,PoolSize,18,181777,20,Our Eps-Fair,0.05,0.74475,0.21385368663594467,0.82175,0.07529281874039936,,0.07699999999999996,0.1385608678955453
10,PoolSize,18,181777,20,Our Eps-Fair,0.1,0.86875,0.20780529953917048,0.90025,0.11597542242703535,,0.03149999999999997,0.09182987711213514
10,PoolSize,18,181777,20,Our Eps-Fair,0.15,0.8875,0.1893561187916027,0.96975,0.1638504864311316,,0.08225000000000005,0.025505632360471098
10,PoolSize,18,181777,40,Our Eps-Fair,0.0,0.625,0.2092613927291347,0.75925,0.029705901177675353,,0.13424999999999998,0.17955549155145933
10,PoolSize,18,181777,40,Our Eps-Fair,0.05,0.74875,0.11423131080389144,0.82175,0.07529281874039936,,0.07299999999999995,0.03893849206349208
10,PoolSize,18,181777,40,Our Eps-Fair,0.1,0.82175,0.14208109318996415,0.90025,0.11597542242703535,,0.07850000000000001,0.0261056707629288
10,PoolSize,18,181777,40,Our Eps-Fair,0.15,0.87325,0.18169962877624168,0.96975,0.1638504864311316,,0.09650000000000003,0.01784914234511009
10,PoolSize,18,181777,60,Our Eps-Fair,0.0,0.6825,0.2411754352278546,0.75925,0.029705901177675353,,0.07674999999999998,0.21146953405017924
10,PoolSize,18,181777,60,Our Eps-Fair,0.05,0.81475,0.14157706093189965,0.82175,0.07529281874039936,,0.007000000000000006,0.06628424219150028
10,PoolSize,18,181777,60,Our Eps-Fair,0.1,0.831,0.14256912442396313,0.90025,0.11597542242703535,,0.06925000000000003,0.026593701996927788
10,PoolSize,18,181777,60,Our Eps-Fair,0.15,0.8495,0.16223438300051202,0.96975,0.1638504864311316,,0.12024999999999997,-0.0016161034306195754
10,PoolSize,18,181777,80,Our Eps-Fair,0.0,0.71275,0.09478206605222735,0.75925,0.029705901177675353,,0.046499999999999986,0.06507616487455199
10,PoolSize,18,181777,80,Our Eps-Fair,0.05,0.778,0.1346086149513569,0.82175,0.07529281874039936,,0.043749999999999956,0.05931579621095753
10,PoolSize,18,181777,80,Our Eps-Fair,0.1,0.81675,0.14406522017409115,0.90025,0.11597542242703535,,0.08350000000000002,0.028089797747055806
10,PoolSize,18,181777,80,Our Eps-Fair,0.15,0.89175,0.1692508320532514,0.96975,0.1638504864311316,,0.07799999999999996,0.005400345622119801
10,PoolSize,18,181777,100,Our Eps-Fair,0.0,0.75875,0.0953020993343574,0.75925,0.029705901177675353,,0.0004999999999999449,0.06559619815668205
10,PoolSize,18,181777,100,Our Eps-Fair,0.05,0.7725,0.11669546850998465,0.82175,0.07529281874039936,,0.049250000000000016,0.041402649769585284
10,PoolSize,18,181777,100,Our Eps-Fair,0.1,0.8425,0.1480334741423451,0.90025,0.11597542242703535,,0.05774999999999997,0.03205805171530976
10,PoolSize,18,181777,100,Our Eps-Fair,0.15,0.88875,0.1809075780849974,0.96975,0.1638504864311316,,0.08099999999999996,0.01705709165386582
10,PoolSize,18,181777,120,Our Eps-Fair,0.0,0.72075,0.04866711469534052,0.75925,0.029705901177675353,,0.03849999999999998,0.018961213517665165
10,PoolSize,18,181777,120,Our Eps-Fair,0.05,0.78825,0.10968701996927803,0.82175,0.07529281874039936,,0.033499999999999974,0.034394201228878665
10,PoolSize,18,181777,120,Our Eps-Fair,0.1,0.82825,0.14504928315412186,0.90025,0.11597542242703535,,0.07199999999999995,0.02907386072708651
10,PoolSize,18,181777,120,Our Eps-Fair,0.15,0.89025,0.18083557347670248,0.96975,0.1638504864311316,,0.07950000000000002,0.01698508704557089
10,PoolSize,18,181777,140,Our Eps-Fair,0.0,0.7125,0.05413946492575526,0.75925,0.029705901177675353,,0.04674999999999996,0.02443356374807991
10,PoolSize,18,181777,140,Our Eps-Fair,0.05,0.7815,0.10766289042498721,0.82175,0.07529281874039936,,0.04025000000000001,0.032370071684587845
10,PoolSize,18,181777,140,Our Eps-Fair,0.1,0.826,0.14454525089605735,0.90025,0.11597542242703535,,0.07425000000000004,0.028569828469022007
10,PoolSize,18,181777,140,Our Eps-Fair,0.15,0.8685,0.1881880440348182,0.96975,0.1638504864311316,,0.10124999999999995,0.02433755760368661
10,PoolSize,18,181777,160,Our Eps-Fair,0.0,0.7435,0.10212653609831028,0.75925,0.029705901177675353,,0.01574999999999993,0.07242063492063493
10,PoolSize,18,181777,160,Our Eps-Fair,0.05,0.79575,0.11211917562724014,0.82175,0.07529281874039936,,0.026000000000000023,0.03682635688684077
10,PoolSize,18,181777,160,Our Eps-Fair,0.1,0.8535,0.18317172299027135,0.90025,0.11597542242703535,,0.04674999999999996,0.067196300563236
10,PoolSize,18,181777,160,Our Eps-Fair,0.15,0.878,0.19069220430107525,0.96975,0.1638504864311316,,0.09175,0.02684171786994366
10,PoolSize,18,181777,180,Our Eps-Fair,0.0,0.7275,0.10010240655401946,0.75925,0.029705901177675353,,0.031749999999999945,0.0703965053763441
10,PoolSize,18,181777,180,Our Eps-Fair,0.05,0.79275,0.12057571684587814,0.82175,0.07529281874039936,,0.029000000000000026,0.04528289810547878
10,PoolSize,18,181777,180,Our Eps-Fair,0.1,0.85375,0.152561763952893,0.90025,0.11597542242703535,,0.046499999999999986,0.03658634152585766
10,PoolSize,18,181777,180,Our Eps-Fair,0.15,0.88625,0.18572388632872505,0.96975,0.1638504864311316,,0.08350000000000002,0.02187339989759346
10,PoolSize,18,181777,200,Our Eps-Fair,0.0,0.72625,0.10923099078341017,0.75925,0.029705901177675353,,0.03300000000000003,0.07952508960573482
10,PoolSize,18,181777,200,Our Eps-Fair,0.05,0.79675,0.1275441628264209,0.82175,0.07529281874039936,,0.025000000000000022,0.05225134408602153
10,PoolSize,18,181777,200,Our Eps-Fair,0.1,0.85725,0.17157098054275471,0.90025,0.11597542242703535,,0.04300000000000004,0.05559555811571937
10,PoolSize,18,181777,200,Our Eps-Fair,0.15,0.88125,0.18970014080901176,0.96975,0.1638504864311316,,0.08850000000000002,0.02584965437788017
10,PoolSize,18,181777,220,Our Eps-Fair,0.0,0.721,0.1225118407578085,0.75925,0.029705901177675353,,0.038250000000000006,0.09280593958013314
10,PoolSize,18,181777,220,Our Eps-Fair,0.05,0.7995,0.12908026113671273,0.82175,0.07529281874039936,,0.022249999999999992,0.05378744239631336
10,PoolSize,18,181777,220,Our Eps-Fair,0.1,0.85075,0.15909018177163337,0.90025,0.11597542242703535,,0.04949999999999999,0.04311475934459802
10,PoolSize,18,181777,220,Our Eps-Fair,0.15,0.88025,0.18770001280081922,0.96975,0.1638504864311316,,0.08950000000000002,0.023849526369687624
10,PoolSize,18,181777,240,Our Eps-Fair,0.0,0.72,0.08595750128008192,0.75925,0.029705901177675353,,0.03925000000000001,0.05625160010240657
10,PoolSize,18,181777,240,Our Eps-Fair,0.05,0.79325,0.11657546082949309,0.82175,0.07529281874039936,,0.02849999999999997,0.04128264208909373
10,PoolSize,18,181777,240,Our Eps-Fair,0.1,0.84675,0.14889752944188428,0.90025,0.11597542242703535,,0.05349999999999999,0.032922107014848934
10,PoolSize,18,181777,240,Our Eps-Fair,0.15,0.8755,0.18269169226830517,0.96975,0.1638504864311316,,0.09425000000000006,0.01884120583717358
10,PoolSize,18,181777,260,Our Eps-Fair,0.0,0.724,0.07187660010240657,0.75925,0.029705901177675353,,0.035250000000000004,0.042170698924731215
10,PoolSize,18,181777,260,Our Eps-Fair,0.05,0.7975,0.11909562211981567,0.82175,0.07529281874039936,,0.024249999999999994,0.043802803379416305
10,PoolSize,18,181777,260,Our Eps-Fair,0.1,0.84325,0.14989759344598053,0.90025,0.11597542242703535,,0.05699999999999994,0.03392217101894518
10,PoolSize,18,181777,260,Our Eps-Fair,0.15,0.8805,0.18970814132104452,0.96975,0.1638504864311316,,0.08925000000000005,0.02585765488991293
10,PoolSize,18,181777,280,Our Eps-Fair,0.0,0.7425,0.0637560803891449,0.75925,0.029705901177675353,,0.01674999999999993,0.03405017921146955
10,PoolSize,18,181777,280,Our Eps-Fair,0.05,0.8085,0.11405529953917051,0.82175,0.07529281874039936,,0.013249999999999984,0.03876248079877115
10,PoolSize,18,181777,280,Our Eps-Fair,0.1,0.85525,0.14638536866359447,0.90025,0.11597542242703535,,0.04500000000000004,0.030409946236559127
10,PoolSize,18,181777,280,Our Eps-Fair,0.15,0.887,0.190700204813108,0.96975,0.1638504864311316,,0.08274999999999999,0.026849718381976417
10,PoolSize,18,181777,300,Our Eps-Fair,0.0,0.75775,0.06111591141833077,0.75925,0.029705901177675353,,0.0014999999999999458,0.031410010240655414
10,PoolSize,18,181777,300,Our Eps-Fair,0.05,0.81325,0.11360727086533538,0.82175,0.07529281874039936,,0.008499999999999952,0.03831445212493602
10,PoolSize,18,181777,300,Our Eps-Fair,0.1,0.8595,0.14588133640552994,0.90025,0.11597542242703535,,0.04074999999999995,0.029905913978494597
10,PoolSize,18,181777,300,Our Eps-Fair,0.15,0.8905,0.19069220430107525,0.96975,0.1638504864311316,,0.07925000000000004,0.02684171786994366
10,TrainingSize,19,191777,100,Unfair,,0.57875,0.13471943391640184,0.9815,0.18574818122437384,,0.40275000000000005,-0.051028747307971994
10,TrainingSize,19,191777,100,Our Eps-Fair,0.0,0.52625,0.02289611697780658,0.749,0.01055755113227723,,0.22275,0.01233856584552935
10,TrainingSize,19,191777,100,Our Eps-Fair,0.05,0.55375,0.060727550262025726,0.82375,0.06432108879466167,,0.27,-0.0035935385326359426
10,TrainingSize,19,191777,100,Our Eps-Fair,0.1,0.57925,0.10448419593262452,0.89975,0.11370886186107784,,0.3205,-0.009224665928453321
10,TrainingSize,19,191777,100,Our Eps-Fair,0.15,0.57875,0.13471943391640184,0.96825,0.16713230123505696,,0.38950000000000007,-0.032412867318655114
10,TrainingSize,19,191777,200,Unfair,,0.67325,0.18828991578566204,0.9815,0.18574818122437384,,0.30825,0.0025417345612882003
10,TrainingSize,19,191777,200,Our Eps-Fair,0.0,0.5945,0.016649811795608926,0.749,0.01055755113227723,,0.15449999999999997,0.006092260663331697
10,TrainingSize,19,191777,200,Our Eps-Fair,0.05,0.63175,0.07046136333400352,0.82375,0.06432108879466167,,0.19199999999999995,0.00614027453934185
10,TrainingSize,19,191777,200,Our Eps-Fair,0.1,0.6585,0.11230345569869693,0.89975,0.11370886186107784,,0.24125000000000008,-0.0014054061623809122
10,TrainingSize,19,191777,200,Our Eps-Fair,0.15,0.66875,0.13981840751977323,0.96825,0.16713230123505696,,0.2995000000000001,-0.027313893715283727
10,TrainingSize,19,191777,300,Unfair,,0.7255,0.17755931464193148,0.9815,0.18574818122437384,,0.256,-0.008188866582442361
10,TrainingSize,19,191777,300,Our Eps-Fair,0.0,0.62625,0.024433061154673696,0.749,0.01055755113227723,,0.12275000000000003,0.013875510022396467
10,TrainingSize,19,191777,300,Our Eps-Fair,0.05,0.6675,0.05710050204509101,0.82375,0.06432108879466167,,0.15625,-0.007220586749570657
10,TrainingSize,19,191777,300,Our Eps-Fair,0.1,0.70425,0.10640225025032235,0.89975,0.11370886186107784,,0.1955,-0.007306611610755492
10,TrainingSize,19,191777,300,Our Eps-Fair,0.15,0.72,0.14705900005101474,0.96825,0.16713230123505696,,0.24825000000000008,-0.020073301184042214
10,TrainingSize,19,191777,400,Unfair,,0.762,0.19353093043889683,0.9815,0.18574818122437384,,0.21950000000000003,0.007782749214522988
10,TrainingSize,19,191777,400,Our Eps-Fair,0.0,0.64325,0.027976585233132373,0.749,0.01055755113227723,,0.10575000000000001,0.017419034100855144
10,TrainingSize,19,191777,400,Our Eps-Fair,0.05,0.6875,0.05550654139046185,0.82375,0.06432108879466167,,0.13624999999999998,-0.008814547404199818
10,TrainingSize,19,191777,400,Our Eps-Fair,0.1,0.72925,0.10426563276786993,0.89975,0.11370886186107784,,0.1705000000000001,-0.009443229093207911
10,TrainingSize,19,191777,400,Our Eps-Fair,0.15,0.75825,0.14621025476362667,0.96825,0.16713230123505696,,0.21000000000000008,-0.020922046471430283
10,TrainingSize,19,191777,500,Unfair,,0.793,0.19946514542702842,0.9815,0.18574818122437384,,0.1885,0.013716964202654586
10,TrainingSize,19,191777,500,Our Eps-Fair,0.0,0.66775,0.0181747525034735,0.749,0.01055755113227723,,0.08125000000000004,0.007617201371196272
10,TrainingSize,19,191777,500,Our Eps-Fair,0.05,0.717,0.06632416768446081,0.82375,0.06432108879466167,,0.10675000000000001,0.0020030788897991425
10,TrainingSize,19,191777,500,Our Eps-Fair,0.1,0.76125,0.11910142031046973,0.89975,0.11370886186107784,,0.13850000000000007,0.0053925584493918904
10,TrainingSize,19,191777,500,Our Eps-Fair,0.15,0.788,0.1540945333201295,0.96825,0.16713230123505696,,0.18025000000000002,-0.013037767914927445
10,TrainingSize,19,191777,600,Unfair,,0.79725,0.18391815234602799,0.9815,0.18574818122437384,,0.18425000000000002,-0.0018300288783458518
10,TrainingSize,19,191777,600,Our Eps-Fair,0.0,0.67775,0.018613379266608054,0.749,0.01055755113227723,,0.07125000000000004,0.008055828134330825
10,TrainingSize,19,191777,600,Our Eps-Fair,0.05,0.7295,0.061118663293691894,0.82375,0.06432108879466167,,0.09424999999999994,-0.0032024255009697744
10,TrainingSize,19,191777,600,Our Eps-Fair,0.1,0.77425,0.11964407713829298,0.89975,0.11370886186107784,,0.12550000000000006,0.005935215277215133
10,TrainingSize,19,191777,600,Our Eps-Fair,0.15,0.795,0.15855332191003202,0.96825,0.16713230123505696,,0.17325000000000002,-0.008578979325024938
10,TrainingSize,19,191777,700,Unfair,,0.808,0.17647500127536858,0.9815,0.18574818122437384,,0.1735,-0.009273179949005256
10,TrainingSize,19,191777,700,Our Eps-Fair,0.0,0.678,0.023123182599771336,0.749,0.01055755113227723,,0.07099999999999995,0.012565631467494107
10,TrainingSize,19,191777,700,Our Eps-Fair,0.05,0.7355,0.0593551536394018,0.82375,0.06432108879466167,,0.08824999999999994,-0.004965935155259865
10,TrainingSize,19,191777,700,Our Eps-Fair,0.1,0.77975,0.11877982737010996,0.89975,0.11370886186107784,,0.12,0.005070965509032119
10,TrainingSize,19,191777,700,Our Eps-Fair,0.15,0.80475,0.14907758342160882,0.96825,0.16713230123505696,,0.1635000000000001,-0.01805471781344814
10,TrainingSize,19,191777,800,Unfair,,0.82225,0.18057718680698726,0.9815,0.18574818122437384,,0.15925,-0.005170994417386582
10,TrainingSize,19,191777,800,Our Eps-Fair,0.0,0.68875,0.016680820757198844,0.749,0.01055755113227723,,0.060250000000000026,0.006123269624921615
10,TrainingSize,19,191777,800,Our Eps-Fair,0.05,0.74625,0.0684777900813335,0.82375,0.06432108879466167,,0.07750000000000001,0.004156701286671838
10,TrainingSize,19,191777,800,Our Eps-Fair,0.1,0.789,0.12435793944449945,0.89975,0.11370886186107784,,0.11075000000000002,0.01064907758342161
10,TrainingSize,19,191777,800,Our Eps-Fair,0.15,0.816,0.15768907214184902,0.96825,0.16713230123505696,,0.1522500000000001,-0.009443229093207939
10,TrainingSize,19,191777,900,Unfair,,0.832,0.17898422644144157,0.9815,0.18574818122437384,,0.14950000000000008,-0.006763954782932263
10,TrainingSize,19,191777,900,Our Eps-Fair,0.0,0.6885,0.0156330179421853,0.749,0.01055755113227723,,0.0605,0.005075466809908072
10,TrainingSize,19,191777,900,Our Eps-Fair,0.05,0.74325,0.06020489921587341,0.82375,0.06432108879466167,,0.08050000000000002,-0.00411618957878826
10,TrainingSize,19,191777,900,Our Eps-Fair,0.1,0.79625,0.11908591582967479,0.89975,0.11370886186107784,,0.10350000000000004,0.005377053968596945
10,TrainingSize,19,191777,900,Our Eps-Fair,0.15,0.826,0.1599957387685041,0.96825,0.16713230123505696,,0.1422500000000001,-0.007136562466552865
10,TrainingSize,19,191777,1000,Unfair,,0.83525,0.18988537687391654,0.9815,0.18574818122437384,,0.14625,0.004137195649542708
10,TrainingSize,19,191777,1000,Our Eps-Fair,0.0,0.69325,0.021478207201881344,0.749,0.01055755113227723,,0.055749999999999966,0.010920656069604115
10,TrainingSize,19,191777,1000,Our Eps-Fair,0.05,0.7535,0.06832624628517642,0.82375,0.06432108879466167,,0.07025000000000003,0.004005157490514749
10,TrainingSize,19,191777,1000,Our Eps-Fair,0.1,0.80025,0.11862828357395286,0.89975,0.11370886186107784,,0.09950000000000003,0.004919421712875016
10,TrainingSize,19,191777,1000,Our Eps-Fair,0.15,0.82625,0.16052139068190707,0.96825,0.16713230123505696,,0.14200000000000002,-0.006610910553149885
10,TrainingSize,19,191777,1100,Unfair,,0.83975,0.18583320579647516,0.9815,0.18574818122437384,,0.14175000000000004,8.502457210132763e-05
10,TrainingSize,19,191777,1100,Our Eps-Fair,0.0,0.70225,0.018375310464724293,0.749,0.01055755113227723,,0.04674999999999996,0.007817759332447063
10,TrainingSize,19,191777,1100,Our Eps-Fair,0.05,0.75525,0.05591315890292295,0.82375,0.06432108879466167,,0.0685,-0.008407929891738719
10,TrainingSize,19,191777,1100,Our Eps-Fair,0.1,0.80525,0.1100483039598444,0.89975,0.11370886186107784,,0.09450000000000003,-0.003660557901233444
10,TrainingSize,19,191777,1100,Our Eps-Fair,0.15,0.8355,0.1695580022626539,0.96825,0.16713230123505696,,0.13275000000000003,0.002425701027596955
10,TrainingSize,19,191777,1200,Unfair,,0.84375,0.19902401794118496,0.9815,0.18574818122437384,,0.13775000000000004,0.013275836716811124
10,TrainingSize,19,191777,1200,Our Eps-Fair,0.0,0.69675,0.012509615278815583,0.749,0.01055755113227723,,0.05225000000000002,0.0019520641465383543
10,TrainingSize,19,191777,1200,Our Eps-Fair,0.05,0.75875,0.05949119295476393,0.82375,0.06432108879466167,,0.06499999999999995,-0.004829895839897735
10,TrainingSize,19,191777,1200,Our Eps-Fair,0.1,0.81225,0.1102193533931306,0.89975,0.11370886186107784,,0.08750000000000002,-0.003489508467947239
10,TrainingSize,19,191777,1200,Our Eps-Fair,0.15,0.8365,0.1656918849547519,0.96825,0.16713230123505696,,0.13175000000000003,-0.0014404162803050569
10,TrainingSize,19,191777,1300,Unfair,,0.8525,0.18647839225536178,0.9815,0.18574818122437384,,0.129,0.0007302110309879428
10,TrainingSize,19,191777,1300,Our Eps-Fair,0.0,0.6975,0.024800667392876563,0.749,0.01055755113227723,,0.05149999999999999,0.014243116260599334
10,TrainingSize,19,191777,1300,Our Eps-Fair,0.05,0.7625,0.060542496781569866,0.82375,0.06432108879466167,,0.06125000000000003,-0.0037785920130918027
10,TrainingSize,19,191777,1300,Our Eps-Fair,0.1,0.81275,0.11013332853194574,0.89975,0.11370886186107784,,0.08700000000000008,-0.0035755333291321023
10,TrainingSize,19,191777,1300,Our Eps-Fair,0.15,0.8445,0.16592945361209388,0.96825,0.16713230123505696,,0.12375000000000003,-0.001202847622963077
10,TrainingSize,19,191777,1400,Unfair,,0.8505,0.1887660533894296,0.9815,0.18574818122437384,,0.131,0.0030178721650557516
10,TrainingSize,19,191777,1400,Our Eps-Fair,0.0,0.703,0.017070433355239667,0.749,0.01055755113227723,,0.04600000000000004,0.006512882222962438
10,TrainingSize,19,191777,1400,Our Eps-Fair,0.05,0.76175,0.05703298253195174,0.82375,0.06432108879466167,,0.061999999999999944,-0.007288106262709926
10,TrainingSize,19,191777,1400,Our Eps-Fair,0.1,0.808,0.10811574545043517,0.89975,0.11370886186107784,,0.09175,-0.005593116410642668
10,TrainingSize,19,191777,1400,Our Eps-Fair,0.15,0.8475,0.15906346934264004,0.96825,0.16713230123505696,,0.12075000000000002,-0.008068831892416917
10,TrainingSize,19,191777,1500,Unfair,,0.85975,0.1856631566522725,0.9815,0.18574818122437384,,0.12175000000000002,-8.502457210132763e-05
10,TrainingSize,19,191777,1500,Our Eps-Fair,0.0,0.7085,0.026920279960908705,0.749,0.01055755113227723,,0.04049999999999998,0.016362728828631476
10,TrainingSize,19,191777,1500,Our Eps-Fair,0.05,0.7655,0.06703837409011204,0.82375,0.06432108879466167,,0.058250000000000024,0.0027172852954503723
10,TrainingSize,19,191777,1500,Our Eps-Fair,0.1,0.81475,0.11308318103932037,0.89975,0.11370886186107784,,0.08500000000000008,-0.0006256808217574711
10,TrainingSize,19,191777,1500,Our Eps-Fair,0.15,0.85175,0.16152167976545223,0.96825,0.16713230123505696,,0.11650000000000005,-0.005610621469604726
10,TrainingSize,19,191777,1600,Unfair,,0.86275,0.18481591179850976,0.9815,0.18574818122437384,,0.11875000000000002,-0.0009322694258640796
10,TrainingSize,19,191777,1600,Our Eps-Fair,0.0,0.7065,0.014325139965450012,0.749,0.01055755113227723,,0.04249999999999998,0.003767588833172783
10,TrainingSize,19,191777,1600,Our Eps-Fair,0.05,0.7675,0.06064452626809147,0.82375,0.06432108879466167,,0.05625000000000002,-0.0036765625265701984
10,TrainingSize,19,191777,1600,Our Eps-Fair,0.1,0.819,0.12013621936739717,0.89975,0.11370886186107784,,0.0807500000000001,0.006427357506319328
10,TrainingSize,19,191777,1600,Our Eps-Fair,0.15,0.8515,0.16589544378325335,0.96825,0.16713230123505696,,0.11675000000000002,-0.0012368574518036024
10,TrainingSize,19,191777,1700,Unfair,,0.86625,0.18620581348009577,0.9815,0.18574818122437384,,0.11525000000000007,0.0004576322557219292
10,TrainingSize,19,191777,1700,Our Eps-Fair,0.0,0.71275,0.018072723016951897,0.749,0.01055755113227723,,0.036250000000000004,0.007515171884674668
10,TrainingSize,19,191777,1700,Our Eps-Fair,0.05,0.772,0.06417054528758812,0.82375,0.06432108879466167,,0.05174999999999996,-0.0001505435070735528
10,TrainingSize,19,191777,1700,Our Eps-Fair,0.1,0.823,0.1200681997097161,0.89975,0.11370886186107784,,0.0767500000000001,0.0063593378486382635
10,TrainingSize,19,191777,1700,Our Eps-Fair,0.15,0.8595,0.17013366863023416,0.96825,0.16713230123505696,,0.10875000000000001,0.0030013673951772013
10,TrainingSize,19,191777,1800,Unfair,,0.8685,0.1882744113048671,0.9815,0.18574818122437384,,0.11299999999999999,0.002526230080493269
10,TrainingSize,19,191777,1800,Our Eps-Fair,0.0,0.7095,0.02788655921561331,0.749,0.01055755113227723,,0.03949999999999998,0.01732900808333608
10,TrainingSize,19,191777,1800,Our Eps-Fair,0.05,0.77375,0.057609649188615525,0.82375,0.06432108879466167,,0.04999999999999993,-0.006711439606046143
10,TrainingSize,19,191777,1800,Our Eps-Fair,0.1,0.82375,0.12103447896442072,0.89975,0.11370886186107784,,0.07600000000000007,0.007325617103342882
10,TrainingSize,19,191777,1800,Our Eps-Fair,0.15,0.8565,0.17064231562921683,0.96825,0.16713230123505696,,0.11175000000000002,0.003510014394159877
10,TrainingSize,19,191777,1900,Unfair,,0.8715,0.18685049979444057,0.9815,0.18574818122437384,,0.10999999999999999,0.0011023185700667348
10,TrainingSize,19,191777,1900,Our Eps-Fair,0.0,0.714,0.025902985962943298,0.749,0.01055755113227723,,0.03500000000000003,0.015345434830666069
10,TrainingSize,19,191777,1900,Our Eps-Fair,0.05,0.77525,0.06741098177373263,0.82375,0.06432108879466167,,0.04849999999999999,0.00308989297907096
10,TrainingSize,19,191777,1900,Our Eps-Fair,0.1,0.82925,0.11479617609489143,0.89975,0.11370886186107784,,0.07050000000000001,0.0010873142338135855
10,TrainingSize,19,191777,1900,Our Eps-Fair,0.15,0.864,0.1700156345183758,0.96825,0.16713230123505696,,0.10425000000000006,0.0028833332833188563
10,TrainingSize,19,191777,2000,Unfair,,0.87875,0.18476489705524898,0.9815,0.18574818122437384,,0.10275000000000001,-0.000983284169124854
10,TrainingSize,19,191777,2000,Our Eps-Fair,0.0,0.71875,0.011392292372495644,0.749,0.01055755113227723,,0.03025,0.0008347412402184146
10,TrainingSize,19,191777,2000,Our Eps-Fair,0.05,0.781,0.06776558425384938,0.82375,0.06432108879466167,,0.042749999999999955,0.0034444954591877075
10,TrainingSize,19,191777,2000,Our Eps-Fair,0.1,0.835,0.11672973489338419,0.89975,0.11370886186107784,,0.06475000000000009,0.0030208730323063454
10,TrainingSize,19,191777,2000,Our Eps-Fair,0.15,0.86825,0.16448903733178888,0.96825,0.16713230123505696,,0.10000000000000009,-0.0026432639032680783
10,PoolSize,19,191777,20,Our Eps-Fair,0.0,0.658,0.11123814782472134,0.749,0.01055755113227723,,0.09099999999999997,0.10068059669244411
10,PoolSize,19,191777,20,Our Eps-Fair,0.05,0.7335,0.11022085382675594,0.82375,0.06432108879466167,,0.09024999999999994,0.04589976503209427
10,PoolSize,19,191777,20,Our Eps-Fair,0.1,0.7275,0.20551639423793477,0.89975,0.11370886186107784,,0.17225000000000001,0.09180753237685693
10,PoolSize,19,191777,20,Our Eps-Fair,0.15,0.72275,0.24712041780074445,0.96825,0.16713230123505696,,0.24550000000000005,0.0799881165656875
10,PoolSize,19,191777,40,Our Eps-Fair,0.0,0.6005,0.24101815424657724,0.749,0.01055755113227723,,0.14849999999999997,0.2304606031143
10,PoolSize,19,191777,40,Our Eps-Fair,0.05,0.622,0.2699385122300345,0.82375,0.06432108879466167,,0.20174999999999998,0.20561742343537284
10,PoolSize,19,191777,40,Our Eps-Fair,0.1,0.8055,0.18766423496390455,0.89975,0.11370886186107784,,0.09425000000000006,0.07395537310282671
10,PoolSize,19,191777,40,Our Eps-Fair,0.15,0.82425,0.2070253303204626,0.96825,0.16713230123505696,,0.14400000000000002,0.03989302908540565
10,PoolSize,19,191777,60,Our Eps-Fair,0.0,0.599,0.14801277569217505,0.749,0.01055755113227723,,0.15000000000000002,0.13745522455989784
10,PoolSize,19,191777,60,Our Eps-Fair,0.05,0.67225,0.13277187107073943,0.82375,0.06432108879466167,,0.15149999999999997,0.06845078227607776
10,PoolSize,19,191777,60,Our Eps-Fair,0.1,0.7585,0.10257414392759506,0.89975,0.11370886186107784,,0.1412500000000001,-0.01113471793348278
10,PoolSize,19,191777,60,Our Eps-Fair,0.15,0.812,0.1761524080459253,0.96825,0.16713230123505696,,0.15625,0.009020106810868345
10,PoolSize,19,191777,80,Our Eps-Fair,0.0,0.63125,0.17183265963863556,0.749,0.01055755113227723,,0.11775000000000002,0.16127510850635834
10,PoolSize,19,191777,80,Our Eps-Fair,0.05,0.68375,0.12217680909782927,0.82375,0.06432108879466167,,0.14,0.0578557203031676
10,PoolSize,19,191777,80,Our Eps-Fair,0.1,0.77575,0.11106709839143514,0.89975,0.11370886186107784,,0.124,-0.002641763469642705
10,PoolSize,19,191777,80,Our Eps-Fair,0.15,0.828,0.17666105504490798,0.96825,0.16713230123505696,,0.1402500000000001,0.00952875380985102
10,PoolSize,19,191777,100,Our Eps-Fair,0.0,0.61375,0.14948920237948765,0.749,0.01055755113227723,,0.13524999999999998,0.1389316512472104
10,PoolSize,19,191777,100,Our Eps-Fair,0.05,0.722,0.05840988045545162,0.82375,0.06432108879466167,,0.10175000000000001,-0.00591120833921005
10,PoolSize,19,191777,100,Our Eps-Fair,0.1,0.77375,0.09830140910723201,0.89975,0.11370886186107784,,0.126,-0.015407452753845835
10,PoolSize,19,191777,100,Our Eps-Fair,0.15,0.823,0.17606738347382395,0.96825,0.16713230123505696,,0.1452500000000001,0.00893508223876699
10,PoolSize,19,191777,120,Our Eps-Fair,0.0,0.66325,0.0933399752528481,0.749,0.01055755113227723,,0.08574999999999999,0.08278242412057087
10,PoolSize,19,191777,120,Our Eps-Fair,0.05,0.73175,0.0930458902622858,0.82375,0.06432108879466167,,0.09199999999999997,0.028724801467624128
10,PoolSize,19,191777,120,Our Eps-Fair,0.1,0.779,0.172473844941188,0.89975,0.11370886186107784,,0.12075000000000002,0.05876498308011016
10,PoolSize,19,191777,120,Our Eps-Fair,0.15,0.8305,0.20324473772920376,0.96825,0.16713230123505696,,0.13775000000000004,0.036112436494146805
10,PoolSize,19,191777,140,Our Eps-Fair,0.0,0.666,0.09306839676666558,0.749,0.01055755113227723,,0.08299999999999996,0.08251084563438835
10,PoolSize,19,191777,140,Our Eps-Fair,0.05,0.7475,0.0880274399301398,0.82375,0.06432108879466167,,0.07624999999999993,0.02370635113547813
10,PoolSize,19,191777,140,Our Eps-Fair,0.1,0.80425,0.14451676534518476,0.89975,0.11370886186107784,,0.09550000000000003,0.03080790348410692
10,PoolSize,19,191777,140,Our Eps-Fair,0.15,0.85275,0.1898173572162355,0.96825,0.16713230123505696,,0.11550000000000005,0.022685055981178537
10,PoolSize,19,191777,160,Our Eps-Fair,0.0,0.69025,0.07816058841005051,0.749,0.01055755113227723,,0.05874999999999997,0.06760303727777328
10,PoolSize,19,191777,160,Our Eps-Fair,0.05,0.75825,0.09343550286032663,0.82375,0.06432108879466167,,0.0655,0.029114414065664965
10,PoolSize,19,191777,160,Our Eps-Fair,0.1,0.80925,0.1695069875193931,0.89975,0.11370886186107784,,0.09050000000000002,0.05579812565831527
10,PoolSize,19,191777,160,Our Eps-Fair,0.15,0.84075,0.18985136704507605,0.96825,0.16713230123505696,,0.12750000000000006,0.02271906581001909
10,PoolSize,19,191777,180,Our Eps-Fair,0.0,0.7115,0.08172961986013959,0.749,0.01055755113227723,,0.03749999999999998,0.07117206872786236
10,PoolSize,19,191777,180,Our Eps-Fair,0.05,0.7555,0.09391014003046881,0.82375,0.06432108879466167,,0.06825000000000003,0.029589051235807143
10,PoolSize,19,191777,180,Our Eps-Fair,0.1,0.79975,0.13705710950464683,0.89975,0.11370886186107784,,0.10000000000000009,0.023348247643568992
10,PoolSize,19,191777,180,Our Eps-Fair,0.15,0.8355,0.17989949095288538,0.96825,0.16713230123505696,,0.13275000000000003,0.01276718971782842
10,PoolSize,19,191777,200,Our Eps-Fair,0.0,0.68475,0.08390024717143256,0.749,0.01055755113227723,,0.06425000000000003,0.07334269603915533
10,PoolSize,19,191777,200,Our Eps-Fair,0.05,0.75075,0.09087526295099282,0.82375,0.06432108879466167,,0.07299999999999995,0.026554174156331156
10,PoolSize,19,191777,200,Our Eps-Fair,0.1,0.78775,0.13003808100541053,0.89975,0.11370886186107784,,0.1120000000000001,0.01632921914433269
10,PoolSize,19,191777,200,Our Eps-Fair,0.15,0.83125,0.17294848211133018,0.96825,0.16713230123505696,,0.137,0.005816180876273225
10,PoolSize,19,191777,220,Our Eps-Fair,0.0,0.698,0.11596201302176329,0.749,0.01055755113227723,,0.051000000000000045,0.10540446188948606
10,PoolSize,19,191777,220,Our Eps-Fair,0.05,0.74975,0.08680608695913118,0.82375,0.06432108879466167,,0.07399999999999995,0.022484998164469513
10,PoolSize,19,191777,220,Our Eps-Fair,0.1,0.78975,0.13003808100541053,0.89975,0.11370886186107784,,0.1100000000000001,0.01632921914433269
10,PoolSize,19,191777,220,Our Eps-Fair,0.15,0.84075,0.169964619775115,0.96825,0.16713230123505696,,0.12750000000000006,0.002832318540058054
10,PoolSize,19,191777,240,Our Eps-Fair,0.0,0.6985,0.07854770028538247,0.749,0.01055755113227723,,0.05049999999999999,0.06799014915310524
10,PoolSize,19,191777,240,Our Eps-Fair,0.05,0.743,0.09216363529059898,0.82375,0.06432108879466167,,0.08074999999999999,0.027842546495937315
10,PoolSize,19,191777,240,Our Eps-Fair,0.1,0.79125,0.11956055299981694,0.89975,0.11370886186107784,,0.10850000000000004,0.005851691138739096
10,PoolSize,19,191777,240,Our Eps-Fair,0.15,0.84175,0.16945597277613228,0.96825,0.16713230123505696,,0.12650000000000006,0.002323671541075323
10,PoolSize,19,191777,260,Our Eps-Fair,0.0,0.6955,0.10680486660644926,0.749,0.01055755113227723,,0.05349999999999999,0.09624731547417203
10,PoolSize,19,191777,260,Our Eps-Fair,0.05,0.75525,0.08792541044361821,0.82375,0.06432108879466167,,0.0685,0.02360432164895654
10,PoolSize,19,191777,260,Our Eps-Fair,0.1,0.7975,0.13122542414757865,0.89975,0.11370886186107784,,0.10225000000000006,0.01751656228650081
10,PoolSize,19,191777,260,Our Eps-Fair,0.15,0.845,0.17393176628045504,0.96825,0.16713230123505696,,0.12325000000000008,0.006799465045398079
10,PoolSize,19,191777,280,Our Eps-Fair,0.0,0.685,0.0949714467481102,0.749,0.01055755113227723,,0.06399999999999995,0.08441389561583297
10,PoolSize,19,191777,280,Our Eps-Fair,0.05,0.75475,0.07743087752360431,0.82375,0.06432108879466167,,0.06899999999999995,0.01310978872894264
10,PoolSize,19,191777,280,Our Eps-Fair,0.1,0.79275,0.11510176440991446,0.89975,0.11370886186107784,,0.1070000000000001,0.0013929025488366165
10,PoolSize,19,191777,280,Our Eps-Fair,0.15,0.845,0.16952399243381336,0.96825,0.16713230123505696,,0.12325000000000008,0.0023916911987564016
10,PoolSize,19,191777,300,Our Eps-Fair,0.0,0.69775,0.08785038876235232,0.749,0.01055755113227723,,0.05125000000000002,0.07729283763007509
10,PoolSize,19,191777,300,Our Eps-Fair,0.05,0.76,0.09584269853987802,0.82375,0.06432108879466167,,0.06374999999999997,0.03152160974521635
10,PoolSize,19,191777,300,Our Eps-Fair,0.1,0.8,0.13419228156937354,0.89975,0.11370886186107784,,0.09975,0.020483419708295703
10,PoolSize,19,191777,300,Our Eps-Fair,0.15,0.85025,0.18190006911997564,0.96825,0.16713230123505696,,0.1180000000000001,0.014767767884918681
10,TrainingSize,20,201777,100,Unfair,,0.6775,0.1605522330328186,0.986,0.17752722797589982,,0.3085,-0.016974994943081217
10,TrainingSize,20,201777,100,Our Eps-Fair,0.0,0.59375,0.03329365308562057,0.735,0.04518072515090121,,0.14125,-0.01188707206528064
10,TrainingSize,20,201777,100,Our Eps-Fair,0.05,0.63525,0.08189783098814818,0.8205,0.08097420883911896,,0.18525000000000003,0.0009236221490292185
10,TrainingSize,20,201777,100,Our Eps-Fair,0.1,0.66225,0.12850174435569106,0.892,0.11545001826491554,,0.22975,0.013051726090775526
10,TrainingSize,20,201777,100,Our Eps-Fair,0.15,0.677,0.15540905284723905,0.97,0.16600845461812322,,0.2929999999999999,-0.01059940177088417
10,TrainingSize,20,201777,200,Unfair,,0.7455,0.1605482325037486,0.986,0.17752722797589982,,0.24049999999999994,-0.016978995472151204
10,TrainingSize,20,201777,200,Our Eps-Fair,0.0,0.6385,0.0420418100293764,0.735,0.04518072515090121,,0.09650000000000003,-0.00313891512152481
10,TrainingSize,20,201777,200,Our Eps-Fair,0.05,0.68425,0.06437451352941428,0.8205,0.08097420883911896,,0.13624999999999998,-0.016599695309704676
10,TrainingSize,20,201777,200,Our Eps-Fair,0.1,0.73025,0.1277046389384996,0.892,0.11545001826491554,,0.16175000000000006,0.012254620673584057
10,TrainingSize,20,201777,200,Our Eps-Fair,0.15,0.74425,0.13466305918957783,0.97,0.16600845461812322,,0.22575,-0.03134539542854539
10,TrainingSize,20,201777,300,Unfair,,0.787,0.14976905695778267,0.986,0.17752722797589982,,0.19899999999999995,-0.027758171018117145
10,TrainingSize,20,201777,300,Our Eps-Fair,0.0,0.67425,0.024855537144787387,0.735,0.04518072515090121,,0.06074999999999997,-0.020325188006113826
10,TrainingSize,20,201777,300,Our Eps-Fair,0.05,0.7225,0.07219179736520155,0.8205,0.08097420883911896,,0.09799999999999998,-0.00878241147391741
10,TrainingSize,20,201777,300,Our Eps-Fair,0.1,0.7635,0.12003712490976931,0.892,0.11545001826491554,,0.12850000000000006,0.004587106644853775
10,TrainingSize,20,201777,300,Our Eps-Fair,0.15,0.7855,0.14769578276727097,0.97,0.16600845461812322,,0.1845,-0.018312671850852252
10,TrainingSize,20,201777,400,Unfair,,0.82125,0.15565083482290532,0.986,0.17752722797589982,,0.16474999999999995,-0.0218763931529945
10,TrainingSize,20,201777,400,Our Eps-Fair,0.0,0.682,0.04635288016840228,0.735,0.04518072515090121,,0.052999999999999936,0.0011721550175010642
10,TrainingSize,20,201777,400,Our Eps-Fair,0.05,0.74225,0.06620250528132347,0.8205,0.08097420883911896,,0.07825000000000004,-0.014771703557795487
10,TrainingSize,20,201777,400,Our Eps-Fair,0.1,0.79225,0.11495595292477431,0.892,0.11545001826491554,,0.09975,-0.0004940653401412226
10,TrainingSize,20,201777,400,Our Eps-Fair,0.15,0.814,0.15211011656291545,0.97,0.16600845461812322,,0.15600000000000003,-0.013898338055207765
10,TrainingSize,20,201777,500,Unfair,,0.83,0.16652577303348365,0.986,0.17752722797589982,,0.15600000000000003,-0.011001454942416167
10,TrainingSize,20,201777,500,Our Eps-Fair,0.0,0.6865,0.03821380377554931,0.735,0.04518072515090121,,0.04849999999999999,-0.006966921375351903
10,TrainingSize,20,201777,500,Our Eps-Fair,0.05,0.745,0.05562635658565844,0.8205,0.08097420883911896,,0.07550000000000001,-0.02534785225346052
10,TrainingSize,20,201777,500,Our Eps-Fair,0.1,0.79125,0.11347300680514999,0.892,0.11545001826491554,,0.10075,-0.001977011459765546
10,TrainingSize,20,201777,500,Our Eps-Fair,0.15,0.82275,0.15401836892929094,0.97,0.16600845461812322,,0.14725,-0.01199008568883228
10,TrainingSize,20,201777,600,Unfair,,0.84275,0.168008719153108,0.986,0.17752722797589982,,0.14325,-0.009518508822791816
10,TrainingSize,20,201777,600,Our Eps-Fair,0.0,0.69175,0.0510317489487985,0.735,0.04518072515090121,,0.04325000000000001,0.005851023797897287
10,TrainingSize,20,201777,600,Our Eps-Fair,0.05,0.7535,0.06614499767594265,0.8205,0.08097420883911896,,0.06700000000000006,-0.014829211163176315
10,TrainingSize,20,201777,600,Our Eps-Fair,0.1,0.79975,0.11545026829798241,0.892,0.11545001826491554,,0.09225000000000005,2.5003306687587656e-07
10,TrainingSize,20,201777,600,Our Eps-Fair,0.15,0.832,0.15626016540687504,0.97,0.16600845461812322,,0.138,-0.009748289211248179
10,TrainingSize,20,201777,700,Unfair,,0.8525,0.16466727724741598,0.986,0.17752722797589982,,0.13349999999999995,-0.012859950728483838
10,TrainingSize,20,201777,700,Our Eps-Fair,0.0,0.694,0.03073006405097073,0.735,0.04518072515090121,,0.041000000000000036,-0.014450661099930484
10,TrainingSize,20,201777,700,Our Eps-Fair,0.05,0.75925,0.0631215978313132,0.8205,0.08097420883911896,,0.06125000000000003,-0.01785261100780576
10,TrainingSize,20,201777,700,Our Eps-Fair,0.1,0.81225,0.11897948503689612,0.892,0.11545001826491554,,0.07974999999999999,0.0035294667719805856
10,TrainingSize,20,201777,700,Our Eps-Fair,0.15,0.84575,0.15720279006898663,0.97,0.16600845461812322,,0.12424999999999997,-0.008805664549136588
10,TrainingSize,20,201777,800,Unfair,,0.86125,0.1687483169649186,0.986,0.17752722797589982,,0.12475000000000003,-0.008778911010981216
10,TrainingSize,20,201777,800,Our Eps-Fair,0.0,0.698,0.06338963327900116,0.735,0.04518072515090121,,0.03700000000000003,0.018208908128099943
10,TrainingSize,20,201777,800,Our Eps-Fair,0.05,0.76675,0.06761644227449079,0.8205,0.08097420883911896,,0.053749999999999964,-0.01335776656462817
10,TrainingSize,20,201777,800,Our Eps-Fair,0.1,0.824,0.11347300680514999,0.892,0.11545001826491554,,0.06800000000000006,-0.001977011459765546
10,TrainingSize,20,201777,800,Our Eps-Fair,0.15,0.8525,0.15322526404116943,0.97,0.16600845461812322,,0.11749999999999994,-0.01278319057695379
10,TrainingSize,20,201777,900,Unfair,,0.87075,0.17403251580021456,0.986,0.17752722797589982,,0.11524999999999996,-0.003494712175685255
10,TrainingSize,20,201777,900,Our Eps-Fair,0.0,0.69625,0.05674500452684869,0.735,0.04518072515090121,,0.03874999999999995,0.011564279375947478
10,TrainingSize,20,201777,900,Our Eps-Fair,0.05,0.7705,0.06767394987987162,0.8205,0.08097420883911896,,0.050000000000000044,-0.013300258959247344
10,TrainingSize,20,201777,900,Our Eps-Fair,0.1,0.831,0.11649640664977942,0.892,0.11545001826491554,,0.061000000000000054,0.001046388384863886
10,TrainingSize,20,201777,900,Our Eps-Fair,0.15,0.868,0.15775461304757554,0.97,0.16600845461812322,,0.10199999999999998,-0.008253841570547676
10,TrainingSize,20,201777,1000,Unfair,,0.878,0.17703291260269172,0.986,0.17752722797589982,,0.10799999999999998,-0.0004943153732080985
10,TrainingSize,20,201777,1000,Our Eps-Fair,0.0,0.69625,0.04668617424654409,0.735,0.04518072515090121,,0.03874999999999995,0.0015054490956428745
10,TrainingSize,20,201777,1000,Our Eps-Fair,0.05,0.769,0.0611903424227854,0.8205,0.08097420883911896,,0.05149999999999999,-0.019783866416333562
10,TrainingSize,20,201777,1000,Our Eps-Fair,0.1,0.831,0.11845066510045954,0.892,0.11545001826491554,,0.061000000000000054,0.0030006468355440047
10,TrainingSize,20,201777,1000,Our Eps-Fair,0.15,0.8735,0.16022618991361606,0.97,0.16600845461812322,,0.09649999999999992,-0.005782264704507156
10,TrainingSize,20,201777,1100,Unfair,,0.87825,0.1801980811962382,0.986,0.17752722797589982,,0.10775000000000001,0.0026708532203383872
10,TrainingSize,20,201777,1100,Our Eps-Fair,0.0,0.702,0.047145985056523704,0.735,0.04518072515090121,,0.03300000000000003,0.0019652599056224906
10,TrainingSize,20,201777,1100,Our Eps-Fair,0.05,0.77475,0.06674632720177245,0.8205,0.08097420883911896,,0.04574999999999996,-0.014227881637346507
10,TrainingSize,20,201777,1100,Our Eps-Fair,0.1,0.8355,0.12042792659329196,0.892,0.11545001826491554,,0.056499999999999995,0.004977908328376426
10,TrainingSize,20,201777,1100,Our Eps-Fair,0.15,0.875,0.16312307302640777,0.97,0.16600845461812322,,0.09499999999999997,-0.002885381591715447
10,TrainingSize,20,201777,1200,Unfair,,0.88225,0.17619380163026563,0.986,0.17752722797589982,,0.10375000000000001,-0.0013334263456341866
10,TrainingSize,20,201777,1200,Our Eps-Fair,0.0,0.6965,0.05631969828009756,0.735,0.04518072515090121,,0.03849999999999998,0.011138973129196345
10,TrainingSize,20,201777,1200,Our Eps-Fair,0.05,0.76825,0.053580085966369054,0.8205,0.08097420883911896,,0.05225000000000002,-0.027394122872749907
10,TrainingSize,20,201777,1200,Our Eps-Fair,0.1,0.8375,0.11288667926333258,0.892,0.11545001826491554,,0.05449999999999999,-0.002563339001582954
10,TrainingSize,20,201777,1200,Our Eps-Fair,0.15,0.87675,0.15867798516353787,0.97,0.16600845461812322,,0.09324999999999994,-0.007330469454585348
10,TrainingSize,20,201777,1300,Unfair,,0.88975,0.17212801392984223,0.986,0.17752722797589982,,0.09624999999999995,-0.005399214046057588
10,TrainingSize,20,201777,1300,Our Eps-Fair,0.0,0.70625,0.05061769419005663,0.735,0.04518072515090121,,0.028749999999999942,0.005436969039155415
10,TrainingSize,20,201777,1300,Our Eps-Fair,0.05,0.77525,0.06154663954307957,0.8205,0.08097420883911896,,0.04525000000000001,-0.019427569296039393
10,TrainingSize,20,201777,1300,Our Eps-Fair,0.1,0.8365,0.11139223162263208,0.892,0.11545001826491554,,0.055499999999999994,-0.004057786642283456
10,TrainingSize,20,201777,1300,Our Eps-Fair,0.15,0.88225,0.1625750005438219,0.97,0.16600845461812322,,0.08775,-0.0034334540743013175
10,TrainingSize,20,201777,1400,Unfair,,0.8925,0.16961818200457013,0.986,0.17752722797589982,,0.09350000000000003,-0.007909045971329687
10,TrainingSize,20,201777,1400,Our Eps-Fair,0.0,0.6985,0.05153731581001589,0.735,0.04518072515090121,,0.03649999999999998,0.006356590659114675
10,TrainingSize,20,201777,1400,Our Eps-Fair,0.05,0.77875,0.05725082142113294,0.8205,0.08097420883911896,,0.041749999999999954,-0.02372338741798602
10,TrainingSize,20,201777,1400,Our Eps-Fair,0.1,0.84375,0.11064863328175152,0.892,0.11545001826491554,,0.048250000000000015,-0.004801384983164014
10,TrainingSize,20,201777,1400,Our Eps-Fair,0.15,0.887,0.15914929749459367,0.97,0.16600845461812322,,0.08299999999999996,-0.006859157123529552
10,TrainingSize,20,201777,1500,Unfair,,0.89225,0.17013550041993053,0.986,0.17752722797589982,,0.09375,-0.007391727555969285
10,TrainingSize,20,201777,1500,Our Eps-Fair,0.0,0.6965,0.056606986273934706,0.735,0.04518072515090121,,0.03849999999999998,0.011426261123033493
10,TrainingSize,20,201777,1500,Our Eps-Fair,0.05,0.767,0.05713230574743511,0.8205,0.08097420883911896,,0.05349999999999999,-0.023841903091683853
10,TrainingSize,20,201777,1500,Our Eps-Fair,0.1,0.84325,0.11382930392544414,0.892,0.11545001826491554,,0.04874999999999996,-0.0016207143394713908
10,TrainingSize,20,201777,1500,Our Eps-Fair,0.15,0.884,0.16264400967027892,0.97,0.16600845461812322,,0.08599999999999997,-0.0033644449478442973
10,TrainingSize,20,201777,1600,Unfair,,0.88925,0.1712276448560322,0.986,0.17752722797589982,,0.09675,-0.006299583119867613
10,TrainingSize,20,201777,1600,Our Eps-Fair,0.0,0.7005,0.055032027985701115,0.735,0.04518072515090121,,0.034499999999999975,0.009851302834799902
10,TrainingSize,20,201777,1600,Our Eps-Fair,0.05,0.7735,0.05770713176817635,0.8205,0.08097420883911896,,0.04700000000000004,-0.02326707707094261
10,TrainingSize,20,201777,1600,Our Eps-Fair,0.1,0.84525,0.11593308215011436,0.892,0.11545001826491554,,0.04675000000000007,0.0004830638851988228
10,TrainingSize,20,201777,1600,Our Eps-Fair,0.15,0.88125,0.1582604299418598,0.97,0.16600845461812322,,0.08875,-0.007748024676263426
10,TrainingSize,20,201777,1700,Unfair,,0.88825,0.17285235972457355,0.986,0.17752722797589982,,0.09775,-0.004674868251326264
10,TrainingSize,20,201777,1700,Our Eps-Fair,0.0,0.70175,0.05968789372394498,0.735,0.04518072515090121,,0.03325,0.014507168573043766
10,TrainingSize,20,201777,1700,Our Eps-Fair,0.05,0.76725,0.05171758965123138,0.8205,0.08097420883911896,,0.05325000000000002,-0.029256619187887578
10,TrainingSize,20,201777,1700,Our Eps-Fair,0.1,0.84325,0.10788601792587069,0.892,0.11545001826491554,,0.04874999999999996,-0.007564000339044849
10,TrainingSize,20,201777,1700,Our Eps-Fair,0.15,0.88125,0.1577431115264994,0.97,0.16600845461812322,,0.08875,-0.008265343091623828
10,TrainingSize,20,201777,1800,Unfair,,0.89675,0.1693921521121168,0.986,0.17752722797589982,,0.08924999999999994,-0.008135075863783009
10,TrainingSize,20,201777,1800,Our Eps-Fair,0.0,0.70075,0.04442887571881379,0.735,0.04518072515090121,,0.03425,-0.0007518494320874203
10,TrainingSize,20,201777,1800,Our Eps-Fair,0.05,0.78025,0.05245718746304198,0.8205,0.08097420883911896,,0.04025000000000001,-0.02851702137607698
10,TrainingSize,20,201777,1800,Our Eps-Fair,0.1,0.845,0.10994379006623627,0.892,0.11545001826491554,,0.04700000000000004,-0.005506228198679269
10,TrainingSize,20,201777,1800,Our Eps-Fair,0.15,0.88875,0.16367489600499668,0.97,0.16600845461812322,,0.08124999999999993,-0.002333558613126535
10,TrainingSize,20,201777,1900,Unfair,,0.89725,0.16827325413785973,0.986,0.17752722797589982,,0.08875,-0.00925397383804008
10,TrainingSize,20,201777,1900,Our Eps-Fair,0.0,0.70275,0.04691195410593052,0.735,0.04518072515090121,,0.03225,0.001731228955029307
10,TrainingSize,20,201777,1900,Our Eps-Fair,0.05,0.784,0.0626652874842698,0.8205,0.08097420883911896,,0.03649999999999998,-0.018308921354849156
10,TrainingSize,20,201777,1900,Our Eps-Fair,0.1,0.85225,0.11991060817793152,0.892,0.11545001826491554,,0.03975000000000006,0.004460589913015983
10,TrainingSize,20,201777,1900,Our Eps-Fair,0.15,0.887,0.16414620833605245,0.97,0.16600845461812322,,0.08299999999999996,-0.0018622462820707675
10,TrainingSize,20,201777,2000,Unfair,,0.897,0.1751821678416971,0.986,0.17752722797589982,,0.08899999999999997,-0.0023450601342027144
10,TrainingSize,20,201777,2000,Our Eps-Fair,0.0,0.70925,0.041485986521717505,0.735,0.04518072515090121,,0.02574999999999994,-0.003694738629183708
10,TrainingSize,20,201777,2000,Our Eps-Fair,0.05,0.78625,0.06296057653624693,0.8205,0.08097420883911896,,0.03425,-0.018013632302872035
10,TrainingSize,20,201777,2000,Our Eps-Fair,0.1,0.853,0.11285592519610718,0.892,0.11545001826491554,,0.039000000000000035,-0.0025940930688083536
10,TrainingSize,20,201777,2000,Our Eps-Fair,0.15,0.889,0.1681697404481743,0.97,0.16600845461812322,,0.08099999999999996,0.0021612858300510684
10,PoolSize,20,201777,20,Our Eps-Fair,0.0,0.646,0.4602533685079852,0.735,0.04518072515090121,,0.08899999999999997,0.415072643357084
10,PoolSize,20,201777,20,Our Eps-Fair,0.05,0.63125,0.4097871943564536,0.8205,0.08097420883911896,,0.18925000000000003,0.3288129855173346
10,PoolSize,20,201777,20,Our Eps-Fair,0.1,0.732,0.26658500586702594,0.892,0.11545001826491554,,0.16000000000000003,0.15113498760211042
10,PoolSize,20,201777,20,Our Eps-Fair,0.15,0.8415,0.2196592999424174,0.97,0.16600845461812322,,0.12849999999999995,0.05365084532429418
10,PoolSize,20,201777,40,Our Eps-Fair,0.0,0.675,0.14181275473681393,0.735,0.04518072515090121,,0.05999999999999994,0.09663202958591272
10,PoolSize,20,201777,40,Our Eps-Fair,0.05,0.71025,0.301221336521755,0.8205,0.08097420883911896,,0.11024999999999996,0.22024712768263602
10,PoolSize,20,201777,40,Our Eps-Fair,0.1,0.72325,0.29677249816288204,0.892,0.11545001826491554,,0.16875000000000007,0.18132247989796652
10,PoolSize,20,201777,40,Our Eps-Fair,0.15,0.87825,0.20058777773360528,0.97,0.16600845461812322,,0.09175,0.034579323115482063
10,PoolSize,20,201777,60,Our Eps-Fair,0.0,0.72225,0.20648430754967348,0.735,0.04518072515090121,,0.012750000000000039,0.16130358239877227
10,PoolSize,20,201777,60,Our Eps-Fair,0.05,0.758,0.18228660740382913,0.8205,0.08097420883911896,,0.0625,0.10131239856471017
10,PoolSize,20,201777,60,Our Eps-Fair,0.1,0.82975,0.18774707955127068,0.892,0.11545001826491554,,0.06225000000000003,0.07229706128635514
10,PoolSize,20,201777,60,Our Eps-Fair,0.15,0.87325,0.19713907164222466,0.97,0.16600845461812322,,0.09675,0.031130617024101442
10,PoolSize,20,201777,80,Our Eps-Fair,0.0,0.67625,0.2806883710370697,0.735,0.04518072515090121,,0.05874999999999997,0.23550764588616846
10,PoolSize,20,201777,80,Our Eps-Fair,0.05,0.85725,0.152286389875061,0.8205,0.08097420883911896,,-0.03674999999999995,0.07131218103594203
10,PoolSize,20,201777,80,Our Eps-Fair,0.1,0.89125,0.18717225353052944,0.892,0.11545001826491554,,0.0007500000000000284,0.0717222352656139
10,PoolSize,20,201777,80,Our Eps-Fair,0.15,0.89725,0.18117145992557518,0.97,0.16600845461812322,,0.07274999999999998,0.01516300530745196
10,PoolSize,20,201777,100,Our Eps-Fair,0.0,0.751,0.1462050856225736,0.735,0.04518072515090121,,-0.016000000000000014,0.10102436047167238
10,PoolSize,20,201777,100,Our Eps-Fair,0.05,0.8165,0.15525228211430964,0.8205,0.08097420883911896,,0.0040000000000000036,0.07427807327519068
10,PoolSize,20,201777,100,Our Eps-Fair,0.1,0.86025,0.17534693963276643,0.892,0.11545001826491554,,0.031750000000000056,0.059896921367850894
10,PoolSize,20,201777,100,Our Eps-Fair,0.15,0.895,0.17566498169382902,0.97,0.16600845461812322,,0.07499999999999996,0.0096565270757058
10,PoolSize,20,201777,120,Our Eps-Fair,0.0,0.7185,0.12561611273090867,0.735,0.04518072515090121,,0.01649999999999996,0.08043538758000746
10,PoolSize,20,201777,120,Our Eps-Fair,0.05,0.804,0.15527528515646194,0.8205,0.08097420883911896,,0.01649999999999996,0.07430107631734298
10,PoolSize,20,201777,120,Our Eps-Fair,0.1,0.87225,0.18441713916665478,0.892,0.11545001826491554,,0.019750000000000045,0.06896712090173925
10,PoolSize,20,201777,120,Our Eps-Fair,0.15,0.89125,0.17896816854028946,0.97,0.16600845461812322,,0.07874999999999999,0.012959713922166244
10,PoolSize,20,201777,140,Our Eps-Fair,0.0,0.73525,0.14671090251685787,0.735,0.04518072515090121,,-0.00024999999999997247,0.10153017736595665
10,PoolSize,20,201777,140,Our Eps-Fair,0.05,0.79225,0.19083173749728402,0.8205,0.08097420883911896,,0.028249999999999997,0.10985752865816506
10,PoolSize,20,201777,140,Our Eps-Fair,0.1,0.857,0.1878888483001877,0.892,0.11545001826491554,,0.03500000000000003,0.07243883003527217
10,PoolSize,20,201777,140,Our Eps-Fair,0.15,0.893,0.17245005651997475,0.97,0.16600845461812322,,0.07699999999999996,0.006441601901851529
10,PoolSize,20,201777,160,Our Eps-Fair,0.0,0.72825,0.1391926582290508,0.735,0.04518072515090121,,0.006750000000000034,0.09401193307814959
10,PoolSize,20,201777,160,Our Eps-Fair,0.05,0.80875,0.16674430193393075,0.8205,0.08097420883911896,,0.011750000000000038,0.08577009309481179
10,PoolSize,20,201777,160,Our Eps-Fair,0.1,0.874,0.17218177103921994,0.892,0.11545001826491554,,0.018000000000000016,0.05673175277430441
10,PoolSize,20,201777,160,Our Eps-Fair,0.15,0.89125,0.16866405582138239,0.97,0.16600845461812322,,0.07874999999999999,0.002655601203259167
10,PoolSize,20,201777,180,Our Eps-Fair,0.0,0.71525,0.13145238457786043,0.735,0.04518072515090121,,0.019749999999999934,0.08627165942695922
10,PoolSize,20,201777,180,Our Eps-Fair,0.05,0.7775,0.17817106312309802,0.8205,0.08097420883911896,,0.04300000000000004,0.09719685428397906
10,PoolSize,20,201777,180,Our Eps-Fair,0.1,0.8595,0.17614779554596094,0.892,0.11545001826491554,,0.03249999999999997,0.060697777281045404
10,PoolSize,20,201777,180,Our Eps-Fair,0.15,0.885,0.17413602948990003,0.97,0.16600845461812322,,0.08499999999999996,0.008127574871776816
10,PoolSize,20,201777,200,Our Eps-Fair,0.0,0.71775,0.13095806920465233,0.735,0.04518072515090121,,0.017249999999999988,0.08577734405375112
10,PoolSize,20,201777,200,Our Eps-Fair,0.05,0.79125,0.17918269691166655,0.8205,0.08097420883911896,,0.029249999999999998,0.09820848807254759
10,PoolSize,20,201777,200,Our Eps-Fair,0.1,0.84275,0.18117145992557518,0.892,0.11545001826491554,,0.049250000000000016,0.06572144166065964
10,PoolSize,20,201777,200,Our Eps-Fair,0.15,0.88525,0.18157376313017398,0.97,0.16600845461812322,,0.08474999999999999,0.015565308512050763
10,PoolSize,20,201777,220,Our Eps-Fair,0.0,0.71775,0.11047261000267285,0.735,0.04518072515090121,,0.017249999999999988,0.06529188485177163
10,PoolSize,20,201777,220,Our Eps-Fair,0.05,0.79375,0.1771594293345295,0.8205,0.08097420883911896,,0.02675000000000005,0.09618522049541053
10,PoolSize,20,201777,220,Our Eps-Fair,0.1,0.84575,0.17665361244024522,0.892,0.11545001826491554,,0.04625000000000001,0.06120359417532968
10,PoolSize,20,201777,220,Our Eps-Fair,0.15,0.88525,0.17858486784877298,0.97,0.16600845461812322,,0.08474999999999999,0.012576413230649758
10,PoolSize,20,201777,240,Our Eps-Fair,0.0,0.71175,0.13145238457786043,0.735,0.04518072515090121,,0.023249999999999993,0.08627165942695922
10,PoolSize,20,201777,240,Our Eps-Fair,0.05,0.80425,0.17918269691166655,0.8205,0.08097420883911896,,0.016249999999999987,0.09820848807254759
10,PoolSize,20,201777,240,Our Eps-Fair,0.1,0.841,0.1806656430312909,0.892,0.11545001826491554,,0.051000000000000045,0.06521562476637537
10,PoolSize,20,201777,240,Our Eps-Fair,0.15,0.88175,0.17712492477130104,0.97,0.16600845461812322,,0.08824999999999994,0.011116470153177821
10,PoolSize,20,201777,260,Our Eps-Fair,0.0,0.72575,0.16276677590611358,0.735,0.04518072515090121,,0.00924999999999998,0.11758605075521236
10,PoolSize,20,201777,260,Our Eps-Fair,0.05,0.8005,0.1811829614466513,0.8205,0.08097420883911896,,0.020000000000000018,0.10020875260753234
10,PoolSize,20,201777,260,Our Eps-Fair,0.1,0.84325,0.18166577529878328,0.892,0.11545001826491554,,0.04874999999999996,0.06621575703386774
10,PoolSize,20,201777,260,Our Eps-Fair,0.15,0.87825,0.18158526465125013,0.97,0.16600845461812322,,0.09175,0.015576810033126914
10,PoolSize,20,201777,280,Our Eps-Fair,0.0,0.732,0.16128382978648925,0.735,0.04518072515090121,,0.0030000000000000027,0.11610310463558804
10,PoolSize,20,201777,280,Our Eps-Fair,0.05,0.80675,0.1801943307002351,0.8205,0.08097420883911896,,0.01375000000000004,0.09922012186111615
10,PoolSize,20,201777,280,Our Eps-Fair,0.1,0.8505,0.18216009067199138,0.892,0.11545001826491554,,0.04149999999999998,0.06671007240707584
10,PoolSize,20,201777,280,Our Eps-Fair,0.15,0.88575,0.17761924014450914,0.97,0.16600845461812322,,0.08424999999999994,0.01161078552638592
10,PoolSize,20,201777,300,Our Eps-Fair,0.0,0.73275,0.13295833373963706,0.735,0.04518072515090121,,0.0022499999999999742,0.08777760858873584
10,PoolSize,20,201777,300,Our Eps-Fair,0.05,0.81675,0.1801943307002351,0.8205,0.08097420883911896,,0.003750000000000031,0.09922012186111615
10,PoolSize,20,201777,300,Our Eps-Fair,0.1,0.8495,0.17968851380595083,0.892,0.11545001826491554,,0.04249999999999998,0.06423849554103529
10,PoolSize,20,201777,300,Our Eps-Fair,0.15,0.88725,0.17663060939809289,0.97,0.16600845461812322,,0.08274999999999999,0.010622154779969667
10,TrainingSize,21,211777,100,Unfair,,0.6095,0.19199499687304566,0.98325,0.1959099437148218,,0.3737499999999999,-0.0039149468417761235
10,TrainingSize,21,211777,100,Our Eps-Fair,0.0,0.54,0.03687304565353344,0.756,0.03310819262038775,,0.21599999999999997,0.003764853033145693
10,TrainingSize,21,211777,100,Our Eps-Fair,0.05,0.57475,0.07953721075672293,0.79625,0.08095059412132583,,0.22150000000000003,-0.0014133833646028937
10,TrainingSize,21,211777,100,Our Eps-Fair,0.1,0.599,0.13339587242026266,0.898,0.14537836147592242,,0.29900000000000004,-0.011982489055659767
10,TrainingSize,21,211777,100,Our Eps-Fair,0.15,0.60775,0.18442776735459662,0.9685,0.1864415259537211,,0.36075,-0.0020137585991244766
10,TrainingSize,21,211777,200,Unfair,,0.7325,0.20311444652908067,0.98325,0.1959099437148218,,0.2507499999999999,0.007204502814258884
10,TrainingSize,21,211777,200,Our Eps-Fair,0.0,0.64875,0.038461538461538464,0.756,0.03310819262038775,,0.10724999999999996,0.005353345841150714
10,TrainingSize,21,211777,200,Our Eps-Fair,0.05,0.687,0.08996873045653533,0.79625,0.08095059412132583,,0.10924999999999996,0.009018136335209509
10,TrainingSize,21,211777,200,Our Eps-Fair,0.1,0.71675,0.14286429018136337,0.898,0.14537836147592242,,0.18125000000000002,-0.0025140712945590504
10,TrainingSize,21,211777,200,Our Eps-Fair,0.15,0.73375,0.18481550969355848,0.9685,0.1864415259537211,,0.23475000000000001,-0.0016260162601626216
10,TrainingSize,21,211777,300,Unfair,,0.78175,0.16023764853033146,0.98325,0.1959099437148218,,0.2015,-0.03567229518449033
10,TrainingSize,21,211777,300,Our Eps-Fair,0.0,0.67275,0.02671669793621012,0.756,0.03310819262038775,,0.08325000000000005,-0.006391494684177629
10,TrainingSize,21,211777,300,Our Eps-Fair,0.05,0.72075,0.08246404002501564,0.79625,0.08095059412132583,,0.07550000000000001,0.0015134459036898196
10,TrainingSize,21,211777,300,Our Eps-Fair,0.1,0.7575,0.13881175734834272,0.898,0.14537836147592242,,0.14050000000000007,-0.0065666041275797005
10,TrainingSize,21,211777,300,Our Eps-Fair,0.15,0.7795,0.16470293933708569,0.9685,0.1864415259537211,,0.18900000000000006,-0.021738586616635414
10,TrainingSize,21,211777,400,Unfair,,0.8195,0.1546091307066917,0.98325,0.1959099437148218,,0.16374999999999995,-0.0413008130081301
10,TrainingSize,21,211777,400,Our Eps-Fair,0.0,0.693,0.02404002501563479,0.756,0.03310819262038775,,0.06300000000000006,-0.009068167604752958
10,TrainingSize,21,211777,400,Our Eps-Fair,0.05,0.75025,0.0806629143214509,0.79625,0.08095059412132583,,0.04600000000000004,-0.0002876797998749292
10,TrainingSize,21,211777,400,Our Eps-Fair,0.1,0.7975,0.14051282051282052,0.898,0.14537836147592242,,0.10050000000000003,-0.004865540963101905
10,TrainingSize,21,211777,400,Our Eps-Fair,0.15,0.8195,0.1546091307066917,0.9685,0.1864415259537211,,0.14900000000000002,-0.03183239524702941
10,TrainingSize,21,211777,500,Unfair,,0.83225,0.17145716072545342,0.98325,0.1959099437148218,,0.1509999999999999,-0.02445278298936837
10,TrainingSize,21,211777,500,Our Eps-Fair,0.0,0.695,0.025590994371482184,0.756,0.03310819262038775,,0.061000000000000054,-0.0075171982489055655
10,TrainingSize,21,211777,500,Our Eps-Fair,0.05,0.7565,0.08836772983114445,0.79625,0.08095059412132583,,0.03975000000000006,0.007417135709818626
10,TrainingSize,21,211777,500,Our Eps-Fair,0.1,0.804,0.13475922451532207,0.898,0.14537836147592242,,0.09399999999999997,-0.01061913696060035
10,TrainingSize,21,211777,500,Our Eps-Fair,0.15,0.83,0.16340212632895562,0.9685,0.1864415259537211,,0.13850000000000007,-0.023039399624765478
10,TrainingSize,21,211777,600,Unfair,,0.84775,0.17644777986241403,0.98325,0.1959099437148218,,0.13549999999999995,-0.01946216385240776
10,TrainingSize,21,211777,600,Our Eps-Fair,0.0,0.702,0.026291432145090693,0.756,0.03310819262038775,,0.05400000000000005,-0.006816760475297057
10,TrainingSize,21,211777,600,Our Eps-Fair,0.05,0.763,0.07452157598499062,0.79625,0.08095059412132583,,0.03325,-0.006429018136335202
10,TrainingSize,21,211777,600,Our Eps-Fair,0.1,0.817,0.12939337085678548,0.898,0.14537836147592242,,0.08100000000000007,-0.01598499061913694
10,TrainingSize,21,211777,600,Our Eps-Fair,0.15,0.84775,0.17447154471544715,0.9685,0.1864415259537211,,0.12075000000000002,-0.011969981238273947
10,TrainingSize,21,211777,700,Unfair,,0.854,0.1728330206378987,0.98325,0.1959099437148218,,0.12924999999999998,-0.023076923076923078
10,TrainingSize,21,211777,700,Our Eps-Fair,0.0,0.70925,0.027754846779237008,0.756,0.03310819262038775,,0.04674999999999996,-0.005353345841150742
10,TrainingSize,21,211777,700,Our Eps-Fair,0.05,0.76925,0.07698561601000625,0.79625,0.08095059412132583,,0.027000000000000024,-0.0039649781113195726
10,TrainingSize,21,211777,700,Our Eps-Fair,0.1,0.8195,0.1381988742964353,0.898,0.14537836147592242,,0.07850000000000001,-0.007179487179487132
10,TrainingSize,21,211777,700,Our Eps-Fair,0.15,0.854,0.1728330206378987,0.9685,0.1864415259537211,,0.11450000000000005,-0.013608505315822389
10,TrainingSize,21,211777,800,Unfair,,0.85725,0.1832145090681676,0.98325,0.1959099437148218,,0.126,-0.01269543464665418
10,TrainingSize,21,211777,800,Our Eps-Fair,0.0,0.7185,0.02343964978111318,0.756,0.03310819262038775,,0.03749999999999998,-0.009668542839274569
10,TrainingSize,21,211777,800,Our Eps-Fair,0.05,0.78125,0.07639774859287055,0.79625,0.08095059412132583,,0.015000000000000013,-0.004552845528455279
10,TrainingSize,21,211777,800,Our Eps-Fair,0.1,0.8295,0.13180737961225764,0.898,0.14537836147592242,,0.0685,-0.013570981863664788
10,TrainingSize,21,211777,800,Our Eps-Fair,0.15,0.856,0.1777360850531582,0.9685,0.1864415259537211,,0.11250000000000004,-0.00870544090056291
10,TrainingSize,21,211777,900,Unfair,,0.865,0.17487179487179488,0.98325,0.1959099437148218,,0.11824999999999997,-0.021038148843026905
10,TrainingSize,21,211777,900,Our Eps-Fair,0.0,0.7185,0.027029393370856775,0.756,0.03310819262038775,,0.03749999999999998,-0.006078799249530975
10,TrainingSize,21,211777,900,Our Eps-Fair,0.05,0.78325,0.09229518449030644,0.79625,0.08095059412132583,,0.013000000000000012,0.011344590368980612
10,TrainingSize,21,211777,900,Our Eps-Fair,0.1,0.83125,0.13439649781113194,0.898,0.14537836147592242,,0.06674999999999998,-0.010981863664790481
10,TrainingSize,21,211777,900,Our Eps-Fair,0.15,0.86325,0.16747967479674797,0.9685,0.1864415259537211,,0.10525000000000007,-0.01896185115697313
10,TrainingSize,21,211777,1000,Unfair,,0.871,0.1820387742338962,0.98325,0.1959099437148218,,0.11224999999999996,-0.013871169480925594
10,TrainingSize,21,211777,1000,Our Eps-Fair,0.0,0.7295,0.038986866791744845,0.756,0.03310819262038775,,0.026499999999999968,0.005878674171357096
10,TrainingSize,21,211777,1000,Our Eps-Fair,0.05,0.78575,0.08345215759849905,0.79625,0.08095059412132583,,0.010500000000000065,0.00250156347717323
10,TrainingSize,21,211777,1000,Our Eps-Fair,0.1,0.83925,0.13304565353345843,0.898,0.14537836147592242,,0.05874999999999997,-0.012332707942463994
10,TrainingSize,21,211777,1000,Our Eps-Fair,0.15,0.86775,0.16940587867417134,0.9685,0.1864415259537211,,0.10075,-0.01703564727954976
10,TrainingSize,21,211777,1100,Unfair,,0.87725,0.1821388367729831,0.98325,0.1959099437148218,,0.10599999999999998,-0.013771106941838696
10,TrainingSize,21,211777,1100,Our Eps-Fair,0.0,0.7225,0.024290181363352092,0.756,0.03310819262038775,,0.033499999999999974,-0.008818011257035657
10,TrainingSize,21,211777,1100,Our Eps-Fair,0.05,0.791,0.07951219512195123,0.79625,0.08095059412132583,,0.005249999999999977,-0.0014383989993745905
10,TrainingSize,21,211777,1100,Our Eps-Fair,0.1,0.841,0.13080675422138838,0.898,0.14537836147592242,,0.05700000000000005,-0.014571607254534047
10,TrainingSize,21,211777,1100,Our Eps-Fair,0.15,0.87575,0.16586616635397122,0.9685,0.1864415259537211,,0.09275,-0.020575359599749876
10,TrainingSize,21,211777,1200,Unfair,,0.88175,0.18157598499061914,0.98325,0.1959099437148218,,0.10149999999999992,-0.01433395872420265
10,TrainingSize,21,211777,1200,Our Eps-Fair,0.0,0.72725,0.03507191994996875,0.756,0.03310819262038775,,0.028750000000000053,0.001963727329581
10,TrainingSize,21,211777,1200,Our Eps-Fair,0.05,0.79675,0.08601626016260164,0.79625,0.08095059412132583,,-0.0004999999999999449,0.0050656660412758125
10,TrainingSize,21,211777,1200,Our Eps-Fair,0.1,0.848,0.14330206378986865,0.898,0.14537836147592242,,0.050000000000000044,-0.002076297686053774
10,TrainingSize,21,211777,1200,Our Eps-Fair,0.15,0.87525,0.17099437148217633,0.9685,0.1864415259537211,,0.09325000000000006,-0.015447154471544766
10,TrainingSize,21,211777,1300,Unfair,,0.8895,0.18833020637898687,0.98325,0.1959099437148218,,0.09375,-0.0075797373358349185
10,TrainingSize,21,211777,1300,Our Eps-Fair,0.0,0.729,0.029430894308943106,0.756,0.03310819262038775,,0.027000000000000024,-0.0036772983114446434
10,TrainingSize,21,211777,1300,Our Eps-Fair,0.05,0.7945,0.07568480300187616,0.79625,0.08095059412132583,,0.0017500000000000293,-0.005265791119449664
10,TrainingSize,21,211777,1300,Our Eps-Fair,0.1,0.85425,0.13121951219512196,0.898,0.14537836147592242,,0.04375000000000007,-0.014158849280800467
10,TrainingSize,21,211777,1300,Our Eps-Fair,0.15,0.885,0.16440275171982488,0.9685,0.1864415259537211,,0.08350000000000002,-0.02203877423389622
10,TrainingSize,21,211777,1400,Unfair,,0.88675,0.18293933708567856,0.98325,0.1959099437148218,,0.09649999999999992,-0.012970606629143233
10,TrainingSize,21,211777,1400,Our Eps-Fair,0.0,0.7245,0.025578486554096308,0.756,0.03310819262038775,,0.03149999999999997,-0.007529706066291442
10,TrainingSize,21,211777,1400,Our Eps-Fair,0.05,0.7945,0.07724828017510943,0.79625,0.08095059412132583,,0.0017500000000000293,-0.0037023139462163956
10,TrainingSize,21,211777,1400,Our Eps-Fair,0.1,0.85675,0.12899312070043778,0.898,0.14537836147592242,,0.04125000000000001,-0.016385240775484644
10,TrainingSize,21,211777,1400,Our Eps-Fair,0.15,0.88325,0.16589118198874292,0.9685,0.1864415259537211,,0.08525000000000005,-0.02055034396497818
10,TrainingSize,21,211777,1500,Unfair,,0.89025,0.18198874296435272,0.98325,0.1959099437148218,,0.09299999999999997,-0.01392120075046907
10,TrainingSize,21,211777,1500,Our Eps-Fair,0.0,0.73025,0.03440900562851784,0.756,0.03310819262038775,,0.02575000000000005,0.0013008130081300917
10,TrainingSize,21,211777,1500,Our Eps-Fair,0.05,0.801,0.08317698561601,0.79625,0.08095059412132583,,-0.004750000000000032,0.0022263914946841767
10,TrainingSize,21,211777,1500,Our Eps-Fair,0.1,0.85825,0.12796747967479677,0.898,0.14537836147592242,,0.03975000000000006,-0.017410881801125655
10,TrainingSize,21,211777,1500,Our Eps-Fair,0.15,0.88825,0.16630393996247655,0.9685,0.1864415259537211,,0.08025000000000004,-0.020137585991244544
10,TrainingSize,21,211777,1600,Unfair,,0.892,0.18540337711069418,0.98325,0.1959099437148218,,0.09124999999999994,-0.010506566604127604
10,TrainingSize,21,211777,1600,Our Eps-Fair,0.0,0.7315,0.028330206378986866,0.756,0.03310819262038775,,0.024499999999999966,-0.004777986241400883
10,TrainingSize,21,211777,1600,Our Eps-Fair,0.05,0.7995,0.0851782363977486,0.79625,0.08095059412132583,,-0.003249999999999975,0.004227642276422777
10,TrainingSize,21,211777,1600,Our Eps-Fair,0.1,0.858,0.12989368355222014,0.898,0.14537836147592242,,0.040000000000000036,-0.015484677923702284
10,TrainingSize,21,211777,1600,Our Eps-Fair,0.15,0.889,0.1677923702313946,0.9685,0.1864415259537211,,0.07950000000000002,-0.018649155722326505
10,TrainingSize,21,211777,1700,Unfair,,0.89025,0.18293933708567856,0.98325,0.1959099437148218,,0.09299999999999997,-0.012970606629143233
10,TrainingSize,21,211777,1700,Our Eps-Fair,0.0,0.7345,0.031619762351469655,0.756,0.03310819262038775,,0.021499999999999964,-0.001488430268918095
10,TrainingSize,21,211777,1700,Our Eps-Fair,0.05,0.80475,0.08268918073796122,0.79625,0.08095059412132583,,-0.008499999999999952,0.0017385866166353958
10,TrainingSize,21,211777,1700,Our Eps-Fair,0.1,0.85775,0.12953095684803,0.898,0.14537836147592242,,0.04025000000000001,-0.015847404627892414
10,TrainingSize,21,211777,1700,Our Eps-Fair,0.15,0.8885,0.1712570356472795,0.9685,0.1864415259537211,,0.08000000000000007,-0.01518449030644159
10,TrainingSize,21,211777,1800,Unfair,,0.89625,0.19267041901188242,0.98325,0.1959099437148218,,0.08699999999999997,-0.003239524702939367
10,TrainingSize,21,211777,1800,Our Eps-Fair,0.0,0.72975,0.02561601000625391,0.756,0.03310819262038775,,0.026249999999999996,-0.007492182614133841
10,TrainingSize,21,211777,1800,Our Eps-Fair,0.05,0.796,0.07621013133208254,0.79625,0.08095059412132583,,0.00024999999999997247,-0.004740462789243283
10,TrainingSize,21,211777,1800,Our Eps-Fair,0.1,0.85525,0.13728580362726703,0.898,0.14537836147592242,,0.042750000000000066,-0.008092557848655396
10,TrainingSize,21,211777,1800,Our Eps-Fair,0.15,0.891,0.16874296435272046,0.9685,0.1864415259537211,,0.07750000000000001,-0.01769856160100064
10,TrainingSize,21,211777,1900,Unfair,,0.8985,0.18530331457160726,0.98325,0.1959099437148218,,0.08474999999999999,-0.01060662914321453
10,TrainingSize,21,211777,1900,Our Eps-Fair,0.0,0.7405,0.033621013133208255,0.756,0.03310819262038775,,0.015499999999999958,0.0005128205128205054
10,TrainingSize,21,211777,1900,Our Eps-Fair,0.05,0.80075,0.08156347717323328,0.79625,0.08095059412132583,,-0.0044999999999999485,0.0006128830519074591
10,TrainingSize,21,211777,1900,Our Eps-Fair,0.1,0.865,0.1311569731081926,0.898,0.14537836147592242,,0.03300000000000003,-0.01422138836772982
10,TrainingSize,21,211777,1900,Our Eps-Fair,0.15,0.8955,0.17048155096935586,0.9685,0.1864415259537211,,0.07300000000000006,-0.015959974984365244
10,TrainingSize,21,211777,2000,Unfair,,0.90575,0.18278924327704815,0.98325,0.1959099437148218,,0.0774999999999999,-0.013120700437773636
10,TrainingSize,21,211777,2000,Our Eps-Fair,0.0,0.73625,0.023927454659161962,0.756,0.03310819262038775,,0.019750000000000045,-0.009180737961225788
10,TrainingSize,21,211777,2000,Our Eps-Fair,0.05,0.80475,0.07540963101938711,0.79625,0.08095059412132583,,-0.008499999999999952,-0.005540963101938717
10,TrainingSize,21,211777,2000,Our Eps-Fair,0.1,0.87075,0.1342338961851157,0.898,0.14537836147592242,,0.027249999999999996,-0.011144465290806732
10,TrainingSize,21,211777,2000,Our Eps-Fair,0.15,0.89725,0.1719449656035022,0.9685,0.1864415259537211,,0.07125000000000004,-0.014496560350218901
10,PoolSize,21,211777,20,Our Eps-Fair,0.0,0.72625,0.14859287054409004,0.756,0.03310819262038775,,0.029750000000000054,0.11548467792370229
10,PoolSize,21,211777,20,Our Eps-Fair,0.05,0.7525,0.19846153846153847,0.79625,0.08095059412132583,,0.04375000000000007,0.11751094434021264
10,PoolSize,21,211777,20,Our Eps-Fair,0.1,0.77325,0.22974358974358974,0.898,0.14537836147592242,,0.12475000000000003,0.08436522826766732
10,PoolSize,21,211777,20,Our Eps-Fair,0.15,0.78125,0.23025641025641022,0.9685,0.1864415259537211,,0.18725000000000003,0.04381488430268912
10,PoolSize,21,211777,40,Our Eps-Fair,0.0,0.70325,0.06002501563477172,0.756,0.03310819262038775,,0.052749999999999964,0.026916823014383973
10,PoolSize,21,211777,40,Our Eps-Fair,0.05,0.748,0.05282051282051281,0.79625,0.08095059412132583,,0.048250000000000015,-0.028130081300813015
10,PoolSize,21,211777,40,Our Eps-Fair,0.1,0.83725,0.15299562226391494,0.898,0.14537836147592242,,0.06074999999999997,0.007617260787992519
10,PoolSize,21,211777,40,Our Eps-Fair,0.15,0.87875,0.1637648530331457,0.9685,0.1864415259537211,,0.08975,-0.022676672920575403
10,PoolSize,21,211777,60,Our Eps-Fair,0.0,0.749,0.05686053783614761,0.756,0.03310819262038775,,0.007000000000000006,0.023752345215759862
10,PoolSize,21,211777,60,Our Eps-Fair,0.05,0.7575,0.05978736710444027,0.79625,0.08095059412132583,,0.03875000000000006,-0.021163227016885555
10,PoolSize,21,211777,60,Our Eps-Fair,0.1,0.814,0.12626641651031895,0.898,0.14537836147592242,,0.08400000000000007,-0.019111944965603478
10,PoolSize,21,211777,60,Our Eps-Fair,0.15,0.859,0.15317073170731707,0.9685,0.1864415259537211,,0.10950000000000004,-0.03327079424640403
10,PoolSize,21,211777,80,Our Eps-Fair,0.0,0.651,0.13502188868042528,0.756,0.03310819262038775,,0.10499999999999998,0.10191369606003753
10,PoolSize,21,211777,80,Our Eps-Fair,0.05,0.7055,0.07350844277673549,0.79625,0.08095059412132583,,0.09075,-0.0074421513445903364
10,PoolSize,21,211777,80,Our Eps-Fair,0.1,0.7525,0.12467792370231395,0.898,0.14537836147592242,,0.14550000000000007,-0.02070043777360847
10,PoolSize,21,211777,80,Our Eps-Fair,0.15,0.803,0.14266416510318947,0.9685,0.1864415259537211,,0.16549999999999998,-0.04377736085053163
10,PoolSize,21,211777,100,Our Eps-Fair,0.0,0.68275,0.08427767354596621,0.756,0.03310819262038775,,0.07325000000000004,0.051169480925578464
10,PoolSize,21,211777,100,Our Eps-Fair,0.05,0.7355,0.03677298311444652,0.79625,0.08095059412132583,,0.06074999999999997,-0.04417761100687931
10,PoolSize,21,211777,100,Our Eps-Fair,0.1,0.78125,0.11938711694809256,0.898,0.14537836147592242,,0.11675000000000002,-0.02599124452782986
10,PoolSize,21,211777,100,Our Eps-Fair,0.15,0.8345,0.1459912445278299,0.9685,0.1864415259537211,,0.134,-0.04045028142589119
10,PoolSize,21,211777,120,Our Eps-Fair,0.0,0.699,0.053533458411507195,0.756,0.03310819262038775,,0.05700000000000005,0.020425265791119446
10,PoolSize,21,211777,120,Our Eps-Fair,0.05,0.74075,0.08719199499687304,0.79625,0.08095059412132583,,0.055499999999999994,0.006241400875547212
10,PoolSize,21,211777,120,Our Eps-Fair,0.1,0.80525,0.14645403377110694,0.898,0.14537836147592242,,0.09275,0.0010756722951845155
10,PoolSize,21,211777,120,Our Eps-Fair,0.15,0.833,0.1740087554721701,0.9685,0.1864415259537211,,0.13550000000000006,-0.012432770481551003
10,PoolSize,21,211777,140,Our Eps-Fair,0.0,0.70875,0.055709818636647895,0.756,0.03310819262038775,,0.047250000000000014,0.022601626016260146
10,PoolSize,21,211777,140,Our Eps-Fair,0.05,0.752,0.12133833646028769,0.79625,0.08095059412132583,,0.04425000000000001,0.04038774233896186
10,PoolSize,21,211777,140,Our Eps-Fair,0.1,0.7815,0.16292682926829266,0.898,0.14537836147592242,,0.11650000000000005,0.017548467792370237
10,PoolSize,21,211777,140,Our Eps-Fair,0.15,0.8395,0.2058661663539712,0.9685,0.1864415259537211,,0.129,0.019424640400250104
10,PoolSize,21,211777,160,Our Eps-Fair,0.0,0.7345,0.08521575984990619,0.756,0.03310819262038775,,0.021499999999999964,0.05210756722951844
10,PoolSize,21,211777,160,Our Eps-Fair,0.05,0.7705,0.1459412132582864,0.79625,0.08095059412132583,,0.02575000000000005,0.06499061913696058
10,PoolSize,21,211777,160,Our Eps-Fair,0.1,0.7955,0.18308943089430896,0.898,0.14537836147592242,,0.10250000000000004,0.037711069418386534
10,PoolSize,21,211777,160,Our Eps-Fair,0.15,0.846,0.19983739837398373,0.9685,0.1864415259537211,,0.12250000000000005,0.013395872420262633
10,PoolSize,21,211777,180,Our Eps-Fair,0.0,0.73225,0.08472795497185741,0.756,0.03310819262038775,,0.02375000000000005,0.05161976235146966
10,PoolSize,21,211777,180,Our Eps-Fair,0.05,0.766,0.14293933708567855,0.79625,0.08095059412132583,,0.03025,0.06198874296435272
10,PoolSize,21,211777,180,Our Eps-Fair,0.1,0.80525,0.18257661038148842,0.898,0.14537836147592242,,0.09275,0.037198248905566
10,PoolSize,21,211777,180,Our Eps-Fair,0.15,0.865,0.18831769856160097,0.9685,0.1864415259537211,,0.10350000000000004,0.0018761726078798668
10,PoolSize,21,211777,200,Our Eps-Fair,0.0,0.66925,0.1298061288305191,0.756,0.03310819262038775,,0.08675,0.09669793621013134
10,PoolSize,21,211777,200,Our Eps-Fair,0.05,0.7485,0.14342714196372733,0.79625,0.08095059412132583,,0.04774999999999996,0.0624765478424015
10,PoolSize,21,211777,200,Our Eps-Fair,0.1,0.778,0.17601000625390872,0.898,0.14537836147592242,,0.12,0.0306316447779863
10,PoolSize,21,211777,200,Our Eps-Fair,0.15,0.86725,0.18421513445903687,0.9685,0.1864415259537211,,0.10125000000000006,-0.0022263914946842323
10,PoolSize,21,211777,220,Our Eps-Fair,0.0,0.66525,0.1338586616635397,0.756,0.03310819262038775,,0.09075,0.10075046904315196
10,PoolSize,21,211777,220,Our Eps-Fair,0.05,0.7475,0.1384490306441526,0.79625,0.08095059412132583,,0.04874999999999996,0.05749843652282677
10,PoolSize,21,211777,220,Our Eps-Fair,0.1,0.79225,0.17095684803001876,0.898,0.14537836147592242,,0.10575000000000001,0.025578486554096336
10,PoolSize,21,211777,220,Our Eps-Fair,0.15,0.86575,0.1821888680425266,0.9685,0.1864415259537211,,0.10275000000000001,-0.004252657911194502
10,PoolSize,21,211777,240,Our Eps-Fair,0.0,0.679,0.1101188242651657,0.756,0.03310819262038775,,0.07699999999999996,0.07701063164477795
10,PoolSize,21,211777,240,Our Eps-Fair,0.05,0.75675,0.1324202626641651,0.79625,0.08095059412132583,,0.03949999999999998,0.05146966854283927
10,PoolSize,21,211777,240,Our Eps-Fair,0.1,0.8185,0.15897435897435896,0.898,0.14537836147592242,,0.07950000000000002,0.01359599749843654
10,PoolSize,21,211777,240,Our Eps-Fair,0.15,0.874,0.16378986866791745,0.9685,0.1864415259537211,,0.09450000000000003,-0.02265165728580365
10,PoolSize,21,211777,260,Our Eps-Fair,0.0,0.7205,0.08762976860537836,0.756,0.03310819262038775,,0.035499999999999976,0.054521575984990606
10,PoolSize,21,211777,260,Our Eps-Fair,0.05,0.7825,0.1379612257661038,0.79625,0.08095059412132583,,0.01375000000000004,0.05701063164477799
10,PoolSize,21,211777,260,Our Eps-Fair,0.1,0.85225,0.1740587867417136,0.898,0.14537836147592242,,0.04575000000000007,0.028680425265791176
10,PoolSize,21,211777,260,Our Eps-Fair,0.15,0.8855,0.1718949343339587,0.9685,0.1864415259537211,,0.08300000000000007,-0.014546591619762406
10,PoolSize,21,211777,280,Our Eps-Fair,0.0,0.74975,0.08524077548467791,0.756,0.03310819262038775,,0.006249999999999978,0.052132582864290164
10,PoolSize,21,211777,280,Our Eps-Fair,0.05,0.797,0.1389618511569731,0.79625,0.08095059412132583,,-0.0007500000000000284,0.05801125703564727
10,PoolSize,21,211777,280,Our Eps-Fair,0.1,0.8645,0.1725703564727955,0.898,0.14537836147592242,,0.033499999999999974,0.02719199499687308
10,PoolSize,21,211777,280,Our Eps-Fair,0.15,0.8875,0.16662914321450906,0.9685,0.1864415259537211,,0.08100000000000007,-0.019812382739212042
10,PoolSize,21,211777,300,Our Eps-Fair,0.0,0.7505,0.07061913696060036,0.756,0.03310819262038775,,0.00550000000000006,0.03751094434021261
10,PoolSize,21,211777,300,Our Eps-Fair,0.05,0.79975,0.1324202626641651,0.79625,0.08095059412132583,,-0.0034999999999999476,0.05146966854283927
10,PoolSize,21,211777,300,Our Eps-Fair,0.1,0.867,0.1627267041901188,0.898,0.14537836147592242,,0.031000000000000028,0.017348342714196385
10,PoolSize,21,211777,300,Our Eps-Fair,0.15,0.8895,0.17160725453408382,0.9685,0.1864415259537211,,0.07900000000000007,-0.01483427141963728
10,TrainingSize,22,221777,100,Unfair,,0.6085,0.17637928827444957,0.98475,0.17728334613415261,,0.37625,-0.0009040578597030446
10,TrainingSize,22,221777,100,Our Eps-Fair,0.0,0.5375,0.037282386072708645,0.752,0.03048995135688684,,0.21450000000000002,0.006792434715821805
10,TrainingSize,22,221777,100,Our Eps-Fair,0.05,0.56675,0.07621287762416795,0.807,0.052675371223758316,,0.24025000000000007,0.023537506400409636
10,TrainingSize,22,221777,100,Our Eps-Fair,0.1,0.58975,0.12041570660522273,0.893,0.10687884024577574,,0.30325,0.013536866359446995
10,TrainingSize,22,221777,100,Our Eps-Fair,0.15,0.60575,0.17234703020993342,0.97325,0.16531458013312852,,0.36749999999999994,0.007032450076804891
10,TrainingSize,22,221777,200,Unfair,,0.6925,0.23553507424475165,0.98475,0.17728334613415261,,0.29225,0.05825172811059903
10,TrainingSize,22,221777,200,Our Eps-Fair,0.0,0.60375,0.018113159242191507,0.752,0.03048995135688684,,0.14825,-0.012376792114695334
10,TrainingSize,22,221777,200,Our Eps-Fair,0.05,0.63775,0.07358870967741934,0.807,0.052675371223758316,,0.16925,0.02091333845366103
10,TrainingSize,22,221777,200,Our Eps-Fair,0.1,0.667,0.11758352534562214,0.893,0.10687884024577574,,0.22599999999999998,0.0107046850998464
10,TrainingSize,22,221777,200,Our Eps-Fair,0.15,0.685,0.16913882488479265,0.97325,0.16531458013312852,,0.2882499999999999,0.0038242447516641243
10,TrainingSize,22,221777,300,Unfair,,0.74075,0.24886392729134663,0.98475,0.17728334613415261,,0.244,0.07158058115719401
10,TrainingSize,22,221777,300,Our Eps-Fair,0.0,0.63575,0.03782642089093702,0.752,0.03048995135688684,,0.11624999999999996,0.007336469534050177
10,TrainingSize,22,221777,300,Our Eps-Fair,0.05,0.67725,0.07580485151049665,0.807,0.052675371223758316,,0.12975000000000003,0.023129480286738335
10,TrainingSize,22,221777,300,Our Eps-Fair,0.1,0.72125,0.12886424731182794,0.893,0.10687884024577574,,0.17175000000000007,0.021985407066052204
10,TrainingSize,22,221777,300,Our Eps-Fair,0.15,0.738,0.16731470814132104,0.97325,0.16531458013312852,,0.23524999999999996,0.00200012800819252
10,TrainingSize,22,221777,400,Unfair,,0.784,0.225430427547363,0.98475,0.17728334613415261,,0.20074999999999998,0.04814708141321039
10,TrainingSize,22,221777,400,Our Eps-Fair,0.0,0.66675,0.020169290834613413,0.752,0.03048995135688684,,0.08525000000000005,-0.010320660522273428
10,TrainingSize,22,221777,400,Our Eps-Fair,0.05,0.71475,0.06360407066052226,0.807,0.052675371223758316,,0.09225000000000005,0.010928699436763945
10,TrainingSize,22,221777,400,Our Eps-Fair,0.1,0.75975,0.12460797491039427,0.893,0.10687884024577574,,0.13324999999999998,0.017729134664618534
10,TrainingSize,22,221777,400,Our Eps-Fair,0.15,0.78425,0.16800275217613928,0.97325,0.16531458013312852,,0.18899999999999995,0.0026881720430107503
10,TrainingSize,22,221777,500,Unfair,,0.792,0.22430235535074244,0.98475,0.17728334613415261,,0.19274999999999998,0.04701900921658983
10,TrainingSize,22,221777,500,Our Eps-Fair,0.0,0.67925,0.0355062724014337,0.752,0.03048995135688684,,0.07274999999999998,0.0050163210445468565
10,TrainingSize,22,221777,500,Our Eps-Fair,0.05,0.724,0.08051715309779825,0.807,0.052675371223758316,,0.08300000000000007,0.027841781874039934
10,TrainingSize,22,221777,500,Our Eps-Fair,0.1,0.773,0.1230718766001024,0.893,0.10687884024577574,,0.12,0.01619303635432666
10,TrainingSize,22,221777,500,Our Eps-Fair,0.15,0.79075,0.17567524321556582,0.97325,0.16531458013312852,,0.1825,0.0103606630824373
10,TrainingSize,22,221777,600,Unfair,,0.818,0.224422363031234,0.98475,0.17728334613415261,,0.16675000000000006,0.04713901689708139
10,TrainingSize,22,221777,600,Our Eps-Fair,0.0,0.687,0.018113159242191507,0.752,0.03048995135688684,,0.06499999999999995,-0.012376792114695334
10,TrainingSize,22,221777,600,Our Eps-Fair,0.05,0.74175,0.08274129544290834,0.807,0.052675371223758316,,0.06525000000000003,0.030065924219150025
10,TrainingSize,22,221777,600,Our Eps-Fair,0.1,0.78525,0.13031233998975936,0.893,0.10687884024577574,,0.10775000000000001,0.02343349974398362
10,TrainingSize,22,221777,600,Our Eps-Fair,0.15,0.814,0.17885944700460826,0.97325,0.16531458013312852,,0.15925,0.013544866871479738
10,TrainingSize,22,221777,700,Unfair,,0.82925,0.22779057859703022,0.98475,0.17728334613415261,,0.15549999999999997,0.05050723246287761
10,TrainingSize,22,221777,700,Our Eps-Fair,0.0,0.704,0.024505568356374824,0.752,0.03048995135688684,,0.04800000000000004,-0.005984383000512017
10,TrainingSize,22,221777,700,Our Eps-Fair,0.05,0.75225,0.07259664618535586,0.807,0.052675371223758316,,0.054750000000000076,0.01992127496159754
10,TrainingSize,22,221777,700,Our Eps-Fair,0.1,0.793,0.1172155017921147,0.893,0.10687884024577574,,0.09999999999999998,0.010336661546338971
10,TrainingSize,22,221777,700,Our Eps-Fair,0.15,0.8285,0.17525121607782898,0.97325,0.16531458013312852,,0.14474999999999993,0.009936635944700456
10,TrainingSize,22,221777,800,Unfair,,0.83575,0.22138216845878136,0.98475,0.17728334613415261,,0.14900000000000002,0.04409882232462875
10,TrainingSize,22,221777,800,Our Eps-Fair,0.0,0.7025,0.01612903225806453,0.752,0.03048995135688684,,0.04949999999999999,-0.014360919098822311
10,TrainingSize,22,221777,800,Our Eps-Fair,0.05,0.76275,0.0781810035842294,0.807,0.052675371223758316,,0.04425000000000001,0.025505632360471084
10,TrainingSize,22,221777,800,Our Eps-Fair,0.1,0.8045,0.1297603046594982,0.893,0.10687884024577574,,0.08850000000000002,0.022881464413722463
10,TrainingSize,22,221777,800,Our Eps-Fair,0.15,0.83175,0.17033090117767535,0.97325,0.16531458013312852,,0.14149999999999996,0.005016321044546829
10,TrainingSize,22,221777,900,Unfair,,0.84525,0.2079093061955965,0.98475,0.17728334613415261,,0.13950000000000007,0.030625960061443885
10,TrainingSize,22,221777,900,Our Eps-Fair,0.0,0.70225,0.024985599078341025,0.752,0.03048995135688684,,0.04974999999999996,-0.0055043522785458154
10,TrainingSize,22,221777,900,Our Eps-Fair,0.05,0.75925,0.061179915514592925,0.807,0.052675371223758316,,0.04775000000000007,0.00850454429083461
10,TrainingSize,22,221777,900,Our Eps-Fair,0.1,0.8105,0.12224782386072708,0.893,0.10687884024577574,,0.08250000000000002,0.015368983614951343
10,TrainingSize,22,221777,900,Our Eps-Fair,0.15,0.841,0.17685931899641577,0.97325,0.16531458013312852,,0.13224999999999998,0.011544738863287246
10,TrainingSize,22,221777,1000,Unfair,,0.84875,0.20234094982078854,0.98475,0.17728334613415261,,0.136,0.025057603686635926
10,TrainingSize,22,221777,1000,Our Eps-Fair,0.0,0.7005,0.025521633384536585,0.752,0.03048995135688684,,0.05149999999999999,-0.004968317972350256
10,TrainingSize,22,221777,1000,Our Eps-Fair,0.05,0.76275,0.06012384792626728,0.807,0.052675371223758316,,0.04425000000000001,0.007448476702508963
10,TrainingSize,22,221777,1000,Our Eps-Fair,0.1,0.809,0.11925563236047106,0.893,0.10687884024577574,,0.08399999999999996,0.01237679211469532
10,TrainingSize,22,221777,1000,Our Eps-Fair,0.15,0.842,0.16110631080389143,0.97325,0.16531458013312852,,0.13124999999999998,-0.0042082693292370965
10,TrainingSize,22,221777,1100,Unfair,,0.8615,0.19589253712237586,0.98475,0.17728334613415261,,0.12324999999999997,0.01860919098822325
10,TrainingSize,22,221777,1100,Our Eps-Fair,0.0,0.7085,0.016097030209933416,0.752,0.03048995135688684,,0.04349999999999998,-0.014392921146953425
10,TrainingSize,22,221777,1100,Our Eps-Fair,0.05,0.76575,0.06759632616487457,0.807,0.052675371223758316,,0.04125000000000001,0.014920954941116255
10,TrainingSize,22,221777,1100,Our Eps-Fair,0.1,0.8185,0.11416730670762928,0.893,0.10687884024577574,,0.07450000000000001,0.007288466461853549
10,TrainingSize,22,221777,1100,Our Eps-Fair,0.15,0.856,0.16585061443932414,0.97325,0.16531458013312852,,0.11724999999999997,0.0005360343061956152
10,TrainingSize,22,221777,1200,Unfair,,0.87325,0.19435643881208398,0.98475,0.17728334613415261,,0.11150000000000004,0.017073092677931362
10,TrainingSize,22,221777,1200,Our Eps-Fair,0.0,0.71925,0.01913722478238608,0.752,0.03048995135688684,,0.03275000000000006,-0.01135272657450076
10,TrainingSize,22,221777,1200,Our Eps-Fair,0.05,0.78525,0.07459677419354838,0.807,0.052675371223758316,,0.021750000000000047,0.02192140296979006
10,TrainingSize,22,221777,1200,Our Eps-Fair,0.1,0.8275,0.11470334101382489,0.893,0.10687884024577574,,0.0655,0.00782450076804915
10,TrainingSize,22,221777,1200,Our Eps-Fair,0.15,0.87,0.17533122119815664,0.97325,0.16531458013312852,,0.10324999999999995,0.010016641065028115
10,TrainingSize,22,221777,1300,Unfair,,0.87775,0.18880408346134153,0.98475,0.17728334613415261,,0.10699999999999998,0.011520737327188918
10,TrainingSize,22,221777,1300,Our Eps-Fair,0.0,0.7165,0.01891321044546851,0.752,0.03048995135688684,,0.035499999999999976,-0.011576740911418332
10,TrainingSize,22,221777,1300,Our Eps-Fair,0.05,0.782,0.07051651305683564,0.807,0.052675371223758316,,0.025000000000000022,0.01784114183307732
10,TrainingSize,22,221777,1300,Our Eps-Fair,0.1,0.841,0.12267985151049667,0.893,0.10687884024577574,,0.052000000000000046,0.01580101126472093
10,TrainingSize,22,221777,1300,Our Eps-Fair,0.15,0.87475,0.16541058627752175,0.97325,0.16531458013312852,,0.09849999999999992,9.600614439322919e-05
10,TrainingSize,22,221777,1400,Unfair,,0.87475,0.19325236815156172,0.98475,0.17728334613415261,,0.10999999999999999,0.0159690220174091
10,TrainingSize,22,221777,1400,Our Eps-Fair,0.0,0.72325,0.029361879160266252,0.752,0.03048995135688684,,0.028750000000000053,-0.0011280721966205887
10,TrainingSize,22,221777,1400,Our Eps-Fair,0.05,0.7825,0.07796498975934461,0.807,0.052675371223758316,,0.024500000000000077,0.025289618535586297
10,TrainingSize,22,221777,1400,Our Eps-Fair,0.1,0.83275,0.12014368919610856,0.893,0.10687884024577574,,0.060250000000000026,0.013264848950332822
10,TrainingSize,22,221777,1400,Our Eps-Fair,0.15,0.873,0.16421850998463902,0.97325,0.16531458013312852,,0.10024999999999995,-0.001096070148489503
10,TrainingSize,22,221777,1500,Unfair,,0.87925,0.2038130440348182,0.98475,0.17728334613415261,,0.10550000000000004,0.02652969790066559
10,TrainingSize,22,221777,1500,Our Eps-Fair,0.0,0.7285,0.022865463389656948,0.752,0.03048995135688684,,0.023499999999999965,-0.007624487967229893
10,TrainingSize,22,221777,1500,Our Eps-Fair,0.05,0.7885,0.07451676907322068,0.807,0.052675371223758316,,0.018500000000000072,0.02184139784946236
10,TrainingSize,22,221777,1500,Our Eps-Fair,0.1,0.84025,0.12710413466461856,0.893,0.10687884024577574,,0.052749999999999964,0.020225294418842826
10,TrainingSize,22,221777,1500,Our Eps-Fair,0.15,0.87725,0.1797475038402458,0.97325,0.16531458013312852,,0.09599999999999997,0.014432923707117268
10,TrainingSize,22,221777,1600,Unfair,,0.882,0.1942444316436252,0.98475,0.17728334613415261,,0.10275000000000001,0.01696108550947259
10,TrainingSize,22,221777,1600,Our Eps-Fair,0.0,0.7295,0.0306339605734767,0.752,0.03048995135688684,,0.022499999999999964,0.00014400921658985766
10,TrainingSize,22,221777,1600,Our Eps-Fair,0.05,0.79175,0.07221262160778291,0.807,0.052675371223758316,,0.015250000000000097,0.019537250384024596
10,TrainingSize,22,221777,1600,Our Eps-Fair,0.1,0.842,0.12356790834613417,0.893,0.10687884024577574,,0.051000000000000045,0.01668906810035843
10,TrainingSize,22,221777,1600,Our Eps-Fair,0.15,0.877,0.16569060419866874,0.97325,0.16531458013312852,,0.09624999999999995,0.0003760240655402147
10,TrainingSize,22,221777,1700,Unfair,,0.8845,0.20023681515617,0.98475,0.17728334613415261,,0.10025000000000006,0.022953469022017392
10,TrainingSize,22,221777,1700,Our Eps-Fair,0.0,0.73625,0.02462557603686638,0.752,0.03048995135688684,,0.015750000000000042,-0.00586437532002046
10,TrainingSize,22,221777,1700,Our Eps-Fair,0.05,0.79575,0.0694844470046083,0.807,0.052675371223758316,,0.011250000000000093,0.01680907578084999
10,TrainingSize,22,221777,1700,Our Eps-Fair,0.1,0.846,0.12159178187403993,0.893,0.10687884024577574,,0.04700000000000004,0.014712941628264198
10,TrainingSize,22,221777,1700,Our Eps-Fair,0.15,0.88,0.1671947004608295,0.97325,0.16531458013312852,,0.09324999999999994,0.0018801203277009626
10,TrainingSize,22,221777,1800,Unfair,,0.88675,0.1987887224782386,0.98475,0.17728334613415261,,0.09799999999999998,0.021505376344085975
10,TrainingSize,22,221777,1800,Our Eps-Fair,0.0,0.73775,0.029817908346134153,0.752,0.03048995135688684,,0.014249999999999985,-0.0006720430107526876
10,TrainingSize,22,221777,1800,Our Eps-Fair,0.05,0.79375,0.08139720942140297,0.807,0.052675371223758316,,0.013250000000000095,0.02872183819764465
10,TrainingSize,22,221777,1800,Our Eps-Fair,0.1,0.8485,0.14004096262160776,0.893,0.10687884024577574,,0.044499999999999984,0.03316212237583202
10,TrainingSize,22,221777,1800,Our Eps-Fair,0.15,0.88475,0.17669130824372759,0.97325,0.16531458013312852,,0.08849999999999991,0.01137672811059906
10,TrainingSize,22,221777,1900,Unfair,,0.888,0.19275633640552997,0.98475,0.17728334613415261,,0.09675,0.015472990271377357
10,TrainingSize,22,221777,1900,Our Eps-Fair,0.0,0.7375,0.031810035842293916,0.752,0.03048995135688684,,0.014499999999999957,0.0013200844854070748
10,TrainingSize,22,221777,1900,Our Eps-Fair,0.05,0.80125,0.08243727598566308,0.807,0.052675371223758316,,0.005750000000000033,0.029761904761904767
10,TrainingSize,22,221777,1900,Our Eps-Fair,0.1,0.84975,0.12800819252432155,0.893,0.10687884024577574,,0.04325000000000001,0.021129352278545815
10,TrainingSize,22,221777,1900,Our Eps-Fair,0.15,0.8875,0.17269905273937536,0.97325,0.16531458013312852,,0.08574999999999999,0.0073844726062468335
10,TrainingSize,22,221777,2000,Unfair,,0.892,0.18423579109062982,0.98475,0.17728334613415261,,0.09275,0.006952444956477205
10,TrainingSize,22,221777,2000,Our Eps-Fair,0.0,0.733,0.02732174859190989,0.752,0.03048995135688684,,0.019000000000000017,-0.0031682027649769517
10,TrainingSize,22,221777,2000,Our Eps-Fair,0.05,0.80475,0.08546146953405018,0.807,0.052675371223758316,,0.0022500000000000853,0.03278609831029186
10,TrainingSize,22,221777,2000,Our Eps-Fair,0.1,0.85225,0.12654409882232465,0.893,0.10687884024577574,,0.040750000000000064,0.01966525857654891
10,TrainingSize,22,221777,2000,Our Eps-Fair,0.15,0.88925,0.1601782514080901,0.97325,0.16531458013312852,,0.08399999999999996,-0.005136328725038414
10,PoolSize,22,221777,20,Our Eps-Fair,0.0,0.57825,0.15840213773681514,0.752,0.03048995135688684,,0.17374999999999996,0.1279121863799283
10,PoolSize,22,221777,20,Our Eps-Fair,0.05,0.639,0.2859703020993344,0.807,0.052675371223758316,,0.16800000000000004,0.23329493087557607
10,PoolSize,22,221777,20,Our Eps-Fair,0.1,0.64375,0.2763936891961086,0.893,0.10687884024577574,,0.24924999999999997,0.1695148489503329
10,PoolSize,22,221777,20,Our Eps-Fair,0.15,0.79225,0.22839061699948798,0.97325,0.16531458013312852,,0.18099999999999994,0.06307603686635946
10,PoolSize,22,221777,40,Our Eps-Fair,0.0,0.75125,0.10938300051203279,0.752,0.03048995135688684,,0.0007500000000000284,0.07889304915514594
10,PoolSize,22,221777,40,Our Eps-Fair,0.05,0.78075,0.11039106502816182,0.807,0.052675371223758316,,0.026249999999999996,0.0577156938044035
10,PoolSize,22,221777,40,Our Eps-Fair,0.1,0.82275,0.17605926779313877,0.893,0.10687884024577574,,0.07025000000000003,0.06918042754736303
10,PoolSize,22,221777,40,Our Eps-Fair,0.15,0.84425,0.20418906810035842,0.97325,0.16531458013312852,,0.129,0.03887448796722989
10,PoolSize,22,221777,60,Our Eps-Fair,0.0,0.71225,0.08273329493087557,0.752,0.03048995135688684,,0.03974999999999995,0.05224334357398873
10,PoolSize,22,221777,60,Our Eps-Fair,0.05,0.774,0.11038306451612903,0.807,0.052675371223758316,,0.03300000000000003,0.057707693292370715
10,PoolSize,22,221777,60,Our Eps-Fair,0.1,0.818,0.2056691628264209,0.893,0.10687884024577574,,0.07500000000000007,0.09879032258064516
10,PoolSize,22,221777,60,Our Eps-Fair,0.15,0.84575,0.2514320916538658,0.97325,0.16531458013312852,,0.12749999999999995,0.0861175115207373
10,PoolSize,22,221777,80,Our Eps-Fair,0.0,0.701,0.07667690732206862,0.752,0.03048995135688684,,0.051000000000000045,0.046186955965181783
10,PoolSize,22,221777,80,Our Eps-Fair,0.05,0.75125,0.11038306451612903,0.807,0.052675371223758316,,0.05575000000000008,0.057707693292370715
10,PoolSize,22,221777,80,Our Eps-Fair,0.1,0.8135,0.17258704557091653,0.893,0.10687884024577574,,0.07950000000000002,0.0657082053251408
10,PoolSize,22,221777,80,Our Eps-Fair,0.15,0.84525,0.21624583973374295,0.97325,0.16531458013312852,,0.128,0.050931259600614426
10,PoolSize,22,221777,100,Our Eps-Fair,0.0,0.691,0.07913306451612906,0.752,0.03048995135688684,,0.061000000000000054,0.04864311315924222
10,PoolSize,22,221777,100,Our Eps-Fair,0.05,0.79275,0.0973102278545827,0.807,0.052675371223758316,,0.014250000000000096,0.04463485663082438
10,PoolSize,22,221777,100,Our Eps-Fair,0.1,0.80725,0.11828757040450588,0.893,0.10687884024577574,,0.08574999999999999,0.011408730158730146
10,PoolSize,22,221777,100,Our Eps-Fair,0.15,0.8455,0.17813140040962622,0.97325,0.16531458013312852,,0.12774999999999992,0.012816820276497692
10,PoolSize,22,221777,120,Our Eps-Fair,0.0,0.69325,0.04917114695340502,0.752,0.03048995135688684,,0.05874999999999997,0.01868119559651818
10,PoolSize,22,221777,120,Our Eps-Fair,0.05,0.791,0.07827700972862264,0.807,0.052675371223758316,,0.016000000000000014,0.025601638504864327
10,PoolSize,22,221777,120,Our Eps-Fair,0.1,0.818,0.10989503328213007,0.893,0.10687884024577574,,0.07500000000000007,0.0030161930363543366
10,PoolSize,22,221777,120,Our Eps-Fair,0.15,0.857,0.16458653353814645,0.97325,0.16531458013312852,,0.11624999999999996,-0.0007280465949820736
10,PoolSize,22,221777,140,Our Eps-Fair,0.0,0.76625,0.08378936251920122,0.752,0.03048995135688684,,-0.014249999999999985,0.053299411162314375
10,PoolSize,22,221777,140,Our Eps-Fair,0.05,0.8175,0.10890296979006657,0.807,0.052675371223758316,,-0.010499999999999954,0.056227598566308254
10,PoolSize,22,221777,140,Our Eps-Fair,0.1,0.8545,0.1620823732718894,0.893,0.10687884024577574,,0.03849999999999998,0.055203533026113666
10,PoolSize,22,221777,140,Our Eps-Fair,0.15,0.8855,0.18332373271889402,0.97325,0.16531458013312852,,0.08775,0.018009152585765492
10,PoolSize,22,221777,160,Our Eps-Fair,0.0,0.76025,0.0577396953405018,0.752,0.03048995135688684,,-0.00824999999999998,0.02724974398361496
10,PoolSize,22,221777,160,Our Eps-Fair,0.05,0.81275,0.10242255504352277,0.807,0.052675371223758316,,-0.005749999999999922,0.04974718381976445
10,PoolSize,22,221777,160,Our Eps-Fair,0.1,0.84875,0.12601606502816182,0.893,0.10687884024577574,,0.04425000000000001,0.01913722478238608
10,PoolSize,22,221777,160,Our Eps-Fair,0.15,0.87125,0.16861879160266258,0.97325,0.16531458013312852,,0.10199999999999998,0.003304211469534052
10,PoolSize,22,221777,180,Our Eps-Fair,0.0,0.743,0.06073188684075781,0.752,0.03048995135688684,,0.009000000000000008,0.03024193548387097
10,PoolSize,22,221777,180,Our Eps-Fair,0.05,0.81,0.1079029057859703,0.807,0.052675371223758316,,-0.0030000000000000027,0.05522753456221198
10,PoolSize,22,221777,180,Our Eps-Fair,0.1,0.84975,0.154057859703021,0.893,0.10687884024577574,,0.04325000000000001,0.04717901945724526
10,PoolSize,22,221777,180,Our Eps-Fair,0.15,0.86825,0.17940348182283666,0.97325,0.16531458013312852,,0.10499999999999998,0.014088901689708139
10,PoolSize,22,221777,200,Our Eps-Fair,0.0,0.753,0.06723630312339991,0.752,0.03048995135688684,,-0.0010000000000000009,0.03674635176651307
10,PoolSize,22,221777,200,Our Eps-Fair,0.05,0.8015,0.1073988735279058,0.807,0.052675371223758316,,0.00550000000000006,0.05472350230414748
10,PoolSize,22,221777,200,Our Eps-Fair,0.1,0.8455,0.14952156938044037,0.893,0.10687884024577574,,0.04749999999999999,0.04264272913466463
10,PoolSize,22,221777,200,Our Eps-Fair,0.15,0.8775,0.18066756272401435,0.97325,0.16531458013312852,,0.09575,0.015352982590885828
10,PoolSize,22,221777,220,Our Eps-Fair,0.0,0.753,0.06871639784946236,0.752,0.03048995135688684,,-0.0010000000000000009,0.03822644649257552
10,PoolSize,22,221777,220,Our Eps-Fair,0.05,0.79975,0.09986239119303635,0.807,0.052675371223758316,,0.00725000000000009,0.04718701996927803
10,PoolSize,22,221777,220,Our Eps-Fair,0.1,0.845,0.11747151817716332,0.893,0.10687884024577574,,0.04800000000000004,0.010592677931387587
10,PoolSize,22,221777,220,Our Eps-Fair,0.15,0.87175,0.1783954173067076,0.97325,0.16531458013312852,,0.10149999999999992,0.01308083717357908
10,PoolSize,22,221777,240,Our Eps-Fair,0.0,0.762,0.0868215565796211,0.752,0.03048995135688684,,-0.010000000000000009,0.056331605222734255
10,PoolSize,22,221777,240,Our Eps-Fair,0.05,0.8115,0.1079029057859703,0.807,0.052675371223758316,,-0.0044999999999999485,0.05522753456221198
10,PoolSize,22,221777,240,Our Eps-Fair,0.1,0.8505,0.14704141065028162,0.893,0.10687884024577574,,0.04249999999999998,0.04016257040450588
10,PoolSize,22,221777,240,Our Eps-Fair,0.15,0.87875,0.17887544802867383,0.97325,0.16531458013312852,,0.09449999999999992,0.013560867895545309
10,PoolSize,22,221777,260,Our Eps-Fair,0.0,0.75475,0.08077316948284691,0.752,0.03048995135688684,,-0.00275000000000003,0.050283218125960066
10,PoolSize,22,221777,260,Our Eps-Fair,0.05,0.80525,0.10789490527393754,0.807,0.052675371223758316,,0.0017500000000000293,0.05521953405017922
10,PoolSize,22,221777,260,Our Eps-Fair,0.1,0.8495,0.14704141065028162,0.893,0.10687884024577574,,0.04349999999999998,0.04016257040450588
10,PoolSize,22,221777,260,Our Eps-Fair,0.15,0.8735,0.18337973630312338,0.97325,0.16531458013312852,,0.0997499999999999,0.01806515616999485
10,PoolSize,22,221777,280,Our Eps-Fair,0.0,0.75125,0.06820436507936507,0.752,0.03048995135688684,,0.0007500000000000284,0.03771441372247823
10,PoolSize,22,221777,280,Our Eps-Fair,0.05,0.80375,0.10436667946748591,0.807,0.052675371223758316,,0.003250000000000086,0.0516913082437276
10,PoolSize,22,221777,280,Our Eps-Fair,0.1,0.846,0.11847958269329235,0.893,0.10687884024577574,,0.04700000000000004,0.011600742447516618
10,PoolSize,22,221777,280,Our Eps-Fair,0.15,0.87875,0.18237167178699434,0.97325,0.16531458013312852,,0.09449999999999992,0.01705709165386582
10,PoolSize,22,221777,300,Our Eps-Fair,0.0,0.755,0.06722830261136713,0.752,0.03048995135688684,,-0.0030000000000000027,0.036738351254480286
10,PoolSize,22,221777,300,Our Eps-Fair,0.05,0.80225,0.10287858422939068,0.807,0.052675371223758316,,0.004750000000000032,0.050203213005632366
10,PoolSize,22,221777,300,Our Eps-Fair,0.1,0.84425,0.11897561443932411,0.893,0.10687884024577574,,0.04875000000000007,0.012096774193548376
10,PoolSize,22,221777,300,Our Eps-Fair,0.15,0.873,0.1701308883768561,0.97325,0.16531458013312852,,0.10024999999999995,0.004816308243727585
10,TrainingSize,23,231777,100,Unfair,,0.64575,0.2614417026608576,0.98375,0.17411163286750264,,0.33799999999999997,0.08733006979335495
10,TrainingSize,23,231777,100,Our Eps-Fair,0.0,0.5655,0.019059483478672617,0.72575,0.04831009179862453,,0.16025,-0.02925060831995191
10,TrainingSize,23,231777,100,Our Eps-Fair,0.05,0.6005,0.06505929697638796,0.82525,0.06201725971143146,,0.22475,0.0030420372649564986
10,TrainingSize,23,231777,100,Our Eps-Fair,0.1,0.628,0.12014047172077859,0.90325,0.12011447140227466,,0.27525,2.600031850392981e-05
10,TrainingSize,23,231777,100,Our Eps-Fair,0.15,0.6435,0.1736008766107385,0.97025,0.16409401015162436,,0.32675,0.009506866459114138
10,TrainingSize,23,231777,200,Unfair,,0.736,0.20131846615121035,0.98375,0.17411163286750264,,0.24775000000000003,0.02720683328370771
10,TrainingSize,23,231777,200,Our Eps-Fair,0.0,0.6345,0.028557849833660442,0.72575,0.04831009179862453,,0.09125000000000005,-0.019752241964964085
10,TrainingSize,23,231777,200,Our Eps-Fair,0.05,0.68025,0.06551555256551894,0.82525,0.06201725971143146,,0.14500000000000002,0.0034982928540874814
10,TrainingSize,23,231777,200,Our Eps-Fair,0.1,0.7115,0.11254062862270063,0.90325,0.12011447140227466,,0.19174999999999998,-0.007573842779574028
10,TrainingSize,23,231777,200,Our Eps-Fair,0.15,0.73,0.15600091101115987,0.97025,0.16409401015162436,,0.24024999999999996,-0.008093099140464494
10,TrainingSize,23,231777,300,Unfair,,0.77,0.18928331872065435,0.98375,0.17411163286750264,,0.21375,0.015171685853151706
10,TrainingSize,23,231777,300,Our Eps-Fair,0.0,0.6685,0.02569831480435636,0.72575,0.04831009179862453,,0.05725000000000002,-0.022611776994268168
10,TrainingSize,23,231777,300,Our Eps-Fair,0.05,0.707,0.06773732978228983,0.82525,0.06201725971143146,,0.11825000000000008,0.0057200700708583685
10,TrainingSize,23,231777,300,Our Eps-Fair,0.1,0.74125,0.10725356385615725,0.90325,0.12011447140227466,,0.16200000000000003,-0.012860907546117406
10,TrainingSize,23,231777,300,Our Eps-Fair,0.15,0.7695,0.15123310260550693,0.97025,0.16409401015162436,,0.20074999999999998,-0.012860907546117434
10,TrainingSize,23,231777,400,Unfair,,0.7855,0.18536027066331562,0.98375,0.17411163286750264,,0.19825000000000004,0.011248637795812977
10,TrainingSize,23,231777,400,Our Eps-Fair,0.0,0.67625,0.04480004880059782,0.72575,0.04831009179862453,,0.04949999999999999,-0.003510042998026708
10,TrainingSize,23,231777,400,Our Eps-Fair,0.05,0.72175,0.07980747764160112,0.82525,0.06201725971143146,,0.10350000000000004,0.01779021793016966
10,TrainingSize,23,231777,400,Our Eps-Fair,0.1,0.75825,0.116811430940029,0.90325,0.12011447140227466,,0.14500000000000002,-0.0033030404622456516
10,TrainingSize,23,231777,400,Our Eps-Fair,0.15,0.783,0.17275261621954868,0.97025,0.16409401015162436,,0.18724999999999992,0.008658606067924318
10,TrainingSize,23,231777,500,Unfair,,0.81075,0.20228697801548068,0.98375,0.17411163286750264,,0.17300000000000004,0.028175345147978037
10,TrainingSize,23,231777,500,Our Eps-Fair,0.0,0.68875,0.028698351554806545,0.72575,0.04831009179862453,,0.03700000000000003,-0.019611740243817982
10,TrainingSize,23,231777,500,Our Eps-Fair,0.05,0.732,0.06371628052443642,0.82525,0.06201725971143146,,0.09325000000000006,0.0016990208130049644
10,TrainingSize,23,231777,500,Our Eps-Fair,0.1,0.77225,0.1187624548400718,0.90325,0.12011447140227466,,0.131,-0.0013520165622028651
10,TrainingSize,23,231777,500,Our Eps-Fair,0.15,0.811,0.1667385425471462,0.97025,0.16409401015162436,,0.1592499999999999,0.0026445323955218425
10,TrainingSize,23,231777,600,Unfair,,0.8155,0.19928344122215497,0.98375,0.17411163286750264,,0.16825,0.025171808354652325
10,TrainingSize,23,231777,600,Our Eps-Fair,0.0,0.69125,0.03022812029447361,0.72575,0.04831009179862453,,0.034499999999999975,-0.018081971504150918
10,TrainingSize,23,231777,600,Our Eps-Fair,0.05,0.74,0.07226013518665603,0.82525,0.06201725971143146,,0.08525000000000005,0.010242875475224567
10,TrainingSize,23,231777,600,Our Eps-Fair,0.1,0.7825,0.11324663727130657,0.90325,0.12011447140227466,,0.12075000000000002,-0.006867834130968087
10,TrainingSize,23,231777,600,Our Eps-Fair,0.15,0.81,0.15973845679609572,0.97025,0.16409401015162436,,0.1602499999999999,-0.004355553355528646
10,TrainingSize,23,231777,700,Unfair,,0.835,0.195781648325192,0.98375,0.17411163286750264,,0.14875000000000005,0.021670015457689346
10,TrainingSize,23,231777,700,Our Eps-Fair,0.0,0.7025,0.03172638864826097,0.72575,0.04831009179862453,,0.023249999999999993,-0.01658370315036356
10,TrainingSize,23,231777,700,Our Eps-Fair,0.05,0.75325,0.07925672089483096,0.82525,0.06201725971143146,,0.07200000000000006,0.0172394611833995
10,TrainingSize,23,231777,700,Our Eps-Fair,0.1,0.79675,0.11574491787524396,0.90325,0.12011447140227466,,0.10650000000000004,-0.004369553527030695
10,TrainingSize,23,231777,700,Our Eps-Fair,0.15,0.828,0.16174898142502248,0.97025,0.16409401015162436,,0.14225,-0.0023450287266018888
10,TrainingSize,23,231777,800,Unfair,,0.84675,0.1967396600608357,0.98375,0.17411163286750264,,0.137,0.022628027193333067
10,TrainingSize,23,231777,800,Our Eps-Fair,0.0,0.71525,0.03424916955232701,0.72575,0.04831009179862453,,0.010499999999999954,-0.014060922246297514
10,TrainingSize,23,231777,800,Our Eps-Fair,0.05,0.76325,0.0682320858430516,0.82525,0.06201725971143146,,0.062000000000000055,0.006214826131620138
10,TrainingSize,23,231777,800,Our Eps-Fair,0.1,0.80475,0.11572391761799083,0.90325,0.12011447140227466,,0.09850000000000003,-0.004390553784283824
10,TrainingSize,23,231777,800,Our Eps-Fair,0.15,0.84175,0.1692543233654612,0.97025,0.16409401015162436,,0.12849999999999995,0.005160313213836837
10,TrainingSize,23,231777,900,Unfair,,0.84925,0.18878856265989258,0.98375,0.17411163286750264,,0.13450000000000006,0.014676929792389937
10,TrainingSize,23,231777,900,Our Eps-Fair,0.0,0.707,0.022249022550526243,0.72575,0.04831009179862453,,0.018750000000000044,-0.026061069248098284
10,TrainingSize,23,231777,900,Our Eps-Fair,0.05,0.76625,0.0702461105148538,0.82525,0.06201725971143146,,0.05900000000000005,0.008228850803422338
10,TrainingSize,23,231777,900,Our Eps-Fair,0.1,0.8115,0.11624317397888123,0.90325,0.12011447140227466,,0.09175,-0.003871297423393427
10,TrainingSize,23,231777,900,Our Eps-Fair,0.15,0.84275,0.1712438477371348,0.97025,0.16409401015162436,,0.12749999999999995,0.007149837585510438
10,TrainingSize,23,231777,1000,Unfair,,0.85725,0.18774654989523623,0.98375,0.17411163286750264,,0.12650000000000006,0.01363491702773359
10,TrainingSize,23,231777,1000,Our Eps-Fair,0.0,0.708,0.02577181570474238,0.72575,0.04831009179862453,,0.017750000000000044,-0.022538276093882148
10,TrainingSize,23,231777,1000,Our Eps-Fair,0.05,0.75875,0.0632810251925586,0.82525,0.06201725971143146,,0.0665,0.0012637654811271382
10,TrainingSize,23,231777,1000,Our Eps-Fair,0.1,0.81,0.11378689388945014,0.90325,0.12011447140227466,,0.09324999999999994,-0.00632757751282452
10,TrainingSize,23,231777,1000,Our Eps-Fair,0.15,0.851,0.16631028730101943,0.97025,0.16409401015162436,,0.11924999999999997,0.0022162771493950684
10,TrainingSize,23,231777,1100,Unfair,,0.861,0.18474651314478602,0.98375,0.17411163286750264,,0.12275000000000003,0.010634880277283376
10,TrainingSize,23,231777,1100,Our Eps-Fair,0.0,0.70675,0.020227997792972963,0.72575,0.04831009179862453,,0.019000000000000017,-0.028082094005651564
10,TrainingSize,23,231777,1100,Our Eps-Fair,0.05,0.769,0.0712776231508836,0.82525,0.06201725971143146,,0.05625000000000002,0.009260363439452135
10,TrainingSize,23,231777,1100,Our Eps-Fair,0.1,0.8155,0.11876945492582285,0.90325,0.12011447140227466,,0.08775,-0.001345016476451813
10,TrainingSize,23,231777,1100,Our Eps-Fair,0.15,0.849,0.16176298159652458,0.97025,0.16409401015162436,,0.12124999999999997,-0.0023310285550997845
10,TrainingSize,23,231777,1200,Unfair,,0.86275,0.18324049469606005,0.98375,0.17411163286750264,,0.121,0.009128861828557405
10,TrainingSize,23,231777,1200,Our Eps-Fair,0.0,0.7165,0.016467951732408725,0.72575,0.04831009179862453,,0.00924999999999998,-0.0318421400662158
10,TrainingSize,23,231777,1200,Our Eps-Fair,0.05,0.7805,0.07421815917244987,0.82525,0.06201725971143146,,0.04475000000000007,0.012200899461018405
10,TrainingSize,23,231777,1200,Our Eps-Fair,0.1,0.82475,0.12022222272222835,0.90325,0.12011447140227466,,0.07850000000000001,0.0001077513199536917
10,TrainingSize,23,231777,1200,Our Eps-Fair,0.15,0.856,0.16774905492592285,0.97025,0.16409401015162436,,0.11424999999999996,0.0036550447742984826
10,TrainingSize,23,231777,1300,Unfair,,0.876,0.176213158611193,0.98375,0.17411163286750264,,0.10775000000000001,0.0021015257436903523
10,TrainingSize,23,231777,1300,Our Eps-Fair,0.0,0.71925,0.031252632844752354,0.72575,0.04831009179862453,,0.006500000000000061,-0.017057458953872173
10,TrainingSize,23,231777,1300,Our Eps-Fair,0.05,0.78025,0.07675144020514252,0.82525,0.06201725971143146,,0.04500000000000004,0.014734180493711058
10,TrainingSize,23,231777,1300,Our Eps-Fair,0.1,0.8345,0.12626079669475954,0.90325,0.12011447140227466,,0.06874999999999998,0.006146325292484878
10,TrainingSize,23,231777,1300,Our Eps-Fair,0.15,0.86525,0.16374550588244707,0.97025,0.16409401015162436,,0.10499999999999998,-0.00034850426917729105
10,TrainingSize,23,231777,1400,Unfair,,0.872,0.18469751254452865,0.98375,0.17411163286750264,,0.11175000000000002,0.010585879677026011
10,TrainingSize,23,231777,1400,Our Eps-Fair,0.0,0.7235,0.026273571851255173,0.72575,0.04831009179862453,,0.0022499999999999742,-0.022036519947369354
10,TrainingSize,23,231777,1400,Our Eps-Fair,0.05,0.78775,0.07829520911631166,0.82525,0.06201725971143146,,0.03750000000000009,0.0162779494048802
10,TrainingSize,23,231777,1400,Our Eps-Fair,0.1,0.8375,0.1262782969091371,0.90325,0.12011447140227466,,0.06574999999999998,0.0061638255068624526
10,TrainingSize,23,231777,1400,Our Eps-Fair,0.15,0.8675,0.16627528687226417,0.97025,0.16409401015162436,,0.1027499999999999,0.0021812767206398076
10,TrainingSize,23,231777,1500,Unfair,,0.875,0.17923769566177183,0.98375,0.17411163286750264,,0.10875000000000001,0.005126062794269193
10,TrainingSize,23,231777,1500,Our Eps-Fair,0.0,0.71975,0.0204295002613782,0.72575,0.04831009179862453,,0.006000000000000005,-0.027880591537246327
10,TrainingSize,23,231777,1500,Our Eps-Fair,0.05,0.78375,0.07548617470564013,0.82525,0.06201725971143146,,0.04150000000000009,0.013468914994208672
10,TrainingSize,23,231777,1500,Our Eps-Fair,0.1,0.8355,0.1257975410198775,0.90325,0.12011447140227466,,0.06774999999999998,0.005683069617602843
10,TrainingSize,23,231777,1500,Our Eps-Fair,0.15,0.86525,0.16079446973225425,0.97025,0.16409401015162436,,0.10499999999999998,-0.0032995404193701117
10,TrainingSize,23,231777,1600,Unfair,,0.87875,0.18521326886254358,0.98375,0.17411163286750264,,0.10499999999999998,0.011101635995040937
10,TrainingSize,23,231777,1600,Our Eps-Fair,0.0,0.726,0.02725958392990316,0.72575,0.04831009179862453,,-0.00024999999999997247,-0.02105050786872137
10,TrainingSize,23,231777,1600,Our Eps-Fair,0.05,0.78975,0.07878296509132235,0.82525,0.06201725971143146,,0.03550000000000009,0.01676570537989089
10,TrainingSize,23,231777,1600,Our Eps-Fair,0.1,0.839,0.1202852234939878,0.90325,0.12011447140227466,,0.06425000000000003,0.0001707520917131472
10,TrainingSize,23,231777,1600,Our Eps-Fair,0.15,0.8705,0.1647630183469747,0.97025,0.16409401015162436,,0.0997499999999999,0.0006690081953503457
10,TrainingSize,23,231777,1700,Unfair,,0.87825,0.17919919519014105,0.98375,0.17411163286750264,,0.10550000000000004,0.005087562322638406
10,TrainingSize,23,231777,1700,Our Eps-Fair,0.0,0.733,0.035789438420620656,0.72575,0.04831009179862453,,-0.007249999999999979,-0.012520653378003871
10,TrainingSize,23,231777,1700,Our Eps-Fair,0.05,0.78625,0.07578992842662322,0.82525,0.06201725971143146,,0.039000000000000035,0.013772668715191755
10,TrainingSize,23,231777,1700,Our Eps-Fair,0.1,0.835,0.12030622375124093,0.90325,0.12011447140227466,,0.06825000000000003,0.0001917523489662759
10,TrainingSize,23,231777,1700,Our Eps-Fair,0.15,0.87,0.16577353072575135,0.97025,0.16409401015162436,,0.10024999999999995,0.0016795205741269859
10,TrainingSize,23,231777,1800,Unfair,,0.88325,0.1757701531843765,0.98375,0.17411163286750264,,0.10050000000000003,0.0016585203168738571
10,TrainingSize,23,231777,1800,Our Eps-Fair,0.0,0.7265,0.028308596780310558,0.72575,0.04831009179862453,,-0.0007500000000000284,-0.02000149501831397
10,TrainingSize,23,231777,1800,Our Eps-Fair,0.05,0.78525,0.07480041630509973,0.82525,0.06201725971143146,,0.040000000000000036,0.012783156593668271
10,TrainingSize,23,231777,1800,Our Eps-Fair,0.1,0.84,0.12527828465898705,0.90325,0.12011447140227466,,0.06325000000000003,0.005163813256712391
10,TrainingSize,23,231777,1800,Our Eps-Fair,0.15,0.86975,0.1647665183898503,0.97025,0.16409401015162436,,0.10049999999999992,0.0006725082382259273
10,TrainingSize,23,231777,1900,Unfair,,0.8875,0.17860993797174016,0.98375,0.17411163286750264,,0.09625000000000006,0.0044983051042375155
10,TrainingSize,23,231777,1900,Our Eps-Fair,0.0,0.7205,0.02380329159032199,0.72575,0.04831009179862453,,0.005249999999999977,-0.024506800208302537
10,TrainingSize,23,231777,1900,Our Eps-Fair,0.05,0.797,0.07379340396919862,0.82525,0.06201725971143146,,0.028249999999999997,0.011776144257767157
10,TrainingSize,23,231777,1900,Our Eps-Fair,0.1,0.841,0.12229924816579003,0.90325,0.12011447140227466,,0.06225000000000003,0.0021847767635153753
10,TrainingSize,23,231777,1900,Our Eps-Fair,0.15,0.87675,0.16428926254346615,0.97025,0.16409401015162436,,0.09349999999999992,0.0001952523918417881
10,TrainingSize,23,231777,2000,Unfair,,0.896,0.17610815732492724,0.98375,0.17411163286750264,,0.08775,0.0019965244574245977
10,TrainingSize,23,231777,2000,Our Eps-Fair,0.0,0.7265,0.018997732722225852,0.72575,0.04831009179862453,,-0.0007500000000000284,-0.029312359076398675
10,TrainingSize,23,231777,2000,Our Eps-Fair,0.05,0.7915,0.06404028449348503,0.82525,0.06201725971143146,,0.03375000000000006,0.002023024782053573
10,TrainingSize,23,231777,2000,Our Eps-Fair,0.1,0.8435,0.10828857653506255,0.90325,0.12011447140227466,,0.05974999999999997,-0.011825894867212111
10,TrainingSize,23,231777,2000,Our Eps-Fair,0.15,0.88225,0.1617734817251511,0.97025,0.16409401015162436,,0.08799999999999997,-0.0023205284264732617
10,PoolSize,23,231777,20,Our Eps-Fair,0.0,0.7635,0.26467749229928067,0.72575,0.04831009179862453,,-0.03774999999999995,0.21636740050065614
10,PoolSize,23,231777,20,Our Eps-Fair,0.05,0.79425,0.26368448013488166,0.82525,0.06201725971143146,,0.031000000000000028,0.2016672204234502
10,PoolSize,23,231777,20,Our Eps-Fair,0.1,0.80225,0.23212634354770847,0.90325,0.12011447140227466,,0.10099999999999998,0.11201187214543382
10,PoolSize,23,231777,20,Our Eps-Fair,0.15,0.84075,0.22113670892468434,0.97025,0.16409401015162436,,0.12949999999999995,0.05704269877305998
10,PoolSize,23,231777,40,Our Eps-Fair,0.0,0.684,0.19447413230812077,0.72575,0.04831009179862453,,0.041749999999999954,0.14616404050949625
10,PoolSize,23,231777,40,Our Eps-Fair,0.05,0.84625,0.16918157247426283,0.82525,0.06201725971143146,,-0.020999999999999908,0.10716431276283137
10,PoolSize,23,231777,40,Our Eps-Fair,0.1,0.87675,0.1661920358524392,0.90325,0.12011447140227466,,0.026499999999999968,0.04607756445016453
10,PoolSize,23,231777,40,Our Eps-Fair,0.15,0.88375,0.1797737022278523,0.97025,0.16409401015162436,,0.08649999999999991,0.015679692076227936
10,PoolSize,23,231777,60,Our Eps-Fair,0.0,0.70075,0.16561727881166544,0.72575,0.04831009179862453,,0.025000000000000022,0.11730718701304091
10,PoolSize,23,231777,60,Our Eps-Fair,0.05,0.7875,0.17481564149160828,0.82525,0.06201725971143146,,0.03775000000000006,0.11279838178017682
10,PoolSize,23,231777,60,Our Eps-Fair,0.1,0.85,0.17729642188116806,0.90325,0.12011447140227466,,0.05325000000000002,0.057181950478893406
10,PoolSize,23,231777,60,Our Eps-Fair,0.15,0.87025,0.17369387775000245,0.97025,0.16409401015162436,,0.09999999999999998,0.009599867598378081
10,PoolSize,23,231777,80,Our Eps-Fair,0.0,0.76675,0.13964096060176737,0.72575,0.04831009179862453,,-0.041000000000000036,0.09133086880314284
10,PoolSize,23,231777,80,Our Eps-Fair,0.05,0.8455,0.1653102750508694,0.82525,0.06201725971143146,,-0.02024999999999999,0.10329301533943794
10,PoolSize,23,231777,80,Our Eps-Fair,0.1,0.85525,0.17629640963101795,0.90325,0.12011447140227466,,0.04800000000000004,0.05618193822874329
10,PoolSize,23,231777,80,Our Eps-Fair,0.15,0.8825,0.18719579314846607,0.97025,0.16409401015162436,,0.08775,0.023101782996841708
10,PoolSize,23,231777,100,Our Eps-Fair,0.0,0.76075,0.11015634941528035,0.72575,0.04831009179862453,,-0.03500000000000003,0.061846257616655825
10,PoolSize,23,231777,100,Our Eps-Fair,0.05,0.81175,0.16381900678283307,0.82525,0.06201725971143146,,0.013500000000000068,0.1018017470714016
10,PoolSize,23,231777,100,Our Eps-Fair,0.1,0.85425,0.1752998974237434,0.90325,0.12011447140227466,,0.049000000000000044,0.05518542602146875
10,PoolSize,23,231777,100,Our Eps-Fair,0.15,0.8795,0.1876975492949789,0.97025,0.16409401015162436,,0.09075,0.02360353914335453
10,PoolSize,23,231777,120,Our Eps-Fair,0.0,0.73,0.09844720597827322,0.72575,0.04831009179862453,,-0.004249999999999976,0.050137114179648695
10,PoolSize,23,231777,120,Our Eps-Fair,0.05,0.80425,0.14332050567619453,0.82525,0.06201725971143146,,0.02100000000000002,0.08130324596476307
10,PoolSize,23,231777,120,Our Eps-Fair,0.1,0.84,0.17380512911283164,0.90325,0.12011447140227466,,0.06325000000000003,0.05369065771055698
10,PoolSize,23,231777,120,Our Eps-Fair,0.15,0.87825,0.1841887563122648,0.97025,0.16409401015162436,,0.09199999999999997,0.020094746160640442
10,PoolSize,23,231777,140,Our Eps-Fair,0.0,0.7395,0.0953829184407509,0.72575,0.04831009179862453,,-0.01375000000000004,0.04707282664212638
10,PoolSize,23,231777,140,Our Eps-Fair,0.05,0.823,0.1378186882789314,0.82525,0.06201725971143146,,0.0022500000000000853,0.07580142856749994
10,PoolSize,23,231777,140,Our Eps-Fair,0.1,0.8425,0.1688050678620813,0.90325,0.12011447140227466,,0.06074999999999997,0.04869059645980664
10,PoolSize,23,231777,140,Our Eps-Fair,0.15,0.874,0.16928582375134094,0.97025,0.16409401015162436,,0.09624999999999995,0.0051918135997165715
10,PoolSize,23,231777,160,Our Eps-Fair,0.0,0.735,0.08238975927455112,0.72575,0.04831009179862453,,-0.00924999999999998,0.0340796674759266
10,PoolSize,23,231777,160,Our Eps-Fair,0.05,0.8215,0.11133411384289456,0.82525,0.06201725971143146,,0.003750000000000031,0.0493168541314631
10,PoolSize,23,231777,160,Our Eps-Fair,0.1,0.84875,0.15080484735938016,0.90325,0.12011447140227466,,0.05449999999999999,0.030690375957105498
10,PoolSize,23,231777,160,Our Eps-Fair,0.15,0.87825,0.16678054306165252,0.97025,0.16409401015162436,,0.09199999999999997,0.0026865329100281554
10,PoolSize,23,231777,180,Our Eps-Fair,0.0,0.73175,0.06043149028575601,0.72575,0.04831009179862453,,-0.006000000000000005,0.01212139848713148
10,PoolSize,23,231777,180,Our Eps-Fair,0.05,0.79375,0.12035172430862279,0.82525,0.06201725971143146,,0.031500000000000083,0.05833446459719133
10,PoolSize,23,231777,180,Our Eps-Fair,0.1,0.8355,0.16381900678283307,0.90325,0.12011447140227466,,0.06774999999999998,0.04370453538055841
10,PoolSize,23,231777,180,Our Eps-Fair,0.15,0.85975,0.16979107994072928,0.97025,0.16409401015162436,,0.11049999999999993,0.005697069789104919
10,PoolSize,23,231777,200,Our Eps-Fair,0.0,0.75175,0.07288089279093668,0.72575,0.04831009179862453,,-0.026000000000000023,0.024570800992312153
10,PoolSize,23,231777,200,Our Eps-Fair,0.05,0.8175,0.11034110167849555,0.82525,0.06201725971143146,,0.007750000000000035,0.04832384196706409
10,PoolSize,23,231777,200,Our Eps-Fair,0.1,0.8395,0.16331725063632027,0.90325,0.12011447140227466,,0.06374999999999997,0.04320277923404561
10,PoolSize,23,231777,200,Our Eps-Fair,0.15,0.8665,0.1717911044410294,0.97025,0.16409401015162436,,0.1037499999999999,0.007697094289405043
10,PoolSize,23,231777,220,Our Eps-Fair,0.0,0.723,0.07440366144485269,0.72575,0.04831009179862453,,0.00275000000000003,0.026093569646228165
10,PoolSize,23,231777,220,Our Eps-Fair,0.05,0.79725,0.12235174880892291,0.82525,0.06201725971143146,,0.028000000000000025,0.06033448909749145
10,PoolSize,23,231777,220,Our Eps-Fair,0.1,0.8355,0.16232073842904576,0.90325,0.12011447140227466,,0.06774999999999998,0.042206267026771105
10,PoolSize,23,231777,220,Our Eps-Fair,0.15,0.86575,0.1722928605875422,0.97025,0.16409401015162436,,0.10449999999999993,0.008198850435917837
10,PoolSize,23,231777,240,Our Eps-Fair,0.0,0.718,0.07189488071228872,0.72575,0.04831009179862453,,0.007750000000000035,0.023584788913664195
10,PoolSize,23,231777,240,Our Eps-Fair,0.05,0.792,0.11285688249681058,0.82525,0.06201725971143146,,0.03325,0.050839622785379124
10,PoolSize,23,231777,240,Our Eps-Fair,0.1,0.8365,0.15332062817769518,0.90325,0.12011447140227466,,0.06674999999999998,0.03320615677542052
10,PoolSize,23,231777,240,Our Eps-Fair,0.15,0.86325,0.1717946044839049,0.97025,0.16409401015162436,,0.10699999999999998,0.0077005943322805415
10,PoolSize,23,231777,260,Our Eps-Fair,0.0,0.71475,0.05890522158896447,0.72575,0.04831009179862453,,0.01100000000000001,0.010595129790339941
10,PoolSize,23,231777,260,Our Eps-Fair,0.05,0.79375,0.10686730912453679,0.82525,0.06201725971143146,,0.031500000000000083,0.04485004941310533
10,PoolSize,23,231777,260,Our Eps-Fair,0.1,0.83725,0.14680829840165543,0.90325,0.12011447140227466,,0.06599999999999995,0.026693826999380776
10,PoolSize,23,231777,260,Our Eps-Fair,0.15,0.86075,0.1722963606304177,0.97025,0.16409401015162436,,0.10949999999999993,0.008202350478793335
10,PoolSize,23,231777,280,Our Eps-Fair,0.0,0.715,0.06192625859666781,0.72575,0.04831009179862453,,0.010750000000000037,0.013616166798043283
10,PoolSize,23,231777,280,Our Eps-Fair,0.05,0.7955,0.10946559095348918,0.82525,0.06201725971143146,,0.029750000000000054,0.04744833124205772
10,PoolSize,23,231777,280,Our Eps-Fair,0.1,0.83775,0.15231361584179404,0.90325,0.12011447140227466,,0.0655,0.03219914443951938
10,PoolSize,23,231777,280,Our Eps-Fair,0.15,0.85925,0.15980845765360627,0.97025,0.16409401015162436,,0.11099999999999999,-0.004285552498018097
10,PoolSize,23,231777,300,Our Eps-Fair,0.0,0.71925,0.07639668585940176,0.72575,0.04831009179862453,,0.006500000000000061,0.028086594060777237
10,PoolSize,23,231777,300,Our Eps-Fair,0.05,0.793,0.11695693272242584,0.82525,0.06201725971143146,,0.03225,0.05493967301099438
10,PoolSize,23,231777,300,Our Eps-Fair,0.1,0.83425,0.16282249457555856,0.90325,0.12011447140227466,,0.06899999999999995,0.0427080231732839
10,PoolSize,23,231777,300,Our Eps-Fair,0.15,0.8605,0.16929982392284304,0.97025,0.16409401015162436,,0.1097499999999999,0.005205813771218676
10,TrainingSize,24,241777,100,Unfair,,0.59575,0.19928202828135552,0.984,0.18410256910271539,,0.38825,0.015179459178640137
10,TrainingSize,24,241777,100,Our Eps-Fair,0.0,0.5355,0.0455603782014406,0.752,0.02200416562601018,,0.21650000000000003,0.02355621257543042
10,TrainingSize,24,241777,100,Our Eps-Fair,0.05,0.571,0.10202633629667297,0.83225,0.07360197645978792,,0.2612500000000001,0.028424359836885058
10,TrainingSize,24,241777,100,Our Eps-Fair,0.1,0.5885,0.14363884507506353,0.903,0.12459801909007748,,0.3145,0.01904082598498605
10,TrainingSize,24,241777,100,Our Eps-Fair,0.15,0.59275,0.15662273783781958,0.96525,0.16958838004849647,,0.37250000000000005,-0.012965642210676892
10,TrainingSize,24,241777,200,Unfair,,0.681,0.20154934686774273,0.984,0.18410256910271539,,0.30299999999999994,0.017446777765027344
10,TrainingSize,24,241777,200,Our Eps-Fair,0.0,0.583,0.020609873448671823,0.752,0.02200416562601018,,0.16900000000000004,-0.0013942921773383576
10,TrainingSize,24,241777,200,Our Eps-Fair,0.05,0.625,0.07556203575158149,0.83225,0.07360197645978792,,0.20725000000000005,0.0019600592917935755
10,TrainingSize,24,241777,200,Our Eps-Fair,0.1,0.6565,0.11803857066676265,0.903,0.12459801909007748,,0.24650000000000005,-0.006559448423314823
10,TrainingSize,24,241777,200,Our Eps-Fair,0.15,0.67825,0.17652108976296532,0.96525,0.16958838004849647,,0.28700000000000003,0.006932709714468854
10,TrainingSize,24,241777,300,Unfair,,0.752,0.21159915087431397,0.984,0.18410256910271539,,0.23199999999999998,0.027496581771598583
10,TrainingSize,24,241777,300,Our Eps-Fair,0.0,0.65725,0.053190609015922735,0.752,0.02200416562601018,,0.09475,0.031186443389912555
10,TrainingSize,24,241777,300,Our Eps-Fair,0.05,0.69375,0.10365638560566459,0.83225,0.07360197645978792,,0.13850000000000007,0.030054409145876676
10,TrainingSize,24,241777,300,Our Eps-Fair,0.1,0.73125,0.13760791263935734,0.903,0.12459801909007748,,0.17175000000000007,0.013009893549279866
10,TrainingSize,24,241777,300,Our Eps-Fair,0.15,0.754,0.18406256789267877,0.96525,0.16958838004849647,,0.21125000000000005,0.014474187844182307
10,TrainingSize,24,241777,400,Unfair,,0.773,0.21404147475461133,0.984,0.18410256910271539,,0.21099999999999997,0.029938905651895942
10,TrainingSize,24,241777,400,Our Eps-Fair,0.0,0.66975,0.027074318998149688,0.752,0.02200416562601018,,0.08225000000000005,0.0050701533721395076
10,TrainingSize,24,241777,400,Our Eps-Fair,0.05,0.71775,0.09207628530763057,0.83225,0.07360197645978792,,0.11450000000000005,0.018474308847842652
10,TrainingSize,24,241777,400,Our Eps-Fair,0.1,0.7505,0.14702294744416017,0.903,0.12459801909007748,,0.15250000000000008,0.02242492835408269
10,TrainingSize,24,241777,400,Our Eps-Fair,0.15,0.772,0.18604062772898883,0.96525,0.16958838004849647,,0.19325000000000003,0.01645224768049236
10,TrainingSize,24,241777,500,Unfair,,0.80475,0.2104011146337177,0.984,0.18410256910271539,,0.17925000000000002,0.026298545531002304
10,TrainingSize,24,241777,500,Our Eps-Fair,0.0,0.68425,0.031401199886296555,0.752,0.02200416562601018,,0.06774999999999998,0.009397034260286374
10,TrainingSize,24,241777,500,Our Eps-Fair,0.05,0.738,0.09088924939979434,0.83225,0.07360197645978792,,0.09425000000000006,0.017287272940006426
10,TrainingSize,24,241777,500,Our Eps-Fair,0.1,0.77425,0.13289051993822815,0.903,0.12459801909007748,,0.12875000000000003,0.008292500848150669
10,TrainingSize,24,241777,500,Our Eps-Fair,0.15,0.807,0.19438963028631615,0.96525,0.16958838004849647,,0.15825,0.024801250237819678
10,TrainingSize,24,241777,600,Unfair,,0.81975,0.20089807716683428,0.984,0.18410256910271539,,0.16425,0.01679550806411889
10,TrainingSize,24,241777,600,Our Eps-Fair,0.0,0.703,0.041942768768755245,0.752,0.02200416562601018,,0.049000000000000044,0.019938603142745065
10,TrainingSize,24,241777,600,Our Eps-Fair,0.05,0.758,0.08947995676869225,0.83225,0.07360197645978792,,0.07425000000000004,0.015877980308904333
10,TrainingSize,24,241777,600,Our Eps-Fair,0.1,0.79425,0.14290182278013908,0.903,0.12459801909007748,,0.10875000000000001,0.0183038036900616
10,TrainingSize,24,241777,600,Our Eps-Fair,0.15,0.81825,0.1888977141558532,0.96525,0.16958838004849647,,0.14700000000000002,0.019309334107356746
10,TrainingSize,24,241777,700,Unfair,,0.83775,0.1983732507908364,0.984,0.18410256910271539,,0.14625,0.014270681688121012
10,TrainingSize,24,241777,700,Our Eps-Fair,0.0,0.7115,0.04785494761216527,0.752,0.02200416562601018,,0.04049999999999998,0.02585078198615509
10,TrainingSize,24,241777,700,Our Eps-Fair,0.05,0.773,0.09890599190625518,0.83225,0.07360197645978792,,0.059250000000000025,0.025304015446467265
10,TrainingSize,24,241777,700,Our Eps-Fair,0.1,0.81125,0.14540464849061682,0.903,0.12459801909007748,,0.09175,0.020806629400539345
10,TrainingSize,24,241777,700,Our Eps-Fair,0.15,0.8345,0.19036750861713567,0.96525,0.16958838004849647,,0.13075000000000003,0.0207791285686392
10,TrainingSize,24,241777,800,Unfair,,0.8385,0.1983897512899765,0.984,0.18410256910271539,,0.14549999999999996,0.014287182187261105
10,TrainingSize,24,241777,800,Our Eps-Fair,0.0,0.715,0.043843826275744846,0.752,0.02200416562601018,,0.03700000000000003,0.021839660649734666
10,TrainingSize,24,241777,800,Our Eps-Fair,0.05,0.76525,0.09338107477751202,0.83225,0.07360197645978792,,0.06700000000000006,0.019779098317724106
10,TrainingSize,24,241777,800,Our Eps-Fair,0.1,0.8125,0.14237155673959137,0.903,0.12459801909007748,,0.09050000000000002,0.017773537649513893
10,TrainingSize,24,241777,800,Our Eps-Fair,0.15,0.83675,0.18687015282212288,0.96525,0.16958838004849647,,0.12850000000000006,0.017281772773626414
10,TrainingSize,24,241777,900,Unfair,,0.84725,0.194367629620796,0.984,0.18410256910271539,,0.13675000000000004,0.010265060518080626
10,TrainingSize,24,241777,900,Our Eps-Fair,0.0,0.72225,0.048838477363940286,0.752,0.02200416562601018,,0.029750000000000054,0.026834311737930105
10,TrainingSize,24,241777,900,Our Eps-Fair,0.05,0.7785,0.09932625461920225,0.83225,0.07360197645978792,,0.053750000000000075,0.025724278159414332
10,TrainingSize,24,241777,900,Our Eps-Fair,0.1,0.816,0.14533864649405645,0.903,0.12459801909007748,,0.08700000000000008,0.020740627403978973
10,TrainingSize,24,241777,900,Our Eps-Fair,0.15,0.843,0.18686465265574284,0.96525,0.16958838004849647,,0.12225000000000008,0.017276272607246373
10,TrainingSize,24,241777,1000,Unfair,,0.85975,0.2013623412108216,0.984,0.18410256910271539,,0.12424999999999997,0.017259772108106225
10,TrainingSize,24,241777,1000,Our Eps-Fair,0.0,0.72925,0.05477265687287039,0.752,0.02200416562601018,,0.022750000000000048,0.03276849124686021
10,TrainingSize,24,241777,1000,Our Eps-Fair,0.05,0.78075,0.09384533882149934,0.83225,0.07360197645978792,,0.05149999999999999,0.020243362361711426
10,TrainingSize,24,241777,1000,Our Eps-Fair,0.1,0.82675,0.13732740415397565,0.903,0.12459801909007748,,0.07625000000000004,0.012729385063898174
10,TrainingSize,24,241777,1000,Our Eps-Fair,0.15,0.8585,0.19084277299388308,0.96525,0.16958838004849647,,0.10675000000000001,0.021254392945386613
10,TrainingSize,24,241777,1100,Unfair,,0.86325,0.19842275228825673,0.984,0.18410256910271539,,0.12075000000000002,0.014320183185541346
10,TrainingSize,24,241777,1100,Our Eps-Fair,0.0,0.73375,0.04435209165077242,0.752,0.02200416562601018,,0.01824999999999999,0.022347926024762238
10,TrainingSize,24,241777,1100,Our Eps-Fair,0.05,0.78825,0.09435910436290698,0.83225,0.07360197645978792,,0.04400000000000004,0.020757127903119066
10,TrainingSize,24,241777,1100,Our Eps-Fair,0.1,0.8325,0.1369071414410286,0.903,0.12459801909007748,,0.07050000000000001,0.012309122350951135
10,TrainingSize,24,241777,1100,Our Eps-Fair,0.15,0.8625,0.18441132844268537,0.96525,0.16958838004849647,,0.10275000000000001,0.014822948394188906
10,TrainingSize,24,241777,1200,Unfair,,0.86475,0.20642299429557745,0.984,0.18410256910271539,,0.11924999999999997,0.022320425192862065
10,TrainingSize,24,241777,1200,Our Eps-Fair,0.0,0.727,0.047882448444065445,0.752,0.02200416562601018,,0.025000000000000022,0.025878282818055265
10,TrainingSize,24,241777,1200,Our Eps-Fair,0.05,0.7875,0.08790015897980916,0.83225,0.07360197645978792,,0.04475000000000007,0.014298182520021241
10,TrainingSize,24,241777,1200,Our Eps-Fair,0.1,0.836,0.1390219554141513,0.903,0.12459801909007748,,0.06700000000000006,0.014423936324073822
10,TrainingSize,24,241777,1200,Our Eps-Fair,0.15,0.86175,0.18440582827630536,0.96525,0.16958838004849647,,0.10350000000000004,0.014817448227808894
10,TrainingSize,24,241777,1300,Unfair,,0.87125,0.21095888150616554,0.984,0.18410256910271539,,0.11275000000000002,0.026856312403450155
10,TrainingSize,24,241777,1300,Our Eps-Fair,0.0,0.73475,0.05584418928672591,0.752,0.02200416562601018,,0.017249999999999988,0.03384002366071573
10,TrainingSize,24,241777,1300,Our Eps-Fair,0.05,0.7945,0.10340337795218306,0.83225,0.07360197645978792,,0.03775000000000006,0.029801401492395144
10,TrainingSize,24,241777,1300,Our Eps-Fair,0.1,0.84425,0.14642117924067205,0.903,0.12459801909007748,,0.05875000000000008,0.021823160150594573
10,TrainingSize,24,241777,1300,Our Eps-Fair,0.15,0.86875,0.1864168891108956,0.96525,0.16958838004849647,,0.09650000000000003,0.016828509062399133
10,TrainingSize,24,241777,1400,Unfair,,0.8765,0.2109313806742654,0.984,0.18410256910271539,,0.10750000000000004,0.02682881157155001
10,TrainingSize,24,241777,1400,Our Eps-Fair,0.0,0.729,0.06031957466713367,0.752,0.02200416562601018,,0.02300000000000002,0.03831540904112349
10,TrainingSize,24,241777,1400,Our Eps-Fair,0.05,0.79375,0.10787326316621079,0.83225,0.07360197645978792,,0.03850000000000009,0.03427128670642288
10,TrainingSize,24,241777,1400,Our Eps-Fair,0.1,0.83975,0.15093506578574,0.903,0.12459801909007748,,0.06325000000000003,0.02633704669566253
10,TrainingSize,24,241777,1400,Our Eps-Fair,0.15,0.874,0.19541166120275136,0.96525,0.16958838004849647,,0.09125000000000005,0.02582328115425489
10,TrainingSize,24,241777,1500,Unfair,,0.87375,0.2089423205051953,0.984,0.18410256910271539,,0.11024999999999996,0.024839751402479904
10,TrainingSize,24,241777,1500,Our Eps-Fair,0.0,0.73425,0.04934674273896786,0.752,0.02200416562601018,,0.017750000000000044,0.027342577112957678
10,TrainingSize,24,241777,1500,Our Eps-Fair,0.05,0.8025,0.10486767224708546,0.83225,0.07360197645978792,,0.029750000000000054,0.03126569578729754
10,TrainingSize,24,241777,1500,Our Eps-Fair,0.1,0.84425,0.15389115520744504,0.903,0.12459801909007748,,0.05875000000000008,0.029293136117367558
10,TrainingSize,24,241777,1500,Our Eps-Fair,0.15,0.87,0.19142254053185107,0.96525,0.16958838004849647,,0.09525000000000006,0.021834160483354598
10,TrainingSize,24,241777,1600,Unfair,,0.871,0.20443393412650734,0.984,0.18410256910271539,,0.11299999999999999,0.02033136502379196
10,TrainingSize,24,241777,1600,Our Eps-Fair,0.0,0.73525,0.04077773352643915,0.752,0.02200416562601018,,0.016750000000000043,0.018773567900428972
10,TrainingSize,24,241777,1600,Our Eps-Fair,0.05,0.80225,0.1133431786311536,0.83225,0.07360197645978792,,0.030000000000000027,0.03974120217136569
10,TrainingSize,24,241777,1600,Our Eps-Fair,0.1,0.85025,0.1503772989132921,0.903,0.12459801909007748,,0.052750000000000075,0.025779279823214624
10,TrainingSize,24,241777,1600,Our Eps-Fair,0.15,0.87425,0.18989224424038825,0.96525,0.16958838004849647,,0.09100000000000008,0.020303864191891785
10,TrainingSize,24,241777,1700,Unfair,,0.881,0.20742302454649253,0.984,0.18410256910271539,,0.10299999999999998,0.023320455443777144
10,TrainingSize,24,241777,1700,Our Eps-Fair,0.0,0.7355,0.051269800911477564,0.752,0.02200416562601018,,0.01649999999999996,0.029265635285467384
10,TrainingSize,24,241777,1700,Our Eps-Fair,0.05,0.79825,0.09336457427837193,0.83225,0.07360197645978792,,0.03400000000000003,0.019762597818584013
10,TrainingSize,24,241777,1700,Our Eps-Fair,0.1,0.84925,0.1488800036201095,0.903,0.12459801909007748,,0.053750000000000075,0.024281984530032025
10,TrainingSize,24,241777,1700,Our Eps-Fair,0.15,0.8765,0.18989224424038825,0.96525,0.16958838004849647,,0.0887500000000001,0.020303864191891785
10,TrainingSize,24,241777,1800,Unfair,,0.8805,0.2014008423754819,0.984,0.18410256910271539,,0.10350000000000004,0.017298273272766507
10,TrainingSize,24,241777,1800,Our Eps-Fair,0.0,0.738,0.05170106395718471,0.752,0.02200416562601018,,0.014000000000000012,0.02969689833117453
10,TrainingSize,24,241777,1800,Our Eps-Fair,0.05,0.7955,0.09279030690678394,0.83225,0.07360197645978792,,0.03675000000000006,0.019188330446996027
10,TrainingSize,24,241777,1800,Our Eps-Fair,0.1,0.85,0.1468414419536191,0.903,0.12459801909007748,,0.05300000000000005,0.022243422863541612
10,TrainingSize,24,241777,1800,Our Eps-Fair,0.15,0.878,0.1853618571961802,0.96525,0.16958838004849647,,0.08725000000000005,0.015773477147683734
10,TrainingSize,24,241777,1900,Unfair,,0.8875,0.19386486441214845,0.984,0.18410256910271539,,0.09650000000000003,0.009762295309433067
10,TrainingSize,24,241777,1900,Our Eps-Fair,0.0,0.73675,0.056690214879000084,0.752,0.02200416562601018,,0.015249999999999986,0.0346860492529899
10,TrainingSize,24,241777,1900,Our Eps-Fair,0.05,0.8055,0.10377413916770982,0.83225,0.07360197645978792,,0.02675000000000005,0.030172162707921904
10,TrainingSize,24,241777,1900,Our Eps-Fair,0.1,0.85975,0.15283062312634957,0.903,0.12459801909007748,,0.04325000000000001,0.02823260403627209
10,TrainingSize,24,241777,1900,Our Eps-Fair,0.15,0.8865,0.1868591524893628,0.96525,0.16958838004849647,,0.0787500000000001,0.017270772440866333
10,TrainingSize,24,241777,2000,Unfair,,0.88125,0.1998485454184989,0.984,0.18410256910271539,,0.10275000000000001,0.015745976315783505
10,TrainingSize,24,241777,2000,Our Eps-Fair,0.0,0.73475,0.05617644933759246,0.752,0.02200416562601018,,0.017249999999999988,0.03417228371158228
10,TrainingSize,24,241777,2000,Our Eps-Fair,0.05,0.8035,0.10624396387990737,0.83225,0.07360197645978792,,0.028750000000000053,0.03264198742011945
10,TrainingSize,24,241777,2000,Our Eps-Fair,0.1,0.85075,0.15081956229175933,0.903,0.12459801909007748,,0.05225000000000002,0.02622154320168185
10,TrainingSize,24,241777,2000,Our Eps-Fair,0.15,0.881,0.19134553820253064,0.96525,0.16958838004849647,,0.08425000000000005,0.021757158154034173
10,PoolSize,24,241777,20,Our Eps-Fair,0.0,0.67525,0.21852511038458916,0.752,0.02200416562601018,,0.07674999999999998,0.19652094475857898
10,PoolSize,24,241777,20,Our Eps-Fair,0.05,0.83725,0.20634049179987693,0.83225,0.07360197645978792,,-0.0050000000000000044,0.132738515340089
10,PoolSize,24,241777,20,Our Eps-Fair,0.1,0.8385,0.20634049179987693,0.903,0.12459801909007748,,0.0645,0.08174247270979945
10,PoolSize,24,241777,20,Our Eps-Fair,0.15,0.8385,0.20634049179987693,0.96525,0.16958838004849647,,0.12675000000000003,0.03675211175138046
10,PoolSize,24,241777,40,Our Eps-Fair,0.0,0.82075,0.19278783183191295,0.752,0.02200416562601018,,-0.06874999999999998,0.17078366620590277
10,PoolSize,24,241777,40,Our Eps-Fair,0.05,0.853,0.19631818862520592,0.83225,0.07360197645978792,,-0.020749999999999935,0.122716212165418
10,PoolSize,24,241777,40,Our Eps-Fair,0.1,0.85875,0.2098598482604099,0.903,0.12459801909007748,,0.04425000000000001,0.08526182917033243
10,PoolSize,24,241777,40,Our Eps-Fair,0.15,0.85825,0.2173848258909832,0.96525,0.16958838004849647,,0.1070000000000001,0.04779644584248674
10,PoolSize,24,241777,60,Our Eps-Fair,0.0,0.739,0.1312117191545044,0.752,0.02200416562601018,,0.013000000000000012,0.10920755352849423
10,PoolSize,24,241777,60,Our Eps-Fair,0.05,0.8445,0.16476498414077026,0.83225,0.07360197645978792,,-0.012249999999999983,0.09116300768098234
10,PoolSize,24,241777,60,Our Eps-Fair,0.1,0.86275,0.18835644778254543,0.903,0.12459801909007748,,0.04025000000000001,0.06375842869246795
10,PoolSize,24,241777,60,Our Eps-Fair,0.15,0.877,0.20185410608670912,0.96525,0.16958838004849647,,0.08825000000000005,0.03226572603821265
10,PoolSize,24,241777,80,Our Eps-Fair,0.0,0.83125,0.22145094889120392,0.752,0.02200416562601018,,-0.07925000000000004,0.19944678326519374
10,PoolSize,24,241777,80,Our Eps-Fair,0.05,0.846,0.21693156217975593,0.83225,0.07360197645978792,,-0.013749999999999929,0.143329585719968
10,PoolSize,24,241777,80,Our Eps-Fair,0.1,0.86025,0.21092588050788535,0.903,0.12459801909007748,,0.042750000000000066,0.08632786141780788
10,PoolSize,24,241777,80,Our Eps-Fair,0.15,0.86575,0.21137364405273262,0.96525,0.16958838004849647,,0.09950000000000003,0.041785264004236156
10,PoolSize,24,241777,100,Our Eps-Fair,0.0,0.7625,0.1301731877389291,0.752,0.02200416562601018,,-0.010499999999999954,0.10816902211291893
10,PoolSize,24,241777,100,Our Eps-Fair,0.05,0.8465,0.17678734781727146,0.83225,0.07360197645978792,,-0.014249999999999985,0.10318537135748354
10,PoolSize,24,241777,100,Our Eps-Fair,0.1,0.861,0.18680415082556245,0.903,0.12459801909007748,,0.04200000000000004,0.062206131735484976
10,PoolSize,24,241777,100,Our Eps-Fair,0.15,0.8695,0.20836255296722728,0.96525,0.16958838004849647,,0.09575,0.03877417291873081
10,PoolSize,24,241777,120,Our Eps-Fair,0.0,0.72975,0.08711138511939985,0.752,0.02200416562601018,,0.022249999999999992,0.06510721949338967
10,PoolSize,24,241777,120,Our Eps-Fair,0.05,0.80325,0.14420111208364053,0.83225,0.07360197645978792,,0.029000000000000026,0.07059913562385262
10,PoolSize,24,241777,120,Our Eps-Fair,0.1,0.855,0.18529585519961977,0.903,0.12459801909007748,,0.04800000000000004,0.0606978361095423
10,PoolSize,24,241777,120,Our Eps-Fair,0.15,0.86825,0.20033481012800636,0.96525,0.16958838004849647,,0.09700000000000009,0.03074643007950989
10,PoolSize,24,241777,140,Our Eps-Fair,0.0,0.70725,0.08374153318137875,0.752,0.02200416562601018,,0.044749999999999956,0.06173736755536857
10,PoolSize,24,241777,140,Our Eps-Fair,0.05,0.80225,0.12417300623343855,0.83225,0.07360197645978792,,0.030000000000000027,0.05057102977365063
10,PoolSize,24,241777,140,Our Eps-Fair,0.1,0.8465,0.17977643823725667,0.903,0.12459801909007748,,0.056499999999999995,0.05517841914717919
10,PoolSize,24,241777,140,Our Eps-Fair,0.15,0.86125,0.20334040104713166,0.96525,0.16958838004849647,,0.10400000000000009,0.033752020998635196
10,PoolSize,24,241777,160,Our Eps-Fair,0.0,0.747,0.11322217497079286,0.752,0.02200416562601018,,0.0050000000000000044,0.09121800934478268
10,PoolSize,24,241777,160,Our Eps-Fair,0.05,0.798,0.13321177965633457,0.83225,0.07360197645978792,,0.03425,0.05960980319654666
10,PoolSize,24,241777,160,Our Eps-Fair,0.1,0.84975,0.16526774934941782,0.903,0.12459801909007748,,0.05325000000000002,0.04066973025934034
10,PoolSize,24,241777,160,Our Eps-Fair,0.15,0.86525,0.18982074207744787,0.96525,0.16958838004849647,,0.10000000000000009,0.0202323620289514
10,PoolSize,24,241777,180,Our Eps-Fair,0.0,0.753,0.1011558099632514,0.752,0.02200416562601018,,-0.0010000000000000009,0.07915164433724121
10,PoolSize,24,241777,180,Our Eps-Fair,0.05,0.802,0.13219524890627943,0.83225,0.07360197645978792,,0.03025,0.05859327244649151
10,PoolSize,24,241777,180,Our Eps-Fair,0.1,0.8545,0.16827334026854313,0.903,0.12459801909007748,,0.04849999999999999,0.04367532117846565
10,PoolSize,24,241777,180,Our Eps-Fair,0.15,0.865,0.19232906795430563,0.96525,0.16958838004849647,,0.10025000000000006,0.02274068790580916
10,PoolSize,24,241777,200,Our Eps-Fair,0.0,0.747,0.0875096471668268,0.752,0.02200416562601018,,0.0050000000000000044,0.06550548154081662
10,PoolSize,24,241777,200,Our Eps-Fair,0.05,0.8105,0.1366926349522073,0.83225,0.07360197645978792,,0.021750000000000047,0.06309065849241938
10,PoolSize,24,241777,200,Our Eps-Fair,0.1,0.8535,0.17729011302591902,0.903,0.12459801909007748,,0.04949999999999999,0.05269209393584154
10,PoolSize,24,241777,200,Our Eps-Fair,0.15,0.86225,0.19282633299657315,0.96525,0.16958838004849647,,0.10300000000000009,0.02323795294807668
10,PoolSize,24,241777,220,Our Eps-Fair,0.0,0.739,0.06297240491524866,0.752,0.02200416562601018,,0.013000000000000012,0.040968239289238484
10,PoolSize,24,241777,220,Our Eps-Fair,0.05,0.80425,0.10617796188334697,0.83225,0.07360197645978792,,0.028000000000000025,0.03257598542355905
10,PoolSize,24,241777,220,Our Eps-Fair,0.1,0.845,0.14426161391382092,0.903,0.12459801909007748,,0.05800000000000005,0.01966359482374344
10,PoolSize,24,241777,220,Our Eps-Fair,0.15,0.868,0.18781518140923764,0.96525,0.16958838004849647,,0.09725000000000006,0.018226801360741174
10,PoolSize,24,241777,240,Our Eps-Fair,0.0,0.74775,0.06548623095848649,0.752,0.02200416562601018,,0.004249999999999976,0.04348206533247631
10,PoolSize,24,241777,240,Our Eps-Fair,0.05,0.805,0.0965421704006546,0.83225,0.07360197645978792,,0.027249999999999996,0.022940193940866688
10,PoolSize,24,241777,240,Our Eps-Fair,0.1,0.84575,0.14840398922067394,0.903,0.12459801909007748,,0.05725000000000002,0.02380597013059646
10,PoolSize,24,241777,240,Our Eps-Fair,0.15,0.874,0.1763945859362246,0.96525,0.16958838004849647,,0.09125000000000005,0.006806205887728123
10,PoolSize,24,241777,260,Our Eps-Fair,0.0,0.73375,0.06615950132491508,0.752,0.02200416562601018,,0.01824999999999999,0.044155335698904896
10,PoolSize,24,241777,260,Our Eps-Fair,0.05,0.80275,0.08256374755336349,0.83225,0.07360197645978792,,0.02950000000000008,0.008961771093575571
10,PoolSize,24,241777,260,Our Eps-Fair,0.1,0.85175,0.14162053402115413,0.903,0.12459801909007748,,0.05125000000000002,0.01702251493107665
10,PoolSize,24,241777,260,Our Eps-Fair,0.15,0.88025,0.17339449518347932,0.96525,0.16958838004849647,,0.08500000000000008,0.003806115134982857
10,PoolSize,24,241777,280,Our Eps-Fair,0.0,0.73975,0.06254114186954154,0.752,0.02200416562601018,,0.012249999999999983,0.040536976243531364
10,PoolSize,24,241777,280,Our Eps-Fair,0.05,0.81025,0.09579589782590923,0.83225,0.07360197645978792,,0.02200000000000002,0.02219392136612132
10,PoolSize,24,241777,280,Our Eps-Fair,0.1,0.85775,0.14660968494296955,0.903,0.12459801909007748,,0.04525000000000001,0.022011665852892076
10,PoolSize,24,241777,280,Our Eps-Fair,0.15,0.88025,0.18593062440138813,0.96525,0.16958838004849647,,0.08500000000000008,0.016342244352891666
10,PoolSize,24,241777,300,Our Eps-Fair,0.0,0.753,0.07401123883997493,0.752,0.02200416562601018,,-0.0010000000000000009,0.05200707321396475
10,PoolSize,24,241777,300,Our Eps-Fair,0.05,0.816,0.12262545942014746,0.83225,0.07360197645978792,,0.016250000000000098,0.04902348296035955
10,PoolSize,24,241777,300,Our Eps-Fair,0.1,0.857,0.14962077602847484,0.903,0.12459801909007748,,0.04600000000000004,0.025022756938397367
10,PoolSize,24,241777,300,Our Eps-Fair,0.15,0.882,0.18192500323134775,0.96525,0.16958838004849647,,0.08325000000000005,0.01233662318285128
10,TrainingSize,25,251777,100,Unfair,,0.626,0.3145795368852695,0.98075,0.17518935625505722,,0.35475,0.1393901806302123
10,TrainingSize,25,251777,100,Our Eps-Fair,0.0,0.558,0.01188208466952037,0.73375,0.02845443298742012,,0.17574999999999996,-0.01657234831789975
10,TrainingSize,25,251777,100,Our Eps-Fair,0.05,0.5915,0.06421331339095299,0.824,0.06281949918295808,,0.23249999999999993,0.0013938142079949062
10,TrainingSize,25,251777,100,Our Eps-Fair,0.1,0.6175,0.10148038636359658,0.8965,0.11362276314594054,,0.2789999999999999,-0.012142376782343964
10,TrainingSize,25,251777,100,Our Eps-Fair,0.15,0.63,0.15128753243327323,0.96875,0.16728098108101813,,0.33875,-0.015993448647744907
10,TrainingSize,25,251777,200,Unfair,,0.726,0.2330818260793175,0.98075,0.17518935625505722,,0.25475000000000003,0.05789246982426027
10,TrainingSize,25,251777,200,Our Eps-Fair,0.0,0.6185,0.026869654469728638,0.73375,0.02845443298742012,,0.11524999999999996,-0.001584778517691482
10,TrainingSize,25,251777,200,Our Eps-Fair,0.05,0.6745,0.06153530799940232,0.824,0.06281949918295808,,0.14949999999999997,-0.001284191183555758
10,TrainingSize,25,251777,200,Our Eps-Fair,0.1,0.70975,0.11788554705518267,0.8965,0.11362276314594054,,0.18674999999999997,0.004262783909242132
10,TrainingSize,25,251777,200,Our Eps-Fair,0.15,0.7265,0.16709402126536507,0.96875,0.16728098108101813,,0.24224999999999997,-0.0001869598156530594
10,TrainingSize,25,251777,300,Unfair,,0.751,0.17724441254197526,0.98075,0.17518935625505722,,0.22975,0.0020550562869180444
10,TrainingSize,25,251777,300,Our Eps-Fair,0.0,0.64725,0.023564445198624162,0.73375,0.02845443298742012,,0.08650000000000002,-0.0048899877887959575
10,TrainingSize,25,251777,300,Our Eps-Fair,0.05,0.684,0.04971854663896558,0.824,0.06281949918295808,,0.1399999999999999,-0.013100952543992503
10,TrainingSize,25,251777,300,Our Eps-Fair,0.1,0.7245,0.11229577393229552,0.8965,0.11362276314594054,,0.17199999999999993,-0.001326989213645019
10,TrainingSize,25,251777,300,Our Eps-Fair,0.15,0.751,0.14213801438664542,0.96875,0.16728098108101813,,0.21775,-0.025142966694372715
10,TrainingSize,25,251777,400,Unfair,,0.77875,0.1994175463413816,0.98075,0.17518935625505722,,0.20199999999999996,0.024228190086324375
10,TrainingSize,25,251777,400,Our Eps-Fair,0.0,0.667,0.018597621180369672,0.73375,0.02845443298742012,,0.06674999999999998,-0.009856811807050447
10,TrainingSize,25,251777,400,Our Eps-Fair,0.05,0.71125,0.05810095379539687,0.824,0.06281949918295808,,0.1127499999999999,-0.00471854538756121
10,TrainingSize,25,251777,400,Our Eps-Fair,0.1,0.75325,0.11208028209658287,0.8965,0.11362276314594054,,0.14325,-0.001542481049357669
10,TrainingSize,25,251777,400,Our Eps-Fair,0.15,0.7775,0.1462048283686367,0.96875,0.16728098108101813,,0.19125000000000003,-0.02107615271238142
10,TrainingSize,25,251777,500,Unfair,,0.80175,0.19374618165235935,0.98075,0.17518935625505722,,0.17900000000000005,0.018556825397302135
10,TrainingSize,25,251777,500,Our Eps-Fair,0.0,0.671,0.02545181329747309,0.73375,0.02845443298742012,,0.06274999999999997,-0.003002619689947028
10,TrainingSize,25,251777,500,Our Eps-Fair,0.05,0.72225,0.07296938989781282,0.824,0.06281949918295808,,0.10175000000000001,0.01014989071485474
10,TrainingSize,25,251777,500,Our Eps-Fair,0.1,0.76325,0.12574636886245588,0.8965,0.11362276314594054,,0.13324999999999998,0.012123605716515343
10,TrainingSize,25,251777,500,Our Eps-Fair,0.15,0.7985,0.15593825170297365,0.96875,0.16728098108101813,,0.17025,-0.01134272937804448
10,TrainingSize,25,251777,600,Unfair,,0.81675,0.18151720768632595,0.98075,0.17518935625505722,,0.16400000000000003,0.006327851431268738
10,TrainingSize,25,251777,600,Our Eps-Fair,0.0,0.6885,0.021878553206335805,0.73375,0.02845443298742012,,0.04525000000000001,-0.006575879781084315
10,TrainingSize,25,251777,600,Our Eps-Fair,0.05,0.73775,0.070732379412796,0.824,0.06281949918295808,,0.08624999999999994,0.007912880229837924
10,TrainingSize,25,251777,600,Our Eps-Fair,0.1,0.7835,0.12606247361100995,0.8965,0.11362276314594054,,0.11299999999999999,0.012439710465069406
10,TrainingSize,25,251777,600,Our Eps-Fair,0.15,0.81125,0.16779355631857854,0.96875,0.16728098108101813,,0.15749999999999997,0.0005125752375604031
10,TrainingSize,25,251777,700,Unfair,,0.8195,0.21274825673111647,0.98075,0.17518935625505722,,0.16125,0.037558900476059254
10,TrainingSize,25,251777,700,Our Eps-Fair,0.0,0.6835,0.018947013285659814,0.73375,0.02845443298742012,,0.05025000000000002,-0.009507419701760306
10,TrainingSize,25,251777,700,Our Eps-Fair,0.05,0.73725,0.07598702644042277,0.824,0.06281949918295808,,0.08675,0.013167527257464687
10,TrainingSize,25,251777,700,Our Eps-Fair,0.1,0.77725,0.13038307240300429,0.8965,0.11362276314594054,,0.11924999999999997,0.016760309257063746
10,TrainingSize,25,251777,700,Our Eps-Fair,0.15,0.8125,0.16931201040367555,0.96875,0.16728098108101813,,0.15625,0.0020310293226574183
10,TrainingSize,25,251777,800,Unfair,,0.82925,0.19923083680660625,0.98075,0.17518935625505722,,0.15149999999999997,0.024041480551549033
10,TrainingSize,25,251777,800,Our Eps-Fair,0.0,0.6805,0.021816233267784785,0.73375,0.02845443298742012,,0.05325000000000002,-0.006638199719635335
10,TrainingSize,25,251777,800,Our Eps-Fair,0.05,0.7385,0.05996905026666177,0.824,0.06281949918295808,,0.08549999999999991,-0.002850448916296308
10,TrainingSize,25,251777,800,Our Eps-Fair,0.1,0.786,0.12227347140328233,0.8965,0.11362276314594054,,0.11049999999999993,0.008650708257341794
10,TrainingSize,25,251777,800,Our Eps-Fair,0.15,0.82175,0.16417224229891997,0.96875,0.16728098108101813,,0.14700000000000002,-0.003108738782098164
10,TrainingSize,25,251777,900,Unfair,,0.84575,0.19316177580289484,0.98075,0.17518935625505722,,0.135,0.017972419547837626
10,TrainingSize,25,251777,900,Our Eps-Fair,0.0,0.704,0.01779271787763817,0.73375,0.02845443298742012,,0.029750000000000054,-0.01066171510978195
10,TrainingSize,25,251777,900,Our Eps-Fair,0.05,0.7535,0.058800739129488064,0.824,0.06281949918295808,,0.07050000000000001,-0.004018760053470016
10,TrainingSize,25,251777,900,Our Eps-Fair,0.1,0.79875,0.11122757514620783,0.8965,0.11362276314594054,,0.09775,-0.0023951879997327064
10,TrainingSize,25,251777,900,Our Eps-Fair,0.15,0.83725,0.18157452200732271,0.96875,0.16728098108101813,,0.13149999999999995,0.014293540926304582
10,TrainingSize,25,251777,1000,Unfair,,0.852,0.18418520184276804,0.98075,0.17518935625505722,,0.12875000000000003,0.008995845587710827
10,TrainingSize,25,251777,1000,Our Eps-Fair,0.0,0.69825,0.0217969616402007,0.73375,0.02845443298742012,,0.035499999999999976,-0.006657471347219418
10,TrainingSize,25,251777,1000,Our Eps-Fair,0.05,0.75125,0.06054394544277317,0.824,0.06281949918295808,,0.07274999999999998,-0.002275553740184913
10,TrainingSize,25,251777,1000,Our Eps-Fair,0.1,0.80575,0.11072451058200067,0.8965,0.11362276314594054,,0.09075,-0.002898252563939871
10,TrainingSize,25,251777,1000,Our Eps-Fair,0.15,0.84525,0.1696616527898434,0.96875,0.16728098108101813,,0.12350000000000005,0.002380671708825277
10,TrainingSize,25,251777,1100,Unfair,,0.86075,0.1920600393791933,0.98075,0.17518935625505722,,0.12,0.016870683124136088
10,TrainingSize,25,251777,1100,Our Eps-Fair,0.0,0.70175,0.026682694654075523,0.73375,0.02845443298742012,,0.03200000000000003,-0.0017717383333445968
10,TrainingSize,25,251777,1100,Our Eps-Fair,0.05,0.764,0.06202886189025636,0.824,0.06281949918295808,,0.05999999999999994,-0.0007906372927017208
10,TrainingSize,25,251777,1100,Our Eps-Fair,0.1,0.8125,0.10665294126333276,0.8965,0.11362276314594054,,0.08399999999999996,-0.00696982188260778
10,TrainingSize,25,251777,1100,Our Eps-Fair,0.15,0.854,0.16874187056424073,0.96875,0.16728098108101813,,0.11475000000000002,0.0014608894832225938
10,TrainingSize,25,251777,1200,Unfair,,0.86125,0.20155394391355697,0.98075,0.17518935625505722,,0.11950000000000005,0.02636458765849975
10,TrainingSize,25,251777,1200,Our Eps-Fair,0.0,0.70125,0.01780673360679022,0.73375,0.02845443298742012,,0.03249999999999997,-0.0106476993806299
10,TrainingSize,25,251777,1200,Our Eps-Fair,0.05,0.759,0.06320217864498434,0.824,0.06281949918295808,,0.06499999999999995,0.00038267946202626135
10,TrainingSize,25,251777,1200,Our Eps-Fair,0.1,0.81225,0.10831981190891478,0.8965,0.11362276314594054,,0.08424999999999994,-0.00530295123702576
10,TrainingSize,25,251777,1200,Our Eps-Fair,0.15,0.85225,0.17257867641961191,0.96875,0.16728098108101813,,0.11650000000000005,0.005297695338593783
10,TrainingSize,25,251777,1300,Unfair,,0.86525,0.1821829548210479,0.98075,0.17518935625505722,,0.11550000000000005,0.0069935985659906885
10,TrainingSize,25,251777,1300,Our Eps-Fair,0.0,0.704,0.02584925933128454,0.73375,0.02845443298742012,,0.029750000000000054,-0.0026051736561355787
10,TrainingSize,25,251777,1300,Our Eps-Fair,0.05,0.7665,0.058541698421053,0.824,0.06281949918295808,,0.057499999999999996,-0.004277800761905079
10,TrainingSize,25,251777,1300,Our Eps-Fair,0.1,0.81775,0.11562951522345953,0.8965,0.11362276314594054,,0.07874999999999999,0.0020067520775189918
10,TrainingSize,25,251777,1300,Our Eps-Fair,0.15,0.85575,0.17236318458389926,0.96875,0.16728098108101813,,0.11299999999999999,0.005082203502881133
10,TrainingSize,25,251777,1400,Unfair,,0.87025,0.1890566688466131,0.98075,0.17518935625505722,,0.11050000000000004,0.01386731259155588
10,TrainingSize,25,251777,1400,Our Eps-Fair,0.0,0.704,0.025265103762697666,0.73375,0.02845443298742012,,0.029750000000000054,-0.0031893292247224536
10,TrainingSize,25,251777,1400,Our Eps-Fair,0.05,0.772,0.06403110891197647,0.824,0.06281949918295808,,0.051999999999999935,0.0012116097290183897
10,TrainingSize,25,251777,1400,Our Eps-Fair,0.1,0.82625,0.11129465042143545,0.8965,0.11362276314594054,,0.07024999999999992,-0.002328112724505088
10,TrainingSize,25,251777,1400,Our Eps-Fair,0.15,0.8605,0.16178681525341815,0.96875,0.16728098108101813,,0.10824999999999996,-0.005494165827599984
10,TrainingSize,25,251777,1500,Unfair,,0.87,0.19044097238125487,0.98075,0.17518935625505722,,0.11075000000000002,0.015251616126197659
10,TrainingSize,25,251777,1500,Our Eps-Fair,0.0,0.69975,0.017711126311503095,0.73375,0.02845443298742012,,0.03400000000000003,-0.010743306675917025
10,TrainingSize,25,251777,1500,Our Eps-Fair,0.05,0.77125,0.05871889728247526,0.824,0.06281949918295808,,0.052749999999999964,-0.004100601900482823
10,TrainingSize,25,251777,1500,Our Eps-Fair,0.1,0.82625,0.11581647503911265,0.8965,0.11362276314594054,,0.07024999999999992,0.0021937118931721067
10,TrainingSize,25,251777,1500,Our Eps-Fair,0.15,0.86125,0.17752222431623887,0.96875,0.16728098108101813,,0.10750000000000004,0.010241243235220743
10,TrainingSize,25,251777,1600,Unfair,,0.8755,0.1886399511852176,0.98075,0.17518935625505722,,0.10525000000000007,0.013450594930160376
10,TrainingSize,25,251777,1600,Our Eps-Fair,0.0,0.70875,0.01474129341653671,0.73375,0.02845443298742012,,0.025000000000000022,-0.01371313957088341
10,TrainingSize,25,251777,1600,Our Eps-Fair,0.05,0.77775,0.0627812062086677,0.824,0.06281949918295808,,0.0462499999999999,-3.829297429037981e-05
10,TrainingSize,25,251777,1600,Our Eps-Fair,0.1,0.831,0.1162524643280922,0.8965,0.11362276314594054,,0.0655,0.002629701182151667
10,TrainingSize,25,251777,1600,Our Eps-Fair,0.15,0.86075,0.17310101261140315,0.96875,0.16728098108101813,,0.10799999999999998,0.005820031530385017
10,TrainingSize,25,251777,1700,Unfair,,0.8785,0.1989337534047585,0.98075,0.17518935625505722,,0.10225000000000006,0.02374439714970128
10,TrainingSize,25,251777,1700,Our Eps-Fair,0.0,0.70975,0.02013009099461871,0.73375,0.02845443298742012,,0.02400000000000002,-0.00832434199280141
10,TrainingSize,25,251777,1700,Our Eps-Fair,0.05,0.775,0.05580662898938335,0.824,0.06281949918295808,,0.04899999999999993,-0.00701287019357473
10,TrainingSize,25,251777,1700,Our Eps-Fair,0.1,0.82925,0.11242992448275077,0.8965,0.11362276314594054,,0.06724999999999992,-0.0011928386631897686
10,TrainingSize,25,251777,1700,Our Eps-Fair,0.15,0.8685,0.17687074319154672,0.96875,0.16728098108101813,,0.10024999999999995,0.009589762110528588
10,TrainingSize,25,251777,1800,Unfair,,0.886,0.1976165251453444,0.98075,0.17518935625505722,,0.09475,0.022427168890287175
10,TrainingSize,25,251777,1800,Our Eps-Fair,0.0,0.7045,0.029772412089467404,0.73375,0.02845443298742012,,0.029249999999999998,0.0013179791020472842
10,TrainingSize,25,251777,1800,Our Eps-Fair,0.05,0.77825,0.05940391604478126,0.824,0.06281949918295808,,0.04574999999999996,-0.003415583138176817
10,TrainingSize,25,251777,1800,Our Eps-Fair,0.1,0.83325,0.11209454810661265,0.8965,0.11362276314594054,,0.06324999999999992,-0.0015282150393278876
10,TrainingSize,25,251777,1800,Our Eps-Fair,0.15,0.87225,0.16268732585143675,0.96875,0.16728098108101813,,0.09650000000000003,-0.004593655229581384
10,TrainingSize,25,251777,1900,Unfair,,0.8875,0.1890902064842269,0.98075,0.17518935625505722,,0.09325000000000006,0.013900850229169676
10,TrainingSize,25,251777,1900,Our Eps-Fair,0.0,0.71725,0.014808368691764329,0.73375,0.02845443298742012,,0.01649999999999996,-0.013646064295655791
10,TrainingSize,25,251777,1900,Our Eps-Fair,0.05,0.78175,0.06196203689590643,0.824,0.06281949918295808,,0.04225000000000001,-0.0008574622870516496
10,TrainingSize,25,251777,1900,Our Eps-Fair,0.1,0.834,0.10797517514030121,0.8965,0.11362276314594054,,0.0625,-0.005647588005639331
10,TrainingSize,25,251777,1900,Our Eps-Fair,0.15,0.8735,0.17141487033823707,0.96875,0.16728098108101813,,0.09524999999999995,0.004133889257218942
10,TrainingSize,25,251777,2000,Unfair,,0.884,0.1917917382782828,0.98075,0.17518935625505722,,0.09675,0.016602382023225587
10,TrainingSize,25,251777,2000,Our Eps-Fair,0.0,0.7105,0.025700842770799537,0.73375,0.02845443298742012,,0.023249999999999993,-0.002753590216620583
10,TrainingSize,25,251777,2000,Our Eps-Fair,0.05,0.77975,0.059269765494326,0.824,0.06281949918295808,,0.0442499999999999,-0.0035497336886320813
10,TrainingSize,25,251777,2000,Our Eps-Fair,0.1,0.83375,0.11081085748481233,0.8965,0.11362276314594054,,0.06274999999999997,-0.002811905661128211
10,TrainingSize,25,251777,2000,Our Eps-Fair,0.15,0.871,0.17300039969856174,0.96875,0.16728098108101813,,0.09775,0.0057194186175436035
10,PoolSize,25,251777,20,Our Eps-Fair,0.0,0.654,0.11756168359941944,0.73375,0.02845443298742012,,0.07974999999999999,0.08910725061199933
10,PoolSize,25,251777,20,Our Eps-Fair,0.05,0.69775,0.06603761070861774,0.824,0.06281949918295808,,0.12624999999999997,0.0032181115256596643
10,PoolSize,25,251777,20,Our Eps-Fair,0.1,0.75525,0.24176682281690626,0.8965,0.11362276314594054,,0.14125,0.1281440596709657
10,PoolSize,25,251777,20,Our Eps-Fair,0.15,0.83525,0.22883355846098286,0.96875,0.16728098108101813,,0.13349999999999995,0.061552577379964724
10,PoolSize,25,251777,40,Our Eps-Fair,0.0,0.68775,0.11655405278573881,0.73375,0.02845443298742012,,0.04600000000000004,0.08809961979831869
10,PoolSize,25,251777,40,Our Eps-Fair,0.05,0.75275,0.16724744344340436,0.824,0.06281949918295808,,0.07124999999999992,0.10442794426044628
10,PoolSize,25,251777,40,Our Eps-Fair,0.1,0.763,0.16828210459187823,0.8965,0.11362276314594054,,0.13349999999999995,0.05465934144593769
10,PoolSize,25,251777,40,Our Eps-Fair,0.15,0.791,0.19558074048601043,0.96875,0.16728098108101813,,0.17774999999999996,0.028299759404992297
10,PoolSize,25,251777,60,Our Eps-Fair,0.0,0.65575,0.11024722494819814,0.73375,0.02845443298742012,,0.07799999999999996,0.08179279196077802
10,PoolSize,25,251777,60,Our Eps-Fair,0.05,0.6965,0.159427167138321,0.824,0.06281949918295808,,0.12749999999999995,0.09660766795536292
10,PoolSize,25,251777,60,Our Eps-Fair,0.1,0.7395,0.21466916246757922,0.8965,0.11362276314594054,,0.15699999999999992,0.10104639932163868
10,PoolSize,25,251777,60,Our Eps-Fair,0.15,0.746,0.2100802625746744,0.96875,0.16728098108101813,,0.22275,0.04279928149365628
10,PoolSize,25,251777,80,Our Eps-Fair,0.0,0.66275,0.13937015815999504,0.73375,0.02845443298742012,,0.07100000000000006,0.11091572517257492
10,PoolSize,25,251777,80,Our Eps-Fair,0.05,0.73625,0.15840502003373286,0.824,0.06281949918295808,,0.08775,0.09558552085077478
10,PoolSize,25,251777,80,Our Eps-Fair,0.1,0.77025,0.15788768945949594,0.8965,0.11362276314594054,,0.12624999999999997,0.0442649263135554
10,PoolSize,25,251777,80,Our Eps-Fair,0.15,0.7915,0.1658631399087626,0.96875,0.16728098108101813,,0.17725000000000002,-0.0014178411722555184
10,PoolSize,25,251777,100,Our Eps-Fair,0.0,0.681,0.0735407811416362,0.73375,0.02845443298742012,,0.052749999999999964,0.04508634815421608
10,PoolSize,25,251777,100,Our Eps-Fair,0.05,0.72525,0.12487439028449678,0.824,0.06281949918295808,,0.09875,0.062054891101538695
10,PoolSize,25,251777,100,Our Eps-Fair,0.1,0.80325,0.2007970945393468,0.8965,0.11362276314594054,,0.09324999999999994,0.08717433139340626
10,PoolSize,25,251777,100,Our Eps-Fair,0.15,0.823,0.1837109195794981,0.96875,0.16728098108101813,,0.14575000000000005,0.016429938498479957
10,PoolSize,25,251777,120,Our Eps-Fair,0.0,0.685,0.10441718218270454,0.73375,0.02845443298742012,,0.04874999999999996,0.07596274919528442
10,PoolSize,25,251777,120,Our Eps-Fair,0.05,0.73925,0.1272933549676124,0.824,0.06281949918295808,,0.08474999999999999,0.06447385578465432
10,PoolSize,25,251777,120,Our Eps-Fair,0.1,0.78325,0.21316021905583543,0.8965,0.11362276314594054,,0.11324999999999996,0.09953745590989489
10,PoolSize,25,251777,120,Our Eps-Fair,0.15,0.81975,0.2100897732480276,0.96875,0.16728098108101813,,0.14900000000000002,0.042808792167009474
10,PoolSize,25,251777,140,Our Eps-Fair,0.0,0.63725,0.11125510604275651,0.73375,0.02845443298742012,,0.09650000000000003,0.0828006730553364
10,PoolSize,25,251777,140,Our Eps-Fair,0.05,0.705,0.11112095549230125,0.824,0.06281949918295808,,0.119,0.04830145630934317
10,PoolSize,25,251777,140,Our Eps-Fair,0.1,0.76475,0.1515550826915506,0.8965,0.11362276314594054,,0.13174999999999992,0.03793231954561006
10,PoolSize,25,251777,140,Our Eps-Fair,0.15,0.837,0.18799798073387863,0.96875,0.16728098108101813,,0.13175000000000003,0.0207169996528605
10,PoolSize,25,251777,160,Our Eps-Fair,0.0,0.64375,0.1685446492326013,0.73375,0.02845443298742012,,0.08999999999999997,0.14009021624518117
10,PoolSize,25,251777,160,Our Eps-Fair,0.05,0.73,0.07404159317794395,0.824,0.06281949918295808,,0.09399999999999997,0.011222093994985874
10,PoolSize,25,251777,160,Our Eps-Fair,0.1,0.80225,0.17218598572247706,0.8965,0.11362276314594054,,0.09424999999999994,0.058563222576536525
10,PoolSize,25,251777,160,Our Eps-Fair,0.15,0.85225,0.16907724694037884,0.96875,0.16728098108101813,,0.11650000000000005,0.0017962658593607128
10,PoolSize,25,251777,180,Our Eps-Fair,0.0,0.68975,0.11646194942273966,0.73375,0.02845443298742012,,0.04400000000000004,0.08800751643531954
10,PoolSize,25,251777,180,Our Eps-Fair,0.05,0.7635,0.1099536454786384,0.824,0.06281949918295808,,0.0605,0.047134146295680315
10,PoolSize,25,251777,180,Our Eps-Fair,0.1,0.80675,0.1806787667459807,0.8965,0.11362276314594054,,0.08975,0.06705600360004017
10,PoolSize,25,251777,180,Our Eps-Fair,0.15,0.85175,0.16710853755627253,0.96875,0.16728098108101813,,0.11699999999999999,-0.00017244352474560243
10,PoolSize,25,251777,200,Our Eps-Fair,0.0,0.683,0.1458534340163248,0.73375,0.02845443298742012,,0.05074999999999996,0.11739900102890469
10,PoolSize,25,251777,200,Our Eps-Fair,0.05,0.765,0.09594242138239639,0.824,0.06281949918295808,,0.05899999999999994,0.03312292219943831
10,PoolSize,25,251777,200,Our Eps-Fair,0.1,0.824,0.17557253627883895,0.8965,0.11362276314594054,,0.07250000000000001,0.061949773132898414
10,PoolSize,25,251777,200,Our Eps-Fair,0.15,0.86075,0.17928019720130917,0.96875,0.16728098108101813,,0.10799999999999998,0.011999216120291034
10,PoolSize,25,251777,220,Our Eps-Fair,0.0,0.678,0.12508387537914428,0.73375,0.02845443298742012,,0.055749999999999966,0.09662944239172416
10,PoolSize,25,251777,220,Our Eps-Fair,0.05,0.7485,0.07293084664264472,0.824,0.06281949918295808,,0.0754999999999999,0.010111347459686643
10,PoolSize,25,251777,220,Our Eps-Fair,0.1,0.81325,0.17412115746896956,0.8965,0.11362276314594054,,0.08324999999999994,0.06049839432302902
10,PoolSize,25,251777,220,Our Eps-Fair,0.15,0.849,0.16555654583356172,0.96875,0.16728098108101813,,0.11975000000000002,-0.0017244352474564129
10,PoolSize,25,251777,240,Our Eps-Fair,0.0,0.67225,0.1003240887085532,0.73375,0.02845443298742012,,0.0615,0.07186965572113307
10,PoolSize,25,251777,240,Our Eps-Fair,0.05,0.7615,0.0807914181690402,0.824,0.06281949918295808,,0.0625,0.017971918986082122
10,PoolSize,25,251777,240,Our Eps-Fair,0.1,0.82075,0.17557253627883895,0.8965,0.11362276314594054,,0.07574999999999998,0.061949773132898414
10,PoolSize,25,251777,240,Our Eps-Fair,0.15,0.847,0.18008960555983955,0.96875,0.16728098108101813,,0.12175000000000002,0.012808624478821418
10,PoolSize,25,251777,260,Our Eps-Fair,0.0,0.693,0.06272239020240464,0.73375,0.02845443298742012,,0.040750000000000064,0.03426795721498452
10,PoolSize,25,251777,260,Our Eps-Fair,0.05,0.78225,0.10439715971248734,0.824,0.06281949918295808,,0.041749999999999954,0.041577660529529256
10,PoolSize,25,251777,260,Our Eps-Fair,0.1,0.83125,0.1765401221520852,0.8965,0.11362276314594054,,0.06524999999999992,0.06291735900614466
10,PoolSize,25,251777,260,Our Eps-Fair,0.15,0.865,0.16630863987109534,0.96875,0.16728098108101813,,0.10375000000000001,-0.000972341209922789
10,PoolSize,25,251777,280,Our Eps-Fair,0.0,0.70125,0.05429668445412861,0.73375,0.02845443298742012,,0.03249999999999997,0.025842251466708488
10,PoolSize,25,251777,280,Our Eps-Fair,0.05,0.7865,0.10543182086096121,0.824,0.06281949918295808,,0.03749999999999998,0.042612321678003134
10,PoolSize,25,251777,280,Our Eps-Fair,0.1,0.83225,0.1770239150887083,0.8965,0.11362276314594054,,0.06424999999999992,0.06340115194276776
10,PoolSize,25,251777,280,Our Eps-Fair,0.15,0.8775,0.1649098200455461,0.96875,0.16728098108101813,,0.09125000000000005,-0.0023711610354720247
10,PoolSize,25,251777,300,Our Eps-Fair,0.0,0.688,0.05775031028571814,0.73375,0.02845443298742012,,0.04575000000000007,0.029295877298298023
10,PoolSize,25,251777,300,Our Eps-Fair,0.05,0.77975,0.08913127757625995,0.824,0.06281949918295808,,0.0442499999999999,0.02631177839330187
10,PoolSize,25,251777,300,Our Eps-Fair,0.1,0.82525,0.1499122390102292,0.8965,0.11362276314594054,,0.07124999999999992,0.03628947586428867
10,PoolSize,25,251777,300,Our Eps-Fair,0.15,0.8615,0.16776001868096474,0.96875,0.16728098108101813,,0.10724999999999996,0.0004790375999466079
10,TrainingSize,26,261777,100,Unfair,,0.65825,0.12713114292683841,0.9835,0.18624084463875804,,0.32525000000000004,-0.05910970171191962
10,TrainingSize,26,261777,100,Our Eps-Fair,0.0,0.58475,0.02766091856966829,0.76775,0.03963622489507693,,0.18300000000000005,-0.011975306325408636
10,TrainingSize,26,261777,100,Our Eps-Fair,0.05,0.61875,0.06189305662407195,0.80325,0.05294879252434653,,0.1845,0.008944264099725416
10,TrainingSize,26,261777,100,Our Eps-Fair,0.1,0.65125,0.09919251433896885,0.89075,0.120429825055198,,0.23950000000000005,-0.021237310716229155
10,TrainingSize,26,261777,100,Our Eps-Fair,0.15,0.65825,0.12713114292683841,0.96625,0.1777481720551167,,0.30800000000000005,-0.050617029128278285
10,TrainingSize,26,261777,200,Unfair,,0.75825,0.18045897209764883,0.9835,0.18624084463875804,,0.22525000000000006,-0.0057818725411092065
10,TrainingSize,26,261777,200,Our Eps-Fair,0.0,0.64525,0.018913052996328478,0.76775,0.03963622489507693,,0.12250000000000005,-0.02072317189874845
10,TrainingSize,26,261777,200,Our Eps-Fair,0.05,0.694,0.05493404387067721,0.80325,0.05294879252434653,,0.10925000000000007,0.00198525134633068
10,TrainingSize,26,261777,200,Our Eps-Fair,0.1,0.73325,0.10270391983937854,0.89075,0.120429825055198,,0.15750000000000008,-0.01772590521581946
10,TrainingSize,26,261777,200,Our Eps-Fair,0.15,0.75475,0.15230017700886295,0.96625,0.1777481720551167,,0.21150000000000002,-0.025447995046253752
10,TrainingSize,26,261777,300,Unfair,,0.7865,0.1715147079979234,0.9835,0.18624084463875804,,0.19700000000000006,-0.014726136640834636
10,TrainingSize,26,261777,300,Our Eps-Fair,0.0,0.668,0.021601336010357824,0.76775,0.03963622489507693,,0.09975,-0.018034888884719102
10,TrainingSize,26,261777,300,Our Eps-Fair,0.05,0.7145,0.05039310978927815,0.80325,0.05294879252434653,,0.08875,-0.0025556827350683847
10,TrainingSize,26,261777,300,Our Eps-Fair,0.1,0.75925,0.10057355875380758,0.89075,0.120429825055198,,0.13150000000000006,-0.019856266301390424
10,TrainingSize,26,261777,300,Our Eps-Fair,0.15,0.78375,0.15758667492291045,0.96625,0.1777481720551167,,0.1825000000000001,-0.020161497132206246
10,TrainingSize,26,261777,400,Unfair,,0.81725,0.1953677468585618,0.9835,0.18624084463875804,,0.16625,0.009126902219803779
10,TrainingSize,26,261777,400,Our Eps-Fair,0.0,0.67275,0.018607822165512683,0.76775,0.03963622489507693,,0.09500000000000008,-0.021028402729564244
10,TrainingSize,26,261777,400,Our Eps-Fair,0.05,0.732,0.048350314925662524,0.80325,0.05294879252434653,,0.07125000000000004,-0.004598477598684009
10,TrainingSize,26,261777,400,Our Eps-Fair,0.1,0.7865,0.10932142432714742,0.89075,0.120429825055198,,0.10425000000000006,-0.011108400728050583
10,TrainingSize,26,261777,400,Our Eps-Fair,0.15,0.81075,0.16136953571138174,0.96625,0.1777481720551167,,0.15550000000000008,-0.01637863634373496
10,TrainingSize,26,261777,500,Unfair,,0.847,0.19282457358377272,0.9835,0.18624084463875804,,0.13650000000000007,0.0065837289450146885
10,TrainingSize,26,261777,500,Our Eps-Fair,0.0,0.68725,0.019599822365664016,0.76775,0.03963622489507693,,0.08050000000000002,-0.02003640252941291
10,TrainingSize,26,261777,500,Our Eps-Fair,0.05,0.7595,0.06693812195472827,0.80325,0.05294879252434653,,0.04375000000000007,0.013989329430381739
10,TrainingSize,26,261777,500,Our Eps-Fair,0.1,0.804,0.10206593736513238,0.89075,0.120429825055198,,0.08675,-0.018363887690065625
10,TrainingSize,26,261777,500,Our Eps-Fair,0.15,0.83575,0.14901894557759304,0.96625,0.1777481720551167,,0.13050000000000006,-0.028729226477523656
10,TrainingSize,26,261777,600,Unfair,,0.84575,0.1905478518129335,0.9835,0.18624084463875804,,0.13775000000000004,0.004307007174175453
10,TrainingSize,26,261777,600,Our Eps-Fair,0.0,0.692,0.015476704257594814,0.76775,0.03963622489507693,,0.0757500000000001,-0.024159520637482113
10,TrainingSize,26,261777,600,Our Eps-Fair,0.05,0.7495,0.054107168546213086,0.80325,0.05294879252434653,,0.053749999999999964,0.0011583760218665529
10,TrainingSize,26,261777,600,Our Eps-Fair,0.1,0.80175,0.0999493366858687,0.89075,0.120429825055198,,0.08900000000000008,-0.02048048836932931
10,TrainingSize,26,261777,600,Our Eps-Fair,0.15,0.83675,0.1518748553593655,0.96625,0.1777481720551167,,0.12950000000000006,-0.025873316695751186
10,TrainingSize,26,261777,700,Unfair,,0.8575,0.19165869188573859,0.9835,0.18624084463875804,,0.126,0.0054178472469805505
10,TrainingSize,26,261777,700,Our Eps-Fair,0.0,0.695,0.013832961176890035,0.76775,0.03963622489507693,,0.07275000000000009,-0.025803263718186892
10,TrainingSize,26,261777,700,Our Eps-Fair,0.05,0.76325,0.06769494430162812,0.80325,0.05294879252434653,,0.040000000000000036,0.014746151777281585
10,TrainingSize,26,261777,700,Our Eps-Fair,0.1,0.81325,0.11156311960920445,0.89075,0.120429825055198,,0.07750000000000001,-0.00886670544599355
10,TrainingSize,26,261777,700,Our Eps-Fair,0.15,0.85125,0.1574127934250277,0.96625,0.1777481720551167,,0.1150000000000001,-0.020335378630088996
10,TrainingSize,26,261777,800,Unfair,,0.8635,0.18976726149150297,0.9835,0.18624084463875804,,0.12,0.0035264168527449347
10,TrainingSize,26,261777,800,Our Eps-Fair,0.0,0.70625,0.01542541547044951,0.76775,0.03963622489507693,,0.0615,-0.024210809424627416
10,TrainingSize,26,261777,800,Our Eps-Fair,0.05,0.76575,0.05500659874029734,0.80325,0.05294879252434653,,0.03749999999999998,0.002057806215950808
10,TrainingSize,26,261777,800,Our Eps-Fair,0.1,0.8225,0.10718230661938091,0.89075,0.120429825055198,,0.06825000000000003,-0.01324751843581709
10,TrainingSize,26,261777,800,Our Eps-Fair,0.15,0.85475,0.15220010132662826,0.96625,0.1777481720551167,,0.11150000000000004,-0.025548070728488442
10,TrainingSize,26,261777,900,Unfair,,0.87575,0.1905566084351291,0.9835,0.18624084463875804,,0.10775000000000001,0.004315763796371053
10,TrainingSize,26,261777,900,Our Eps-Fair,0.0,0.70725,0.01489376340857776,0.76775,0.03963622489507693,,0.0605,-0.024742461486499168
10,TrainingSize,26,261777,900,Our Eps-Fair,0.05,0.76975,0.06644650016575035,0.80325,0.05294879252434653,,0.033499999999999974,0.013497707641403817
10,TrainingSize,26,261777,900,Our Eps-Fair,0.1,0.82075,0.10790910626161034,0.89075,0.120429825055198,,0.07000000000000006,-0.012520718793587668
10,TrainingSize,26,261777,900,Our Eps-Fair,0.15,0.86575,0.15543754964692047,0.96625,0.1777481720551167,,0.10050000000000003,-0.02231062240819623
10,TrainingSize,26,261777,1000,Unfair,,0.87775,0.18944576836232402,0.9835,0.18624084463875804,,0.10575000000000001,0.0032049237235659833
10,TrainingSize,26,261777,1000,Our Eps-Fair,0.0,0.7085,0.01409941268083989,0.76775,0.03963622489507693,,0.059250000000000025,-0.025536812214237037
10,TrainingSize,26,261777,1000,Our Eps-Fair,0.05,0.7805,0.0649866461511518,0.80325,0.05294879252434653,,0.022750000000000048,0.012037853626805262
10,TrainingSize,26,261777,1000,Our Eps-Fair,0.1,0.82775,0.10415251533972567,0.89075,0.120429825055198,,0.06300000000000006,-0.016277309715472338
10,TrainingSize,26,261777,1000,Our Eps-Fair,0.15,0.865,0.15776055642079323,0.96625,0.1777481720551167,,0.10125000000000006,-0.01998761563432347
10,TrainingSize,26,261777,1100,Unfair,,0.88125,0.19087810156430804,0.9835,0.18624084463875804,,0.10225000000000006,0.004637256925550004
10,TrainingSize,26,261777,1100,Our Eps-Fair,0.0,0.7175,0.013258776950068496,0.76775,0.03963622489507693,,0.05025000000000002,-0.02637744794500843
10,TrainingSize,26,261777,1100,Our Eps-Fair,0.05,0.77675,0.060824748716216626,0.80325,0.05294879252434653,,0.026499999999999968,0.007875956191870093
10,TrainingSize,26,261777,1100,Our Eps-Fair,0.1,0.83225,0.10977301584323144,0.89075,0.120429825055198,,0.058499999999999996,-0.010656809211966559
10,TrainingSize,26,261777,1100,Our Eps-Fair,0.15,0.86975,0.1561080567178929,0.96625,0.1777481720551167,,0.09650000000000003,-0.021640115337223792
10,TrainingSize,26,261777,1200,Unfair,,0.88425,0.18901419198268693,0.9835,0.18624084463875804,,0.09925000000000006,0.0027733473439288947
10,TrainingSize,26,261777,1200,Our Eps-Fair,0.0,0.71475,0.012777162729314034,0.76775,0.03963622489507693,,0.05300000000000005,-0.026859062165762893
10,TrainingSize,26,261777,1200,Our Eps-Fair,0.05,0.7825,0.058605570462662376,0.80325,0.05294879252434653,,0.020750000000000046,0.005656777938315843
10,TrainingSize,26,261777,1200,Our Eps-Fair,0.1,0.839,0.1084507658917056,0.89075,0.120429825055198,,0.051750000000000074,-0.0119790591634924
10,TrainingSize,26,261777,1200,Our Eps-Fair,0.15,0.8785,0.15989341939842006,0.96625,0.1777481720551167,,0.0877500000000001,-0.017854752656696643
10,TrainingSize,26,261777,1300,Unfair,,0.88825,0.19761694781678646,0.9835,0.18624084463875804,,0.09525000000000006,0.011376103178028424
10,TrainingSize,26,261777,1300,Our Eps-Fair,0.0,0.7105,0.016807710831316186,0.76775,0.03963622489507693,,0.05725000000000002,-0.02282851406376074
10,TrainingSize,26,261777,1300,Our Eps-Fair,0.05,0.78525,0.061497757679244924,0.80325,0.05294879252434653,,0.018000000000000016,0.008548965154898391
10,TrainingSize,26,261777,1300,Our Eps-Fair,0.1,0.83975,0.11348832554619431,0.89075,0.120429825055198,,0.051000000000000045,-0.00694149950900369
10,TrainingSize,26,261777,1300,Our Eps-Fair,0.15,0.8805,0.1575503974881004,0.96625,0.1777481720551167,,0.0857500000000001,-0.020197774567016297
10,TrainingSize,26,261777,1400,Unfair,,0.888,0.19601948973911523,0.9835,0.18624084463875804,,0.09550000000000003,0.009778645100357197
10,TrainingSize,26,261777,1400,Our Eps-Fair,0.0,0.70875,0.018781703663395433,0.76775,0.03963622489507693,,0.05900000000000005,-0.020854521231681494
10,TrainingSize,26,261777,1400,Our Eps-Fair,0.05,0.778,0.056383890317052265,0.80325,0.05294879252434653,,0.025249999999999995,0.0034350977927057325
10,TrainingSize,26,261777,1400,Our Eps-Fair,0.1,0.8405,0.11697095928796152,0.89075,0.120429825055198,,0.05025000000000002,-0.003458865767236488
10,TrainingSize,26,261777,1400,Our Eps-Fair,0.15,0.87575,0.16430050225483023,0.96625,0.1777481720551167,,0.09050000000000002,-0.013447669800286471
10,TrainingSize,26,261777,1500,Unfair,,0.886,0.19147480281963233,0.9835,0.18624084463875804,,0.09750000000000003,0.0052339581808742985
10,TrainingSize,26,261777,1500,Our Eps-Fair,0.0,0.70875,0.020351640928452153,0.76775,0.03963622489507693,,0.05900000000000005,-0.019284583966624774
10,TrainingSize,26,261777,1500,Our Eps-Fair,0.05,0.77725,0.06004415839478605,0.80325,0.05294879252434653,,0.026000000000000023,0.007095365870439518
10,TrainingSize,26,261777,1500,Our Eps-Fair,0.1,0.83725,0.10847828670432014,0.89075,0.120429825055198,,0.05349999999999999,-0.011951538350877866
10,TrainingSize,26,261777,1500,Our Eps-Fair,0.15,0.879,0.16232650942275095,0.96625,0.1777481720551167,,0.08725000000000005,-0.015421662632365746
10,TrainingSize,26,261777,1600,Unfair,,0.887,0.19447707328667307,0.9835,0.18624084463875804,,0.09650000000000003,0.00823622864791504
10,TrainingSize,26,261777,1600,Our Eps-Fair,0.0,0.71075,0.013291301546794754,0.76775,0.03963622489507693,,0.05700000000000005,-0.026344923348282173
10,TrainingSize,26,261777,1600,Our Eps-Fair,0.05,0.779,0.048552968182187795,0.80325,0.05294879252434653,,0.024249999999999994,-0.004395824342158738
10,TrainingSize,26,261777,1600,Our Eps-Fair,0.1,0.844,0.10530713852350841,0.89075,0.120429825055198,,0.04675000000000007,-0.015122686531689591
10,TrainingSize,26,261777,1600,Our Eps-Fair,0.15,0.8785,0.16038003740328624,0.96625,0.1777481720551167,,0.0877500000000001,-0.017368134651830458
10,TrainingSize,26,261777,1700,Unfair,,0.90075,0.195156336979841,0.9835,0.18624084463875804,,0.08274999999999999,0.008915492341082965
10,TrainingSize,26,261777,1700,Our Eps-Fair,0.0,0.722,0.010790660436955452,0.76775,0.03963622489507693,,0.04575000000000007,-0.028845564458121475
10,TrainingSize,26,261777,1700,Our Eps-Fair,0.05,0.78475,0.051009826181049406,0.80325,0.05294879252434653,,0.018500000000000072,-0.0019389663432971271
10,TrainingSize,26,261777,1700,Our Eps-Fair,0.1,0.84175,0.10542097461205036,0.89075,0.120429825055198,,0.049000000000000044,-0.015008850443147648
10,TrainingSize,26,261777,1700,Our Eps-Fair,0.15,0.88725,0.15521112841586449,0.96625,0.1777481720551167,,0.07900000000000007,-0.022537043639252213
10,TrainingSize,26,261777,1800,Unfair,,0.89875,0.19415558015749412,0.9835,0.18624084463875804,,0.08474999999999999,0.007914735518736088
10,TrainingSize,26,261777,1800,Our Eps-Fair,0.0,0.718,0.013373863984638384,0.76775,0.03963622489507693,,0.04975000000000007,-0.026262360910438542
10,TrainingSize,26,261777,1800,Our Eps-Fair,0.05,0.78725,0.060625848297775176,0.80325,0.05294879252434653,,0.016000000000000014,0.007677055773428643
10,TrainingSize,26,261777,1800,Our Eps-Fair,0.1,0.84,0.10595012478186629,0.89075,0.120429825055198,,0.05075000000000007,-0.014479700273331716
10,TrainingSize,26,261777,1800,Our Eps-Fair,0.15,0.8865,0.16010482927714084,0.96625,0.1777481720551167,,0.0797500000000001,-0.017643342777975857
10,TrainingSize,26,261777,1900,Unfair,,0.90175,0.19569799660993628,0.9835,0.18624084463875804,,0.08174999999999999,0.009457151971178246
10,TrainingSize,26,261777,1900,Our Eps-Fair,0.0,0.72175,0.012707109751749768,0.76775,0.03963622489507693,,0.04600000000000004,-0.02692911514332716
10,TrainingSize,26,261777,1900,Our Eps-Fair,0.05,0.7865,0.06423983137247544,0.80325,0.05294879252434653,,0.016750000000000043,0.011291038848128904
10,TrainingSize,26,261777,1900,Our Eps-Fair,0.1,0.84425,0.10682578700141983,0.89075,0.120429825055198,,0.0465000000000001,-0.013604038053778175
10,TrainingSize,26,261777,1900,Our Eps-Fair,0.15,0.89325,0.15561518398288707,0.96625,0.1777481720551167,,0.07300000000000006,-0.02213298807222963
10,TrainingSize,26,261777,2000,Unfair,,0.90325,0.18912427523314507,0.9835,0.18624084463875804,,0.08025000000000004,0.002883430594387032
10,TrainingSize,26,261777,2000,Our Eps-Fair,0.0,0.72275,0.013734136440683248,0.76775,0.03963622489507693,,0.04500000000000004,-0.02590208845439368
10,TrainingSize,26,261777,2000,Our Eps-Fair,0.05,0.791,0.060888546963641266,0.80325,0.05294879252434653,,0.012249999999999983,0.007939754439294733
10,TrainingSize,26,261777,2000,Our Eps-Fair,0.1,0.8495,0.10857961333258277,0.89075,0.120429825055198,,0.04125000000000001,-0.011850211722615231
10,TrainingSize,26,261777,2000,Our Eps-Fair,0.15,0.8895,0.1565884199926194,0.96625,0.1777481720551167,,0.0767500000000001,-0.02115975206249729
10,PoolSize,26,261777,20,Our Eps-Fair,0.0,0.7705,0.16361248193946673,0.76775,0.03963622489507693,,-0.002749999999999919,0.1239762570443898
10,PoolSize,26,261777,20,Our Eps-Fair,0.05,0.8205,0.19604951244378563,0.80325,0.05294879252434653,,-0.017249999999999988,0.1431007199194391
10,PoolSize,26,261777,20,Our Eps-Fair,0.1,0.82225,0.21350271142551552,0.89075,0.120429825055198,,0.0685,0.09307288637031752
10,PoolSize,26,261777,20,Our Eps-Fair,0.15,0.827,0.21453098906047696,0.96625,0.1777481720551167,,0.1392500000000001,0.03678281700536026
10,PoolSize,26,261777,40,Our Eps-Fair,0.0,0.7835,0.1151170572745639,0.76775,0.03963622489507693,,-0.01574999999999993,0.07548083237948697
10,PoolSize,26,261777,40,Our Eps-Fair,0.05,0.79775,0.1710305918851131,0.80325,0.05294879252434653,,0.00550000000000006,0.11808179936076657
10,PoolSize,26,261777,40,Our Eps-Fair,0.1,0.81625,0.18820858274069768,0.89075,0.120429825055198,,0.07450000000000001,0.06777875768549968
10,PoolSize,26,261777,40,Our Eps-Fair,0.15,0.84425,0.20032774785931862,0.96625,0.1777481720551167,,0.12200000000000011,0.022579575804201918
10,PoolSize,26,261777,60,Our Eps-Fair,0.0,0.667,0.21076939435448058,0.76775,0.03963622489507693,,0.10075,0.17113316945940366
10,PoolSize,26,261777,60,Our Eps-Fair,0.05,0.777,0.11103146754733267,0.80325,0.05294879252434653,,0.026249999999999996,0.05808267502298614
10,PoolSize,26,261777,60,Our Eps-Fair,0.1,0.81175,0.15349483046553955,0.89075,0.120429825055198,,0.07900000000000007,0.03306500541034155
10,PoolSize,26,261777,60,Our Eps-Fair,0.15,0.83,0.18108444511161567,0.96625,0.1777481720551167,,0.1362500000000001,0.003336273056498973
10,PoolSize,26,261777,80,Our Eps-Fair,0.0,0.68125,0.051385109989429495,0.76775,0.03963622489507693,,0.08650000000000002,0.011748885094352568
10,PoolSize,26,261777,80,Our Eps-Fair,0.05,0.77925,0.11535598796589923,0.80325,0.05294879252434653,,0.02400000000000002,0.062407195441552696
10,PoolSize,26,261777,80,Our Eps-Fair,0.1,0.83425,0.1500885044314763,0.89075,0.120429825055198,,0.056499999999999995,0.029658679376278307
10,PoolSize,26,261777,80,Our Eps-Fair,0.15,0.86375,0.19491115155836602,0.96625,0.1777481720551167,,0.10250000000000004,0.017162979503249326
10,PoolSize,26,261777,100,Our Eps-Fair,0.0,0.67575,0.08999180630351702,0.76775,0.03963622489507693,,0.09200000000000008,0.0503555814084401
10,PoolSize,26,261777,100,Our Eps-Fair,0.05,0.78525,0.11757516621945344,0.80325,0.05294879252434653,,0.018000000000000016,0.0646263736951069
10,PoolSize,26,261777,100,Our Eps-Fair,0.1,0.8285,0.15701123975006098,0.89075,0.120429825055198,,0.06225000000000003,0.03658141469486298
10,PoolSize,26,261777,100,Our Eps-Fair,0.15,0.861,0.19428692949042714,0.96625,0.1777481720551167,,0.10525000000000007,0.01653875743531044
10,PoolSize,26,261777,120,Our Eps-Fair,0.0,0.705,0.08028821796483593,0.76775,0.03963622489507693,,0.06275000000000008,0.040651993069759
10,PoolSize,26,261777,120,Our Eps-Fair,0.05,0.8,0.12190218853007588,0.80325,0.05294879252434653,,0.003249999999999975,0.06895339600572935
10,PoolSize,26,261777,120,Our Eps-Fair,0.1,0.82225,0.18216776437180618,0.89075,0.120429825055198,,0.0685,0.061737939316608176
10,PoolSize,26,261777,120,Our Eps-Fair,0.15,0.85225,0.18165362555432546,0.96625,0.1777481720551167,,0.1140000000000001,0.003905453499208761
10,PoolSize,26,261777,140,Our Eps-Fair,0.0,0.69675,0.16150338693637065,0.76775,0.03963622489507693,,0.07100000000000006,0.12186716204129372
10,PoolSize,26,261777,140,Our Eps-Fair,0.05,0.8025,0.11300546037941193,0.80325,0.05294879252434653,,0.0007500000000000284,0.0600566678550654
10,PoolSize,26,261777,140,Our Eps-Fair,0.1,0.836,0.1500109457777444,0.89075,0.120429825055198,,0.054750000000000076,0.0295811207225464
10,PoolSize,26,261777,140,Our Eps-Fair,0.15,0.874,0.1695982586831291,0.96625,0.1777481720551167,,0.09225000000000005,-0.008149913371987588
10,PoolSize,26,261777,160,Our Eps-Fair,0.0,0.69875,0.0922410072617417,0.76775,0.03963622489507693,,0.06900000000000006,0.05260478236666477
10,PoolSize,26,261777,160,Our Eps-Fair,0.05,0.7825,0.12030473045240464,0.80325,0.05294879252434653,,0.020750000000000046,0.06735593792805811
10,PoolSize,26,261777,160,Our Eps-Fair,0.1,0.8415,0.15195866874323707,0.89075,0.120429825055198,,0.049250000000000016,0.03152884368803907
10,PoolSize,26,261777,160,Our Eps-Fair,0.15,0.879,0.16942938096935806,0.96625,0.1777481720551167,,0.08725000000000005,-0.008318791085758642
10,PoolSize,26,261777,180,Our Eps-Fair,0.0,0.66325,0.11994946178047147,0.76775,0.03963622489507693,,0.10450000000000004,0.08031323688539455
10,PoolSize,26,261777,180,Our Eps-Fair,0.05,0.77175,0.09552098774698367,0.80325,0.05294879252434653,,0.03149999999999997,0.04257219522263714
10,PoolSize,26,261777,180,Our Eps-Fair,0.1,0.85575,0.14408396349739488,0.89075,0.120429825055198,,0.03500000000000003,0.02365413844219688
10,PoolSize,26,261777,180,Our Eps-Fair,0.15,0.8835,0.17043013779170496,0.96625,0.1777481720551167,,0.0827500000000001,-0.007318034263411738
10,PoolSize,26,261777,200,Our Eps-Fair,0.0,0.69575,0.09906241595206375,0.76775,0.03963622489507693,,0.07200000000000006,0.05942619105698682
10,PoolSize,26,261777,200,Our Eps-Fair,0.05,0.75025,0.09554100288343059,0.80325,0.05294879252434653,,0.05300000000000005,0.04259221035908406
10,PoolSize,26,261777,200,Our Eps-Fair,0.1,0.83475,0.12996328473408014,0.89075,0.120429825055198,,0.05600000000000005,0.009533459678882139
10,PoolSize,26,261777,200,Our Eps-Fair,0.15,0.87725,0.16362123856166227,0.96625,0.1777481720551167,,0.08900000000000008,-0.014126933493454424
10,PoolSize,26,261777,220,Our Eps-Fair,0.0,0.6615,0.12520093320573683,0.76775,0.03963622489507693,,0.10625000000000007,0.0855647083106599
10,PoolSize,26,261777,220,Our Eps-Fair,0.05,0.761,0.0898379399420812,0.80325,0.05294879252434653,,0.04225000000000001,0.03688914741773466
10,PoolSize,26,261777,220,Our Eps-Fair,0.1,0.83025,0.14459810231487563,0.89075,0.120429825055198,,0.0605,0.02416827725967763
10,PoolSize,26,261777,220,Our Eps-Fair,0.15,0.86925,0.17386773747646658,0.96625,0.1777481720551167,,0.09700000000000009,-0.003880434578650116
10,PoolSize,26,261777,240,Our Eps-Fair,0.0,0.6875,0.11001569937265054,0.76775,0.03963622489507693,,0.08025000000000004,0.07037947447757362
10,PoolSize,26,261777,240,Our Eps-Fair,0.05,0.73325,0.09162804370805422,0.80325,0.05294879252434653,,0.07000000000000006,0.038679251183707686
10,PoolSize,26,261777,240,Our Eps-Fair,0.1,0.8205,0.11808805409090627,0.89075,0.120429825055198,,0.07025000000000003,-0.0023417709642917367
10,PoolSize,26,261777,240,Our Eps-Fair,0.15,0.867,0.16396649966537197,0.96625,0.1777481720551167,,0.09925000000000006,-0.013781672389744731
10,PoolSize,26,261777,260,Our Eps-Fair,0.0,0.6795,0.12145560079810358,0.76775,0.03963622489507693,,0.08825000000000005,0.08181937590302665
10,PoolSize,26,261777,260,Our Eps-Fair,0.05,0.73925,0.08822171767399098,0.80325,0.05294879252434653,,0.06400000000000006,0.035272925149644446
10,PoolSize,26,261777,260,Our Eps-Fair,0.1,0.808,0.11614158207144153,0.89075,0.120429825055198,,0.08274999999999999,-0.004288242983756477
10,PoolSize,26,261777,260,Our Eps-Fair,0.15,0.85,0.1600735556264425,0.96625,0.1777481720551167,,0.11625000000000008,-0.01767461642867421
10,PoolSize,26,261777,280,Our Eps-Fair,0.0,0.68375,0.10365338787458017,0.76775,0.03963622489507693,,0.08400000000000007,0.06401716297950324
10,PoolSize,26,261777,280,Our Eps-Fair,0.05,0.74025,0.0753332207481908,0.80325,0.05294879252434653,,0.06300000000000006,0.02238442822384426
10,PoolSize,26,261777,280,Our Eps-Fair,0.1,0.81375,0.11649434885131882,0.89075,0.120429825055198,,0.07700000000000007,-0.003935476203879185
10,PoolSize,26,261777,280,Our Eps-Fair,0.15,0.86375,0.16518241920452342,0.96625,0.1777481720551167,,0.10250000000000004,-0.012565752850593276
10,PoolSize,26,261777,300,Our Eps-Fair,0.0,0.65975,0.1334734392884619,0.76775,0.03963622489507693,,0.1080000000000001,0.09383721439338497
10,PoolSize,26,261777,300,Our Eps-Fair,0.05,0.75125,0.07738977601811367,0.80325,0.05294879252434653,,0.052000000000000046,0.024440983493767138
10,PoolSize,26,261777,300,Our Eps-Fair,0.1,0.8225,0.11546607121635738,0.89075,0.120429825055198,,0.06825000000000003,-0.004963753838840623
10,PoolSize,26,261777,300,Our Eps-Fair,0.15,0.872,0.1657240788346187,0.96625,0.1777481720551167,,0.09425000000000006,-0.012024093220497994
10,TrainingSize,27,271777,100,Unfair,,0.567,0.1599483498765758,0.9805,0.17917611851922977,,0.4135000000000001,-0.019227768642653964
10,TrainingSize,27,271777,100,Our Eps-Fair,0.0,0.51,0.034375737644578325,0.742,0.02927773843673362,,0.23199999999999998,0.005097999207844706
10,TrainingSize,27,271777,100,Our Eps-Fair,0.05,0.54575,0.0866689871214758,0.8225,0.0658879140311501,,0.27675000000000005,0.020781073090325702
10,TrainingSize,27,271777,100,Our Eps-Fair,0.1,0.56075,0.12180087297110234,0.8945,0.11417737876623818,,0.33375,0.007623494204864162
10,TrainingSize,27,271777,100,Our Eps-Fair,0.15,0.567,0.1599483498765758,0.96825,0.1681179511184192,,0.4012500000000001,-0.008169601241843405
10,TrainingSize,27,271777,200,Unfair,,0.64925,0.18786782209313024,0.9805,0.17917611851922977,,0.33125000000000004,0.008691703573900478
10,TrainingSize,27,271777,200,Our Eps-Fair,0.0,0.579,0.024918884101283845,0.742,0.02927773843673362,,0.16300000000000003,-0.004358854335449774
10,TrainingSize,27,271777,200,Our Eps-Fair,0.05,0.61225,0.07253721729458976,0.8225,0.0658879140311501,,0.21025000000000005,0.006649303263439654
10,TrainingSize,27,271777,200,Our Eps-Fair,0.1,0.63475,0.1247714552052202,0.8945,0.11417737876623818,,0.2597499999999999,0.010594076438982025
10,TrainingSize,27,271777,200,Our Eps-Fair,0.15,0.64875,0.1758224612023957,0.96825,0.1681179511184192,,0.3195,0.00770451008397649
10,TrainingSize,27,271777,300,Unfair,,0.71875,0.21112638077063103,0.9805,0.17917611851922977,,0.26175000000000004,0.03195026225140127
10,TrainingSize,27,271777,300,Our Eps-Fair,0.0,0.6225,0.013581662005753115,0.742,0.02927773843673362,,0.11949999999999994,-0.015696076430980505
10,TrainingSize,27,271777,300,Our Eps-Fair,0.05,0.668,0.05926461586470949,0.8225,0.0658879140311501,,0.15449999999999997,-0.006623298166440611
10,TrainingSize,27,271777,300,Our Eps-Fair,0.1,0.7015,0.11020460010161992,0.8945,0.11417737876623818,,0.19299999999999995,-0.0039727786646182595
10,TrainingSize,27,271777,300,Our Eps-Fair,0.15,0.7195,0.15298698544914802,0.96825,0.1681179511184192,,0.24875000000000003,-0.01513096566927119
10,TrainingSize,27,271777,400,Unfair,,0.759,0.2075766850302659,0.9805,0.17917611851922977,,0.22150000000000003,0.028400566511036146
10,TrainingSize,27,271777,400,Our Eps-Fair,0.0,0.66075,0.011130181515577042,0.742,0.02927773843673362,,0.08125000000000004,-0.018147556921156577
10,TrainingSize,27,271777,400,Our Eps-Fair,0.05,0.70425,0.06982968661857722,0.8225,0.0658879140311501,,0.11824999999999997,0.003941772587427117
10,TrainingSize,27,271777,400,Our Eps-Fair,0.1,0.7415,0.11562866321799073,0.8945,0.11417737876623818,,0.1529999999999999,0.0014512844517525492
10,TrainingSize,27,271777,400,Our Eps-Fair,0.15,0.7545,0.15248188644974414,0.96825,0.1681179511184192,,0.2137500000000001,-0.015636064668675065
10,TrainingSize,27,271777,500,Unfair,,0.77125,0.20452008593684365,0.9805,0.17917611851922977,,0.20925000000000005,0.025343967417613883
10,TrainingSize,27,271777,500,Our Eps-Fair,0.0,0.66975,0.0215802297250261,0.742,0.02927773843673362,,0.07225000000000004,-0.007697508711707518
10,TrainingSize,27,271777,500,Our Eps-Fair,0.05,0.71675,0.07674504202823754,0.8225,0.0658879140311501,,0.10575000000000001,0.010857127997087435
10,TrainingSize,27,271777,500,Our Eps-Fair,0.1,0.7545,0.121190753387664,0.8945,0.11417737876623818,,0.14,0.007013374621425816
10,TrainingSize,27,271777,500,Our Eps-Fair,0.15,0.77025,0.15504238830810838,0.96825,0.1681179511184192,,0.19800000000000006,-0.013075562810310831
10,TrainingSize,27,271777,600,Unfair,,0.80125,0.2010964148973199,0.9805,0.17917611851922977,,0.17925000000000002,0.02192029637809012
10,TrainingSize,27,271777,600,Our Eps-Fair,0.0,0.68875,0.025651027601409887,0.742,0.02927773843673362,,0.05325000000000002,-0.003626710835323732
10,TrainingSize,27,271777,600,Our Eps-Fair,0.05,0.74075,0.07215314201583511,0.8225,0.0658879140311501,,0.08174999999999999,0.006265227984685012
10,TrainingSize,27,271777,600,Our Eps-Fair,0.1,0.77925,0.11624578417369803,0.8945,0.11417737876623818,,0.11524999999999996,0.002068405407459853
10,TrainingSize,27,271777,600,Our Eps-Fair,0.15,0.79875,0.15600057611291812,0.96825,0.1681179511184192,,0.1695000000000001,-0.012117375005501085
10,TrainingSize,27,271777,700,Unfair,,0.80175,0.21014018747674543,0.9805,0.17917611851922977,,0.17875000000000008,0.03096406895751566
10,TrainingSize,27,271777,700,Our Eps-Fair,0.0,0.6935,0.03635612580065692,0.742,0.02927773843673362,,0.04849999999999999,0.0070783873639233
10,TrainingSize,27,271777,700,Our Eps-Fair,0.05,0.74275,0.07482866641861806,0.8225,0.0658879140311501,,0.07974999999999999,0.008940752387467957
10,TrainingSize,27,271777,700,Our Eps-Fair,0.1,0.7805,0.12669883297126236,0.8945,0.11417737876623818,,0.11399999999999999,0.01252145420502418
10,TrainingSize,27,271777,700,Our Eps-Fair,0.15,0.80025,0.17403511088173282,0.96825,0.1681179511184192,,0.16800000000000004,0.005917159763313612
10,TrainingSize,27,271777,800,Unfair,,0.8085,0.21687250701137423,0.9805,0.17917611851922977,,0.17200000000000004,0.03769638849214446
10,TrainingSize,27,271777,800,Our Eps-Fair,0.0,0.69475,0.017497429496181244,0.742,0.02927773843673362,,0.047250000000000014,-0.011780308940552375
10,TrainingSize,27,271777,800,Our Eps-Fair,0.05,0.74925,0.07819832687206693,0.8225,0.0658879140311501,,0.07325000000000004,0.012310412840916829
10,TrainingSize,27,271777,800,Our Eps-Fair,0.1,0.78875,0.12679885257510473,0.8945,0.11417737876623818,,0.10575000000000001,0.012621473808866551
10,TrainingSize,27,271777,800,Our Eps-Fair,0.15,0.80925,0.1776828258338634,0.96825,0.1681179511184192,,0.15900000000000003,0.009564874715444205
10,TrainingSize,27,271777,900,Unfair,,0.82175,0.2112524054714724,0.9805,0.17917611851922977,,0.15875000000000006,0.03207628695224263
10,TrainingSize,27,271777,900,Our Eps-Fair,0.0,0.6945,0.009313825509799895,0.742,0.02927773843673362,,0.04749999999999999,-0.019963912926933725
10,TrainingSize,27,271777,900,Our Eps-Fair,0.05,0.7515,0.06846341883009069,0.8225,0.0658879140311501,,0.07100000000000006,0.0025755047989405866
10,TrainingSize,27,271777,900,Our Eps-Fair,0.1,0.79575,0.12554460674292162,0.8945,0.11417737876623818,,0.09875,0.011367227976683436
10,TrainingSize,27,271777,900,Our Eps-Fair,0.15,0.81975,0.16949722145540524,0.96825,0.1681179511184192,,0.14850000000000008,0.0013792703369860382
10,TrainingSize,27,271777,1000,Unfair,,0.83375,0.2174916283591584,0.9805,0.17917611851922977,,0.14675000000000005,0.038315509839928624
10,TrainingSize,27,271777,1000,Our Eps-Fair,0.0,0.7055,0.019441810594876596,0.742,0.02927773843673362,,0.03649999999999998,-0.009835927841857023
10,TrainingSize,27,271777,1000,Our Eps-Fair,0.05,0.76275,0.0691525539005645,0.8225,0.0658879140311501,,0.05974999999999997,0.0032646398694144013
10,TrainingSize,27,271777,1000,Our Eps-Fair,0.1,0.80375,0.12165584454553091,0.8945,0.11417737876623818,,0.09075,0.007478465779292731
10,TrainingSize,27,271777,1000,Our Eps-Fair,0.15,0.82975,0.1696512516453225,0.96825,0.1681179511184192,,0.13850000000000007,0.0015333005269032862
10,TrainingSize,27,271777,1100,Unfair,,0.832,0.21549123628231134,0.9805,0.17917611851922977,,0.14850000000000008,0.03631511776308158
10,TrainingSize,27,271777,1100,Our Eps-Fair,0.0,0.712,0.027102312053162436,0.742,0.02927773843673362,,0.030000000000000027,-0.002175426383571183
10,TrainingSize,27,271777,1100,Our Eps-Fair,0.05,0.763,0.07213913927129718,0.8225,0.0658879140311501,,0.0595,0.006251225240147082
10,TrainingSize,27,271777,1100,Our Eps-Fair,0.1,0.808,0.12371224760052969,0.8945,0.11417737876623818,,0.08649999999999991,0.009534868834291513
10,TrainingSize,27,271777,1100,Our Eps-Fair,0.15,0.82825,0.16810194798180444,0.96825,0.1681179511184192,,0.14,-1.6003136614761715e-05
10,TrainingSize,27,271777,1200,Unfair,,0.833,0.2108993362699089,0.9805,0.17917611851922977,,0.14750000000000008,0.03172321775067913
10,TrainingSize,27,271777,1200,Our Eps-Fair,0.0,0.70475,0.008240615160571452,0.742,0.02927773843673362,,0.037250000000000005,-0.021037123276162167
10,TrainingSize,27,271777,1200,Our Eps-Fair,0.05,0.76425,0.06435061272009315,0.8225,0.0658879140311501,,0.058250000000000024,-0.001537301311056949
10,TrainingSize,27,271777,1200,Our Eps-Fair,0.1,0.81,0.1359696500514101,0.8945,0.11417737876623818,,0.08449999999999991,0.021792271285171916
10,TrainingSize,27,271777,1200,Our Eps-Fair,0.15,0.83375,0.1724838068261379,0.96825,0.1681179511184192,,0.13450000000000006,0.004365855707718691
10,TrainingSize,27,271777,1300,Unfair,,0.84025,0.21443502926573604,0.9805,0.17917611851922977,,0.14024999999999999,0.03525891074650628
10,TrainingSize,27,271777,1300,Our Eps-Fair,0.0,0.71475,0.015988133674200156,0.742,0.02927773843673362,,0.027249999999999996,-0.013289604762533463
10,TrainingSize,27,271777,1300,Our Eps-Fair,0.05,0.777,0.07950758348636332,0.8225,0.0658879140311501,,0.045499999999999985,0.013619669455213215
10,TrainingSize,27,271777,1300,Our Eps-Fair,0.1,0.81875,0.13098267260383034,0.8945,0.11417737876623818,,0.07574999999999998,0.01680529383759216
10,TrainingSize,27,271777,1300,Our Eps-Fair,0.15,0.838,0.172920892494929,0.96825,0.1681179511184192,,0.1302500000000001,0.004802941376509801
10,TrainingSize,27,271777,1400,Unfair,,0.8385,0.2174916283591584,0.9805,0.17917611851922977,,0.14200000000000002,0.038315509839928624
10,TrainingSize,27,271777,1400,Our Eps-Fair,0.0,0.71,0.02567903309048572,0.742,0.02927773843673362,,0.03200000000000003,-0.003598705346247899
10,TrainingSize,27,271777,1400,Our Eps-Fair,0.05,0.767,0.07815431824637628,0.8225,0.0658879140311501,,0.055499999999999994,0.012266404215226179
10,TrainingSize,27,271777,1400,Our Eps-Fair,0.1,0.8125,0.1377149921384591,0.8945,0.11417737876623818,,0.08199999999999996,0.023537613372220934
10,TrainingSize,27,271777,1400,Our Eps-Fair,0.15,0.8405,0.17363803305447867,0.96825,0.1681179511184192,,0.12775000000000003,0.005520081936059462
10,TrainingSize,27,271777,1500,Unfair,,0.842,0.2143370100539706,0.9805,0.17917611851922977,,0.13850000000000007,0.035160891534740835
10,TrainingSize,27,271777,1500,Our Eps-Fair,0.0,0.718,0.026350164632267914,0.742,0.02927773843673362,,0.02400000000000002,-0.002927573804465705
10,TrainingSize,27,271777,1500,Our Eps-Fair,0.05,0.7695,0.07526575208740913,0.8225,0.0658879140311501,,0.05300000000000005,0.009377838056259025
10,TrainingSize,27,271777,1500,Our Eps-Fair,0.1,0.81325,0.1199375077515193,0.8945,0.11417737876623818,,0.08124999999999993,0.005760128985281124
10,TrainingSize,27,271777,1500,Our Eps-Fair,0.15,0.83825,0.17156762725494196,0.96825,0.1681179511184192,,0.13,0.00344967613652275
10,TrainingSize,27,271777,1600,Unfair,,0.84825,0.21033622590027645,0.9805,0.17917611851922977,,0.1322500000000001,0.031160107381046687
10,TrainingSize,27,271777,1600,Our Eps-Fair,0.0,0.715,0.013286604174418182,0.742,0.02927773843673362,,0.027000000000000024,-0.015991134262315437
10,TrainingSize,27,271777,1600,Our Eps-Fair,0.05,0.77875,0.08270421002516493,0.8225,0.0658879140311501,,0.043749999999999956,0.016816295994014824
10,TrainingSize,27,271777,1600,Our Eps-Fair,0.1,0.81975,0.12569863693283884,0.8945,0.11417737876623818,,0.07474999999999998,0.011521258166600656
10,TrainingSize,27,271777,1600,Our Eps-Fair,0.15,0.84325,0.17065144768374602,0.96825,0.1681179511184192,,0.125,0.0025334965653268093
10,TrainingSize,27,271777,1700,Unfair,,0.85225,0.2103502286448144,0.9805,0.17917611851922977,,0.1282500000000001,0.03117411012558463
10,TrainingSize,27,271777,1700,Our Eps-Fair,0.0,0.7185,0.023860676692631755,0.742,0.02927773843673362,,0.023499999999999965,-0.005417061744101864
10,TrainingSize,27,271777,1700,Our Eps-Fair,0.05,0.7845,0.0778992682565783,0.8225,0.0658879140311501,,0.038000000000000034,0.012011354225428192
10,TrainingSize,27,271777,1700,Our Eps-Fair,0.1,0.82425,0.12279606802933375,0.8945,0.11417737876623818,,0.07024999999999992,0.008618689263095572
10,TrainingSize,27,271777,1700,Our Eps-Fair,0.15,0.8505,0.16673467999727948,0.96825,0.1681179511184192,,0.11775000000000002,-0.0013832711211397286
10,TrainingSize,27,271777,1800,Unfair,,0.85925,0.2128297146240663,0.9805,0.17917611851922977,,0.12125000000000008,0.033653596104836536
10,TrainingSize,27,271777,1800,Our Eps-Fair,0.0,0.72,0.013620669651251638,0.742,0.02927773843673362,,0.02200000000000002,-0.01565706878548198
10,TrainingSize,27,271777,1800,Our Eps-Fair,0.05,0.77825,0.06419358194206065,0.8225,0.0658879140311501,,0.04425000000000001,-0.0016943320890894509
10,TrainingSize,27,271777,1800,Our Eps-Fair,0.1,0.82925,0.11649983396745761,0.8945,0.11417737876623818,,0.06524999999999992,0.002322455201219431
10,TrainingSize,27,271777,1800,Our Eps-Fair,0.15,0.8565,0.1671997711551464,0.96825,0.1681179511184192,,0.11175000000000002,-0.0009181799632728138
10,TrainingSize,27,271777,1900,Unfair,,0.86075,0.22036619177358763,0.9805,0.17917611851922977,,0.11975000000000002,0.04119007325435786
10,TrainingSize,27,271777,1900,Our Eps-Fair,0.0,0.72425,0.015920120343587363,0.742,0.02927773843673362,,0.017750000000000044,-0.013357618093146256
10,TrainingSize,27,271777,1900,Our Eps-Fair,0.05,0.78925,0.06712415633464158,0.8225,0.0658879140311501,,0.03325,0.0012362423034914805
10,TrainingSize,27,271777,1900,Our Eps-Fair,0.1,0.832,0.11966945521322181,0.8945,0.11417737876623818,,0.0625,0.005492076446983629
10,TrainingSize,27,271777,1900,Our Eps-Fair,0.15,0.8565,0.1648903185024265,0.96825,0.1681179511184192,,0.11175000000000002,-0.0032276326159927093
10,TrainingSize,27,271777,2000,Unfair,,0.86225,0.21743561738100664,0.9805,0.17917611851922977,,0.11825000000000008,0.038259498861776875
10,TrainingSize,27,271777,2000,Our Eps-Fair,0.0,0.728,0.021213157778924685,0.742,0.02927773843673362,,0.014000000000000012,-0.008064580657808934
10,TrainingSize,27,271777,2000,Our Eps-Fair,0.05,0.7925,0.07822433196906595,0.8225,0.0658879140311501,,0.030000000000000027,0.012336417937915845
10,TrainingSize,27,271777,2000,Our Eps-Fair,0.1,0.829,0.11614776496193255,0.8945,0.11417737876623818,,0.0655,0.001970386195694368
10,TrainingSize,27,271777,2000,Our Eps-Fair,0.15,0.8575,0.17413112970142147,0.96825,0.1681179511184192,,0.11075000000000002,0.0060131785830022655
10,PoolSize,27,271777,20,Our Eps-Fair,0.0,0.708,0.3162239799000604,0.742,0.02927773843673362,,0.03400000000000003,0.2869462414633268
10,PoolSize,27,271777,20,Our Eps-Fair,0.05,0.72075,0.31373049117627055,0.8225,0.0658879140311501,,0.10175000000000001,0.24784257714512045
10,PoolSize,27,271777,20,Our Eps-Fair,0.1,0.75425,0.189218086745002,0.8945,0.11417737876623818,,0.14024999999999999,0.07504070797876383
10,PoolSize,27,271777,20,Our Eps-Fair,0.15,0.7625,0.189218086745002,0.96825,0.1681179511184192,,0.2057500000000001,0.021100135626582806
10,PoolSize,27,271777,40,Our Eps-Fair,0.0,0.7035,0.23087225096118838,0.742,0.02927773843673362,,0.03849999999999998,0.20159451252445476
10,PoolSize,27,271777,40,Our Eps-Fair,0.05,0.75175,0.18609347432096693,0.8225,0.0658879140311501,,0.07074999999999998,0.12020556028981683
10,PoolSize,27,271777,40,Our Eps-Fair,0.1,0.77025,0.18359998559717705,0.8945,0.11417737876623818,,0.12424999999999997,0.06942260683093887
10,PoolSize,27,271777,40,Our Eps-Fair,0.15,0.81875,0.22479005885153489,0.96825,0.1681179511184192,,0.14950000000000008,0.05667210773311568
10,PoolSize,27,271777,60,Our Eps-Fair,0.0,0.68525,0.14183479962072565,0.742,0.02927773843673362,,0.05674999999999997,0.11255706118399203
10,PoolSize,27,271777,60,Our Eps-Fair,0.05,0.74725,0.18031434161095575,0.8225,0.0658879140311501,,0.07525000000000004,0.11442642757980565
10,PoolSize,27,271777,60,Our Eps-Fair,0.1,0.77825,0.21952102612111973,0.8945,0.11417737876623818,,0.11624999999999996,0.10534364735488155
10,PoolSize,27,271777,60,Our Eps-Fair,0.15,0.8305,0.20858888342115056,0.96825,0.1681179511184192,,0.13775000000000004,0.040470932302731355
10,PoolSize,27,271777,80,Our Eps-Fair,0.0,0.72675,0.12569563634472355,0.742,0.02927773843673362,,0.015249999999999986,0.09641789790798994
10,PoolSize,27,271777,80,Our Eps-Fair,0.05,0.771,0.18425911478649815,0.8225,0.0658879140311501,,0.05149999999999999,0.11837120075534804
10,PoolSize,27,271777,80,Our Eps-Fair,0.1,0.81725,0.2174926285551968,0.8945,0.11417737876623818,,0.07724999999999993,0.10331524978895862
10,PoolSize,27,271777,80,Our Eps-Fair,0.15,0.85225,0.20544726766446225,0.96825,0.1681179511184192,,0.1160000000000001,0.037329316546043045
10,PoolSize,27,271777,100,Our Eps-Fair,0.0,0.68975,0.09702801749142831,0.742,0.02927773843673362,,0.05225000000000002,0.06775027905469469
10,PoolSize,27,271777,100,Our Eps-Fair,0.05,0.76025,0.15091557945357287,0.8225,0.0658879140311501,,0.06225000000000003,0.08502766542242277
10,PoolSize,27,271777,100,Our Eps-Fair,0.1,0.82725,0.17787886425739446,0.8945,0.11417737876623818,,0.06724999999999992,0.06370148549115628
10,PoolSize,27,271777,100,Our Eps-Fair,0.15,0.8575,0.2089549551712136,0.96825,0.1681179511184192,,0.11075000000000002,0.04083700405279439
10,PoolSize,27,271777,120,Our Eps-Fair,0.0,0.67125,0.07414753291645163,0.742,0.02927773843673362,,0.07074999999999998,0.044869794479718006
10,PoolSize,27,271777,120,Our Eps-Fair,0.05,0.7545,0.11624278358558278,0.8225,0.0658879140311501,,0.06800000000000006,0.05035486955443268
10,PoolSize,27,271777,120,Our Eps-Fair,0.1,0.8135,0.1384791419118147,0.8945,0.11417737876623818,,0.08099999999999996,0.024301763145576527
10,PoolSize,27,271777,120,Our Eps-Fair,0.15,0.84675,0.16606254825945885,0.96825,0.1681179511184192,,0.12150000000000005,-0.002055402858960359
10,PoolSize,27,271777,140,Our Eps-Fair,0.0,0.7135,0.08253017591447925,0.742,0.02927773843673362,,0.02849999999999997,0.053252437477745634
10,PoolSize,27,271777,140,Our Eps-Fair,0.05,0.75725,0.116651863765298,0.8225,0.0658879140311501,,0.06525000000000003,0.0507639497341479
10,PoolSize,27,271777,140,Our Eps-Fair,0.1,0.8245,0.14233389744389902,0.8945,0.11417737876623818,,0.06999999999999995,0.028156518677660836
10,PoolSize,27,271777,140,Our Eps-Fair,0.15,0.85275,0.1781879248332673,0.96825,0.1681179511184192,,0.11550000000000005,0.010069973714848107
10,PoolSize,27,271777,160,Our Eps-Fair,0.0,0.70425,0.08303727530595997,0.742,0.02927773843673362,,0.03774999999999995,0.053759536869226354
10,PoolSize,27,271777,160,Our Eps-Fair,0.05,0.75825,0.1281331140903617,0.8225,0.0658879140311501,,0.06425000000000003,0.06224520005921161
10,PoolSize,27,271777,160,Our Eps-Fair,0.1,0.82375,0.16139463334813622,0.8945,0.11417737876623818,,0.07074999999999998,0.047217254581898044
10,PoolSize,27,271777,160,Our Eps-Fair,0.15,0.8505,0.21739360914739286,0.96825,0.1681179511184192,,0.11775000000000002,0.04927565802897366
10,PoolSize,27,271777,180,Our Eps-Fair,0.0,0.69775,0.09040571952102612,0.742,0.02927773843673362,,0.04425000000000001,0.0611279810842925
10,PoolSize,27,271777,180,Our Eps-Fair,0.05,0.754,0.12110373633232113,0.8225,0.0658879140311501,,0.0685,0.05521582230117103
10,PoolSize,27,271777,180,Our Eps-Fair,0.1,0.815,0.16277790446927598,0.8945,0.11417737876623818,,0.07950000000000002,0.0486005257030378
10,PoolSize,27,271777,180,Our Eps-Fair,0.15,0.847,0.21388592164064157,0.96825,0.1681179511184192,,0.12125000000000008,0.04576797052222237
10,PoolSize,27,271777,200,Our Eps-Fair,0.0,0.68725,0.11670087337118076,0.742,0.02927773843673362,,0.054749999999999965,0.08742313493444714
10,PoolSize,27,271777,200,Our Eps-Fair,0.05,0.7415,0.1456625498597725,0.8225,0.0658879140311501,,0.08099999999999996,0.0797746358286224
10,PoolSize,27,271777,200,Our Eps-Fair,0.1,0.81625,0.18926009497861582,0.8945,0.11417737876623818,,0.07824999999999993,0.07508271621237764
10,PoolSize,27,271777,200,Our Eps-Fair,0.15,0.83125,0.2173095926801653,0.96825,0.1681179511184192,,0.137,0.0491916415617461
10,PoolSize,27,271777,220,Our Eps-Fair,0.0,0.69575,0.10123984300922981,0.742,0.02927773843673362,,0.04625000000000001,0.07196210457249619
10,PoolSize,27,271777,220,Our Eps-Fair,0.05,0.74025,0.1400514500842165,0.8225,0.0658879140311501,,0.08225000000000005,0.07416353605306639
10,PoolSize,27,271777,220,Our Eps-Fair,0.1,0.81275,0.18926009497861582,0.8945,0.11417737876623818,,0.08174999999999999,0.07508271621237764
10,PoolSize,27,271777,220,Our Eps-Fair,0.15,0.83425,0.21680249328868462,0.96825,0.1681179511184192,,0.134,0.04868454217026541
10,PoolSize,27,271777,240,Our Eps-Fair,0.0,0.694,0.08144996419298184,0.742,0.02927773843673362,,0.04800000000000004,0.05217222575624822
10,PoolSize,27,271777,240,Our Eps-Fair,0.05,0.77425,0.11128881260727103,0.8225,0.0658879140311501,,0.048250000000000015,0.045400898576120924
10,PoolSize,27,271777,240,Our Eps-Fair,0.1,0.8255,0.15772091329900662,0.8945,0.11417737876623818,,0.06899999999999995,0.043543534532768435
10,PoolSize,27,271777,240,Our Eps-Fair,0.15,0.85225,0.22039419726266346,0.96825,0.1681179511184192,,0.1160000000000001,0.052276246144244254
10,PoolSize,27,271777,260,Our Eps-Fair,0.0,0.684,0.10540866009737908,0.742,0.02927773843673362,,0.05799999999999994,0.07613092166064546
10,PoolSize,27,271777,260,Our Eps-Fair,0.05,0.78025,0.11056667106752924,0.8225,0.0658879140311501,,0.04225000000000001,0.044678757036379135
10,PoolSize,27,271777,260,Our Eps-Fair,0.1,0.81875,0.14662073766458225,0.8945,0.11417737876623818,,0.07574999999999998,0.03244335889834407
10,PoolSize,27,271777,260,Our Eps-Fair,0.15,0.852,0.21388592164064157,0.96825,0.1681179511184192,,0.11625000000000008,0.04576797052222237
10,PoolSize,27,271777,280,Our Eps-Fair,0.0,0.6775,0.10794415705478273,0.742,0.02927773843673362,,0.0645,0.07866641861804911
10,PoolSize,27,271777,280,Our Eps-Fair,0.05,0.7785,0.11007357442058643,0.8225,0.0658879140311501,,0.04400000000000004,0.04418566038943633
10,PoolSize,27,271777,280,Our Eps-Fair,0.1,0.8185,0.1478989882016875,0.8945,0.11417737876623818,,0.07599999999999996,0.03372160943544933
10,PoolSize,27,271777,280,Our Eps-Fair,0.15,0.85275,0.21189953230833242,0.96825,0.1681179511184192,,0.11550000000000005,0.04378158118991321
10,PoolSize,27,271777,300,Our Eps-Fair,0.0,0.67925,0.11448043816588051,0.742,0.02927773843673362,,0.06274999999999997,0.08520269972914689
10,PoolSize,27,271777,300,Our Eps-Fair,0.05,0.773,0.11007357442058643,0.8225,0.0658879140311501,,0.04949999999999999,0.04418566038943633
10,PoolSize,27,271777,300,Our Eps-Fair,0.1,0.8135,0.15155170413401026,0.8945,0.11417737876623818,,0.08099999999999996,0.03737432536777208
10,PoolSize,27,271777,300,Our Eps-Fair,0.15,0.85125,0.2144070237766602,0.96825,0.1681179511184192,,0.1170000000000001,0.046289072658241004
10,TrainingSize,28,281777,100,Unfair,,0.59475,0.16520793627339575,0.98125,0.18181813636035205,,0.38649999999999995,-0.016610200086956295
10,TrainingSize,28,281777,100,Our Eps-Fair,0.0,0.5335,0.024801291893339295,0.748,0.01121831052293526,,0.21450000000000002,0.013582981370404035
10,TrainingSize,28,281777,100,Our Eps-Fair,0.05,0.565,0.0646871736482961,0.81725,0.05535574945289798,,0.2522500000000001,0.00933142419539812
10,TrainingSize,28,281777,100,Our Eps-Fair,0.1,0.586,0.11465653393457677,0.887,0.10221463500737929,,0.30100000000000005,0.012441898927197478
10,TrainingSize,28,281777,100,Our Eps-Fair,0.15,0.5945,0.16370357758348036,0.9585,0.15827818559890955,,0.364,0.005425391984570815
10,TrainingSize,28,281777,200,Unfair,,0.7105,0.1699947821230084,0.98125,0.18181813636035205,,0.27074999999999994,-0.011823354237343653
10,TrainingSize,28,281777,200,Our Eps-Fair,0.0,0.622,0.017893292790404094,0.748,0.01121831052293526,,0.126,0.006674982267468835
10,TrainingSize,28,281777,200,Our Eps-Fair,0.05,0.66,0.07692955816057712,0.81725,0.05535574945289798,,0.15725,0.021573808707679137
10,TrainingSize,28,281777,200,Our Eps-Fair,0.1,0.69125,0.12003367243283329,0.887,0.10221463500737929,,0.19574999999999998,0.017819037425454
10,TrainingSize,28,281777,200,Our Eps-Fair,0.15,0.71075,0.16898620925361857,0.9585,0.15827818559890955,,0.24775000000000003,0.01070802365470902
10,TrainingSize,28,281777,300,Unfair,,0.73825,0.19126256872059005,0.98125,0.18181813636035205,,0.243,0.009444432360238009
10,TrainingSize,28,281777,300,Our Eps-Fair,0.0,0.6475,0.02287090242270004,0.748,0.01121831052293526,,0.10050000000000003,0.01165259189976478
10,TrainingSize,28,281777,300,Our Eps-Fair,0.05,0.6865,0.0683869409564841,0.81725,0.05535574945289798,,0.13075000000000003,0.013031191503586115
10,TrainingSize,28,281777,300,Our Eps-Fair,0.1,0.721,0.12437773629144706,0.887,0.10221463500737929,,0.16600000000000004,0.022163101284067774
10,TrainingSize,28,281777,300,Our Eps-Fair,0.15,0.73625,0.15479068362689205,0.9585,0.15827818559890955,,0.22225000000000006,-0.0034875019720174982
10,TrainingSize,28,281777,400,Unfair,,0.7665,0.18492886111021517,0.98125,0.18181813636035205,,0.21475,0.003110724749863125
10,TrainingSize,28,281777,400,Our Eps-Fair,0.0,0.653,0.020217210693472598,0.748,0.01121831052293526,,0.09499999999999997,0.008998900170537338
10,TrainingSize,28,281777,400,Our Eps-Fair,0.05,0.703,0.06548598136215342,0.81725,0.05535574945289798,,0.11425000000000007,0.010130231909255438
10,TrainingSize,28,281777,400,Our Eps-Fair,0.1,0.74475,0.12285837651770339,0.887,0.10221463500737929,,0.14225,0.020643741510324096
10,TrainingSize,28,281777,400,Our Eps-Fair,0.15,0.76375,0.167910631543129,0.9585,0.15827818559890955,,0.19474999999999998,0.009632445944219442
10,TrainingSize,28,281777,500,Unfair,,0.78575,0.16931298286301186,0.98125,0.18181813636035205,,0.1955,-0.012505153497340188
10,TrainingSize,28,281777,500,Our Eps-Fair,0.0,0.68225,0.023505448268637402,0.748,0.01121831052293526,,0.06574999999999998,0.012287137745702142
10,TrainingSize,28,281777,500,Our Eps-Fair,0.05,0.728,0.07858967810424304,0.81725,0.05535574945289798,,0.08925000000000005,0.023233928651345062
10,TrainingSize,28,281777,500,Our Eps-Fair,0.1,0.7655,0.12824201548561887,0.887,0.10221463500737929,,0.12150000000000005,0.026027380478239576
10,TrainingSize,28,281777,500,Our Eps-Fair,0.15,0.78525,0.16883419827082508,0.9585,0.15827818559890955,,0.17325000000000002,0.010556012671915527
10,TrainingSize,28,281777,600,Unfair,,0.797,0.1757156954589969,0.98125,0.18181813636035205,,0.1842499999999999,-0.006102440901355144
10,TrainingSize,28,281777,600,Our Eps-Fair,0.0,0.6915,0.03287737539037194,0.748,0.01121831052293526,,0.056499999999999995,0.021659064867436684
10,TrainingSize,28,281777,600,Our Eps-Fair,0.05,0.73575,0.07685505277756319,0.81725,0.05535574945289798,,0.08150000000000002,0.02149930332466521
10,TrainingSize,28,281777,600,Our Eps-Fair,0.1,0.77675,0.12516529319243316,0.887,0.10221463500737929,,0.11024999999999996,0.022950658185053874
10,TrainingSize,28,281777,600,Our Eps-Fair,0.15,0.79425,0.16821090323775892,0.9585,0.15827818559890955,,0.16425,0.00993271763884937
10,TrainingSize,28,281777,700,Unfair,,0.81625,0.17267297562248873,0.98125,0.18181813636035205,,0.16499999999999992,-0.009145160737863312
10,TrainingSize,28,281777,700,Our Eps-Fair,0.0,0.7,0.0229964114907302,0.748,0.01121831052293526,,0.04800000000000004,0.011778100967794941
10,TrainingSize,28,281777,700,Our Eps-Fair,0.05,0.7515,0.07815539672741356,0.81725,0.05535574945289798,,0.06575000000000009,0.022799647274515583
10,TrainingSize,28,281777,700,Our Eps-Fair,0.1,0.793,0.12049645586893654,0.887,0.10221463500737929,,0.09399999999999997,0.018281820861557246
10,TrainingSize,28,281777,700,Our Eps-Fair,0.15,0.81325,0.15918475109826685,0.9585,0.15827818559890955,,0.14525,0.0009065654993573036
10,TrainingSize,28,281777,800,Unfair,,0.82425,0.170652079612752,0.98125,0.18181813636035205,,0.15699999999999992,-0.011166056747600045
10,TrainingSize,28,281777,800,Our Eps-Fair,0.0,0.70625,0.02042397563223941,0.748,0.01121831052293526,,0.041749999999999954,0.00920566510930415
10,TrainingSize,28,281777,800,Our Eps-Fair,0.05,0.754,0.06348858705041441,0.81725,0.05535574945289798,,0.06325000000000003,0.008132837597516429
10,TrainingSize,28,281777,800,Our Eps-Fair,0.1,0.80025,0.11891184138053974,0.887,0.10221463500737929,,0.08675,0.016697206373160453
10,TrainingSize,28,281777,800,Our Eps-Fair,0.15,0.82325,0.17163890091059078,0.9585,0.15827818559890955,,0.13524999999999998,0.013360715311681232
10,TrainingSize,28,281777,900,Unfair,,0.8305,0.17669026587170922,0.98125,0.18181813636035205,,0.15074999999999994,-0.005127870488642827
10,TrainingSize,28,281777,900,Our Eps-Fair,0.0,0.702,0.01600640646286694,0.748,0.01121831052293526,,0.04600000000000004,0.00478809593993168
10,TrainingSize,28,281777,900,Our Eps-Fair,0.05,0.76125,0.07093387497246677,0.81725,0.05535574945289798,,0.05600000000000005,0.015578125519568789
10,TrainingSize,28,281777,900,Our Eps-Fair,0.1,0.80375,0.11934812290187966,0.887,0.10221463500737929,,0.08325000000000005,0.017133487894500365
10,TrainingSize,28,281777,900,Our Eps-Fair,0.15,0.829,0.16967275885682742,0.9585,0.15827818559890955,,0.12950000000000006,0.011394573257917873
10,TrainingSize,28,281777,1000,Unfair,,0.83375,0.16610025074311618,0.98125,0.18181813636035205,,0.14749999999999996,-0.01571788561723586
10,TrainingSize,28,281777,1000,Our Eps-Fair,0.0,0.70075,0.025545345651223295,0.748,0.01121831052293526,,0.047250000000000014,0.014327035128288035
10,TrainingSize,28,281777,1000,Our Eps-Fair,0.05,0.76525,0.0714636632496698,0.81725,0.05535574945289798,,0.052000000000000046,0.016107913796771817
10,TrainingSize,28,281777,1000,Our Eps-Fair,0.1,0.80975,0.11490305174548861,0.887,0.10221463500737929,,0.07725000000000004,0.012688416738109318
10,TrainingSize,28,281777,1000,Our Eps-Fair,0.15,0.83375,0.16310003397745487,0.9585,0.15827818559890955,,0.12475000000000003,0.004821848378545324
10,TrainingSize,28,281777,1100,Unfair,,0.8495,0.17469862197543773,0.98125,0.18181813636035205,,0.13174999999999992,-0.007119514384914316
10,TrainingSize,28,281777,1100,Our Eps-Fair,0.0,0.71525,0.02452627202315366,0.748,0.01121831052293526,,0.032749999999999946,0.013307961500218402
10,TrainingSize,28,281777,1100,Our Eps-Fair,0.05,0.76525,0.07205095568154798,0.81725,0.05535574945289798,,0.052000000000000046,0.016695206228650006
10,TrainingSize,28,281777,1100,Our Eps-Fair,0.1,0.81375,0.11386897703359068,0.887,0.10221463500737929,,0.07325000000000004,0.011654342026211392
10,TrainingSize,28,281777,1100,Our Eps-Fair,0.15,0.8475,0.16570647229262314,0.9585,0.15827818559890955,,0.11099999999999999,0.007428286693713593
10,TrainingSize,28,281777,1200,Unfair,,0.85675,0.17770733935526845,0.98125,0.18181813636035205,,0.12449999999999994,-0.0041107970050836
10,TrainingSize,28,281777,1200,Our Eps-Fair,0.0,0.7115,0.01801305144296675,0.748,0.01121831052293526,,0.03649999999999998,0.006794740920031489
10,TrainingSize,28,281777,1200,Our Eps-Fair,0.05,0.77175,0.06944651751089016,0.81725,0.05535574945289798,,0.045499999999999985,0.014090768057992184
10,TrainingSize,28,281777,1200,Our Eps-Fair,0.1,0.82625,0.12462700430106076,0.887,0.10221463500737929,,0.06074999999999997,0.02241236929368147
10,TrainingSize,28,281777,1200,Our Eps-Fair,0.15,0.85575,0.17671576771421738,0.9585,0.15827818559890955,,0.10275000000000001,0.018437582115307827
10,TrainingSize,28,281777,1300,Unfair,,0.86125,0.17978398939323365,0.98125,0.18181813636035205,,0.12,-0.0020341469671184
10,TrainingSize,28,281777,1300,Our Eps-Fair,0.0,0.71875,0.028141283207711754,0.748,0.01121831052293526,,0.029249999999999998,0.016922972684776494
10,TrainingSize,28,281777,1300,Our Eps-Fair,0.05,0.778,0.07573397177946106,0.81725,0.05535574945289798,,0.03925000000000001,0.020378222326563084
10,TrainingSize,28,281777,1300,Our Eps-Fair,0.1,0.83125,0.12676315863821158,0.887,0.10221463500737929,,0.055749999999999966,0.024548523630832292
10,TrainingSize,28,281777,1300,Our Eps-Fair,0.15,0.858,0.16979176745519864,0.9585,0.15827818559890955,,0.10050000000000003,0.01151358185628909
10,TrainingSize,28,281777,1400,Unfair,,0.86925,0.1818606394311989,0.98125,0.18181813636035205,,0.11199999999999999,4.250307084685545e-05
10,TrainingSize,28,281777,1400,Our Eps-Fair,0.0,0.72725,0.022225855818082868,0.748,0.01121831052293526,,0.020750000000000046,0.011007545295147608
10,TrainingSize,28,281777,1400,Our Eps-Fair,0.05,0.78975,0.07535719455730677,0.81725,0.05535574945289798,,0.02750000000000008,0.020001445104408794
10,TrainingSize,28,281777,1400,Our Eps-Fair,0.1,0.83425,0.1218308022754644,0.887,0.10221463500737929,,0.052749999999999964,0.019616167268085113
10,TrainingSize,28,281777,1400,Our Eps-Fair,0.15,0.86425,0.16435512465775654,0.9585,0.15827818559890955,,0.09425000000000006,0.006076939058846986
10,TrainingSize,28,281777,1500,Unfair,,0.872,0.17982649246408053,0.98125,0.18181813636035205,,0.10924999999999996,-0.0019916438962715166
10,TrainingSize,28,281777,1500,Our Eps-Fair,0.0,0.7215,0.038569786667086686,0.748,0.01121831052293526,,0.026499999999999968,0.027351476144151426
10,TrainingSize,28,281777,1500,Our Eps-Fair,0.05,0.7895,0.0762042557574785,0.81725,0.05535574945289798,,0.027750000000000052,0.020848506304580516
10,TrainingSize,28,281777,1500,Our Eps-Fair,0.1,0.83175,0.12230958686765118,0.887,0.10221463500737929,,0.05525000000000002,0.020094951860271895
10,TrainingSize,28,281777,1500,Our Eps-Fair,0.15,0.86725,0.16881719704248632,0.9585,0.15827818559890955,,0.09125000000000005,0.010539011443576773
10,TrainingSize,28,281777,1600,Unfair,,0.8805,0.17383455954692723,0.98125,0.18181813636035205,,0.10075,-0.00798357681342482
10,TrainingSize,28,281777,1600,Our Eps-Fair,0.0,0.72825,0.025124065213711688,0.748,0.01121831052293526,,0.019750000000000045,0.013905754690776428
10,TrainingSize,28,281777,1600,Our Eps-Fair,0.05,0.7885,0.06817817587320685,0.81725,0.05535574945289798,,0.028750000000000053,0.012822426420308869
10,TrainingSize,28,281777,1600,Our Eps-Fair,0.1,0.8475,0.11975415223749916,0.887,0.10221463500737929,,0.03949999999999998,0.017539517230119872
10,TrainingSize,28,281777,1600,Our Eps-Fair,0.15,0.87625,0.17179191196563953,0.9585,0.15827818559890955,,0.08225000000000005,0.013513726366729983
10,TrainingSize,28,281777,1700,Unfair,,0.87075,0.17131312737345272,0.98125,0.18181813636035205,,0.11049999999999993,-0.010505008986899322
10,TrainingSize,28,281777,1700,Our Eps-Fair,0.0,0.7315,0.03310764202713645,0.748,0.01121831052293526,,0.01649999999999996,0.021889331504201193
10,TrainingSize,28,281777,1700,Our Eps-Fair,0.05,0.789,0.07316153592097029,0.81725,0.05535574945289798,,0.028249999999999997,0.017805786468072307
10,TrainingSize,28,281777,1700,Our Eps-Fair,0.1,0.837,0.11870307629726247,0.887,0.10221463500737929,,0.050000000000000044,0.01648844128988318
10,TrainingSize,28,281777,1700,Our Eps-Fair,0.15,0.8685,0.16767736468959882,0.9585,0.15827818559890955,,0.08999999999999997,0.00939917909068927
10,TrainingSize,28,281777,1800,Unfair,,0.8785,0.17380055709024977,0.98125,0.18181813636035205,,0.10275000000000001,-0.00801757927010227
10,TrainingSize,28,281777,1800,Our Eps-Fair,0.0,0.737,0.021137027150211624,0.748,0.01121831052293526,,0.01100000000000001,0.009918716627276364
10,TrainingSize,28,281777,1800,Our Eps-Fair,0.05,0.79625,0.07313603407846218,0.81725,0.05535574945289798,,0.02100000000000002,0.017780284625564205
10,TrainingSize,28,281777,1800,Our Eps-Fair,0.1,0.8505,0.12876330314865247,0.887,0.10221463500737929,,0.03649999999999998,0.026548668141273185
10,TrainingSize,28,281777,1800,Our Eps-Fair,0.15,0.877,0.1768347763125886,0.9585,0.15827818559890955,,0.08150000000000002,0.018556590713679044
10,TrainingSize,28,281777,1900,Unfair,,0.88625,0.1701137907213796,0.98125,0.18181813636035205,,0.09499999999999997,-0.011704345638972435
10,TrainingSize,28,281777,1900,Our Eps-Fair,0.0,0.73975,0.022645136111084013,0.748,0.01121831052293526,,0.00824999999999998,0.011426825588148753
10,TrainingSize,28,281777,1900,Our Eps-Fair,0.05,0.795,0.06567374492807106,0.81725,0.05535574945289798,,0.022249999999999992,0.010317995475173078
10,TrainingSize,28,281777,1900,Our Eps-Fair,0.1,0.847,0.12272886716065236,0.887,0.10221463500737929,,0.040000000000000036,0.020514232153273068
10,TrainingSize,28,281777,1900,Our Eps-Fair,0.15,0.88,0.16659228629268466,0.9585,0.15827818559890955,,0.07850000000000001,0.008314100693775112
10,TrainingSize,28,281777,2000,Unfair,,0.88575,0.17233020085701195,0.98125,0.18181813636035205,,0.09549999999999992,-0.009487935503340095
10,TrainingSize,28,281777,2000,Our Eps-Fair,0.0,0.7235,0.019038625540695325,0.748,0.01121831052293526,,0.024499999999999966,0.007820315017760066
10,TrainingSize,28,281777,2000,Our Eps-Fair,0.05,0.79825,0.07311053223595404,0.81725,0.05535574945289798,,0.019000000000000017,0.01775478278305606
10,TrainingSize,28,281777,2000,Our Eps-Fair,0.1,0.8465,0.12112250110070452,0.887,0.10221463500737929,,0.04049999999999998,0.018907866093325232
10,TrainingSize,28,281777,2000,Our Eps-Fair,0.15,0.8855,0.1687236902866232,0.9585,0.15827818559890955,,0.07300000000000006,0.010445504687713658
10,PoolSize,28,281777,20,Our Eps-Fair,0.0,0.72725,0.17714829896460021,0.748,0.01121831052293526,,0.020750000000000046,0.16592998844166496
10,PoolSize,28,281777,20,Our Eps-Fair,0.05,0.762,0.19070452840217705,0.81725,0.05535574945289798,,0.05525000000000002,0.13534877894927907
10,PoolSize,28,281777,20,Our Eps-Fair,0.1,0.80325,0.19169610004322812,0.887,0.10221463500737929,,0.08374999999999999,0.08948146503584883
10,PoolSize,28,281777,20,Our Eps-Fair,0.15,0.8275,0.19219188586375363,0.9585,0.15827818559890955,,0.131,0.03391370026484408
10,PoolSize,28,281777,40,Our Eps-Fair,0.0,0.7765,0.2124010959791845,0.748,0.01121831052293526,,-0.02849999999999997,0.20118278545624924
10,PoolSize,28,281777,40,Our Eps-Fair,0.05,0.82525,0.22501675746072652,0.81725,0.05535574945289798,,-0.008000000000000007,0.16966100800782855
10,PoolSize,28,281777,40,Our Eps-Fair,0.1,0.84125,0.2154693176582008,0.887,0.10221463500737929,,0.04574999999999996,0.1132546826508215
10,PoolSize,28,281777,40,Our Eps-Fair,0.15,0.84575,0.21347767376192928,0.9585,0.15827818559890955,,0.11275000000000002,0.05519948816301973
10,PoolSize,28,281777,60,Our Eps-Fair,0.0,0.76175,0.09930417472662399,0.748,0.01121831052293526,,-0.01375000000000004,0.08808586420368873
10,PoolSize,28,281777,60,Our Eps-Fair,0.05,0.84325,0.19437429354270847,0.81725,0.05535574945289798,,-0.026000000000000023,0.1390185440898105
10,PoolSize,28,281777,60,Our Eps-Fair,0.1,0.84475,0.2185375393372171,0.887,0.10221463500737929,,0.04225000000000001,0.1163229043298378
10,PoolSize,28,281777,60,Our Eps-Fair,0.15,0.8535,0.20747724023060665,0.9585,0.15827818559890955,,0.10499999999999998,0.0491990546316971
10,PoolSize,28,281777,80,Our Eps-Fair,0.0,0.715,0.10298994102323891,0.748,0.01121831052293526,,0.03300000000000003,0.09177163050030365
10,PoolSize,28,281777,80,Our Eps-Fair,0.05,0.831,0.18836535939721646,0.81725,0.05535574945289798,,-0.013749999999999929,0.13300960994431849
10,PoolSize,28,281777,80,Our Eps-Fair,0.1,0.84975,0.18637371550094495,0.887,0.10221463500737929,,0.037250000000000005,0.08415908049356566
10,PoolSize,28,281777,80,Our Eps-Fair,0.15,0.86525,0.16758385793373573,0.9585,0.15827818559890955,,0.09325000000000006,0.009305672334826182
10,PoolSize,28,281777,100,Our Eps-Fair,0.0,0.66925,0.11048748272062658,0.748,0.01121831052293526,,0.07874999999999999,0.09926917219769132
10,PoolSize,28,281777,100,Our Eps-Fair,0.05,0.7745,0.167198580097412,0.81725,0.05535574945289798,,0.042750000000000066,0.11184283064451403
10,PoolSize,28,281777,100,Our Eps-Fair,0.1,0.81475,0.19919239165029676,0.887,0.10221463500737929,,0.07225000000000004,0.09697775664291747
10,PoolSize,28,281777,100,Our Eps-Fair,0.15,0.8465,0.2051333208824338,0.9585,0.15827818559890955,,0.11199999999999999,0.04685513528352425
10,PoolSize,28,281777,120,Our Eps-Fair,0.0,0.6645,0.1569753414684211,0.748,0.01121831052293526,,0.08350000000000002,0.14575703094548584
10,PoolSize,28,281777,120,Our Eps-Fair,0.05,0.7715,0.16770286653210692,0.81725,0.05535574945289798,,0.04575000000000007,0.11234711707920894
10,PoolSize,28,281777,120,Our Eps-Fair,0.1,0.81525,0.19968817747082226,0.887,0.10221463500737929,,0.07174999999999998,0.09747354246344297
10,PoolSize,28,281777,120,Our Eps-Fair,0.15,0.84025,0.21910032999884244,0.9585,0.15827818559890955,,0.11824999999999997,0.06082214439993289
10,PoolSize,28,281777,140,Our Eps-Fair,0.0,0.70025,0.09257843879220273,0.748,0.01121831052293526,,0.04774999999999996,0.08136012826926747
10,PoolSize,28,281777,140,Our Eps-Fair,0.05,0.7765,0.166207008456361,0.81725,0.05535574945289798,,0.040750000000000064,0.11085125900346302
10,PoolSize,28,281777,140,Our Eps-Fair,0.1,0.8265,0.19167059820072,0.887,0.10221463500737929,,0.0605,0.0894559631933407
10,PoolSize,28,281777,140,Our Eps-Fair,0.15,0.836,0.20563760731712868,0.9585,0.15827818559890955,,0.12250000000000005,0.047359421718219136
10,PoolSize,28,281777,160,Our Eps-Fair,0.0,0.69675,0.09604893953588145,0.748,0.01121831052293526,,0.05125000000000002,0.08483062901294619
10,PoolSize,28,281777,160,Our Eps-Fair,0.05,0.78625,0.13517076608784986,0.81725,0.05535574945289798,,0.031000000000000028,0.07981501663495189
10,PoolSize,28,281777,160,Our Eps-Fair,0.1,0.83225,0.18564466282688924,0.887,0.10221463500737929,,0.054749999999999965,0.08343002781950995
10,PoolSize,28,281777,160,Our Eps-Fair,0.15,0.842,0.20563760731712868,0.9585,0.15827818559890955,,0.11650000000000005,0.047359421718219136
10,PoolSize,28,281777,180,Our Eps-Fair,0.0,0.7065,0.09858737293769476,0.748,0.01121831052293526,,0.04149999999999998,0.0873690624147595
10,PoolSize,28,281777,180,Our Eps-Fair,0.05,0.78475,0.16521543681530992,0.81725,0.05535574945289798,,0.032500000000000084,0.10985968736241195
10,PoolSize,28,281777,180,Our Eps-Fair,0.1,0.82975,0.1981498163242294,0.887,0.10221463500737929,,0.05725000000000002,0.09593518131685011
10,PoolSize,28,281777,180,Our Eps-Fair,0.15,0.8445,0.19962867317163663,0.9585,0.15827818559890955,,0.11399999999999999,0.04135048757272708
10,PoolSize,28,281777,200,Our Eps-Fair,0.0,0.6915,0.09803208281798359,0.748,0.01121831052293526,,0.056499999999999995,0.08681377229504833
10,PoolSize,28,281777,200,Our Eps-Fair,0.05,0.772,0.1446757028195287,0.81725,0.05535574945289798,,0.04525000000000001,0.08931995336663073
10,PoolSize,28,281777,200,Our Eps-Fair,0.1,0.81725,0.19466231435221193,0.887,0.10221463500737929,,0.06974999999999998,0.09244767934483264
10,PoolSize,28,281777,200,Our Eps-Fair,0.15,0.8425,0.19962867317163663,0.9585,0.15827818559890955,,0.11599999999999999,0.04135048757272708
10,PoolSize,28,281777,220,Our Eps-Fair,0.0,0.6905,0.09793132553827016,0.748,0.01121831052293526,,0.057499999999999996,0.0867130150153349
10,PoolSize,28,281777,220,Our Eps-Fair,0.05,0.7745,0.13318762280574772,0.81725,0.05535574945289798,,0.042750000000000066,0.07783187335284975
10,PoolSize,28,281777,220,Our Eps-Fair,0.1,0.829,0.1886618808208893,0.887,0.10221463500737929,,0.05800000000000005,0.08644724581351002
10,PoolSize,28,281777,220,Our Eps-Fair,0.15,0.8555,0.18808108885867003,0.9585,0.15827818559890955,,0.10299999999999998,0.029802903259760483
10,PoolSize,28,281777,240,Our Eps-Fair,0.0,0.6835,0.10642768940055919,0.748,0.01121831052293526,,0.0645,0.09520937887762393
10,PoolSize,28,281777,240,Our Eps-Fair,0.05,0.7635,0.1432223478146296,0.81725,0.05535574945289798,,0.053750000000000075,0.08786659836173163
10,PoolSize,28,281777,240,Our Eps-Fair,0.1,0.82975,0.19416652853168642,0.887,0.10221463500737929,,0.05725000000000002,0.09195189352430713
10,PoolSize,28,281777,240,Our Eps-Fair,0.15,0.85425,0.19207287726538244,0.9585,0.15827818559890955,,0.10425000000000006,0.03379469166647289
10,PoolSize,28,281777,260,Our Eps-Fair,0.0,0.6855,0.10902562710155811,0.748,0.01121831052293526,,0.0625,0.09780731657862285
10,PoolSize,28,281777,260,Our Eps-Fair,0.05,0.75525,0.10713474048500003,0.81725,0.05535574945289798,,0.062000000000000055,0.051778991032102054
10,PoolSize,28,281777,260,Our Eps-Fair,0.1,0.8335,0.17515665506832867,0.887,0.10221463500737929,,0.05349999999999999,0.07294202006094938
10,PoolSize,28,281777,260,Our Eps-Fair,0.15,0.8565,0.1895854475485854,0.9585,0.15827818559890955,,0.10199999999999998,0.03130726194967584
10,PoolSize,28,281777,280,Our Eps-Fair,0.0,0.68175,0.1124706260027287,0.748,0.01121831052293526,,0.06625000000000003,0.10125231547979344
10,PoolSize,28,281777,280,Our Eps-Fair,0.05,0.7495,0.11119453380506743,0.81725,0.05535574945289798,,0.06774999999999998,0.05583878435216945
10,PoolSize,28,281777,280,Our Eps-Fair,0.1,0.8245,0.17267772596570102,0.887,0.10221463500737929,,0.0625,0.07046309095832173
10,PoolSize,28,281777,280,Our Eps-Fair,0.15,0.85575,0.1925601624717386,0.9585,0.15827818559890955,,0.10275000000000001,0.03428197687282905
10,PoolSize,28,281777,300,Our Eps-Fair,0.0,0.6785,0.11095776669864396,0.748,0.01121831052293526,,0.0695,0.0997394561757087
10,PoolSize,28,281777,300,Our Eps-Fair,0.05,0.74825,0.10019373899764257,0.81725,0.05535574945289798,,0.06900000000000006,0.04483798954474459
10,PoolSize,28,281777,300,Our Eps-Fair,0.1,0.81975,0.1672070807115814,0.887,0.10221463500737929,,0.06725000000000003,0.06499244570420212
10,PoolSize,28,281777,300,Our Eps-Fair,0.15,0.853,0.19558588107990804,0.9585,0.15827818559890955,,0.10550000000000004,0.03730769548099849
10,TrainingSize,29,291777,100,Unfair,,0.66475,0.1548779350575355,0.97575,0.18208600810174508,,0.31100000000000005,-0.02720807304420958
10,TrainingSize,29,291777,100,Our Eps-Fair,0.0,0.596,0.009770545559003169,0.74775,0.039571947051398326,,0.15175000000000005,-0.029801401492395158
10,TrainingSize,29,291777,100,Our Eps-Fair,0.05,0.62475,0.053338113477932714,0.82475,0.0734299712566305,,0.19999999999999996,-0.02009185777869779
10,TrainingSize,29,291777,100,Our Eps-Fair,0.1,0.65475,0.09538888551378678,0.899,0.11737080046671411,,0.24424999999999997,-0.021981914952927326
10,TrainingSize,29,291777,100,Our Eps-Fair,0.15,0.66425,0.1433968377543421,0.964,0.1603556007569229,,0.29974999999999996,-0.016958763002580812
10,TrainingSize,29,291777,200,Unfair,,0.74125,0.19141704036547103,0.97575,0.18208600810174508,,0.23450000000000004,0.009331032263725947
10,TrainingSize,29,291777,200,Our Eps-Fair,0.0,0.64275,0.023844721302819394,0.74775,0.039571947051398326,,0.10499999999999998,-0.015727225748578932
10,TrainingSize,29,291777,200,Our Eps-Fair,0.05,0.68375,0.059055536429977004,0.82475,0.0734299712566305,,0.14100000000000001,-0.014374434826653501
10,TrainingSize,29,291777,200,Our Eps-Fair,0.1,0.7225,0.11067459790658668,0.899,0.11737080046671411,,0.1765,-0.006696202560127429
10,TrainingSize,29,291777,200,Our Eps-Fair,0.15,0.73875,0.1543774199169525,0.964,0.1603556007569229,,0.22524999999999995,-0.005978180839970398
10,TrainingSize,29,291777,300,Unfair,,0.7875,0.20029630896334616,0.97575,0.18208600810174508,,0.18825000000000003,0.01821030086160108
10,TrainingSize,29,291777,300,Our Eps-Fair,0.0,0.68125,0.023935974063215404,0.74775,0.039571947051398326,,0.0665,-0.015635972988182922
10,TrainingSize,29,291777,300,Our Eps-Fair,0.05,0.72125,0.06285465135320345,0.82475,0.0734299712566305,,0.10350000000000004,-0.010575319903427055
10,TrainingSize,29,291777,300,Our Eps-Fair,0.1,0.7595,0.11673528124225757,0.899,0.11737080046671411,,0.13950000000000007,-0.0006355192244565377
10,TrainingSize,29,291777,300,Our Eps-Fair,0.15,0.77975,0.14779197070711386,0.964,0.1603556007569229,,0.1842499999999999,-0.012563630049809038
10,TrainingSize,29,291777,400,Unfair,,0.806,0.18675464932814217,0.97575,0.18208600810174508,,0.16974999999999996,0.004668641226397097
10,TrainingSize,29,291777,400,Our Eps-Fair,0.0,0.67875,0.019230331717534438,0.74775,0.039571947051398326,,0.06900000000000006,-0.02034161533386389
10,TrainingSize,29,291777,400,Our Eps-Fair,0.05,0.73,0.061937123597988836,0.82475,0.0734299712566305,,0.09475,-0.01149284765864167
10,TrainingSize,29,291777,400,Our Eps-Fair,0.1,0.766,0.0999115223235503,0.899,0.11737080046671411,,0.133,-0.01745927814316381
10,TrainingSize,29,291777,400,Our Eps-Fair,0.15,0.7985,0.14676993979067865,0.964,0.1603556007569229,,0.16549999999999998,-0.01358566096624425
10,TrainingSize,29,291777,500,Unfair,,0.82925,0.18203650660432477,0.97575,0.18208600810174508,,0.14649999999999996,-4.950149742030674e-05
10,TrainingSize,29,291777,500,Our Eps-Fair,0.0,0.70125,0.024219482639349865,0.74775,0.039571947051398326,,0.046499999999999986,-0.015352464412048461
10,TrainingSize,29,291777,500,Our Eps-Fair,0.05,0.7445,0.05860152269606156,0.82475,0.0734299712566305,,0.08024999999999993,-0.014828448560568946
10,TrainingSize,29,291777,500,Our Eps-Fair,0.1,0.7925,0.12056489708813692,0.899,0.11737080046671411,,0.10650000000000004,0.0031940966214228095
10,TrainingSize,29,291777,500,Our Eps-Fair,0.15,0.82225,0.1632236875165474,0.964,0.1603556007569229,,0.14174999999999993,0.002868086759624494
10,TrainingSize,29,291777,600,Unfair,,0.8425,0.1823122649460146,0.97575,0.18208600810174508,,0.13324999999999998,0.00022625684426952342
10,TrainingSize,29,291777,600,Our Eps-Fair,0.0,0.70725,0.02671680818344757,0.74775,0.039571947051398326,,0.04049999999999998,-0.012855138867950755
10,TrainingSize,29,291777,600,Our Eps-Fair,0.05,0.761,0.06176186829651595,0.82475,0.0734299712566305,,0.06374999999999997,-0.011668102960114557
10,TrainingSize,29,291777,600,Our Eps-Fair,0.1,0.79875,0.11170287901209011,0.899,0.11737080046671411,,0.10025000000000006,-0.0056679214546239975
10,TrainingSize,29,291777,600,Our Eps-Fair,0.15,0.8365,0.16073186213882967,0.964,0.1603556007569229,,0.12749999999999995,0.00037626138190677283
10,TrainingSize,29,291777,700,Unfair,,0.845,0.17838364610529472,0.97575,0.18208600810174508,,0.13075000000000003,-0.003702361996450354
10,TrainingSize,29,291777,700,Our Eps-Fair,0.0,0.7055,0.013308652586740743,0.74775,0.039571947051398326,,0.04225000000000001,-0.026263294464657583
10,TrainingSize,29,291777,700,Our Eps-Fair,0.05,0.754,0.05675621687556048,0.82475,0.0734299712566305,,0.07074999999999998,-0.01667375438107002
10,TrainingSize,29,291777,700,Our Eps-Fair,0.1,0.79625,0.10320537196250186,0.899,0.11737080046671411,,0.10275000000000001,-0.014165428504212249
10,TrainingSize,29,291777,700,Our Eps-Fair,0.15,0.838,0.15427841692211192,0.964,0.1603556007569229,,0.126,-0.006077183834810984
10,TrainingSize,29,291777,800,Unfair,,0.85525,0.18502009685792994,0.97575,0.18208600810174508,,0.12050000000000005,0.002934088756184866
10,TrainingSize,29,291777,800,Our Eps-Fair,0.0,0.69825,0.03677911256815519,0.74775,0.039571947051398326,,0.04949999999999999,-0.002792834483243134
10,TrainingSize,29,291777,800,Our Eps-Fair,0.05,0.75925,0.05682221887212088,0.82475,0.0734299712566305,,0.0655,-0.016607752384509622
10,TrainingSize,29,291777,800,Our Eps-Fair,0.1,0.80675,0.10056979223621515,0.899,0.11737080046671411,,0.09225000000000005,-0.01680100823049896
10,TrainingSize,29,291777,800,Our Eps-Fair,0.15,0.846,0.16101387066958775,0.964,0.1603556007569229,,0.118,0.0006582699126648495
10,TrainingSize,29,291777,900,Unfair,,0.85375,0.18136173619251983,0.97575,0.18208600810174508,,0.122,-0.0007242719092252492
10,TrainingSize,29,291777,900,Our Eps-Fair,0.0,0.71325,0.019290833547714825,0.74775,0.039571947051398326,,0.034499999999999975,-0.0202811135036835
10,TrainingSize,29,291777,900,Our Eps-Fair,0.05,0.7685,0.06874557955378151,0.82475,0.0734299712566305,,0.05625000000000002,-0.004684391702848997
10,TrainingSize,29,291777,900,Our Eps-Fair,0.1,0.8105,0.11615551370428956,0.899,0.11737080046671411,,0.08850000000000002,-0.00121528676242455
10,TrainingSize,29,291777,900,Our Eps-Fair,0.15,0.84275,0.15859354745481052,0.964,0.1603556007569229,,0.12124999999999997,-0.0017620533021123763
10,TrainingSize,29,291777,1000,Unfair,,0.85925,0.17556106072208683,0.97575,0.18208600810174508,,0.11650000000000005,-0.0065249473796582524
10,TrainingSize,29,291777,1000,Our Eps-Fair,0.0,0.711,0.01684850966741744,0.74775,0.039571947051398326,,0.03675000000000006,-0.022723437383980888
10,TrainingSize,29,291777,1000,Our Eps-Fair,0.05,0.7725,0.07123665490881098,0.82475,0.0734299712566305,,0.05225000000000002,-0.002193316347819524
10,TrainingSize,29,291777,1000,Our Eps-Fair,0.1,0.8165,0.12019963603899018,0.899,0.11737080046671411,,0.08250000000000002,0.0028288355722760755
10,TrainingSize,29,291777,1000,Our Eps-Fair,0.15,0.855,0.1685443484665411,0.964,0.1603556007569229,,0.10899999999999999,0.008188747709618194
10,TrainingSize,29,291777,1100,Unfair,,0.869,0.18333429586244987,0.97575,0.18208600810174508,,0.10675000000000001,0.0012482877607047915
10,TrainingSize,29,291777,1100,Our Eps-Fair,0.0,0.711,0.024760749012657624,0.74775,0.039571947051398326,,0.03675000000000006,-0.014811198038740703
10,TrainingSize,29,291777,1100,Our Eps-Fair,0.05,0.77375,0.06664576603442254,0.82475,0.0734299712566305,,0.050999999999999934,-0.006784205222207962
10,TrainingSize,29,291777,1100,Our Eps-Fair,0.1,0.82525,0.11374144067858054,0.899,0.11737080046671411,,0.07374999999999998,-0.003629359788133571
10,TrainingSize,29,291777,1100,Our Eps-Fair,0.15,0.859,0.15719050501277665,0.964,0.1603556007569229,,0.10499999999999998,-0.0031650957441462513
10,TrainingSize,29,291777,1200,Unfair,,0.87375,0.18110797851635013,0.97575,0.18208600810174508,,0.10199999999999998,-0.0009780295853949461
10,TrainingSize,29,291777,1200,Our Eps-Fair,0.0,0.72475,0.022257923302179905,0.74775,0.039571947051398326,,0.02300000000000002,-0.01731402374921842
10,TrainingSize,29,291777,1200,Our Eps-Fair,0.05,0.78,0.06469520703001266,0.82475,0.0734299712566305,,0.044749999999999956,-0.008734764226617842
10,TrainingSize,29,291777,1200,Our Eps-Fair,0.1,0.82675,0.11963086883378221,0.899,0.11737080046671411,,0.07225000000000004,0.002260068367068102
10,TrainingSize,29,291777,1200,Our Eps-Fair,0.15,0.863,0.15825653726025213,0.964,0.1603556007569229,,0.10099999999999998,-0.002099063496670772
10,TrainingSize,29,291777,1300,Unfair,,0.87225,0.17736161518885948,0.97575,0.18208600810174508,,0.10350000000000004,-0.004724392912885594
10,TrainingSize,29,291777,1300,Our Eps-Fair,0.0,0.727,0.021263393217644838,0.74775,0.039571947051398326,,0.020750000000000046,-0.018308553833753488
10,TrainingSize,29,291777,1300,Our Eps-Fair,0.05,0.7885,0.072220184660586,0.82475,0.0734299712566305,,0.036250000000000004,-0.0012097865960445098
10,TrainingSize,29,291777,1300,Our Eps-Fair,0.1,0.829,0.11715554395520464,0.899,0.11737080046671411,,0.07000000000000006,-0.00021525651150947067
10,TrainingSize,29,291777,1300,Our Eps-Fair,0.15,0.86475,0.1605661071247405,0.964,0.1603556007569229,,0.09924999999999995,0.0002105063678176089
10,TrainingSize,29,291777,1400,Unfair,,0.873,0.17984244023381704,0.97575,0.18208600810174508,,0.10275000000000001,-0.002243567867928037
10,TrainingSize,29,291777,1400,Our Eps-Fair,0.0,0.72525,0.02443948929455117,0.74775,0.039571947051398326,,0.022500000000000075,-0.015132457756847156
10,TrainingSize,29,291777,1400,Our Eps-Fair,0.05,0.7825,0.0761763043332061,0.82475,0.0734299712566305,,0.04225000000000001,0.0027463330765755967
10,TrainingSize,29,291777,1400,Our Eps-Fair,0.1,0.83325,0.12764761134024305,0.899,0.11737080046671411,,0.06574999999999998,0.010276810873528941
10,TrainingSize,29,291777,1400,Our Eps-Fair,0.15,0.867,0.16407996341889342,0.964,0.1603556007569229,,0.09699999999999998,0.003724362661970515
10,TrainingSize,29,291777,1500,Unfair,,0.8765,0.17980943923553686,0.97575,0.18208600810174508,,0.09925000000000006,-0.002276568866208223
10,TrainingSize,29,291777,1500,Our Eps-Fair,0.0,0.71875,0.02239542746168069,0.74775,0.039571947051398326,,0.029000000000000026,-0.017176519589717637
10,TrainingSize,29,291777,1500,Our Eps-Fair,0.05,0.77525,0.06221988215143506,0.82475,0.0734299712566305,,0.04949999999999999,-0.011210089105195442
10,TrainingSize,29,291777,1500,Our Eps-Fair,0.1,0.832,0.11264715757651668,0.899,0.11737080046671411,,0.06700000000000006,-0.00472364289019743
10,TrainingSize,29,291777,1500,Our Eps-Fair,0.15,0.865,0.1645387272965007,0.964,0.1603556007569229,,0.09899999999999998,0.004183126539577808
10,TrainingSize,29,291777,1600,Unfair,,0.87975,0.1767928479836515,0.97575,0.18208600810174508,,0.09599999999999997,-0.005293160118093582
10,TrainingSize,29,291777,1600,Our Eps-Fair,0.0,0.72525,0.01319714921376372,0.74775,0.039571947051398326,,0.022500000000000075,-0.026374797837634606
10,TrainingSize,29,291777,1600,Our Eps-Fair,0.05,0.78475,0.06168411594450732,0.82475,0.0734299712566305,,0.040000000000000036,-0.011745855312123188
10,TrainingSize,29,291777,1600,Our Eps-Fair,0.1,0.83825,0.12074165243498616,0.899,0.11737080046671411,,0.06074999999999997,0.003370851968272054
10,TrainingSize,29,291777,1600,Our Eps-Fair,0.15,0.8715,0.16274292297341997,0.964,0.1603556007569229,,0.09249999999999992,0.0023873222164970676
10,TrainingSize,29,291777,1700,Unfair,,0.88325,0.1815447417284373,0.97575,0.18208600810174508,,0.09250000000000003,-0.000541266373307786
10,TrainingSize,29,291777,1700,Our Eps-Fair,0.0,0.725,0.024351486632470637,0.74775,0.039571947051398326,,0.022750000000000048,-0.01522046041892769
10,TrainingSize,29,291777,1700,Our Eps-Fair,0.05,0.77725,0.06618150199043521,0.82475,0.0734299712566305,,0.04749999999999999,-0.007248469266195295
10,TrainingSize,29,291777,1700,Our Eps-Fair,0.1,0.82975,0.11213889220148911,0.899,0.11737080046671411,,0.06925000000000003,-0.005231908265225002
10,TrainingSize,29,291777,1700,Our Eps-Fair,0.15,0.87225,0.16156613737565562,0.964,0.1603556007569229,,0.09175,0.001210536618732716
10,TrainingSize,29,291777,1800,Unfair,,0.88325,0.17976543790449662,0.97575,0.18208600810174508,,0.09250000000000003,-0.0023205701972484616
10,TrainingSize,29,291777,1800,Our Eps-Fair,0.0,0.71975,0.020903632334878103,0.74775,0.039571947051398326,,0.028000000000000025,-0.018668314716520223
10,TrainingSize,29,291777,1800,Our Eps-Fair,0.05,0.77775,0.05373887560098692,0.82475,0.0734299712566305,,0.04699999999999993,-0.019691095655643587
10,TrainingSize,29,291777,1800,Our Eps-Fair,0.1,0.831,0.11822782639174836,0.899,0.11737080046671411,,0.06800000000000006,0.0008570259250342549
10,TrainingSize,29,291777,1800,Our Eps-Fair,0.15,0.87025,0.15923456684564707,0.964,0.1603556007569229,,0.09375,-0.001121033911275826
10,TrainingSize,29,291777,1900,Unfair,,0.8905,0.17974893740535652,0.97575,0.18208600810174508,,0.08525000000000005,-0.0023370706963885546
10,TrainingSize,29,291777,1900,Our Eps-Fair,0.0,0.721,0.027870843093003583,0.74775,0.039571947051398326,,0.02675000000000005,-0.011701103958394743
10,TrainingSize,29,291777,1900,Our Eps-Fair,0.05,0.78175,0.06020332115046481,0.82475,0.0734299712566305,,0.04300000000000004,-0.013226650106165694
10,TrainingSize,29,291777,1900,Our Eps-Fair,0.1,0.8365,0.10814427136420877,0.899,0.11737080046671411,,0.0625,-0.009226529102505335
10,TrainingSize,29,291777,1900,Our Eps-Fair,0.15,0.8815,0.16354419721196567,0.964,0.1603556007569229,,0.08250000000000002,0.0031885964550427692
10,TrainingSize,29,291777,2000,Unfair,,0.8875,0.17957768222488732,0.97575,0.18208600810174508,,0.08825000000000005,-0.0025083258768577588
10,TrainingSize,29,291777,2000,Our Eps-Fair,0.0,0.7255,0.022903692836708317,0.74775,0.039571947051398326,,0.022249999999999992,-0.01666825421469001
10,TrainingSize,29,291777,2000,Our Eps-Fair,0.05,0.7835,0.05771699593912716,0.82475,0.0734299712566305,,0.04125000000000001,-0.015712975317503347
10,TrainingSize,29,291777,2000,Our Eps-Fair,0.1,0.83675,0.11763630849833209,0.899,0.11737080046671411,,0.06225000000000003,0.00026550803161798364
10,TrainingSize,29,291777,2000,Our Eps-Fair,0.15,0.8785,0.16759381971304632,0.964,0.1603556007569229,,0.08550000000000002,0.007238218956123421
10,PoolSize,29,291777,20,Our Eps-Fair,0.0,0.61975,0.2850678733031674,0.74775,0.039571947051398326,,0.128,0.24549592625176908
10,PoolSize,29,291777,20,Our Eps-Fair,0.05,0.68575,0.2660672985357807,0.82475,0.0734299712566305,,0.139,0.1926373272791502
10,PoolSize,29,291777,20,Our Eps-Fair,0.1,0.63,0.2550119641119144,0.899,0.11737080046671411,,0.269,0.1376411636452003
10,PoolSize,29,291777,20,Our Eps-Fair,0.15,0.817,0.2355023739468119,0.964,0.1603556007569229,,0.14700000000000002,0.075146773189889
10,PoolSize,29,291777,40,Our Eps-Fair,0.0,0.69325,0.1838980629164032,0.74775,0.039571947051398326,,0.05449999999999999,0.14432611586500488
10,PoolSize,29,291777,40,Our Eps-Fair,0.05,0.78075,0.18170499657614642,0.82475,0.0734299712566305,,0.04399999999999993,0.10827502531951591
10,PoolSize,29,291777,40,Our Eps-Fair,0.1,0.834,0.1817159969089065,0.899,0.11737080046671411,,0.06500000000000006,0.06434519644219239
10,PoolSize,29,291777,40,Our Eps-Fair,0.15,0.88475,0.16959388021487648,0.964,0.1603556007569229,,0.07924999999999993,0.00923827945795358
10,PoolSize,29,291777,60,Our Eps-Fair,0.0,0.7525,0.16615777627273226,0.74775,0.039571947051398326,,-0.004749999999999921,0.12658582922133393
10,PoolSize,29,291777,60,Our Eps-Fair,0.05,0.77075,0.17116892786006777,0.82475,0.0734299712566305,,0.05399999999999994,0.09773895660343726
10,PoolSize,29,291777,60,Our Eps-Fair,0.1,0.83825,0.17019639844105283,0.899,0.11737080046671411,,0.06074999999999997,0.05282559797433872
10,PoolSize,29,291777,60,Our Eps-Fair,0.15,0.87225,0.17372125506796582,0.964,0.1603556007569229,,0.09175,0.013365654311042918
10,PoolSize,29,291777,80,Our Eps-Fair,0.0,0.73575,0.12828788070839142,0.74775,0.039571947051398326,,0.01200000000000001,0.0887159336569931
10,PoolSize,29,291777,80,Our Eps-Fair,0.05,0.806,0.15972558169884638,0.82475,0.0734299712566305,,0.018749999999999933,0.08629561044221587
10,PoolSize,29,291777,80,Our Eps-Fair,0.1,0.8355,0.16819008775015443,0.899,0.11737080046671411,,0.0635,0.05081928728344032
10,PoolSize,29,291777,80,Our Eps-Fair,0.15,0.85125,0.1686826026487301,0.964,0.1603556007569229,,0.11275000000000002,0.008327001891807212
10,PoolSize,29,291777,100,Our Eps-Fair,0.0,0.744,0.1322715012129117,0.74775,0.039571947051398326,,0.003750000000000031,0.09269955416151338
10,PoolSize,29,291777,100,Our Eps-Fair,0.05,0.817,0.1681688371073225,0.82475,0.0734299712566305,,0.007750000000000035,0.094738865850692
10,PoolSize,29,291777,100,Our Eps-Fair,0.1,0.83575,0.16867710248235007,0.899,0.11737080046671411,,0.06325000000000003,0.05130630201563596
10,PoolSize,29,291777,100,Our Eps-Fair,0.15,0.8655,0.1717046940669955,0.964,0.1603556007569229,,0.09849999999999992,0.011349093310072611
10,PoolSize,29,291777,120,Our Eps-Fair,0.0,0.76275,0.13075770542058898,0.74775,0.039571947051398326,,-0.015000000000000013,0.09118575836919066
10,PoolSize,29,291777,120,Our Eps-Fair,0.05,0.83,0.16767157206505495,0.82475,0.0734299712566305,,-0.005249999999999977,0.09424160080842445
10,PoolSize,29,291777,120,Our Eps-Fair,0.1,0.856,0.16868810281511015,0.899,0.11737080046671411,,0.04300000000000004,0.05131730234839604
10,PoolSize,29,291777,120,Our Eps-Fair,0.15,0.8755,0.17773237640438624,0.964,0.1603556007569229,,0.08850000000000002,0.017376775647463344
10,PoolSize,29,291777,140,Our Eps-Fair,0.0,0.71,0.12559879936368076,0.74775,0.039571947051398326,,0.03775000000000006,0.08602685231228244
10,PoolSize,29,291777,140,Our Eps-Fair,0.05,0.80225,0.17117442802644778,0.82475,0.0734299712566305,,0.022499999999999964,0.09774445676981727
10,PoolSize,29,291777,140,Our Eps-Fair,0.1,0.85775,0.17871590615616123,0.899,0.11737080046671411,,0.04125000000000001,0.06134510568944712
10,PoolSize,29,291777,140,Our Eps-Fair,0.15,0.86875,0.1802242017821039,0.964,0.1603556007569229,,0.09524999999999995,0.01986860102518101
10,PoolSize,29,291777,160,Our Eps-Fair,0.0,0.7355,0.12357673819633043,0.74775,0.039571947051398326,,0.012249999999999983,0.0840047911449321
10,PoolSize,29,291777,160,Our Eps-Fair,0.05,0.8135,0.1681688371073225,0.82475,0.0734299712566305,,0.011249999999999982,0.094738865850692
10,PoolSize,29,291777,160,Our Eps-Fair,0.1,0.855,0.17520755002838834,0.899,0.11737080046671411,,0.04400000000000004,0.05783674956167423
10,PoolSize,29,291777,160,Our Eps-Fair,0.15,0.877,0.18124623269853912,0.964,0.1603556007569229,,0.08699999999999997,0.020890631941616222
10,PoolSize,29,291777,180,Our Eps-Fair,0.0,0.7455,0.10255410226159342,0.74775,0.039571947051398326,,0.0022499999999999742,0.0629821552101951
10,PoolSize,29,291777,180,Our Eps-Fair,0.05,0.797,0.16615777627273226,0.82475,0.0734299712566305,,0.02774999999999994,0.09272780501610176
10,PoolSize,29,291777,180,Our Eps-Fair,0.1,0.83075,0.17368825406968563,0.899,0.11737080046671411,,0.06825000000000003,0.05631745360297152
10,PoolSize,29,291777,180,Our Eps-Fair,0.15,0.87075,0.180235202114864,0.964,0.1603556007569229,,0.09324999999999994,0.01987960135794109
10,PoolSize,29,291777,200,Our Eps-Fair,0.0,0.749,0.10154307167791825,0.74775,0.039571947051398326,,-0.0012499999999999734,0.06197112462651992
10,PoolSize,29,291777,200,Our Eps-Fair,0.05,0.78825,0.14761046521657278,0.82475,0.0734299712566305,,0.03649999999999998,0.07418049395994228
10,PoolSize,29,291777,200,Our Eps-Fair,0.1,0.84575,0.18021320144934383,0.899,0.11737080046671411,,0.05325000000000002,0.06284240098262972
10,PoolSize,29,291777,200,Our Eps-Fair,0.15,0.868,0.18875470982997233,0.964,0.1603556007569229,,0.09599999999999997,0.028399109073049433
10,PoolSize,29,291777,220,Our Eps-Fair,0.0,0.755,0.10254310192883336,0.74775,0.039571947051398326,,-0.007249999999999979,0.06297115487743503
10,PoolSize,29,291777,220,Our Eps-Fair,0.05,0.79975,0.1611411245190167,0.82475,0.0734299712566305,,0.025000000000000022,0.08771115326238618
10,PoolSize,29,291777,220,Our Eps-Fair,0.1,0.8545,0.18523535336943941,0.899,0.11737080046671411,,0.044499999999999984,0.0678645529027253
10,PoolSize,29,291777,220,Our Eps-Fair,0.15,0.87275,0.18976024024726745,0.964,0.1603556007569229,,0.09124999999999994,0.029404639490344553
10,PoolSize,29,291777,240,Our Eps-Fair,0.0,0.75175,0.13006868457770848,0.74775,0.039571947051398326,,-0.0040000000000000036,0.09049673752631016
10,PoolSize,29,291777,240,Our Eps-Fair,0.05,0.79025,0.1631411850208469,0.82475,0.0734299712566305,,0.034499999999999975,0.0897112137642164
10,PoolSize,29,291777,240,Our Eps-Fair,0.1,0.8485,0.18975474008088744,0.899,0.11737080046671411,,0.05049999999999999,0.07238393961417333
10,PoolSize,29,291777,240,Our Eps-Fair,0.15,0.87375,0.19277683149915287,0.964,0.1603556007569229,,0.09024999999999994,0.03242123074222997
10,PoolSize,29,291777,260,Our Eps-Fair,0.0,0.7205,0.13006868457770848,0.74775,0.039571947051398326,,0.027249999999999996,0.09049673752631016
10,PoolSize,29,291777,260,Our Eps-Fair,0.05,0.792,0.1656550110640847,0.82475,0.0734299712566305,,0.032749999999999946,0.0922250398074542
10,PoolSize,29,291777,260,Our Eps-Fair,0.1,0.83175,0.18622988345397448,0.899,0.11737080046671411,,0.06725000000000003,0.06885908298726037
10,PoolSize,29,291777,260,Our Eps-Fair,0.15,0.872,0.1917713010818577,0.964,0.1603556007569229,,0.09199999999999997,0.03141570032493479
10,PoolSize,29,291777,280,Our Eps-Fair,0.0,0.71,0.10106230713479084,0.74775,0.039571947051398326,,0.03775000000000006,0.06149036008339251
10,PoolSize,29,291777,280,Our Eps-Fair,0.05,0.7815,0.1631411850208469,0.82475,0.0734299712566305,,0.04325000000000001,0.0897112137642164
10,PoolSize,29,291777,280,Our Eps-Fair,0.1,0.8305,0.18622988345397448,0.899,0.11737080046671411,,0.0685,0.06885908298726037
10,PoolSize,29,291777,280,Our Eps-Fair,0.15,0.873,0.19227406629050525,0.964,0.1603556007569229,,0.09099999999999997,0.03191846553358235
10,PoolSize,29,291777,300,Our Eps-Fair,0.0,0.74025,0.07699557911626825,0.74775,0.039571947051398326,,0.007500000000000062,0.03742363206486993
10,PoolSize,29,291777,300,Our Eps-Fair,0.05,0.7915,0.1571300031825963,0.82475,0.0734299712566305,,0.03325,0.08370003192596578
10,PoolSize,29,291777,300,Our Eps-Fair,0.1,0.84375,0.18121323170025894,0.899,0.11737080046671411,,0.05525000000000002,0.06384243123354483
10,PoolSize,29,291777,300,Our Eps-Fair,0.15,0.87875,0.19127403603959017,0.964,0.1603556007569229,,0.08524999999999994,0.030918435282667273
