Figure,Repetition,Seed,DistributionSeed,p,Method,Epsilon,Accuracy,Unfairness,RuntimeSeconds
2,0,778,777,0.5,Unfair,,0.904,0.04080408040804079,0.03960429999278858
2,0,778,777,0.5,Our Eps-Fair,0.0,0.899,0.03482348234823482,0.24933550000423566
2,0,778,777,0.5,Our Eps-Fair,0.05,0.906,0.036843684368436824,0.011117299989564344
2,0,778,777,0.5,Our Eps-Fair,0.1,0.903,0.04080408040804079,0.008626800001366064
2,0,778,777,0.5,Our Eps-Fair,0.15,0.904,0.04080408040804079,0.008823299984214827
2,0,778,777,0.5,Our Eps-Fair,0.2,0.904,0.038823882388238806,0.008928700000979006
2,0,779,777,0.6,Unfair,,0.903,0.09634085213032581,0.042646700021578
2,0,779,777,0.6,Our Eps-Fair,0.0,0.851,0.07137844611528821,0.3898144999984652
2,0,779,777,0.6,Our Eps-Fair,0.05,0.897,0.09674185463659148,0.3402316000137944
2,0,779,777,0.6,Our Eps-Fair,0.1,0.903,0.09634085213032581,0.013643299986142665
2,0,779,777,0.6,Our Eps-Fair,0.15,0.905,0.09844611528822056,0.015670499997213483
2,0,779,777,0.6,Our Eps-Fair,0.2,0.903,0.09634085213032581,0.013780099980067462
2,0,780,777,0.7,Unfair,,0.914,0.1722463049041625,0.039292899979045615
2,0,780,777,0.7,Our Eps-Fair,0.0,0.799,0.06915724897654182,0.3574393000162672
2,0,780,777,0.7,Our Eps-Fair,0.05,0.854,0.1039688884782111,0.5404644000227563
2,0,780,777,0.7,Our Eps-Fair,0.1,0.891,0.1317378500749264,0.4936679000093136
2,0,780,777,0.7,Our Eps-Fair,0.15,0.914,0.16368099441165715,0.185150600009365
2,0,780,777,0.7,Our Eps-Fair,0.2,0.914,0.1701049772810362,0.020405299990670756
2,0,781,777,0.75,Unfair,,0.909,0.23016607197920796,0.047499299980700016
2,0,781,777,0.75,Our Eps-Fair,0.0,0.734,0.05548814429480481,0.33680840002489276
2,0,781,777,0.75,Our Eps-Fair,0.05,0.793,0.10147330313842803,0.3949915000121109
2,0,781,777,0.75,Our Eps-Fair,0.1,0.862,0.17342047406802263,0.3340101999929175
2,0,781,777,0.75,Our Eps-Fair,0.15,0.898,0.21401139717513445,0.3653851000126451
2,0,781,777,0.75,Our Eps-Fair,0.2,0.91,0.23016607197920796,0.03276279999408871
2,0,782,777,0.8,Unfair,,0.894,0.2778741726110147,0.05508270001155324
2,0,782,777,0.8,Our Eps-Fair,0.0,0.689,0.05150697255960415,0.5668653000029735
2,0,782,777,0.8,Our Eps-Fair,0.05,0.767,0.10899042477989845,0.39449959999183193
2,0,782,777,0.8,Our Eps-Fair,0.1,0.815,0.14274468221836642,0.36763790002441965
2,0,782,777,0.8,Our Eps-Fair,0.15,0.875,0.19367328577854892,0.29359620000468567
2,0,782,777,0.8,Our Eps-Fair,0.2,0.905,0.23443223443223443,0.2355204000195954
2,0,783,777,0.9,Unfair,,0.897,0.3216503424876769,0.03526549998787232
2,0,783,777,0.9,Our Eps-Fair,0.0,0.618,0.05641444209717689,0.3062809999973979
2,0,783,777,0.9,Our Eps-Fair,0.05,0.696,0.08816657064208436,0.36778010000125505
2,0,783,777,0.9,Our Eps-Fair,0.1,0.757,0.1302093335893989,0.2279428000038024
2,0,783,777,0.9,Our Eps-Fair,0.15,0.809,0.17252416618654376,0.23334579999209382
2,0,783,777,0.9,Our Eps-Fair,0.2,0.869,0.213974777543051,0.25190410000504926
2,0,784,777,0.99,Unfair,,0.942,0.35639412997903563,0.025358499988215044
2,0,784,777,0.99,Our Eps-Fair,0.0,0.537,0.035531183985312936,0.28482219998841174
2,0,784,777,0.99,Our Eps-Fair,0.05,0.624,0.09238749193293008,0.24912540000514127
2,0,784,777,0.99,Our Eps-Fair,0.1,0.688,0.13742278661648047,0.25114079998456873
2,0,784,777,0.99,Our Eps-Fair,0.15,0.751,0.2021437361456843,0.2398838000081014
2,0,784,777,0.99,Our Eps-Fair,0.2,0.818,0.25863126375410367,0.3143800999969244
2,1,10778,10777,0.5,Unfair,,0.877,0.04415530375776197,0.029390099982265383
2,1,10778,10777,0.5,Our Eps-Fair,0.0,0.867,0.06009538441841111,0.26395500000217
2,1,10778,10777,0.5,Our Eps-Fair,0.05,0.877,0.046187824082965234,0.02494719999958761
2,1,10778,10777,0.5,Our Eps-Fair,0.1,0.878,0.046187824082965234,0.00837860000319779
2,1,10778,10777,0.5,Our Eps-Fair,0.15,0.878,0.046187824082965234,0.007664500008104369
2,1,10778,10777,0.5,Our Eps-Fair,0.2,0.878,0.046187824082965234,0.008580499998060986
2,1,10779,10777,0.6,Unfair,,0.874,0.10361107977892006,0.02777099999366328
2,1,10779,10777,0.6,Our Eps-Fair,0.0,0.839,0.05477851721748658,0.2516532000154257
2,1,10779,10777,0.6,Our Eps-Fair,0.05,0.868,0.10176606132873556,0.08824780001305044
2,1,10779,10777,0.6,Our Eps-Fair,0.1,0.876,0.10142767366538294,0.008662099979119375
2,1,10779,10777,0.6,Our Eps-Fair,0.15,0.875,0.10176606132873556,0.008392699994146824
2,1,10779,10777,0.6,Our Eps-Fair,0.2,0.875,0.10176606132873556,0.00915030000032857
2,1,10780,10777,0.7,Unfair,,0.887,0.16603797736718523,0.030937799980165437
2,1,10780,10777,0.7,Our Eps-Fair,0.0,0.764,0.04977779200051201,0.20032410000567324
2,1,10780,10777,0.7,Our Eps-Fair,0.05,0.813,0.09607145857250861,0.19453900001826696
2,1,10780,10777,0.7,Our Eps-Fair,0.1,0.855,0.1600257609273934,0.21423119999235496
2,1,10780,10777,0.7,Our Eps-Fair,0.15,0.888,0.17401426451352248,0.10162420000415295
2,1,10780,10777,0.7,Our Eps-Fair,0.2,0.886,0.1680500498017929,0.00781700000516139
2,1,10781,10777,0.75,Unfair,,0.894,0.2117822162473593,0.02948239998659119
2,1,10781,10777,0.75,Our Eps-Fair,0.0,0.72,0.05356571282248257,0.17040220001945272
2,1,10781,10777,0.75,Our Eps-Fair,0.05,0.792,0.08437359964150823,0.31278439998277463
2,1,10781,10777,0.75,Our Eps-Fair,0.1,0.849,0.1355707061007618,0.2682321000029333
2,1,10781,10777,0.75,Our Eps-Fair,0.15,0.888,0.16376992510082583,0.29127089999383315
2,1,10781,10777,0.75,Our Eps-Fair,0.2,0.899,0.20981371231035142,0.11287859998992644
2,1,10782,10777,0.8,Unfair,,0.872,0.24188070770547737,0.03214600001228973
2,1,10782,10777,0.8,Our Eps-Fair,0.0,0.694,0.03987743558768114,0.2615012999740429
2,1,10782,10777,0.8,Our Eps-Fair,0.05,0.751,0.07587873163433884,0.20612059999257326
2,1,10782,10777,0.8,Our Eps-Fair,0.1,0.814,0.1199283174194271,0.20906429999740794
2,1,10782,10777,0.8,Our Eps-Fair,0.15,0.856,0.16793004548163734,0.2675761999853421
2,1,10782,10777,0.8,Our Eps-Fair,0.2,0.896,0.1998591949310175,0.33601170001202263
2,1,10783,10777,0.9,Unfair,,0.865,0.35329796817135417,0.028358499985188246
2,1,10783,10777,0.9,Our Eps-Fair,0.0,0.574,0.06710039035131618,0.19352400000207126
2,1,10783,10777,0.9,Our Eps-Fair,0.05,0.64,0.09652687418676809,0.24219859999720939
2,1,10783,10777,0.9,Our Eps-Fair,0.1,0.701,0.16210589530577518,0.23518459999468178
2,1,10783,10777,0.9,Our Eps-Fair,0.15,0.761,0.20420378340506454,0.22459789999993518
2,1,10783,10777,0.9,Our Eps-Fair,0.2,0.815,0.2644980482434191,0.19849380000960082
2,1,10784,10777,0.99,Unfair,,0.904,0.35412474849094566,0.03041869998560287
2,1,10784,10777,0.99,Our Eps-Fair,0.0,0.458,0.09535143265157545,0.26135319998138584
2,1,10784,10777,0.99,Our Eps-Fair,0.05,0.529,0.09183930621502374,0.27017820000764914
2,1,10784,10777,0.99,Our Eps-Fair,0.1,0.595,0.13394882215759768,0.3885924999776762
2,1,10784,10777,0.99,Our Eps-Fair,0.15,0.658,0.19068686472713017,0.2961187000037171
2,1,10784,10777,0.99,Our Eps-Fair,0.2,0.734,0.26188142773139833,0.3271628999791574
2,2,20778,20777,0.5,Unfair,,0.841,0.05471606484212893,0.03102760002366267
2,2,20778,20777,0.5,Our Eps-Fair,0.0,0.827,0.06960615510577584,0.17029720000573434
2,2,20778,20777,0.5,Our Eps-Fair,0.05,0.838,0.044798702836341464,0.06220350001240149
2,2,20778,20777,0.5,Our Eps-Fair,0.1,0.84,0.05494884792441776,0.008602999994764104
2,2,20778,20777,0.5,Our Eps-Fair,0.15,0.838,0.0544832817598401,0.008285899995826185
2,2,20778,20777,0.5,Our Eps-Fair,0.2,0.837,0.05494884792441776,0.00845689998823218
2,2,20779,20777,0.6,Unfair,,0.857,0.09221311475409835,0.03136140000424348
2,2,20779,20777,0.6,Our Eps-Fair,0.0,0.833,0.07405865778688525,0.28698169998824596
2,2,20779,20777,0.6,Our Eps-Fair,0.05,0.858,0.0921170594262295,0.1384820999810472
2,2,20779,20777,0.6,Our Eps-Fair,0.1,0.86,0.09221311475409835,0.007856000011088327
2,2,20779,20777,0.6,Our Eps-Fair,0.15,0.859,0.09221311475409835,0.008853899984387681
2,2,20779,20777,0.6,Our Eps-Fair,0.2,0.86,0.09416623975409835,0.009009400004288182
2,2,20780,20777,0.7,Unfair,,0.843,0.16276267592057064,0.029334599996218458
2,2,20780,20777,0.7,Our Eps-Fair,0.0,0.728,0.0600539811066127,0.19503859998076223
2,2,20780,20777,0.7,Our Eps-Fair,0.05,0.784,0.09515776621039779,0.31589899997925386
2,2,20780,20777,0.7,Our Eps-Fair,0.1,0.835,0.1401098901098901,0.20557950000511482
2,2,20780,20777,0.7,Our Eps-Fair,0.15,0.841,0.17079557869031553,0.045000000012805685
2,2,20780,20777,0.7,Our Eps-Fair,0.2,0.841,0.1611400295610822,0.007790799980284646
2,2,20781,20777,0.75,Unfair,,0.852,0.23609710012649915,0.02888080000411719
2,2,20781,20777,0.75,Our Eps-Fair,0.0,0.708,0.06280123616915662,0.2170777999854181
2,2,20781,20777,0.75,Our Eps-Fair,0.05,0.772,0.09276873068485691,0.1904215000104159
2,2,20781,20777,0.75,Our Eps-Fair,0.1,0.831,0.16048582088357272,0.26733440000680275
2,2,20781,20777,0.75,Our Eps-Fair,0.15,0.854,0.20624169348769433,0.22889969998504966
2,2,20781,20777,0.75,Our Eps-Fair,0.2,0.854,0.2301484363741173,0.18932760000461712
2,2,20782,20777,0.8,Unfair,,0.867,0.2435429376631279,0.03045140000176616
2,2,20782,20777,0.8,Our Eps-Fair,0.0,0.688,0.07324142127427904,0.2363924999954179
2,2,20782,20777,0.8,Our Eps-Fair,0.05,0.733,0.10365726729756129,0.20268129999749362
2,2,20782,20777,0.8,Our Eps-Fair,0.1,0.781,0.1457462650718163,0.2855498999997508
2,2,20782,20777,0.8,Our Eps-Fair,0.15,0.833,0.1897807881379001,0.26185280000208877
2,2,20782,20777,0.8,Our Eps-Fair,0.2,0.864,0.2458247265856431,0.16558420000365004
2,2,20783,20777,0.9,Unfair,,0.854,0.362813451253805,0.02892400001292117
2,2,20783,20777,0.9,Our Eps-Fair,0.0,0.598,0.06550026200104801,0.18503490000148304
2,2,20783,20777,0.9,Our Eps-Fair,0.05,0.66,0.11152844611378446,0.2171659000159707
2,2,20783,20777,0.9,Our Eps-Fair,0.1,0.704,0.13950455801823208,0.23186749999877065
2,2,20783,20777,0.9,Our Eps-Fair,0.15,0.764,0.20547682190728764,0.20468950000940822
2,2,20783,20777,0.9,Our Eps-Fair,0.2,0.82,0.24943699774799102,0.2181888000050094
2,2,20784,20777,0.99,Unfair,,0.897,0.3575757575757576,0.0326962000108324
2,2,20784,20777,0.99,Our Eps-Fair,0.0,0.514,0.026782678267826765,0.24988619997748174
2,2,20784,20777,0.99,Our Eps-Fair,0.05,0.601,0.0971897189718972,0.21975310001289472
2,2,20784,20777,0.99,Our Eps-Fair,0.1,0.671,0.14635463546354638,0.30668430001242086
2,2,20784,20777,0.99,Our Eps-Fair,0.15,0.735,0.19747974797479745,0.237435999995796
2,2,20784,20777,0.99,Our Eps-Fair,0.2,0.787,0.2633063306330633,0.1849997999961488
2,3,30778,30777,0.5,Unfair,,0.893,0.0349157537318214,0.028682599979219958
2,3,30778,30777,0.5,Our Eps-Fair,0.0,0.891,0.05080402331987954,0.24416880001081154
2,3,30778,30777,0.5,Our Eps-Fair,0.05,0.895,0.03078352232686271,0.009049300017068163
2,3,30778,30777,0.5,Our Eps-Fair,0.1,0.896,0.03685373822794544,0.007550100010121241
2,3,30778,30777,0.5,Our Eps-Fair,0.15,0.894,0.032721506822986746,0.00785090000135824
2,3,30778,30777,0.5,Our Eps-Fair,0.2,0.892,0.03478762252546608,0.01055199999245815
2,3,30779,30777,0.6,Unfair,,0.876,0.0733562934251737,0.03155859999242239
2,3,30779,30777,0.6,Our Eps-Fair,0.0,0.846,0.061364245456981825,0.31329260001075454
2,3,30779,30777,0.6,Our Eps-Fair,0.05,0.877,0.07535230140920564,0.26205610000761226
2,3,30779,30777,0.6,Our Eps-Fair,0.1,0.877,0.07136028544114177,0.011383000004570931
2,3,30779,30777,0.6,Our Eps-Fair,0.15,0.879,0.0713682854731419,0.010059399995952845
2,3,30779,30777,0.6,Our Eps-Fair,0.2,0.877,0.07336429345717384,0.013182399998186156
2,3,30780,30777,0.7,Unfair,,0.868,0.2133388831967213,0.03730980001273565
2,3,30780,30777,0.7,Our Eps-Fair,0.0,0.726,0.07357838114754098,0.29382130000158213
2,3,30780,30777,0.7,Our Eps-Fair,0.05,0.794,0.10732581967213115,0.21477669998421334
2,3,30780,30777,0.7,Our Eps-Fair,0.1,0.85,0.15525742827868852,0.22516569998697378
2,3,30780,30777,0.7,Our Eps-Fair,0.15,0.87,0.2092405225409836,0.013558400009060279
2,3,30780,30777,0.7,Our Eps-Fair,0.2,0.87,0.2092405225409836,0.012479400000302121
2,3,30781,30777,0.75,Unfair,,0.885,0.21739547832765327,0.03637980000348762
2,3,30781,30777,0.75,Our Eps-Fair,0.0,0.732,0.07928926862829805,0.21178539999527857
2,3,30781,30777,0.75,Our Eps-Fair,0.05,0.79,0.11457783324533194,0.27110779998474754
2,3,30781,30777,0.75,Our Eps-Fair,0.1,0.855,0.15260244163906622,0.24212169999373145
2,3,30781,30777,0.75,Our Eps-Fair,0.15,0.886,0.2007792124673995,0.2983863000117708
2,3,30781,30777,0.75,Our Eps-Fair,0.2,0.885,0.22343557496919952,0.010450500005390495
2,3,30782,30777,0.8,Unfair,,0.876,0.2525400406406503,0.027329999982612208
2,3,30782,30777,0.8,Our Eps-Fair,0.0,0.687,0.026864429830877307,0.4403172000020277
2,3,30782,30777,0.8,Our Eps-Fair,0.05,0.742,0.061264980239683825,0.2661389999848325
2,3,30782,30777,0.8,Our Eps-Fair,0.1,0.802,0.12729003664058625,0.2707308999961242
2,3,30782,30777,0.8,Our Eps-Fair,0.15,0.862,0.18725899614393832,0.18816910000168718
2,3,30782,30777,0.8,Our Eps-Fair,0.2,0.886,0.26136418182690924,0.2032996999914758
2,3,30783,30777,0.9,Unfair,,0.883,0.3541066513027335,0.03287339999224059
2,3,30783,30777,0.9,Our Eps-Fair,0.0,0.578,0.039834197554573986,0.26819519998389296
2,3,30783,30777,0.9,Our Eps-Fair,0.05,0.642,0.07387491197746623,0.23669419999350794
2,3,30783,30777,0.9,Our Eps-Fair,0.1,0.731,0.13824339030791882,0.17677130000083707
2,3,30783,30777,0.9,Our Eps-Fair,0.15,0.793,0.20232379489149221,0.2580782999866642
2,3,30783,30777,0.9,Our Eps-Fair,0.2,0.838,0.23830100505729468,0.2259619999967981
2,3,30784,30777,0.99,Unfair,,0.928,0.35943775100401604,0.03646699999808334
2,3,30784,30777,0.99,Our Eps-Fair,0.0,0.537,0.05905694491111858,0.29410339999594726
2,3,30784,30777,0.99,Our Eps-Fair,0.05,0.606,0.09371349941599069,0.23272280002129264
2,3,30784,30777,0.99,Our Eps-Fair,0.1,0.672,0.16555464887438198,0.3334614999766927
2,3,30784,30777,0.99,Our Eps-Fair,0.15,0.724,0.18958703339253424,0.22026220001862384
2,3,30784,30777,0.99,Our Eps-Fair,0.2,0.791,0.2415558648938383,0.33137520001037046
2,4,40778,40777,0.5,Unfair,,0.875,0.041937509750351015,0.03002179999020882
2,4,40778,40777,0.5,Our Eps-Fair,0.0,0.869,0.09190330851910666,0.2710117000096943
2,4,40778,40777,0.5,Our Eps-Fair,0.05,0.874,0.03994943817977448,0.008111300005111843
2,4,40778,40777,0.5,Our Eps-Fair,0.1,0.875,0.03994943817977448,0.008872100006556138
2,4,40778,40777,0.5,Our Eps-Fair,0.15,0.875,0.03994943817977448,0.007939499977510422
2,4,40778,40777,0.5,Our Eps-Fair,0.2,0.874,0.041937509750351015,0.00836519998847507
2,4,40779,40777,0.6,Unfair,,0.883,0.08127632510530042,0.03099799997289665
2,4,40779,40777,0.6,Our Eps-Fair,0.0,0.842,0.02265209060836243,0.41516460001002997
2,4,40779,40777,0.6,Our Eps-Fair,0.05,0.878,0.06928427713710855,0.13732900001923554
2,4,40779,40777,0.6,Our Eps-Fair,0.1,0.88,0.08127632510530042,0.010569100006250665
2,4,40779,40777,0.6,Our Eps-Fair,0.15,0.882,0.08127632510530042,0.010469400003785267
2,4,40779,40777,0.6,Our Eps-Fair,0.2,0.883,0.08127632510530042,0.007930699997814372
2,4,40780,40777,0.7,Unfair,,0.886,0.14725126691898133,0.028533500008052215
2,4,40780,40777,0.7,Our Eps-Fair,0.0,0.753,0.05951311822438898,0.17506850001518615
2,4,40780,40777,0.7,Our Eps-Fair,0.05,0.817,0.1123227917121047,0.20841059999656864
2,4,40780,40777,0.7,Our Eps-Fair,0.1,0.864,0.16748989672204756,0.1567479000077583
2,4,40780,40777,0.7,Our Eps-Fair,0.15,0.883,0.14915966386554622,0.10127020001527853
2,4,40780,40777,0.7,Our Eps-Fair,0.2,0.885,0.14534286997241644,0.008857599983457476
2,4,40781,40777,0.75,Unfair,,0.891,0.21827078107309034,0.02935820000129752
2,4,40781,40777,0.75,Our Eps-Fair,0.0,0.725,0.0642125856667907,0.19294360000640154
2,4,40781,40777,0.75,Our Eps-Fair,0.05,0.801,0.11836319918704066,0.1956449999997858
2,4,40781,40777,0.75,Our Eps-Fair,0.1,0.846,0.14845309680697416,0.2842402999813203
2,4,40781,40777,0.75,Our Eps-Fair,0.15,0.89,0.20097139039251694,0.3072558999992907
2,4,40781,40777,0.75,Our Eps-Fair,0.2,0.891,0.21629839448531912,0.055797900015022606
2,4,40782,40777,0.8,Unfair,,0.89,0.24132744495647718,0.027770899992901832
2,4,40782,40777,0.8,Our Eps-Fair,0.0,0.647,0.04285074244751663,0.2020933000021614
2,4,40782,40777,0.8,Our Eps-Fair,0.05,0.714,0.06954045058883768,0.26730430001043715
2,4,40782,40777,0.8,Our Eps-Fair,0.1,0.777,0.11949564772145418,0.32666489999974146
2,4,40782,40777,0.8,Our Eps-Fair,0.15,0.851,0.19882872503840243,0.3343629000009969
2,4,40782,40777,0.8,Our Eps-Fair,0.2,0.893,0.24891193036354328,0.21269590000156313
2,4,40783,40777,0.9,Unfair,,0.912,0.32209959558544105,0.027972100011538714
2,4,40783,40777,0.9,Our Eps-Fair,0.0,0.577,0.04196951090239248,0.2483277999854181
2,4,40783,40777,0.9,Our Eps-Fair,0.05,0.66,0.096079458860519,0.1981521999987308
2,4,40783,40777,0.9,Our Eps-Fair,0.1,0.748,0.1480333291998512,0.24620530000538565
2,4,40783,40777,0.9,Our Eps-Fair,0.15,0.807,0.18393062150237408,0.19210260000545532
2,4,40783,40777,0.9,Our Eps-Fair,0.2,0.859,0.24010064362317043,0.21256030001677573
2,4,40784,40777,0.99,Unfair,,0.911,0.3604887983706721,0.029255400004331023
2,4,40784,40777,0.99,Our Eps-Fair,0.0,0.507,0.07339978152921547,0.29178259999025613
2,4,40784,40777,0.99,Our Eps-Fair,0.05,0.577,0.08768040845233857,0.3418734000006225
2,4,40784,40777,0.99,Our Eps-Fair,0.1,0.645,0.13109447460977358,0.22590400002081878
2,4,40784,40777,0.99,Our Eps-Fair,0.15,0.721,0.2041501446468656,0.2424417000147514
2,4,40784,40777,0.99,Our Eps-Fair,0.2,0.775,0.24574362093318233,0.2416633999964688
2,5,50778,50777,0.5,Unfair,,0.871,0.026905273433593002,0.03119229999720119
2,5,50778,50777,0.5,Our Eps-Fair,0.0,0.855,0.04274037711391432,0.22060079997754656
2,5,50778,50777,0.5,Our Eps-Fair,0.05,0.873,0.02893367099951591,0.007556800002930686
2,5,50778,50777,0.5,Our Eps-Fair,0.1,0.871,0.029045692955819324,0.00988979998510331
2,5,50778,50777,0.5,Our Eps-Fair,0.15,0.871,0.031018079543590538,0.008214400004362687
2,5,50778,50777,0.5,Our Eps-Fair,0.2,0.874,0.02735736204296041,0.007843400002457201
2,5,50779,50777,0.6,Unfair,,0.86,0.09066180235535075,0.028898399992613122
2,5,50779,50777,0.6,Our Eps-Fair,0.0,0.837,0.059203789042498706,0.18624819998512976
2,5,50779,50777,0.6,Our Eps-Fair,0.05,0.859,0.08522145417306709,0.12198980001267046
2,5,50779,50777,0.6,Our Eps-Fair,0.1,0.86,0.08864567332309269,0.009167400014121085
2,5,50779,50777,0.6,Our Eps-Fair,0.15,0.86,0.08864567332309269,0.008720099984202534
2,5,50779,50777,0.6,Our Eps-Fair,0.2,0.861,0.09066180235535075,0.008639500010758638
2,5,50780,50777,0.7,Unfair,,0.872,0.152280701754386,0.030238700011977926
2,5,50780,50777,0.7,Our Eps-Fair,0.0,0.752,0.044511278195488724,0.2612647000059951
2,5,50780,50777,0.7,Our Eps-Fair,0.05,0.796,0.05934837092731829,0.22016910000820644
2,5,50780,50777,0.7,Our Eps-Fair,0.1,0.846,0.10516290726817043,0.20752639998681843
2,5,50780,50777,0.7,Our Eps-Fair,0.15,0.866,0.1574937343358396,0.10849390001385473
2,5,50780,50777,0.7,Our Eps-Fair,0.2,0.874,0.15769423558897244,0.008043900015763938
2,5,50781,50777,0.75,Unfair,,0.867,0.22399999999999998,0.030483000009553507
2,5,50781,50777,0.75,Our Eps-Fair,0.0,0.695,0.04000000000000001,0.23684460000367835
2,5,50781,50777,0.75,Our Eps-Fair,0.05,0.765,0.07,0.197982099984074
2,5,50781,50777,0.75,Our Eps-Fair,0.1,0.817,0.116,0.31070590001763776
2,5,50781,50777,0.75,Our Eps-Fair,0.15,0.86,0.19399999999999998,0.13765089999651536
2,5,50781,50777,0.75,Our Eps-Fair,0.2,0.872,0.202,0.08470879998640157
2,5,50782,50777,0.8,Unfair,,0.862,0.26055616889870237,0.031114900019019842
2,5,50782,50777,0.8,Our Eps-Fair,0.0,0.682,0.04265668250692012,0.1723786999937147
2,5,50782,50777,0.8,Our Eps-Fair,0.05,0.75,0.08923342773484376,0.18612040000152774
2,5,50782,50777,0.8,Our Eps-Fair,0.1,0.807,0.11661786588585417,0.23292069998569787
2,5,50782,50777,0.8,Our Eps-Fair,0.15,0.862,0.17937086993391899,0.29893879999872297
2,5,50782,50777,0.8,Our Eps-Fair,0.2,0.885,0.21336341381462104,0.33351820000098087
2,5,50783,50777,0.9,Unfair,,0.88,0.32564102564102565,0.027797399990959093
2,5,50783,50777,0.9,Our Eps-Fair,0.0,0.585,0.025961538461538453,0.24600530002499
2,5,50783,50777,0.9,Our Eps-Fair,0.05,0.656,0.0798076923076923,0.26738669999758713
2,5,50783,50777,0.9,Our Eps-Fair,0.1,0.715,0.11778846153846151,0.398313900019275
2,5,50783,50777,0.9,Our Eps-Fair,0.15,0.769,0.1786858974358974,0.24892220000037923
2,5,50783,50777,0.9,Our Eps-Fair,0.2,0.824,0.21442307692307688,0.2386289999994915
2,5,50784,50777,0.99,Unfair,,0.918,0.3603960396039604,0.026500500011024997
2,5,50784,50777,0.99,Our Eps-Fair,0.0,0.491,0.11691169116911693,0.25081699999282137
2,5,50784,50777,0.99,Our Eps-Fair,0.05,0.564,0.08900890089008902,0.20847079998929985
2,5,50784,50777,0.99,Our Eps-Fair,0.1,0.646,0.13685368536853687,0.2904994999989867
2,5,50784,50777,0.99,Our Eps-Fair,0.15,0.711,0.1766176617661766,0.26570669998181984
2,5,50784,50777,0.99,Our Eps-Fair,0.2,0.773,0.2094809480948095,0.26341189999948256
2,6,60778,60777,0.5,Unfair,,0.863,0.054569112200980874,0.03743399999802932
2,6,60778,60777,0.5,Our Eps-Fair,0.0,0.858,0.0781102992693424,0.33906550001120195
2,6,60778,60777,0.5,Our Eps-Fair,0.05,0.861,0.056390751676508866,0.01311359999817796
2,6,60778,60777,0.5,Our Eps-Fair,0.1,0.864,0.05651085977379641,0.009530399984214455
2,6,60778,60777,0.5,Our Eps-Fair,0.15,0.864,0.05250725653087779,0.008753500005695969
2,6,60778,60777,0.5,Our Eps-Fair,0.2,0.862,0.056390751676508866,0.009138900000834838
2,6,60779,60777,0.6,Unfair,,0.862,0.09562447986684591,0.030755600018892437
2,6,60779,60777,0.6,Our Eps-Fair,0.0,0.841,0.04727610268228667,0.28930050000781193
2,6,60779,60777,0.6,Our Eps-Fair,0.05,0.862,0.08730234940144677,0.1451365000102669
2,6,60779,60777,0.6,Our Eps-Fair,0.1,0.864,0.09556046347865055,0.00828650000039488
2,6,60779,60777,0.6,Our Eps-Fair,0.15,0.862,0.09149542282824402,0.008648699993500486
2,6,60779,60777,0.6,Our Eps-Fair,0.2,0.862,0.09352794315344728,0.0075499000085983425
2,6,60780,60777,0.7,Unfair,,0.88,0.19378446115288217,0.032047800021246076
2,6,60780,60777,0.7,Our Eps-Fair,0.0,0.745,0.0580451127819549,0.2642899999918882
2,6,60780,60777,0.7,Our Eps-Fair,0.05,0.816,0.11839598997493735,0.21006660000421107
2,6,60780,60777,0.7,Our Eps-Fair,0.1,0.858,0.16691729323308271,0.21672699999180622
2,6,60780,60777,0.7,Our Eps-Fair,0.15,0.883,0.1899749373433584,0.10599320000619628
2,6,60780,60777,0.7,Our Eps-Fair,0.2,0.88,0.19568922305764408,0.007652400003280491
2,6,60781,60777,0.75,Unfair,,0.883,0.25290116046418565,0.0311816000030376
2,6,60781,60777,0.75,Our Eps-Fair,0.0,0.739,0.038975590236094426,0.23237310000695288
2,6,60781,60777,0.75,Our Eps-Fair,0.05,0.788,0.07482993197278912,0.19207339998683892
2,6,60781,60777,0.75,Our Eps-Fair,0.1,0.841,0.13693477390956382,0.14767000000574626
2,6,60781,60777,0.75,Our Eps-Fair,0.15,0.874,0.170828331332533,0.1784091999870725
2,6,60781,60777,0.75,Our Eps-Fair,0.2,0.888,0.22701080432172865,0.15511449999758042
2,6,60782,60777,0.8,Unfair,,0.864,0.29876519506078025,0.03126940000220202
2,6,60782,60777,0.8,Our Eps-Fair,0.0,0.683,0.03937615750463003,0.22051109999301843
2,6,60782,60777,0.8,Our Eps-Fair,0.05,0.764,0.08736834947339789,0.24213110000710003
2,6,60782,60777,0.8,Our Eps-Fair,0.1,0.818,0.1387325549302197,0.27808819999336265
2,6,60782,60777,0.8,Our Eps-Fair,0.15,0.844,0.17678470713882855,0.172655800008215
2,6,60782,60777,0.8,Our Eps-Fair,0.2,0.863,0.24133296533186133,0.23542740000993945
2,6,60783,60777,0.9,Unfair,,0.864,0.3349045817604134,0.02960549999261275
2,6,60783,60777,0.9,Our Eps-Fair,0.0,0.576,0.016712734333315937,0.23107119998894632
2,6,60783,60777,0.9,Our Eps-Fair,0.05,0.676,0.08596266713737259,0.260272299987264
2,6,60783,60777,0.9,Our Eps-Fair,0.1,0.741,0.13734048485383377,0.31471080001210794
2,6,60783,60777,0.9,Our Eps-Fair,0.15,0.795,0.19829021426479615,0.25314260000595823
2,6,60783,60777,0.9,Our Eps-Fair,0.2,0.842,0.25022565801878277,0.25655449999612756
2,6,60784,60777,0.99,Unfair,,0.931,0.362,0.027777799987234175
2,6,60784,60777,0.99,Our Eps-Fair,0.0,0.495,0.043999999999999984,0.22322189999977127
2,6,60784,60777,0.99,Our Eps-Fair,0.05,0.571,0.07,0.21722170000430197
2,6,60784,60777,0.99,Our Eps-Fair,0.1,0.647,0.116,0.22091880001244135
2,6,60784,60777,0.99,Our Eps-Fair,0.15,0.716,0.15400000000000003,0.22842989998753183
2,6,60784,60777,0.99,Our Eps-Fair,0.2,0.787,0.21599999999999997,0.1983986000122968
2,7,70778,70777,0.5,Unfair,,0.906,0.02024122833371389,0.029640400025527924
2,7,70778,70777,0.5,Our Eps-Fair,0.0,0.9,0.0314293840305401,0.2164407999953255
2,7,70778,70777,0.5,Our Eps-Fair,0.05,0.904,0.02024122833371389,0.008425300009548664
2,7,70778,70777,0.5,Our Eps-Fair,0.1,0.906,0.02024122833371389,0.007852799986721948
2,7,70778,70777,0.5,Our Eps-Fair,0.15,0.906,0.02024122833371389,0.009150199999567121
2,7,70778,70777,0.5,Our Eps-Fair,0.2,0.906,0.02024122833371389,0.00808359999791719
2,7,70779,70777,0.6,Unfair,,0.902,0.10883927279741525,0.028342400008114055
2,7,70779,70777,0.6,Our Eps-Fair,0.0,0.849,0.0845590008197907,0.121202300011646
2,7,70779,70777,0.6,Our Eps-Fair,0.05,0.888,0.1085660092266641,0.22801290001370944
2,7,70779,70777,0.6,Our Eps-Fair,0.1,0.901,0.11071193197344521,0.008927999995648861
2,7,70779,70777,0.6,Our Eps-Fair,0.15,0.901,0.1085660092266641,0.008738799981074408
2,7,70779,70777,0.6,Our Eps-Fair,0.2,0.904,0.10883927279741525,0.011868600005982444
2,7,70780,70777,0.7,Unfair,,0.904,0.16095224317242932,0.02980380001827143
2,7,70780,70777,0.7,Our Eps-Fair,0.0,0.763,0.05363199434183666,0.19675040000583977
2,7,70780,70777,0.7,Our Eps-Fair,0.05,0.829,0.09743453730047741,0.1683457999897655
2,7,70780,70777,0.7,Our Eps-Fair,0.1,0.881,0.15022262943852374,0.15512479998869821
2,7,70780,70777,0.7,Our Eps-Fair,0.15,0.899,0.16255163877770812,0.061022300011245534
2,7,70780,70777,0.7,Our Eps-Fair,0.2,0.903,0.16067897960167818,0.008749300002818927
2,7,70781,70777,0.75,Unfair,,0.895,0.23629610655737704,0.02972970000701025
2,7,70781,70777,0.75,Our Eps-Fair,0.0,0.702,0.10614113729508196,0.21862520001013763
2,7,70781,70777,0.75,Our Eps-Fair,0.05,0.765,0.10175461065573771,0.1912253999907989
2,7,70781,70777,0.75,Our Eps-Fair,0.1,0.856,0.1481173155737705,0.19213149999268353
2,7,70781,70777,0.75,Our Eps-Fair,0.15,0.889,0.1801357581967213,0.17053269999451004
2,7,70781,70777,0.75,Our Eps-Fair,0.2,0.894,0.2264344262295082,0.12781740000355057
2,7,70782,70777,0.8,Unfair,,0.888,0.26945321136192507,0.029883100010920316
2,7,70782,70777,0.8,Our Eps-Fair,0.0,0.687,0.017710953395600693,0.24684969999361783
2,7,70782,70777,0.8,Our Eps-Fair,0.05,0.751,0.075129367660488,0.1595417000062298
2,7,70782,70777,0.8,Our Eps-Fair,0.1,0.805,0.12333584325285571,0.21392429998377338
2,7,70782,70777,0.8,Our Eps-Fair,0.15,0.875,0.18505583235873696,0.2560174999816809
2,7,70782,70777,0.8,Our Eps-Fair,0.2,0.898,0.23948637434114614,0.19476879999274388
2,7,70783,70777,0.9,Unfair,,0.896,0.3492204472076527,0.02867339999647811
2,7,70783,70777,0.9,Our Eps-Fair,0.0,0.564,0.03829150513500648,0.23985340000945143
2,7,70783,70777,0.9,Our Eps-Fair,0.05,0.633,0.05474673035915037,0.18965879999450408
2,7,70783,70777,0.9,Our Eps-Fair,0.1,0.716,0.11886729799040613,0.21676089998800308
2,7,70783,70777,0.9,Our Eps-Fair,0.15,0.791,0.1785990054050594,0.19752040001912974
2,7,70783,70777,0.9,Our Eps-Fair,0.2,0.86,0.23584622586026865,0.28472140000667423
2,7,70784,70777,0.99,Unfair,,0.939,0.35699797160243407,0.02733829998760484
2,7,70784,70777,0.99,Our Eps-Fair,0.0,0.501,0.047973402786946256,0.24018510000314564
2,7,70784,70777,0.99,Our Eps-Fair,0.05,0.587,0.08990962228596806,0.22724529998959042
2,7,70784,70777,0.99,Our Eps-Fair,0.1,0.651,0.1355465671271569,0.23037530001602136
2,7,70784,70777,0.99,Our Eps-Fair,0.15,0.719,0.1815275794055635,0.3147200000239536
2,7,70784,70777,0.99,Our Eps-Fair,0.2,0.777,0.2315653868158159,0.2660102999943774
2,8,80778,80777,0.5,Unfair,,0.901,0.04137036325197002,0.027577500004554167
2,8,80778,80777,0.5,Our Eps-Fair,0.0,0.904,0.03943237875584599,0.21589880000101402
2,8,80778,80777,0.5,Our Eps-Fair,0.05,0.902,0.04137036325197002,0.008724200015421957
2,8,80778,80777,0.5,Our Eps-Fair,0.1,0.902,0.04137036325197002,0.008584899973357096
2,8,80778,80777,0.5,Our Eps-Fair,0.15,0.904,0.04137036325197002,0.007731999998213723
2,8,80778,80777,0.5,Our Eps-Fair,0.2,0.9,0.04137036325197002,0.010843199997907504
2,8,80779,80777,0.6,Unfair,,0.881,0.07997487909564743,0.03133040000102483
2,8,80779,80777,0.6,Our Eps-Fair,0.0,0.83,0.026440951874267468,0.22743190001347102
2,8,80779,80777,0.6,Our Eps-Fair,0.05,0.88,0.06201023236836525,0.11783649999415502
2,8,80779,80777,0.6,Our Eps-Fair,0.1,0.88,0.08196295066622397,0.007657900016056374
2,8,80779,80777,0.6,Our Eps-Fair,0.15,0.879,0.0780908112692057,0.008165299979737028
2,8,80779,80777,0.6,Our Eps-Fair,0.2,0.88,0.07995087823161634,0.009323900012532249
2,8,80780,80777,0.7,Unfair,,0.879,0.18983734631147542,0.02842749998671934
2,8,80780,80777,0.7,Our Eps-Fair,0.0,0.739,0.04946849385245902,0.18859130001510493
2,8,80780,80777,0.7,Our Eps-Fair,0.05,0.805,0.09592725409836064,0.22347480000462383
2,8,80780,80777,0.7,Our Eps-Fair,0.1,0.861,0.13937628073770492,0.22470279998378828
2,8,80780,80777,0.7,Our Eps-Fair,0.15,0.877,0.18778816598360654,0.03645919999689795
2,8,80780,80777,0.7,Our Eps-Fair,0.2,0.879,0.18983734631147542,0.0091000999964308
2,8,80781,80777,0.75,Unfair,,0.903,0.20212021202120212,0.028521600004751235
2,8,80781,80777,0.75,Our Eps-Fair,0.0,0.727,0.06484648464846485,0.22223489999305457
2,8,80781,80777,0.75,Our Eps-Fair,0.05,0.796,0.06962696269626964,0.1858109000022523
2,8,80781,80777,0.75,Our Eps-Fair,0.1,0.848,0.11989198919891991,0.23086529999272898
2,8,80781,80777,0.75,Our Eps-Fair,0.15,0.891,0.16999699969996995,0.2651015000010375
2,8,80781,80777,0.75,Our Eps-Fair,0.2,0.902,0.20010001000100008,0.12035549999563955
2,8,80782,80777,0.8,Unfair,,0.883,0.2614461446144615,0.027052000019466504
2,8,80782,80777,0.8,Our Eps-Fair,0.0,0.637,0.0674067406740674,0.22806100000161678
2,8,80782,80777,0.8,Our Eps-Fair,0.05,0.713,0.0933893389338934,0.20733539998764172
2,8,80782,80777,0.8,Our Eps-Fair,0.1,0.776,0.13297329732973295,0.175214099988807
2,8,80782,80777,0.8,Our Eps-Fair,0.15,0.824,0.17331733173317332,0.3163318999868352
2,8,80782,80777,0.8,Our Eps-Fair,0.2,0.881,0.24330433043304334,0.25367869998444803
2,8,80783,80777,0.9,Unfair,,0.903,0.3315131513151315,0.02814579999540001
2,8,80783,80777,0.9,Our Eps-Fair,0.0,0.617,0.0753875387538754,0.21916400000918657
2,8,80783,80777,0.9,Our Eps-Fair,0.05,0.671,0.12319231923192321,0.2357565000129398
2,8,80783,80777,0.9,Our Eps-Fair,0.1,0.741,0.18509850985098508,0.23055080001358874
2,8,80783,80777,0.9,Our Eps-Fair,0.15,0.804,0.2211021102110211,0.25979999999981374
2,8,80783,80777,0.9,Our Eps-Fair,0.2,0.87,0.28862886288628864,0.3000610000162851
2,8,80784,80777,0.99,Unfair,,0.926,0.36578116812205236,0.02742729999590665
2,8,80784,80777,0.99,Our Eps-Fair,0.0,0.482,0.06213023668852079,0.3997430000163149
2,8,80784,80777,0.99,Our Eps-Fair,0.05,0.552,0.07974287074334675,0.2942680999985896
2,8,80784,80777,0.99,Our Eps-Fair,0.1,0.635,0.14402518490665664,0.2814459999790415
2,8,80784,80777,0.99,Our Eps-Fair,0.15,0.706,0.1900148405342592,0.3820335000054911
2,8,80784,80777,0.99,Our Eps-Fair,0.2,0.771,0.22206399430379492,0.19983279998996295
2,9,90778,90777,0.5,Unfair,,0.892,0.04219504073879432,0.028838500002166256
2,9,90778,90777,0.5,Our Eps-Fair,0.0,0.881,0.0659563286543561,0.22753659999580123
2,9,90778,90777,0.5,Our Eps-Fair,0.05,0.892,0.04219504073879432,0.008086399990133941
2,9,90778,90777,0.5,Our Eps-Fair,0.1,0.893,0.04219504073879432,0.008506899990607053
2,9,90778,90777,0.5,Our Eps-Fair,0.15,0.892,0.04219504073879432,0.007939000002807006
2,9,90778,90777,0.5,Our Eps-Fair,0.2,0.893,0.04219504073879432,0.00886590001755394
2,9,90779,90777,0.6,Unfair,,0.875,0.08291625158531074,0.02995929997996427
2,9,90779,90777,0.6,Our Eps-Fair,0.0,0.853,0.07683105888754196,0.15064710000297055
2,9,90779,90777,0.6,Our Eps-Fair,0.05,0.871,0.08291625158531074,0.1084539000003133
2,9,90779,90777,0.6,Our Eps-Fair,0.1,0.874,0.08291625158531074,0.008047399984207004
2,9,90779,90777,0.6,Our Eps-Fair,0.15,0.876,0.08291625158531074,0.011122900003101677
2,9,90779,90777,0.6,Our Eps-Fair,0.2,0.876,0.08291625158531074,0.008457999996608123
2,9,90780,90777,0.7,Unfair,,0.869,0.17097358176196353,0.027785099984612316
2,9,90780,90777,0.7,Our Eps-Fair,0.0,0.741,0.03507746038866369,0.2372009000100661
2,9,90780,90777,0.7,Our Eps-Fair,0.05,0.799,0.06553293067815891,0.18488260000594892
2,9,90780,90777,0.7,Our Eps-Fair,0.1,0.853,0.12203816145724859,0.28282429999671876
2,9,90780,90777,0.7,Our Eps-Fair,0.15,0.874,0.15509700571941235,0.15407470002537593
2,9,90780,90777,0.7,Our Eps-Fair,0.2,0.87,0.1711177686281421,0.008534199994755909
2,9,90781,90777,0.75,Unfair,,0.873,0.22956276806862558,0.029049000004306436
2,9,90781,90777,0.75,Our Eps-Fair,0.0,0.711,0.04748415594392166,0.19999960000859573
2,9,90781,90777,0.75,Our Eps-Fair,0.05,0.779,0.0861340503168811,0.19120540001313202
2,9,90781,90777,0.75,Our Eps-Fair,0.1,0.836,0.1371551117085974,0.18649920000461861
2,9,90781,90777,0.75,Our Eps-Fair,0.15,0.863,0.18806414442097177,0.1810282000224106
2,9,90781,90777,0.75,Our Eps-Fair,0.2,0.875,0.22549772741821905,0.06146420000004582
2,9,90782,90777,0.8,Unfair,,0.867,0.24229669981681237,0.02714600000763312
2,9,90782,90777,0.8,Our Eps-Fair,0.0,0.686,0.056615799030749064,0.1738805000204593
2,9,90782,90777,0.8,Our Eps-Fair,0.05,0.743,0.059834610034833716,0.20400430000154302
2,9,90782,90777,0.8,Our Eps-Fair,0.1,0.809,0.12051500976065355,0.18389250000473112
2,9,90782,90777,0.8,Our Eps-Fair,0.15,0.84,0.15831900301036994,0.2622634000144899
2,9,90782,90777,0.8,Our Eps-Fair,0.2,0.88,0.22626277202560618,0.2074807999888435
2,9,90783,90777,0.9,Unfair,,0.876,0.3416666666666666,0.030427999998209998
2,9,90783,90777,0.9,Our Eps-Fair,0.0,0.604,0.05256410256410256,0.3436607999901753
2,9,90783,90777,0.9,Our Eps-Fair,0.05,0.679,0.1049679487179487,0.22844160001841374
2,9,90783,90777,0.9,Our Eps-Fair,0.1,0.737,0.15576923076923077,0.39802369999233633
2,9,90783,90777,0.9,Our Eps-Fair,0.15,0.794,0.1857371794871795,0.26000650000059977
2,9,90783,90777,0.9,Our Eps-Fair,0.2,0.844,0.24150641025641026,0.28606429998762906
2,9,90784,90777,0.99,Unfair,,0.916,0.3584158415841584,0.027262099989457056
2,9,90784,90777,0.99,Our Eps-Fair,0.0,0.518,0.05386538653865389,0.2006513999949675
2,9,90784,90777,0.99,Our Eps-Fair,0.05,0.582,0.09592959295929593,0.3067081000190228
2,9,90784,90777,0.99,Our Eps-Fair,0.1,0.658,0.16199619961996203,0.31656020000809804
2,9,90784,90777,0.99,Our Eps-Fair,0.15,0.733,0.19855985598559858,0.25908659998094663
2,9,90784,90777,0.99,Our Eps-Fair,0.2,0.793,0.2444244424442444,0.25451750002685003
2,10,100778,100777,0.5,Unfair,,0.896,0.026753712237583216,0.02952229999937117
2,10,100778,100777,0.5,Our Eps-Fair,0.0,0.893,0.04253072196620583,0.20865709998179227
2,10,100778,100777,0.5,Our Eps-Fair,0.05,0.897,0.02476958525345621,0.007824899978004396
2,10,100778,100777,0.5,Our Eps-Fair,0.1,0.894,0.028801843317972337,0.00835920000099577
2,10,100778,100777,0.5,Our Eps-Fair,0.15,0.897,0.02476958525345621,0.007750599994324148
2,10,100778,100777,0.5,Our Eps-Fair,0.2,0.897,0.026785714285714274,0.009078600007342175
2,10,100779,100777,0.6,Unfair,,0.89,0.08699829846862175,0.028782699984731153
2,10,100779,100777,0.6,Our Eps-Fair,0.0,0.862,0.040656590931838654,0.2900886000134051
2,10,100779,100777,0.6,Our Eps-Fair,0.05,0.884,0.0729256330697628,0.19319029999314807
2,10,100779,100777,0.6,Our Eps-Fair,0.1,0.892,0.08505655089580622,0.009326400002464652
2,10,100779,100777,0.6,Our Eps-Fair,0.15,0.894,0.0871184065659093,0.007860399986384436
2,10,100779,100777,0.6,Our Eps-Fair,0.2,0.89,0.08493644279851867,0.009999600006267428
2,10,100780,100777,0.7,Unfair,,0.888,0.16079551592112057,0.029668400005903095
2,10,100780,100777,0.7,Our Eps-Fair,0.0,0.735,0.026289152673924093,0.20570009999210015
2,10,100780,100777,0.7,Our Eps-Fair,0.05,0.803,0.08275221943500927,0.2300251999986358
2,10,100780,100777,0.7,Our Eps-Fair,0.1,0.867,0.11481450364271395,0.2467655000218656
2,10,100780,100777,0.7,Our Eps-Fair,0.15,0.89,0.1527939476137323,0.15784480000729673
2,10,100780,100777,0.7,Our Eps-Fair,0.2,0.886,0.1589311505054991,0.009032500005559996
2,10,100781,100777,0.75,Unfair,,0.87,0.23423372965707062,0.030596099997637793
2,10,100781,100777,0.75,Our Eps-Fair,0.0,0.743,0.0758349202285129,0.19993830000748858
2,10,100781,100777,0.75,Our Eps-Fair,0.05,0.79,0.11984125714102832,0.20695759999216534
2,10,100781,100777,0.75,Our Eps-Fair,0.1,0.848,0.15975100414459684,0.24286779999965802
2,10,100781,100777,0.75,Our Eps-Fair,0.15,0.866,0.18635483509625386,0.24609070000587963
2,10,100781,100777,0.75,Our Eps-Fair,0.2,0.87,0.22973708213982813,0.09444820001954213
2,10,100782,100777,0.8,Unfair,,0.868,0.2700844289326372,0.03787299999385141
2,10,100782,100777,0.8,Our Eps-Fair,0.0,0.703,0.06073914384975096,0.26667729998007417
2,10,100782,100777,0.8,Our Eps-Fair,0.05,0.763,0.09646616631738386,0.20447100000455976
2,10,100782,100777,0.8,Our Eps-Fair,0.1,0.829,0.1488064946565742,0.21145220001926646
2,10,100782,100777,0.8,Our Eps-Fair,0.15,0.858,0.20196426496339542,0.16265170002589002
2,10,100782,100777,0.8,Our Eps-Fair,0.2,0.867,0.24898320637604732,0.19238770002266392
2,10,100783,100777,0.9,Unfair,,0.882,0.35436532930023945,0.0285759000107646
2,10,100783,100777,0.9,Our Eps-Fair,0.0,0.601,0.05918057054370543,0.2567032999941148
2,10,100783,100777,0.9,Our Eps-Fair,0.05,0.7,0.13475293957179135,0.23490100001799874
2,10,100783,100777,0.9,Our Eps-Fair,0.1,0.771,0.19303087804036567,0.24461130000418052
2,10,100783,100777,0.9,Our Eps-Fair,0.15,0.819,0.24263552519145828,0.18891669998993166
2,10,100783,100777,0.9,Our Eps-Fair,0.2,0.871,0.2838356647985526,0.5843039000174031
2,10,100784,100777,0.99,Unfair,,0.925,0.354639175257732,0.026598900003591552
2,10,100784,100777,0.99,Our Eps-Fair,0.0,0.478,0.046361725552997696,0.2805880999949295
2,10,100784,100777,0.99,Our Eps-Fair,0.05,0.544,0.09214292863577218,0.35731950000626966
2,10,100784,100777,0.99,Our Eps-Fair,0.1,0.616,0.14128715844259834,0.23304170000483282
2,10,100784,100777,0.99,Our Eps-Fair,0.15,0.699,0.17878090281253128,0.27704429998993874
2,10,100784,100777,0.99,Our Eps-Fair,0.2,0.78,0.2320488439595636,0.2515047999913804
2,11,110778,110777,0.5,Unfair,,0.884,0.019467213114754106,0.029604299983475357
2,11,110778,110777,0.5,Our Eps-Fair,0.0,0.868,0.08193519467213115,0.18456680001690984
2,11,110778,110777,0.5,Our Eps-Fair,0.05,0.882,0.021932633196721313,0.00913419999415055
2,11,110778,110777,0.5,Our Eps-Fair,0.1,0.884,0.019467213114754106,0.008883799979230389
2,11,110778,110777,0.5,Our Eps-Fair,0.15,0.881,0.019467213114754106,0.007488099974580109
2,11,110778,110777,0.5,Our Eps-Fair,0.2,0.884,0.021420338114754106,0.009705100004794076
2,11,110779,110777,0.6,Unfair,,0.874,0.09116911691169118,0.028839000005973503
2,11,110779,110777,0.6,Our Eps-Fair,0.0,0.831,0.04104410441044107,0.20606970001244918
2,11,110779,110777,0.6,Our Eps-Fair,0.05,0.87,0.06306630663066305,0.10002169999643229
2,11,110779,110777,0.6,Our Eps-Fair,0.1,0.875,0.0891889188918892,0.009437000000616536
2,11,110779,110777,0.6,Our Eps-Fair,0.15,0.873,0.0891889188918892,0.01054159997147508
2,11,110779,110777,0.6,Our Eps-Fair,0.2,0.876,0.0912091209120912,0.008156900003086776
2,11,110780,110777,0.7,Unfair,,0.874,0.19601767785944182,0.030071300017880276
2,11,110780,110777,0.7,Our Eps-Fair,0.0,0.776,0.07312933339738356,0.1971313999965787
2,11,110780,110777,0.7,Our Eps-Fair,0.05,0.829,0.14118268722678579,0.2647325999860186
2,11,110780,110777,0.7,Our Eps-Fair,0.1,0.861,0.18166242333989852,0.1507811000046786
2,11,110780,110777,0.7,Our Eps-Fair,0.15,0.872,0.2001329041968904,0.009030699991853908
2,11,110780,110777,0.7,Our Eps-Fair,0.2,0.87,0.19418424044450847,0.0076698000193573534
2,11,110781,110777,0.75,Unfair,,0.892,0.22991485820370017,0.030388899991521612
2,11,110781,110777,0.75,Our Eps-Fair,0.0,0.75,0.0421867998207541,0.2266898000088986
2,11,110781,110777,0.75,Our Eps-Fair,0.05,0.795,0.08933486972665003,0.19985399997676723
2,11,110781,110777,0.75,Our Eps-Fair,0.1,0.847,0.14373279559567254,0.17113490001065657
2,11,110781,110777,0.75,Our Eps-Fair,0.15,0.894,0.1958101273926125,0.13893079999252222
2,11,110781,110777,0.75,Our Eps-Fair,0.2,0.895,0.22985084181550478,0.026084399985847995
2,11,110782,110777,0.8,Unfair,,0.866,0.3021468772875823,0.030187399999704212
2,11,110782,110777,0.8,Our Eps-Fair,0.0,0.652,0.07006652239480621,0.26456579999648966
2,11,110782,110777,0.8,Our Eps-Fair,0.05,0.717,0.12412846862487048,0.15659110000706278
2,11,110782,110777,0.8,Our Eps-Fair,0.1,0.783,0.17605833810017157,0.26124879997223616
2,11,110782,110777,0.8,Our Eps-Fair,0.15,0.844,0.23615650163405882,0.2154428000212647
2,11,110782,110777,0.8,Our Eps-Fair,0.2,0.874,0.2921825185706685,0.20206889999099076
2,11,110783,110777,0.9,Unfair,,0.859,0.3364810198504315,0.03272320001269691
2,11,110783,110777,0.9,Our Eps-Fair,0.0,0.561,0.07390394487814053,0.202837399992859
2,11,110783,110777,0.9,Our Eps-Fair,0.05,0.626,0.1032534541191346,0.34737719999975525
2,11,110783,110777,0.9,Our Eps-Fair,0.1,0.704,0.15134103449517644,0.21802880000905134
2,11,110783,110777,0.9,Our Eps-Fair,0.15,0.771,0.213973327358064,0.19148500001756474
2,11,110783,110777,0.9,Our Eps-Fair,0.2,0.825,0.2759574102009051,0.3269552999990992
2,11,110784,110777,0.99,Unfair,,0.936,0.35856573705179284,0.027413700008764863
2,11,110784,110777,0.99,Our Eps-Fair,0.0,0.53,0.06882510120161923,0.3057754000183195
2,11,110784,110777,0.99,Our Eps-Fair,0.05,0.61,0.11081777308436937,0.2473191000171937
2,11,110784,110777,0.99,Our Eps-Fair,0.1,0.67,0.13880222083553337,0.23294570000143722
2,11,110784,110777,0.99,Our Eps-Fair,0.15,0.744,0.20084321349141587,0.34520189999602735
2,11,110784,110777,0.99,Our Eps-Fair,0.2,0.803,0.24683594937519,0.18326630000956357
2,12,120778,120777,0.5,Unfair,,0.865,0.04794314883395054,0.03129489999264479
2,12,120778,120777,0.5,Our Eps-Fair,0.0,0.86,0.08215393854469022,0.18645970002398826
2,12,120778,120777,0.5,Our Eps-Fair,0.05,0.862,0.04782304073666299,0.020977400010451674
2,12,120778,120777,0.5,Our Eps-Fair,0.1,0.866,0.051826643979581616,0.008667799993418157
2,12,120778,120777,0.5,Our Eps-Fair,0.15,0.863,0.04381943749374437,0.009364500001538545
2,12,120778,120777,0.5,Our Eps-Fair,0.2,0.862,0.047702932639375445,0.010622800007695332
2,12,120779,120777,0.6,Unfair,,0.88,0.09791172339838107,0.029348100011702627
2,12,120779,120777,0.6,Our Eps-Fair,0.0,0.835,0.04000096031114081,0.1949103999941144
2,12,120779,120777,0.6,Our Eps-Fair,0.05,0.874,0.09791172339838107,0.19924980000359938
2,12,120779,120777,0.6,Our Eps-Fair,0.1,0.879,0.1000204066117422,0.008166000014171004
2,12,120779,120777,0.6,Our Eps-Fair,0.15,0.88,0.09994838327618148,0.008479800017084926
2,12,120779,120777,0.6,Our Eps-Fair,0.2,0.879,0.09798374673394179,0.008797399990726262
2,12,120780,120777,0.7,Unfair,,0.871,0.15874863499453995,0.028595400013728067
2,12,120780,120777,0.7,Our Eps-Fair,0.0,0.754,0.048616194464777884,0.20026949999737553
2,12,120780,120777,0.7,Our Eps-Fair,0.05,0.818,0.10468041872167488,0.16320099998847581
2,12,120780,120777,0.7,Our Eps-Fair,0.1,0.856,0.14068056272225088,0.17093350001960061
2,12,120780,120777,0.7,Our Eps-Fair,0.15,0.872,0.1533246132984532,0.11566660000244156
2,12,120780,120777,0.7,Our Eps-Fair,0.2,0.872,0.15674462697850788,0.00769239998771809
2,12,120781,120777,0.75,Unfair,,0.874,0.20041921509174326,0.029447600012645125
2,12,120781,120777,0.75,Our Eps-Fair,0.0,0.708,0.08422303202915304,0.16806610001367517
2,12,120781,120777,0.75,Our Eps-Fair,0.05,0.765,0.10390374053465926,0.19170510000549257
2,12,120781,120777,0.75,Our Eps-Fair,0.1,0.816,0.14579724870095323,0.24645599999348633
2,12,120781,120777,0.75,Our Eps-Fair,0.15,0.869,0.19185890692064916,0.27522729997872375
2,12,120781,120777,0.75,Our Eps-Fair,0.2,0.877,0.20582340964274715,0.0670766000112053
2,12,120782,120777,0.8,Unfair,,0.859,0.2353450071292395,0.03242329999920912
2,12,120782,120777,0.8,Our Eps-Fair,0.0,0.664,0.039571284384562394,0.23055770000792108
2,12,120782,120777,0.8,Our Eps-Fair,0.05,0.727,0.07726012912734904,0.1950801000057254
2,12,120782,120777,0.8,Our Eps-Fair,0.1,0.791,0.1334769861740816,0.18123049999121577
2,12,120782,120777,0.8,Our Eps-Fair,0.15,0.824,0.18761915442413366,0.17835649999324232
2,12,120782,120777,0.8,Our Eps-Fair,0.2,0.862,0.22409843156731124,0.2200482999905944
2,12,120783,120777,0.9,Unfair,,0.871,0.31744507912126596,0.03026780000072904
2,12,120783,120777,0.9,Our Eps-Fair,0.0,0.601,0.05157682522920368,0.23057459999108687
2,12,120783,120777,0.9,Our Eps-Fair,0.05,0.666,0.08093729499671996,0.2221436999971047
2,12,120783,120777,0.9,Our Eps-Fair,0.1,0.745,0.146898350373606,0.1876269000058528
2,12,120783,120777,0.9,Our Eps-Fair,0.15,0.793,0.18150690411046574,0.30744080001022667
2,12,120783,120777,0.9,Our Eps-Fair,0.2,0.843,0.23151570425126805,0.23287579999305308
2,12,120784,120777,0.99,Unfair,,0.92,0.38585858585858585,0.02854880000813864
2,12,120784,120777,0.99,Our Eps-Fair,0.0,0.522,0.03182318231823182,0.2710099999967497
2,12,120784,120777,0.99,Our Eps-Fair,0.05,0.606,0.09846984698469846,0.23006750000058673
2,12,120784,120777,0.99,Our Eps-Fair,0.1,0.678,0.1547154715471547,0.3271803999959957
2,12,120784,120777,0.99,Our Eps-Fair,0.15,0.767,0.22034203420342036,0.36229289998300374
2,12,120784,120777,0.99,Our Eps-Fair,0.2,0.816,0.26046604660466044,0.29599480002070777
2,13,130778,130777,0.5,Unfair,,0.87,0.03330013320053282,0.031041799986269325
2,13,130778,130777,0.5,Our Eps-Fair,0.0,0.85,0.07730030920123682,0.17361779999919236
2,13,130778,130777,0.5,Our Eps-Fair,0.05,0.871,0.03330813323253293,0.007592400012072176
2,13,130778,130777,0.5,Our Eps-Fair,0.1,0.869,0.03330813323253293,0.008054699981585145
2,13,130778,130777,0.5,Our Eps-Fair,0.15,0.87,0.03531214124856499,0.007535799988545477
2,13,130778,130777,0.5,Our Eps-Fair,0.2,0.873,0.034668138672554694,0.007980299997143447
2,13,130779,130777,0.6,Unfair,,0.865,0.13568237498198588,0.02785429998766631
2,13,130779,130777,0.6,Our Eps-Fair,0.0,0.822,0.055619605770924424,0.22397729998920113
2,13,130779,130777,0.6,Our Eps-Fair,0.05,0.859,0.10994219468062962,0.18675260001327842
2,13,130779,130777,0.6,Our Eps-Fair,0.1,0.864,0.13568237498198588,0.009700199996586889
2,13,130779,130777,0.6,Our Eps-Fair,0.15,0.864,0.13568237498198588,0.007510800001909956
2,13,130779,130777,0.6,Our Eps-Fair,0.2,0.865,0.13568237498198588,0.009988800011342391
2,13,130780,130777,0.7,Unfair,,0.869,0.13783584836216414,0.029146699991542846
2,13,130780,130777,0.7,Our Eps-Fair,0.0,0.784,0.050191227536765276,0.1612277000094764
2,13,130780,130777,0.7,Our Eps-Fair,0.05,0.835,0.09467763357923542,0.1699722999765072
2,13,130780,130777,0.7,Our Eps-Fair,0.1,0.862,0.14451681042070058,0.2035494000010658
2,13,130780,130777,0.7,Our Eps-Fair,0.15,0.87,0.13656366516778418,0.049404899997171015
2,13,130780,130777,0.7,Our Eps-Fair,0.2,0.869,0.1398121329471444,0.00917710000067018
2,13,130781,130777,0.75,Unfair,,0.859,0.18830271173908147,0.02759189999778755
2,13,130781,130777,0.75,Our Eps-Fair,0.0,0.682,0.07079937631608557,0.24534040002617985
2,13,130781,130777,0.75,Our Eps-Fair,0.05,0.754,0.08344183504524923,0.19008339999709278
2,13,130781,130777,0.75,Our Eps-Fair,0.1,0.811,0.13016990564369643,0.16114740000921302
2,13,130781,130777,0.75,Our Eps-Fair,0.15,0.851,0.18643005256305153,0.16213300000526942
2,13,130781,130777,0.75,Our Eps-Fair,0.2,0.858,0.18428412981627043,0.04369449999649078
2,13,130782,130777,0.8,Unfair,,0.879,0.25172535267649837,0.027312599995639175
2,13,130782,130777,0.8,Our Eps-Fair,0.0,0.667,0.03151270596147379,0.21672190001117997
2,13,130782,130777,0.8,Our Eps-Fair,0.05,0.735,0.0914476949928744,0.1890842999855522
2,13,130782,130777,0.8,Our Eps-Fair,0.1,0.791,0.14999759811692367,0.1583634999988135
2,13,130782,130777,0.8,Our Eps-Fair,0.15,0.834,0.18271124561656338,0.2229992999928072
2,13,130782,130777,0.8,Our Eps-Fair,0.2,0.866,0.2262573857904597,0.09529930001008324
2,13,130783,130777,0.9,Unfair,,0.879,0.3394836312383881,0.0301329999929294
2,13,130783,130777,0.9,Our Eps-Fair,0.0,0.6,0.04423729899417003,0.22457170000416227
2,13,130783,130777,0.9,Our Eps-Fair,0.05,0.672,0.08618425267473892,0.24607220001053065
2,13,130783,130777,0.9,Our Eps-Fair,0.1,0.744,0.1524441027612275,0.20929030000115745
2,13,130783,130777,0.9,Our Eps-Fair,0.15,0.802,0.20630725863284005,0.22126739998930134
2,13,130783,130777,0.9,Our Eps-Fair,0.2,0.844,0.24473060413863795,0.23992940000607632
2,13,130784,130777,0.99,Unfair,,0.915,0.3564356435643564,0.02698140000575222
2,13,130784,130777,0.99,Our Eps-Fair,0.0,0.485,0.04538453845384538,0.23017070000059903
2,13,130784,130777,0.99,Our Eps-Fair,0.05,0.555,0.053065306530653056,0.27264059998560697
2,13,130784,130777,0.99,Our Eps-Fair,0.1,0.632,0.11885188518851884,0.26299699998344295
2,13,130784,130777,0.99,Our Eps-Fair,0.15,0.69,0.15897589758975897,0.41376490000402555
2,13,130784,130777,0.99,Our Eps-Fair,0.2,0.783,0.2199019901990199,0.2653684999968391
2,14,140778,140777,0.5,Unfair,,0.884,0.03246077923538079,0.028767599986167625
2,14,140778,140777,0.5,Our Eps-Fair,0.0,0.881,0.02702387979392784,0.1696580999996513
2,14,140778,140777,0.5,Our Eps-Fair,0.05,0.882,0.02819638691128698,0.007912700006272644
2,14,140778,140777,0.5,Our Eps-Fair,0.1,0.881,0.03246077923538079,0.009666799975093454
2,14,140778,140777,0.5,Our Eps-Fair,0.15,0.881,0.02819638691128698,0.008992999995825812
2,14,140778,140777,0.5,Our Eps-Fair,0.2,0.883,0.03246077923538079,0.007504200009861961
2,14,140779,140777,0.6,Unfair,,0.879,0.0939676893434119,0.030216200015274808
2,14,140779,140777,0.6,Our Eps-Fair,0.0,0.857,0.057915630169965454,0.1675630999961868
2,14,140779,140777,0.6,Our Eps-Fair,0.05,0.877,0.08372489875380051,0.15286080000805669
2,14,140779,140777,0.6,Our Eps-Fair,0.1,0.877,0.0939676893434119,0.007634499983396381
2,14,140779,140777,0.6,Our Eps-Fair,0.15,0.878,0.0938154695380129,0.008780899981502444
2,14,140779,140777,0.6,Our Eps-Fair,0.2,0.877,0.0938154695380129,0.007485300011467189
2,14,140780,140777,0.7,Unfair,,0.888,0.16301126259632484,0.029100599989760667
2,14,140780,140777,0.7,Our Eps-Fair,0.0,0.76,0.022629327608580718,0.20193860001745634
2,14,140780,140777,0.7,Our Eps-Fair,0.05,0.815,0.06060654608372451,0.20454630002495833
2,14,140780,140777,0.7,Our Eps-Fair,0.1,0.856,0.12319165638667712,0.2922151999955531
2,14,140780,140777,0.7,Our Eps-Fair,0.15,0.886,0.14959387366026372,0.0898954999865964
2,14,140780,140777,0.7,Our Eps-Fair,0.2,0.888,0.16701645332350726,0.0075471000163815916
2,14,140781,140777,0.75,Unfair,,0.888,0.21911802355350746,0.02856260002590716
2,14,140781,140777,0.75,Our Eps-Fair,0.0,0.751,0.03840245775729645,0.26479360001394525
2,14,140781,140777,0.75,Our Eps-Fair,0.05,0.798,0.07526881720430109,0.2361003999831155
2,14,140781,140777,0.75,Our Eps-Fair,0.1,0.849,0.12269585253456221,0.20465519998106174
2,14,140781,140777,0.75,Our Eps-Fair,0.15,0.882,0.1757872503840246,0.17554580001160502
2,14,140781,140777,0.75,Our Eps-Fair,0.2,0.885,0.20113287250384027,0.054315100016538054
2,14,140782,140777,0.8,Unfair,,0.866,0.2812324660542811,0.030851999996230006
2,14,140782,140777,0.8,Our Eps-Fair,0.0,0.683,0.044277721669151504,0.2817747000080999
2,14,140782,140777,0.8,Our Eps-Fair,0.05,0.74,0.09306817999647317,0.23086519999196753
2,14,140782,140777,0.8,Our Eps-Fair,0.1,0.813,0.12878532839577422,0.2552443000022322
2,14,140782,140777,0.8,Our Eps-Fair,0.15,0.857,0.17789640744481316,0.19513499998720363
2,14,140782,140777,0.8,Our Eps-Fair,0.2,0.88,0.2333156991936389,0.20102460001362488
2,14,140783,140777,0.9,Unfair,,0.892,0.32382988262798035,0.03260690000024624
2,14,140783,140777,0.9,Our Eps-Fair,0.0,0.564,0.08381771308706026,0.2380233000149019
2,14,140783,140777,0.9,Our Eps-Fair,0.05,0.633,0.09007862163936527,0.21374500001547858
2,14,140783,140777,0.9,Our Eps-Fair,0.1,0.695,0.13811628316600216,0.2002065999840852
2,14,140783,140777,0.9,Our Eps-Fair,0.15,0.758,0.18604185681574353,0.26754410000285134
2,14,140783,140777,0.9,Our Eps-Fair,0.2,0.825,0.25259803686089893,0.19768489999114536
2,14,140784,140777,0.99,Unfair,,0.93,0.37401574803149606,0.026836699980776757
2,14,140784,140777,0.99,Our Eps-Fair,0.0,0.514,0.05719864285257026,0.3232998999883421
2,14,140784,140777,0.99,Our Eps-Fair,0.05,0.58,0.09223161129249086,0.2484128000214696
2,14,140784,140777,0.99,Our Eps-Fair,0.1,0.648,0.14818193457525125,0.3609314000059385
2,14,140784,140777,0.99,Our Eps-Fair,0.15,0.728,0.202035721144613,0.20647309999912977
2,14,140784,140777,0.99,Our Eps-Fair,0.2,0.796,0.23958133282120223,0.1991488999919966
2,15,150778,150777,0.5,Unfair,,0.896,0.04095128168133505,0.029152600007364526
2,15,150778,150777,0.5,Our Eps-Fair,0.0,0.886,0.054890267557992284,0.17062380001880229
2,15,150778,150777,0.5,Our Eps-Fair,0.05,0.895,0.04095128168133505,0.009068600018508732
2,15,150778,150777,0.5,Our Eps-Fair,0.1,0.894,0.04095128168133505,0.007857499993406236
2,15,150778,150777,0.5,Our Eps-Fair,0.15,0.894,0.04095128168133505,0.008869499986758456
2,15,150778,150777,0.5,Our Eps-Fair,0.2,0.895,0.04095128168133505,0.007500100007746369
2,15,150779,150777,0.6,Unfair,,0.858,0.05071254487171792,0.02934899998945184
2,15,150779,150777,0.6,Our Eps-Fair,0.0,0.839,0.015735616038162453,0.22961430001305416
2,15,150779,150777,0.6,Our Eps-Fair,0.05,0.857,0.05266949203414453,0.1404171000176575
2,15,150779,150777,0.6,Our Eps-Fair,0.1,0.859,0.05071254487171792,0.010500800010049716
2,15,150779,150777,0.6,Our Eps-Fair,0.15,0.858,0.05071254487171792,0.00838139999541454
2,15,150779,150777,0.6,Our Eps-Fair,0.2,0.858,0.05071254487171792,0.007707800017669797
2,15,150780,150777,0.7,Unfair,,0.879,0.18783526284607133,0.02942340000299737
2,15,150780,150777,0.7,Our Eps-Fair,0.0,0.717,0.08965428896254662,0.1942220999917481
2,15,150780,150777,0.7,Our Eps-Fair,0.05,0.779,0.08513874877904277,0.16818379997857846
2,15,150780,150777,0.7,Our Eps-Fair,0.1,0.856,0.14563417719492083,0.1878957999870181
2,15,150780,150777,0.7,Our Eps-Fair,0.15,0.875,0.18199868697058494,0.2041153000027407
2,15,150780,150777,0.7,Our Eps-Fair,0.2,0.878,0.18588973755424254,0.00878600002033636
2,15,150781,150777,0.75,Unfair,,0.87,0.2286676586825389,0.031011100014438853
2,15,150781,150777,0.75,Our Eps-Fair,0.0,0.723,0.07928926862829805,0.266228200023761
2,15,150781,150777,0.75,Our Eps-Fair,0.05,0.783,0.12131394102305636,0.18319640000117943
2,15,150781,150777,0.75,Our Eps-Fair,0.1,0.84,0.15540248643978302,0.1947611999930814
2,15,150781,150777,0.75,Our Eps-Fair,0.15,0.866,0.19945119121905952,0.16054060001624748
2,15,150781,150777,0.75,Our Eps-Fair,0.2,0.872,0.21266740267844284,0.1351446000044234
2,15,150782,150777,0.8,Unfair,,0.895,0.25869022469752256,0.03048270000726916
2,15,150782,150777,0.8,Our Eps-Fair,0.0,0.656,0.04849241405799885,0.26120890001766384
2,15,150782,150777,0.8,Our Eps-Fair,0.05,0.733,0.12692849369438575,0.3194682999746874
2,15,150782,150777,0.8,Our Eps-Fair,0.1,0.816,0.15880865501568403,0.17407829998410307
2,15,150782,150777,0.8,Our Eps-Fair,0.15,0.853,0.21304653991421804,0.21863519999897107
2,15,150782,150777,0.8,Our Eps-Fair,0.2,0.89,0.23914922220088344,0.21211100000073202
2,15,150783,150777,0.9,Unfair,,0.877,0.3348707119358549,0.028019399993354455
2,15,150783,150777,0.9,Our Eps-Fair,0.0,0.582,0.03359926911071129,0.27741099998820573
2,15,150783,150777,0.9,Our Eps-Fair,0.05,0.643,0.068260411365649,0.19906579999951646
2,15,150783,150777,0.9,Our Eps-Fair,0.1,0.708,0.10478484045856892,0.20758389998809434
2,15,150783,150777,0.9,Our Eps-Fair,0.15,0.759,0.14293613934981308,0.2345768999948632
2,15,150783,150777,0.9,Our Eps-Fair,0.2,0.814,0.18526280358552488,0.22155959997326136
2,15,150784,150777,0.99,Unfair,,0.93,0.39059304703476483,0.026749200013000518
2,15,150784,150777,0.99,Our Eps-Fair,0.0,0.498,0.07017396419867217,0.2380023000005167
2,15,150784,150777,0.99,Our Eps-Fair,0.05,0.575,0.08330832122747409,0.2489054000179749
2,15,150784,150777,0.99,Our Eps-Fair,0.1,0.635,0.12930258244990578,0.3280973000219092
2,15,150784,150777,0.99,Our Eps-Fair,0.15,0.711,0.19306944561167605,0.23485229999641888
2,15,150784,150777,0.99,Our Eps-Fair,0.2,0.791,0.2514937229619136,0.26740609999978915
2,16,160778,160777,0.5,Unfair,,0.841,0.03207039080662136,0.030921600002329797
2,16,160778,160777,0.5,Our Eps-Fair,0.0,0.841,0.08583581080270006,0.2384044999780599
2,16,160778,160777,0.5,Our Eps-Fair,0.05,0.842,0.03803632376890112,0.06373090000124648
2,16,160778,160777,0.5,Our Eps-Fair,0.1,0.842,0.03207039080662136,0.007783299981383607
2,16,160778,160777,0.5,Our Eps-Fair,0.15,0.843,0.03207039080662136,0.008911299984902143
2,16,160778,160777,0.5,Our Eps-Fair,0.2,0.844,0.02814111772214198,0.008932199998525903
2,16,160779,160777,0.6,Unfair,,0.847,0.10332165314645035,0.026719899993622676
2,16,160779,160777,0.6,Our Eps-Fair,0.0,0.808,0.0566969071505144,0.21004760000505485
2,16,160779,160777,0.6,Our Eps-Fair,0.05,0.84,0.08730539688635017,0.15434790001017973
2,16,160779,160777,0.6,Our Eps-Fair,0.1,0.849,0.10132962127394039,0.007928999984869733
2,16,160779,160777,0.6,Our Eps-Fair,0.15,0.847,0.10332165314645035,0.010366099973907694
2,16,160779,160777,0.6,Our Eps-Fair,0.2,0.847,0.10132962127394039,0.00938010000390932
2,16,160780,160777,0.7,Unfair,,0.859,0.1555539493814222,0.030109899991657585
2,16,160780,160777,0.7,Our Eps-Fair,0.0,0.739,0.04525395620766226,0.30977929997607134
2,16,160780,160777,0.7,Our Eps-Fair,0.05,0.785,0.04788406635105344,0.29586190002737567
2,16,160780,160777,0.7,Our Eps-Fair,0.1,0.829,0.11060115082376655,0.3262481999990996
2,16,160780,160777,0.7,Our Eps-Fair,0.15,0.861,0.1555539493814222,0.12230829999316484
2,16,160780,160777,0.7,Our Eps-Fair,0.2,0.86,0.15342175321937526,0.008112900017295033
2,16,160781,160777,0.75,Unfair,,0.859,0.19735678942715768,0.03550650001852773
2,16,160781,160777,0.75,Our Eps-Fair,0.0,0.735,0.04937219748878996,0.39224889999604784
2,16,160781,160777,0.75,Our Eps-Fair,0.05,0.783,0.09536838147352589,0.37749499999335967
2,16,160781,160777,0.75,Our Eps-Fair,0.1,0.836,0.15336461345845384,0.2970342000189703
2,16,160781,160777,0.75,Our Eps-Fair,0.15,0.849,0.20732882931531726,0.20660969999153167
2,16,160781,160777,0.75,Our Eps-Fair,0.2,0.854,0.21069284277137107,0.18542240001261234
2,16,160782,160777,0.8,Unfair,,0.864,0.24193083804067783,0.032328000001143664
2,16,160782,160777,0.8,Our Eps-Fair,0.0,0.676,0.02398745419340384,0.20714050001697615
2,16,160782,160777,0.8,Our Eps-Fair,0.05,0.727,0.07255444784048902,0.21163700000033714
2,16,160782,160777,0.8,Our Eps-Fair,0.1,0.786,0.13801187370981421,0.18586080000386573
2,16,160782,160777,0.8,Our Eps-Fair,0.15,0.837,0.18794706437727032,0.14249489997746423
2,16,160782,160777,0.8,Our Eps-Fair,0.2,0.861,0.2199516730409179,0.30980270000873134
2,16,160783,160777,0.9,Unfair,,0.862,0.3409948349876576,0.029699899983825162
2,16,160783,160777,0.9,Our Eps-Fair,0.0,0.57,0.06387651979788038,0.2611275000090245
2,16,160783,160777,0.9,Our Eps-Fair,0.05,0.635,0.11013758696704554,0.28771649999544024
2,16,160783,160777,0.9,Our Eps-Fair,0.1,0.696,0.15014542850398677,0.1793591000023298
2,16,160783,160777,0.9,Our Eps-Fair,0.15,0.768,0.1923497005413061,0.16029460000572726
2,16,160783,160777,0.9,Our Eps-Fair,0.2,0.815,0.21849482498569722,0.28672559998813085
2,16,160784,160777,0.99,Unfair,,0.915,0.361003861003861,0.027920299995457754
2,16,160784,160777,0.99,Our Eps-Fair,0.0,0.485,0.035365834121020845,0.2894893999909982
2,16,160784,160777,0.99,Our Eps-Fair,0.05,0.58,0.08242682516541439,0.23585529997944832
2,16,160784,160777,0.99,Our Eps-Fair,0.1,0.653,0.12855861196110158,0.20445570000447333
2,16,160784,160777,0.99,Our Eps-Fair,0.15,0.701,0.16431695477338631,0.20731219998560846
2,16,160784,160777,0.99,Our Eps-Fair,0.2,0.774,0.22386613050513465,0.27854060000390746
2,17,170778,170777,0.5,Unfair,,0.849,0.046607300942561075,0.03074650000780821
2,17,170778,170777,0.5,Our Eps-Fair,0.0,0.838,0.12494842552646022,0.11843869998119771
2,17,170778,170777,0.5,Our Eps-Fair,0.05,0.847,0.07064200705819204,0.05571009998675436
2,17,170778,170777,0.5,Our Eps-Fair,0.1,0.847,0.04853408321616415,0.007741600013105199
2,17,170778,170777,0.5,Our Eps-Fair,0.15,0.848,0.04853408321616415,0.008039500011363998
2,17,170778,170777,0.5,Our Eps-Fair,0.2,0.848,0.046607300942561075,0.009503900015261024
2,17,170779,170777,0.6,Unfair,,0.859,0.08906169994879673,0.03460869999253191
2,17,170779,170777,0.6,Our Eps-Fair,0.0,0.833,0.03235407066052226,0.3114122000115458
2,17,170779,170777,0.6,Our Eps-Fair,0.05,0.855,0.0830453149001536,0.10351779998745769
2,17,170779,170777,0.6,Our Eps-Fair,0.1,0.858,0.09302995391705071,0.0086349000048358
2,17,170779,170777,0.6,Our Eps-Fair,0.15,0.86,0.0910458269329237,0.01150619998225011
2,17,170779,170777,0.6,Our Eps-Fair,0.2,0.859,0.0910458269329237,0.00918900000397116
2,17,170780,170777,0.7,Unfair,,0.868,0.17400000000000002,0.029244499979540706
2,17,170780,170777,0.7,Our Eps-Fair,0.0,0.751,0.055999999999999994,0.20204619999276474
2,17,170780,170777,0.7,Our Eps-Fair,0.05,0.809,0.094,0.3131365999870468
2,17,170780,170777,0.7,Our Eps-Fair,0.1,0.848,0.136,0.27325159998144954
2,17,170780,170777,0.7,Our Eps-Fair,0.15,0.864,0.17200000000000001,0.06093690000125207
2,17,170780,170777,0.7,Our Eps-Fair,0.2,0.867,0.17600000000000002,0.008478200004901737
2,17,170781,170777,0.75,Unfair,,0.837,0.2250281055086797,0.03563529998064041
2,17,170781,170777,0.75,Our Eps-Fair,0.0,0.719,0.04183619989517945,0.19424090001848526
2,17,170781,170777,0.75,Our Eps-Fair,0.05,0.773,0.07547479305943966,0.20097619999432936
2,17,170781,170777,0.75,Our Eps-Fair,0.1,0.824,0.13340214682077686,0.23376279999502003
2,17,170781,170777,0.75,Our Eps-Fair,0.15,0.857,0.17115754687918833,0.13547379997908138
2,17,170781,170777,0.75,Our Eps-Fair,0.2,0.848,0.2171385591575949,0.11519599999883212
2,17,170782,170777,0.8,Unfair,,0.867,0.26546618647458986,0.03596889998880215
2,17,170782,170777,0.8,Our Eps-Fair,0.0,0.666,0.0778311324529812,0.2697604999993928
2,17,170782,170777,0.8,Our Eps-Fair,0.05,0.727,0.10092036814725891,0.3207958999846596
2,17,170782,170777,0.8,Our Eps-Fair,0.1,0.795,0.14501800720288116,0.2570112999819685
2,17,170782,170777,0.8,Our Eps-Fair,0.15,0.837,0.2004401760704282,0.1829767000162974
2,17,170782,170777,0.8,Our Eps-Fair,0.2,0.86,0.24689875950380152,0.17723179998574778
2,17,170783,170777,0.9,Unfair,,0.89,0.3431087979181263,0.027035400009481236
2,17,170783,170777,0.9,Our Eps-Fair,0.0,0.577,0.05751176058452606,0.24360000001615845
2,17,170783,170777,0.9,Our Eps-Fair,0.05,0.648,0.0916024421979782,0.28850280001643114
2,17,170783,170777,0.9,Our Eps-Fair,0.1,0.706,0.15105595035531982,0.19477319999714382
2,17,170783,170777,0.9,Our Eps-Fair,0.15,0.768,0.2011610449404464,0.2491198999923654
2,17,170783,170777,0.9,Our Eps-Fair,0.2,0.825,0.25320788709838854,0.20996160001959652
2,17,170784,170777,0.99,Unfair,,0.928,0.34705882352941175,0.02884710000944324
2,17,170784,170777,0.99,Our Eps-Fair,0.0,0.504,0.06758703481392557,0.27061269999830984
2,17,170784,170777,0.99,Our Eps-Fair,0.05,0.565,0.09795918367346937,0.27288279999629594
2,17,170784,170777,0.99,Our Eps-Fair,0.1,0.635,0.14377751100440178,0.1917603999900166
2,17,170784,170777,0.99,Our Eps-Fair,0.15,0.709,0.18811524609843938,0.2702724999981001
2,17,170784,170777,0.99,Our Eps-Fair,0.2,0.792,0.2382553021208483,0.31534000000101514
2,18,180778,180777,0.5,Unfair,,0.88,0.023798832510103285,0.03487529998528771
2,18,180778,180777,0.5,Our Eps-Fair,0.0,0.867,0.07096349990377829,0.4008449999964796
2,18,180778,180777,0.5,Our Eps-Fair,0.05,0.88,0.023991275899672843,0.00938900001347065
2,18,180778,180777,0.5,Our Eps-Fair,0.1,0.88,0.021890435563538396,0.009105100005399436
2,18,180778,180777,0.5,Our Eps-Fair,0.15,0.878,0.021890435563538396,0.00924529999610968
2,18,180778,180777,0.5,Our Eps-Fair,0.2,0.879,0.021890435563538396,0.009089300001505762
2,18,180779,180777,0.6,Unfair,,0.882,0.07463462838716389,0.04006400000071153
2,18,180779,180777,0.6,Our Eps-Fair,0.0,0.844,0.04713723889882418,0.2262619000102859
2,18,180779,180777,0.6,Our Eps-Fair,0.05,0.879,0.07457861740901217,0.07979770001838915
2,18,180779,180777,0.6,Our Eps-Fair,0.1,0.88,0.07260623082124099,0.009097300004214048
2,18,180779,180777,0.6,Our Eps-Fair,0.15,0.881,0.07463462838716389,0.008659100014483556
2,18,180779,180777,0.6,Our Eps-Fair,0.2,0.88,0.07469063936531561,0.010414499993203208
2,18,180780,180777,0.7,Unfair,,0.866,0.19389498021928786,0.028585799998836592
2,18,180780,180777,0.7,Our Eps-Fair,0.0,0.753,0.03804136948930162,0.2627208000048995
2,18,180780,180777,0.7,Our Eps-Fair,0.05,0.799,0.0682704577364785,0.17948169997544028
2,18,180780,180777,0.7,Our Eps-Fair,0.1,0.85,0.13833297998727956,0.21561099999235012
2,18,180780,180777,0.7,Our Eps-Fair,0.15,0.866,0.15636962930665502,0.11826280000968836
2,18,180780,180777,0.7,Our Eps-Fair,0.2,0.866,0.19590705265389552,0.00828070001443848
2,18,180781,180777,0.75,Unfair,,0.876,0.20418940327407145,0.02908959999331273
2,18,180781,180777,0.75,Our Eps-Fair,0.0,0.703,0.02744395192907778,0.21572020000894554
2,18,180781,180777,0.75,Our Eps-Fair,0.05,0.765,0.06413723576194971,0.17469689997960813
2,18,180781,180777,0.75,Our Eps-Fair,0.1,0.837,0.13031476532620698,0.16442270000698045
2,18,180781,180777,0.75,Our Eps-Fair,0.15,0.868,0.18622681666159924,0.16337930000736378
2,18,180781,180777,0.75,Our Eps-Fair,0.2,0.875,0.20216511177609575,0.13231549999909475
2,18,180782,180777,0.8,Unfair,,0.865,0.275,0.027964400011114776
2,18,180782,180777,0.8,Our Eps-Fair,0.0,0.643,0.051602564102564086,0.18264169999747537
2,18,180782,180777,0.8,Our Eps-Fair,0.05,0.726,0.12083333333333332,0.2903694999986328
2,18,180782,180777,0.8,Our Eps-Fair,0.1,0.789,0.17291666666666664,0.28213619999587536
2,18,180782,180777,0.8,Our Eps-Fair,0.15,0.843,0.23541666666666666,0.28601479998906143
2,18,180782,180777,0.8,Our Eps-Fair,0.2,0.854,0.2791666666666667,0.24934539999230765
2,18,180783,180777,0.9,Unfair,,0.898,0.36185263427437425,0.029981200001202524
2,18,180783,180777,0.9,Our Eps-Fair,0.0,0.635,0.06259202355803085,0.31694140000035986
2,18,180783,180777,0.9,Our Eps-Fair,0.05,0.695,0.11353306446450291,0.28947439999319613
2,18,180783,180777,0.9,Our Eps-Fair,0.1,0.753,0.1479418731195186,0.21771359999547713
2,18,180783,180777,0.9,Our Eps-Fair,0.15,0.812,0.19729850841815505,0.24273359999642707
2,18,180783,180777,0.9,Our Eps-Fair,0.2,0.857,0.2417578900198451,0.20896950000314973
2,18,180784,180777,0.99,Unfair,,0.925,0.35876288659793815,0.025573599996278062
2,18,180784,180777,0.99,Our Eps-Fair,0.0,0.496,0.04341907716945251,0.2674830000032671
2,18,180784,180777,0.99,Our Eps-Fair,0.05,0.574,0.068241417275548,0.30336809999425896
2,18,180784,180777,0.99,Our Eps-Fair,0.1,0.647,0.13782404163747372,0.31643129998701625
2,18,180784,180777,0.99,Our Eps-Fair,0.15,0.71,0.18646782103893506,0.27458650001790375
2,18,180784,180777,0.99,Our Eps-Fair,0.2,0.78,0.22762486237613855,0.2928935999807436
2,19,190778,190777,0.5,Unfair,,0.889,0.029653989937319075,0.03552899998612702
2,19,190778,190777,0.5,Our Eps-Fair,0.0,0.877,0.04148747786491272,0.18464170000515878
2,19,190778,190777,0.5,Our Eps-Fair,0.05,0.892,0.029653989937319075,0.007686400000238791
2,19,190778,190777,0.5,Our Eps-Fair,0.1,0.889,0.029653989937319075,0.00795319999451749
2,19,190778,190777,0.5,Our Eps-Fair,0.15,0.891,0.029653989937319075,0.008299199980683625
2,19,190778,190777,0.5,Our Eps-Fair,0.2,0.888,0.03178618609936598,0.007845999993151054
2,19,190779,190777,0.6,Unfair,,0.897,0.07741979418279996,0.03036529998644255
2,19,190779,190777,0.6,Our Eps-Fair,0.0,0.871,0.05725467575178558,0.1841658999910578
2,19,190779,190777,0.6,Our Eps-Fair,0.05,0.893,0.0734140098301948,0.10758239999995567
2,19,190779,190777,0.6,Our Eps-Fair,0.1,0.898,0.07741979418279996,0.009204900008626282
2,19,190779,190777,0.6,Our Eps-Fair,0.15,0.895,0.07741979418279996,0.008942199987359345
2,19,190779,190777,0.6,Our Eps-Fair,0.2,0.896,0.07741979418279996,0.009513800003333017
2,19,190780,190777,0.7,Unfair,,0.869,0.16279107062672393,0.029819499992299825
2,19,190780,190777,0.7,Our Eps-Fair,0.0,0.766,0.05370774263904035,0.19882289998349734
2,19,190780,190777,0.7,Our Eps-Fair,0.05,0.815,0.11346141510039129,0.23165080000762828
2,19,190780,190777,0.7,Our Eps-Fair,0.1,0.85,0.14056385913143882,0.22071049999794923
2,19,190780,190777,0.7,Our Eps-Fair,0.15,0.869,0.16279107062672393,0.009289500012528151
2,19,190780,190777,0.7,Our Eps-Fair,0.2,0.869,0.16279107062672393,0.00951199998962693
2,19,190781,190777,0.75,Unfair,,0.869,0.22288915566226492,0.030566600005840883
2,19,190781,190777,0.75,Our Eps-Fair,0.0,0.704,0.03509403761504601,0.21642670000437647
2,19,190781,190777,0.75,Our Eps-Fair,0.05,0.762,0.08903561424569828,0.17427659998065792
2,19,190781,190777,0.75,Our Eps-Fair,0.1,0.811,0.1571428571428571,0.238759800005937
2,19,190781,190777,0.75,Our Eps-Fair,0.15,0.862,0.20908363345338132,0.1465940999914892
2,19,190781,190777,0.75,Our Eps-Fair,0.2,0.87,0.22288915566226492,0.024416200001724064
2,19,190782,190777,0.8,Unfair,,0.865,0.26900444241484706,0.0350357000133954
2,19,190782,190777,0.8,Our Eps-Fair,0.0,0.641,0.026426159374136254,0.2701124000013806
2,19,190782,190777,0.8,Our Eps-Fair,0.05,0.717,0.06653607809677176,0.18185299998731352
2,19,190782,190777,0.8,Our Eps-Fair,0.1,0.765,0.11029526636463055,0.3062997999950312
2,19,190782,190777,0.8,Our Eps-Fair,0.15,0.836,0.1679985899639079,0.3077360999886878
2,19,190782,190777,0.8,Our Eps-Fair,0.2,0.869,0.22808535525298534,0.2861859000113327
2,19,190783,190777,0.9,Unfair,,0.884,0.32478878648233483,0.033609399979468435
2,19,190783,190777,0.9,Our Eps-Fair,0.0,0.609,0.0625,0.30361259999335743
2,19,190783,190777,0.9,Our Eps-Fair,0.05,0.671,0.09642217101894521,0.25399490000563674
2,19,190783,190777,0.9,Our Eps-Fair,0.1,0.724,0.14644137224782386,0.2461505999963265
2,19,190783,190777,0.9,Our Eps-Fair,0.15,0.779,0.19050819252432155,0.2867728000273928
2,19,190783,190777,0.9,Our Eps-Fair,0.2,0.842,0.23451100870455707,0.20400239998707548
2,19,190784,190777,0.99,Unfair,,0.914,0.3448979591836735,0.02915820002090186
2,19,190784,190777,0.99,Our Eps-Fair,0.0,0.56,0.08271308523409365,0.435198000021046
2,19,190784,190777,0.99,Our Eps-Fair,0.05,0.644,0.13261304521808723,0.29853369999909773
2,19,190784,190777,0.99,Our Eps-Fair,0.1,0.709,0.17899159663865546,0.2349184999766294
2,19,190784,190777,0.99,Our Eps-Fair,0.15,0.758,0.22256902761104438,0.20847579999826849
2,19,190784,190777,0.99,Our Eps-Fair,0.2,0.818,0.2425770308123249,0.331643300014548
2,20,200778,200777,0.5,Unfair,,0.871,0.033166179636110016,0.02968550001969561
2,20,200778,200777,0.5,Our Eps-Fair,0.0,0.875,0.033166179636110016,0.16704689999460243
2,20,200778,200777,0.5,Our Eps-Fair,0.05,0.872,0.029342087857907345,0.008706799999345094
2,20,200778,200777,0.5,Our Eps-Fair,0.1,0.874,0.033350569805708885,0.008151299989549443
2,20,200778,200777,0.5,Our Eps-Fair,0.15,0.873,0.03125413374700867,0.008656499994685873
2,20,200778,200777,0.5,Our Eps-Fair,0.2,0.874,0.031438523916607564,0.008535100001608953
2,20,200779,200777,0.6,Unfair,,0.88,0.12217151054460065,0.027647700015222654
2,20,200779,200777,0.6,Our Eps-Fair,0.0,0.844,0.07442328267063097,0.18039239998324774
2,20,200779,200777,0.6,Our Eps-Fair,0.05,0.869,0.1280979648099247,0.15447960002347827
2,20,200779,200777,0.6,Our Eps-Fair,0.1,0.881,0.12409089634114576,0.04421720001846552
2,20,200779,200777,0.6,Our Eps-Fair,0.15,0.879,0.12217151054460065,0.008614800026407465
2,20,200779,200777,0.6,Our Eps-Fair,0.2,0.88,0.12025212474805555,0.00849549999111332
2,20,200780,200777,0.7,Unfair,,0.889,0.17824041637473728,0.029844400007277727
2,20,200780,200777,0.7,Our Eps-Fair,0.0,0.732,0.020478430587528768,0.18704879999859259
2,20,200780,200777,0.7,Our Eps-Fair,0.05,0.801,0.07038334501050947,0.165345100016566
2,20,200780,200777,0.7,Our Eps-Fair,0.1,0.842,0.11794615153638276,0.21105979999992996
2,20,200780,200777,0.7,Our Eps-Fair,0.15,0.887,0.18030227204484037,0.2098734000173863
2,20,200780,200777,0.7,Our Eps-Fair,0.2,0.888,0.17824041637473728,0.008023599977605045
2,20,200781,200777,0.75,Unfair,,0.883,0.2006568026272105,0.03058180000516586
2,20,200781,200777,0.75,Our Eps-Fair,0.0,0.679,0.08282033128132513,0.19263020000653341
2,20,200781,200777,0.75,Our Eps-Fair,0.05,0.738,0.06333625334501339,0.2197982000070624
2,20,200781,200777,0.75,Our Eps-Fair,0.1,0.808,0.12529250117000468,0.42168840000522323
2,20,200781,200777,0.75,Our Eps-Fair,0.15,0.849,0.16129264517058067,0.2696624999807682
2,20,200781,200777,0.75,Our Eps-Fair,0.2,0.867,0.20726482905931623,0.11718579998705536
2,20,200782,200777,0.8,Unfair,,0.881,0.24690221199079174,0.031088999996427447
2,20,200782,200777,0.8,Our Eps-Fair,0.0,0.674,0.025963367030327283,0.20492630000808276
2,20,200782,200777,0.8,Our Eps-Fair,0.05,0.734,0.054569112200980874,0.2503124999930151
2,20,200782,200777,0.8,Our Eps-Fair,0.1,0.797,0.11065959363427084,0.177034000022104
2,20,200782,200777,0.8,Our Eps-Fair,0.15,0.856,0.17177459713742368,0.2642315999837592
2,20,200782,200777,0.8,Our Eps-Fair,0.2,0.887,0.2231007907116405,0.29398590000346303
2,20,200783,200777,0.9,Unfair,,0.895,0.3422896681994085,0.037621600000420585
2,20,200783,200777,0.9,Our Eps-Fair,0.0,0.551,0.06447920793664133,0.2716013000172097
2,20,200783,200777,0.9,Our Eps-Fair,0.05,0.631,0.07699726667707169,0.2630393000144977
2,20,200783,200777,0.9,Our Eps-Fair,0.1,0.732,0.1509010361014731,0.26574789997539483
2,20,200783,200777,0.9,Our Eps-Fair,0.15,0.788,0.21066596232576565,0.32892810000339523
2,20,200783,200777,0.9,Our Eps-Fair,0.2,0.849,0.2566442158004474,0.21615500000189058
2,20,200784,200777,0.99,Unfair,,0.946,0.3757115749525617,0.0297355999937281
2,20,200784,200777,0.99,Our Eps-Fair,0.0,0.526,0.0728444143121342,0.25797860001330264
2,20,200784,200777,0.99,Our Eps-Fair,0.05,0.596,0.1135912320326071,0.24790149999898858
2,20,200784,200777,0.99,Our Eps-Fair,0.1,0.666,0.1502942580564927,0.21619170001940802
2,20,200784,200777,0.99,Our Eps-Fair,0.15,0.736,0.1834188493647476,0.38915000000270084
2,20,200784,200777,0.99,Our Eps-Fair,0.2,0.802,0.23513766142070278,0.34631640001316555
2,21,210778,210777,0.5,Unfair,,0.867,0.05333781550270329,0.030973699991591275
2,21,210778,210777,0.5,Our Eps-Fair,0.0,0.859,0.045510026852996835,0.16769650002242997
2,21,210778,210777,0.5,Our Eps-Fair,0.05,0.864,0.051468910952901195,0.011296700016828254
2,21,210778,210777,0.5,Our Eps-Fair,0.1,0.867,0.049423921177850064,0.008952600008342415
2,21,210778,210777,0.5,Our Eps-Fair,0.15,0.866,0.05138086834027668,0.008904200018150732
2,21,210778,210777,0.5,Our Eps-Fair,0.2,0.863,0.051468910952901195,0.009522599983029068
2,21,210779,210777,0.6,Unfair,,0.866,0.08094386499753953,0.03469080000650138
2,21,210779,210777,0.6,Our Eps-Fair,0.0,0.852,0.05485475153130015,0.17455920000793412
2,21,210779,210777,0.6,Our Eps-Fair,0.05,0.868,0.08697304671715658,0.18233320000581443
2,21,210779,210777,0.6,Our Eps-Fair,0.1,0.867,0.08488863817308193,0.019197999994503334
2,21,210779,210777,0.6,Our Eps-Fair,0.15,0.867,0.08094386499753953,0.0083429999940563
2,21,210779,210777,0.6,Our Eps-Fair,0.2,0.869,0.08291625158531074,0.012363000016193837
2,21,210780,210777,0.7,Unfair,,0.852,0.14199114760407983,0.039861800003563985
2,21,210780,210777,0.7,Our Eps-Fair,0.0,0.744,0.054365257553403046,0.16921910000382923
2,21,210780,210777,0.7,Our Eps-Fair,0.05,0.785,0.061982808390531774,0.1703286000119988
2,21,210780,210777,0.7,Our Eps-Fair,0.1,0.825,0.11468022323433191,0.1986410999961663
2,21,210780,210777,0.7,Our Eps-Fair,0.15,0.848,0.14389954455064471,0.09694849999505095
2,21,210780,210777,0.7,Our Eps-Fair,0.2,0.849,0.14008275065751494,0.00823330000275746
2,21,210781,210777,0.75,Unfair,,0.874,0.23534212705690316,0.02969869997468777
2,21,210781,210777,0.75,Our Eps-Fair,0.0,0.73,0.07913951134422345,0.18864329997450113
2,21,210781,210777,0.75,Our Eps-Fair,0.05,0.808,0.14715284195702355,0.216944899992086
2,21,210781,210777,0.75,Our Eps-Fair,0.1,0.845,0.1789910822521214,0.2859873000124935
2,21,210781,210777,0.75,Our Eps-Fair,0.15,0.87,0.22091529939868215,0.2529503999976441
2,21,210781,210777,0.75,Our Eps-Fair,0.2,0.88,0.231341342903209,0.13322659998084418
2,21,210782,210777,0.8,Unfair,,0.868,0.27927134420978883,0.03122619999339804
2,21,210782,210777,0.8,Our Eps-Fair,0.0,0.705,0.059233309978981075,0.24646409999695607
2,21,210782,210777,0.8,Our Eps-Fair,0.05,0.764,0.10485436893203885,0.20558700000401586
2,21,210782,210777,0.8,Our Eps-Fair,0.1,0.82,0.16110499449504553,0.22074020002037287
2,21,210782,210777,0.8,Our Eps-Fair,0.15,0.859,0.2150935842258032,0.3377494000014849
2,21,210782,210777,0.8,Our Eps-Fair,0.2,0.883,0.26507857071364227,0.272465900023235
2,21,210783,210777,0.9,Unfair,,0.883,0.3512252229135929,0.02908670000033453
2,21,210783,210777,0.9,Our Eps-Fair,0.0,0.614,0.07566232599910194,0.3071903999953065
2,21,210783,210777,0.9,Our Eps-Fair,0.05,0.667,0.12147988966578997,0.26242199999978766
2,21,210783,210777,0.9,Our Eps-Fair,0.1,0.722,0.16367310282891778,0.19550259999232367
2,21,210783,210777,0.9,Our Eps-Fair,0.15,0.78,0.2220957085124126,0.28654160001315176
2,21,210783,210777,0.9,Our Eps-Fair,0.2,0.82,0.24366540509333506,0.22264809999614954
2,21,210784,210777,0.99,Unfair,,0.92,0.3592814371257485,0.031931000004988164
2,21,210784,210777,0.99,Our Eps-Fair,0.0,0.511,0.06132424529698119,0.31882029998814687
2,21,210784,210777,0.99,Our Eps-Fair,0.05,0.573,0.12466449865799464,0.24734309999621473
2,21,210784,210777,0.99,Our Eps-Fair,0.1,0.646,0.1586446345785383,0.22336400000494905
2,21,210784,210777,0.99,Our Eps-Fair,0.15,0.71,0.1926647706590826,0.20518829999491572
2,21,210784,210777,0.99,Our Eps-Fair,0.2,0.788,0.2413809655238621,0.27811559999827296
2,22,220778,220777,0.5,Unfair,,0.868,0.05041239960140706,0.030505299975629896
2,22,220778,220777,0.5,Our Eps-Fair,0.0,0.859,0.03174336378807341,0.1921427000197582
2,22,220778,220777,0.5,Our Eps-Fair,0.05,0.872,0.04641046266392934,0.05953079997561872
2,22,220778,220777,0.5,Our Eps-Fair,0.1,0.869,0.05050044221403158,0.010050799988675863
2,22,220778,220777,0.5,Our Eps-Fair,0.15,0.868,0.048367409826355956,0.00887339998735115
2,22,220778,220777,0.5,Our Eps-Fair,0.2,0.871,0.05041239960140706,0.008616900013294071
2,22,220779,220777,0.6,Unfair,,0.855,0.07573890640252195,0.0315106000052765
2,22,220779,220777,0.6,Our Eps-Fair,0.0,0.811,0.08654846297866894,0.1701558000058867
2,22,220779,220777,0.6,Our Eps-Fair,0.05,0.845,0.08166776015746266,0.18085899998550303
2,22,220779,220777,0.6,Our Eps-Fair,0.1,0.857,0.07573890640252195,0.050605099997483194
2,22,220779,220777,0.6,Our Eps-Fair,0.15,0.854,0.07573890640252195,0.013389800005825236
2,22,220779,220777,0.6,Our Eps-Fair,0.2,0.854,0.07573890640252195,0.009675499983131886
2,22,220780,220777,0.7,Unfair,,0.87,0.18555855585558556,0.03335729998070747
2,22,220780,220777,0.7,Our Eps-Fair,0.0,0.751,0.04332433243324332,0.24637380000785924
2,22,220780,220777,0.7,Our Eps-Fair,0.05,0.812,0.09244924492449244,0.21176590002141893
2,22,220780,220777,0.7,Our Eps-Fair,0.1,0.855,0.15355535553555352,0.18035239999881014
2,22,220780,220777,0.7,Our Eps-Fair,0.15,0.867,0.18559855985598558,0.16183639998780563
2,22,220780,220777,0.7,Our Eps-Fair,0.2,0.869,0.18559855985598558,0.00938010000390932
2,22,220781,220777,0.75,Unfair,,0.866,0.20854448649688886,0.031842099997447804
2,22,220781,220777,0.75,Our Eps-Fair,0.0,0.715,0.0667618192315094,0.2143610000202898
2,22,220781,220777,0.75,Our Eps-Fair,0.05,0.782,0.0831195073449227,0.25133880000794306
2,22,220781,220777,0.75,Our Eps-Fair,0.1,0.838,0.1442523574315222,0.24351020000176504
2,22,220781,220777,0.75,Our Eps-Fair,0.15,0.865,0.1669767143498621,0.30528770000091754
2,22,220781,220777,0.75,Our Eps-Fair,0.2,0.869,0.20305984989415615,0.21176800000830553
2,22,220782,220777,0.8,Unfair,,0.862,0.2782581556424282,0.03184959999634884
2,22,220782,220777,0.8,Our Eps-Fair,0.0,0.683,0.04541471436745506,0.24456130000180565
2,22,220782,220777,0.8,Our Eps-Fair,0.05,0.744,0.08535565523229525,0.25472669998998754
2,22,220782,220777,0.8,Our Eps-Fair,0.1,0.786,0.1431223716484141,0.23033220000797883
2,22,220782,220777,0.8,Our Eps-Fair,0.15,0.838,0.18320735918437575,0.2750745000084862
2,22,220782,220777,0.8,Our Eps-Fair,0.2,0.877,0.22798986871746446,0.22211800000513904
2,22,220783,220777,0.9,Unfair,,0.87,0.3420715703220024,0.028512699995189905
2,22,220783,220777,0.9,Our Eps-Fair,0.0,0.573,0.04385122591383393,0.23985450001782738
2,22,220783,220777,0.9,Our Eps-Fair,0.05,0.612,0.07928429677997567,0.24115960000199266
2,22,220783,220777,0.9,Our Eps-Fair,0.1,0.696,0.15695217975801806,0.23175850001280196
2,22,220783,220777,0.9,Our Eps-Fair,0.15,0.77,0.21893604762819285,0.1962993000051938
2,22,220783,220777,0.9,Our Eps-Fair,0.2,0.827,0.2686607771589527,0.31726459998753853
2,22,220784,220777,0.99,Unfair,,0.92,0.3531746031746032,0.02641269998275675
2,22,220784,220777,0.99,Our Eps-Fair,0.0,0.491,0.0419226830517153,0.324774000007892
2,22,220784,220777,0.99,Our Eps-Fair,0.05,0.606,0.08058115719406041,0.23465730002499186
2,22,220784,220777,0.99,Our Eps-Fair,0.1,0.661,0.13245647721454173,0.3193553000164684
2,22,220784,220777,0.99,Our Eps-Fair,0.15,0.74,0.18519585253456222,0.4263494000188075
2,22,220784,220777,0.99,Our Eps-Fair,0.2,0.803,0.26126472094214026,0.2514175999967847
2,23,230778,230777,0.5,Unfair,,0.849,0.0333569222851261,0.0345114000083413
2,23,230778,230777,0.5,Our Eps-Fair,0.0,0.847,0.07015568708183223,0.26125239999964833
2,23,230778,230777,0.5,Our Eps-Fair,0.05,0.848,0.0333569222851261,0.014011099992785603
2,23,230778,230777,0.5,Our Eps-Fair,0.1,0.848,0.03522259392691715,0.015513499994995072
2,23,230778,230777,0.5,Our Eps-Fair,0.15,0.85,0.0333569222851261,0.014414200006285682
2,23,230778,230777,0.5,Our Eps-Fair,0.2,0.85,0.03522259392691715,0.014630100020440295
2,23,230779,230777,0.6,Unfair,,0.869,0.087425135326524,0.038812899991171435
2,23,230779,230777,0.6,Our Eps-Fair,0.0,0.832,0.04961372428996083,0.4913127000036184
2,23,230779,230777,0.6,Our Eps-Fair,0.05,0.864,0.0873691243483723,0.1354717000212986
2,23,230779,230777,0.6,Our Eps-Fair,0.1,0.866,0.08534072678244937,0.00915769999846816
2,23,230779,230777,0.6,Our Eps-Fair,0.15,0.867,0.08939752191429522,0.011780399974668398
2,23,230779,230777,0.6,Our Eps-Fair,0.2,0.867,0.08939752191429522,0.008720900019397959
2,23,230780,230777,0.7,Unfair,,0.862,0.17342047406802263,0.032990100007737055
2,23,230780,230777,0.7,Our Eps-Fair,0.0,0.722,0.09946698383331132,0.21638239998719655
2,23,230780,230777,0.7,Our Eps-Fair,0.05,0.79,0.09237478525175101,0.21431529999244958
2,23,230780,230777,0.7,Our Eps-Fair,0.1,0.831,0.13242107876705472,0.18431350000901148
2,23,230780,230777,0.7,Our Eps-Fair,0.15,0.859,0.16347697938817274,0.17108449997613207
2,23,230780,230777,0.7,Our Eps-Fair,0.2,0.861,0.16941584471649226,0.008613400015747175
2,23,230781,230777,0.75,Unfair,,0.88,0.21946490732617902,0.03131330001633614
2,23,230781,230777,0.75,Our Eps-Fair,0.0,0.716,0.030111480978533,0.20500580000225455
2,23,230781,230777,0.75,Our Eps-Fair,0.05,0.769,0.07556111024319118,0.17044149999856018
2,23,230781,230777,0.75,Our Eps-Fair,0.1,0.822,0.12356242414045882,0.1948266999970656
2,23,230781,230777,0.75,Our Eps-Fair,0.15,0.875,0.19105187891315056,0.2189160999841988
2,23,230781,230777,0.75,Our Eps-Fair,0.2,0.881,0.21753812505257594,0.05063710000831634
2,23,230782,230777,0.8,Unfair,,0.875,0.2546402969790067,0.03077290000510402
2,23,230782,230777,0.8,Our Eps-Fair,0.0,0.668,0.043458781362007176,0.21616109999013133
2,23,230782,230777,0.8,Our Eps-Fair,0.05,0.716,0.08138120839733742,0.2622063999879174
2,23,230782,230777,0.8,Our Eps-Fair,0.1,0.784,0.14138504864311316,0.11179979998269118
2,23,230782,230777,0.8,Our Eps-Fair,0.15,0.831,0.18068356374807987,0.2215960999892559
2,23,230782,230777,0.8,Our Eps-Fair,0.2,0.856,0.22667050691244237,0.1911058999830857
2,23,230783,230777,0.9,Unfair,,0.878,0.3239007679716983,0.030381399992620572
2,23,230783,230777,0.9,Our Eps-Fair,0.0,0.594,0.0504804325293442,0.2580515000154264
2,23,230783,230777,0.9,Our Eps-Fair,0.05,0.661,0.08255195514629082,0.3263917999865953
2,23,230783,230777,0.9,Our Eps-Fair,0.1,0.736,0.12717355199916758,0.34444990000338294
2,23,230783,230777,0.9,Our Eps-Fair,0.15,0.803,0.19138062822406043,0.30657799998880364
2,23,230783,230777,0.9,Our Eps-Fair,0.2,0.851,0.241889074311967,0.27095969999209046
2,23,230784,230777,0.99,Unfair,,0.919,0.3576923076923077,0.03063360002124682
2,23,230784,230777,0.99,Our Eps-Fair,0.0,0.488,0.03525641025641024,0.276289600005839
2,23,230784,230777,0.99,Our Eps-Fair,0.05,0.571,0.06618589743589744,0.2510857000015676
2,23,230784,230777,0.99,Our Eps-Fair,0.1,0.636,0.11586538461538462,0.28279520000796765
2,23,230784,230777,0.99,Our Eps-Fair,0.15,0.701,0.1753205128205128,0.30138479999732226
2,23,230784,230777,0.99,Our Eps-Fair,0.2,0.778,0.22243589743589742,0.23343359999125823
2,24,240778,240777,0.5,Unfair,,0.834,0.02405415786441331,0.03003980001085438
2,24,240778,240777,0.5,Our Eps-Fair,0.0,0.831,0.07241853914602137,0.4009102999989409
2,24,240778,240777,0.5,Our Eps-Fair,0.05,0.834,0.026566801101081894,0.009863700019195676
2,24,240778,240777,0.5,Our Eps-Fair,0.1,0.834,0.02405415786441331,0.007525599998189136
2,24,240778,240777,0.5,Our Eps-Fair,0.15,0.838,0.026022661801421182,0.00947049999376759
2,24,240778,240777,0.5,Our Eps-Fair,0.2,0.836,0.0265027847128865,0.008389499998884276
2,24,240779,240777,0.6,Unfair,,0.875,0.06906147229951937,0.03173460002290085
2,24,240779,240777,0.6,Our Eps-Fair,0.0,0.858,0.034203478170085816,0.24768299999414012
2,24,240779,240777,0.6,Our Eps-Fair,0.05,0.87,0.06316279779472292,0.16130010000779293
2,24,240779,240777,0.6,Our Eps-Fair,0.1,0.877,0.0714787643702392,0.012291799997910857
2,24,240779,240777,0.6,Our Eps-Fair,0.15,0.874,0.06906147229951937,0.009418999979970977
2,24,240779,240777,0.6,Our Eps-Fair,0.2,0.876,0.06959552519886442,0.00809990000561811
2,24,240780,240777,0.7,Unfair,,0.869,0.18245237026108155,0.03239819998270832
2,24,240780,240777,0.7,Our Eps-Fair,0.0,0.746,0.03346911283597409,0.23257829999784008
2,24,240780,240777,0.7,Our Eps-Fair,0.05,0.799,0.08462698056321766,0.2139037000015378
2,24,240780,240777,0.7,Our Eps-Fair,0.1,0.858,0.1512605042016807,0.23323620000155643
2,24,240780,240777,0.7,Our Eps-Fair,0.15,0.873,0.1803515299249471,0.1378258999902755
2,24,240780,240777,0.7,Our Eps-Fair,0.2,0.868,0.18245237026108155,0.007842499995604157
2,24,240781,240777,0.75,Unfair,,0.862,0.2219439899836394,0.03013869997812435
2,24,240781,240777,0.75,Our Eps-Fair,0.0,0.725,0.0442455928413423,0.35189160000300035
2,24,240781,240777,0.75,Our Eps-Fair,0.05,0.798,0.10407974687088736,0.25788779999129474
2,24,240781,240777,0.75,Our Eps-Fair,0.1,0.843,0.15603361721021958,0.24962990000494756
2,24,240781,240777,0.75,Our Eps-Fair,0.15,0.867,0.19409498741954712,0.1411225999763701
2,24,240781,240777,0.75,Our Eps-Fair,0.2,0.867,0.2199559184130629,0.07132570000248961
2,24,240782,240777,0.8,Unfair,,0.865,0.27775172264511705,0.03334449999965727
2,24,240782,240777,0.8,Our Eps-Fair,0.0,0.681,0.08153653130023128,0.20375429998966865
2,24,240782,240777,0.8,Our Eps-Fair,0.05,0.747,0.11606960328054163,0.23239160000230186
2,24,240782,240777,0.8,Our Eps-Fair,0.1,0.809,0.18303931118246208,0.2138445999880787
2,24,240782,240777,0.8,Our Eps-Fair,0.15,0.848,0.21985320939107153,0.21481289999792352
2,24,240782,240777,0.8,Our Eps-Fair,0.2,0.87,0.2607437337405951,0.20083159999921918
2,24,240783,240777,0.9,Unfair,,0.859,0.35118047218887555,0.02988270000787452
2,24,240783,240777,0.9,Our Eps-Fair,0.0,0.596,0.019167667066826738,0.21749089998775162
2,24,240783,240777,0.9,Our Eps-Fair,0.05,0.656,0.058703481392557016,0.20387520000804216
2,24,240783,240777,0.9,Our Eps-Fair,0.1,0.716,0.10264105642256902,0.2743725999898743
2,24,240783,240777,0.9,Our Eps-Fair,0.15,0.78,0.1565826330532213,0.27588150001247413
2,24,240783,240777,0.9,Our Eps-Fair,0.2,0.831,0.21876750700280115,0.23059900000225753
2,24,240784,240777,0.99,Unfair,,0.931,0.37373737373737376,0.03838650000398047
2,24,240784,240777,0.99,Our Eps-Fair,0.0,0.523,0.055405540554055416,0.2986036000074819
2,24,240784,240777,0.99,Our Eps-Fair,0.05,0.592,0.07692769276927693,0.27526910000597127
2,24,240784,240777,0.99,Our Eps-Fair,0.1,0.677,0.15293529352935295,0.2909267999930307
2,24,240784,240777,0.99,Our Eps-Fair,0.15,0.735,0.2047804780478048,0.28177250002045184
2,24,240784,240777,0.99,Our Eps-Fair,0.2,0.798,0.24794479447944795,0.23882089997641742
2,25,250778,250777,0.5,Unfair,,0.857,0.04080298149403663,0.03921250000712462
2,25,250778,250777,0.5,Our Eps-Fair,0.0,0.855,0.020744490935568127,0.27797220001230016
2,25,250778,250777,0.5,Our Eps-Fair,0.05,0.856,0.03890544828720549,0.009634000016376376
2,25,250778,250777,0.5,Our Eps-Fair,0.1,0.857,0.04080298149403663,0.008106699999189004
2,25,250778,250777,0.5,Our Eps-Fair,0.15,0.856,0.03890544828720549,0.009627599996747449
2,25,250778,250777,0.5,Our Eps-Fair,0.2,0.857,0.03890544828720549,0.009121499984757975
2,25,250779,250777,0.6,Unfair,,0.86,0.0942877385112336,0.030432500003371388
2,25,250779,250777,0.6,Our Eps-Fair,0.0,0.812,0.04271287390275827,0.2911319999839179
2,25,250779,250777,0.6,Our Eps-Fair,0.05,0.851,0.06577646489026581,0.27852759999223053
2,25,250779,250777,0.6,Our Eps-Fair,0.1,0.863,0.09439180886279122,0.009042699995916337
2,25,250779,250777,0.6,Our Eps-Fair,0.15,0.86,0.0924424911239998,0.01252710001426749
2,25,250779,250777,0.6,Our Eps-Fair,0.2,0.863,0.09028503268209309,0.00963190000038594
2,25,250780,250777,0.7,Unfair,,0.869,0.16408762861852105,0.034165200020652264
2,25,250780,250777,0.7,Our Eps-Fair,0.0,0.732,0.05589604903106046,0.22700479999184608
2,25,250780,250777,0.7,Our Eps-Fair,0.05,0.795,0.03589316861628075,0.30012559998431243
2,25,250780,250777,0.7,Our Eps-Fair,0.1,0.841,0.09395752988430335,0.285059599991655
2,25,250780,250777,0.7,Our Eps-Fair,0.15,0.866,0.14201244979277017,0.08286439999938011
2,25,250780,250777,0.7,Our Eps-Fair,0.2,0.872,0.16206333712054535,0.011471099976915866
2,25,250781,250777,0.75,Unfair,,0.865,0.1884970209494522,0.0353705000015907
2,25,250781,250777,0.75,Our Eps-Fair,0.0,0.743,0.03634121340252419,0.4299304000160191
2,25,250781,250777,0.75,Our Eps-Fair,0.05,0.78,0.07031199948747519,0.32212430000072345
2,25,250781,250777,0.75,Our Eps-Fair,0.1,0.831,0.11836120187071562,0.48062109999591485
2,25,250781,250777,0.75,Our Eps-Fair,0.15,0.87,0.1584022038567493,0.27168959999107756
2,25,250781,250777,0.75,Our Eps-Fair,0.2,0.872,0.17867896726247676,0.13309729998582043
2,25,250782,250777,0.8,Unfair,,0.853,0.28921764734121713,0.029782300000078976
2,25,250782,250777,0.8,Our Eps-Fair,0.0,0.649,0.04195004080587603,0.1900727000029292
2,25,250782,250777,0.8,Our Eps-Fair,0.05,0.716,0.06216095117696946,0.17921939998632297
2,25,250782,250777,0.8,Our Eps-Fair,0.1,0.789,0.13812388984013696,0.25428959997952916
2,25,250782,250777,0.8,Our Eps-Fair,0.15,0.842,0.19022739274455522,0.32139620001544245
2,25,250782,250777,0.8,Our Eps-Fair,0.2,0.856,0.2481637355779232,0.14794170000823215
2,25,250783,250777,0.9,Unfair,,0.867,0.32116376047011885,0.034209300007205456
2,25,250783,250777,0.9,Our Eps-Fair,0.0,0.573,0.04458037406014287,0.20505789999151602
2,25,250783,250777,0.9,Our Eps-Fair,0.05,0.64,0.057491017028589275,0.19663399999262765
2,25,250783,250777,0.9,Our Eps-Fair,0.1,0.704,0.1164120990710586,0.2646637999860104
2,25,250783,250777,0.9,Our Eps-Fair,0.15,0.772,0.17479240022592624,0.23959539999486879
2,25,250783,250777,0.9,Our Eps-Fair,0.2,0.831,0.2234706916787842,0.21663049998460338
2,25,250784,250777,0.99,Unfair,,0.913,0.378974094052725,0.03140410000924021
2,25,250784,250777,0.99,Our Eps-Fair,0.0,0.501,0.08752517910704774,0.3166057000053115
2,25,250784,250777,0.99,Our Eps-Fair,0.05,0.577,0.0982655950278522,0.21460080001270398
2,25,250784,250777,0.99,Our Eps-Fair,0.1,0.636,0.13596918037251063,0.269630299997516
2,25,250784,250777,0.99,Our Eps-Fair,0.15,0.706,0.18514202417995201,0.30045769998105243
2,25,250784,250777,0.99,Our Eps-Fair,0.2,0.771,0.23363408099763325,0.26938079998944886
2,26,260778,260777,0.5,Unfair,,0.885,0.034973989595838334,0.03426949999993667
2,26,260778,260777,0.5,Our Eps-Fair,0.0,0.881,0.04877951180472187,0.2679411999997683
2,26,260778,260777,0.5,Our Eps-Fair,0.05,0.886,0.03685474189675869,0.009782300010556355
2,26,260778,260777,0.5,Our Eps-Fair,0.1,0.886,0.0388955582232893,0.00981399999000132
2,26,260778,260777,0.5,Our Eps-Fair,0.15,0.885,0.0388155262104842,0.009349899977678433
2,26,260778,260777,0.5,Our Eps-Fair,0.2,0.885,0.0388955582232893,0.011471799982246011
2,26,260779,260777,0.6,Unfair,,0.879,0.07945144100750509,0.032470199977979064
2,26,260779,260777,0.6,Our Eps-Fair,0.0,0.839,0.04431038069482007,0.17117119999602437
2,26,260779,260777,0.6,Our Eps-Fair,0.05,0.866,0.06934598582195836,0.2207975999917835
2,26,260779,260777,0.6,Our Eps-Fair,0.1,0.877,0.07946744331183689,0.11975839998922311
2,26,260779,260777,0.6,Our Eps-Fair,0.15,0.875,0.07941943639884143,0.010338399995816872
2,26,260779,260777,0.6,Our Eps-Fair,0.2,0.876,0.07946744331183689,0.012166000000433996
2,26,260780,260777,0.7,Unfair,,0.863,0.1678775308800462,0.03037580000818707
2,26,260780,260777,0.7,Our Eps-Fair,0.0,0.748,0.03402722338338596,0.22648720000870526
2,26,260780,260777,0.7,Our Eps-Fair,0.05,0.791,0.07772263921595371,0.17708749999292195
2,26,260780,260777,0.7,Our Eps-Fair,0.1,0.828,0.13475293957179135,0.2638937000010628
2,26,260780,260777,0.7,Our Eps-Fair,0.15,0.865,0.16007076635469028,0.10067470002104528
2,26,260780,260777,0.7,Our Eps-Fair,0.2,0.863,0.16977506408687731,0.008983400010038167
2,26,260781,260777,0.75,Unfair,,0.856,0.21496149614961496,0.03301320000900887
2,26,260781,260777,0.75,Our Eps-Fair,0.0,0.677,0.04702470247024701,0.24303839998901822
2,26,260781,260777,0.75,Our Eps-Fair,0.05,0.756,0.0793879387938794,0.31275700000696816
2,26,260781,260777,0.75,Our Eps-Fair,0.1,0.818,0.17123712371237124,0.22041140001965687
2,26,260781,260777,0.75,Our Eps-Fair,0.15,0.862,0.2188818881888189,0.30099889999837615
2,26,260781,260777,0.75,Our Eps-Fair,0.2,0.852,0.23084308430843087,0.1783527000225149
2,26,260782,260777,0.8,Unfair,,0.853,0.26342868820599535,0.02990930000669323
2,26,260782,260777,0.8,Our Eps-Fair,0.0,0.694,0.0578219980044799,0.1975393000175245
2,26,260782,260777,0.8,Our Eps-Fair,0.05,0.749,0.09597329689572405,0.2684645000263117
2,26,260782,260777,0.8,Our Eps-Fair,0.1,0.79,0.13902924759275365,0.1922537999926135
2,26,260782,260777,0.8,Our Eps-Fair,0.15,0.831,0.1736903898476913,0.3387823999801185
2,26,260782,260777,0.8,Our Eps-Fair,0.2,0.86,0.21741952804747575,0.18103700000210665
2,26,260783,260777,0.9,Unfair,,0.878,0.3324474897540984,0.02888379999785684
2,26,260783,260777,0.9,Our Eps-Fair,0.0,0.611,0.04706711065573771,0.3252500999951735
2,26,260783,260777,0.9,Our Eps-Fair,0.05,0.679,0.11456198770491804,0.290900199994212
2,26,260783,260777,0.9,Our Eps-Fair,0.1,0.745,0.17177894467213115,0.26462040000478737
2,26,260783,260777,0.9,Our Eps-Fair,0.15,0.797,0.20584656762295084,0.4298570999817457
2,26,260783,260777,0.9,Our Eps-Fair,0.2,0.848,0.25172899590163933,0.31678850000025705
2,26,260784,260777,0.99,Unfair,,0.925,0.36182902584493043,0.026344899990363047
2,26,260784,260777,0.99,Our Eps-Fair,0.0,0.504,0.07569472501010037,0.37324280000757426
2,26,260784,260777,0.99,Our Eps-Fair,0.05,0.583,0.11186402710497577,0.4549080999859143
2,26,260784,260777,0.99,Our Eps-Fair,0.1,0.66,0.15591361289006406,0.39933310000924394
2,26,260784,260777,0.99,Our Eps-Fair,0.15,0.73,0.19598705553399923,0.30654130000039004
2,26,260784,260777,0.99,Our Eps-Fair,0.2,0.79,0.23978863239076606,0.2616645000234712
2,27,270778,270777,0.5,Unfair,,0.844,0.04463770901403036,0.03362319999723695
2,27,270778,270777,0.5,Our Eps-Fair,0.0,0.845,0.0737875584598629,0.2508723000064492
2,27,270778,270777,0.5,Our Eps-Fair,0.05,0.846,0.04463770901403036,0.012054999999236315
2,27,270778,270777,0.5,Our Eps-Fair,0.1,0.843,0.04463770901403036,0.008244500000728294
2,27,270778,270777,0.5,Our Eps-Fair,0.15,0.845,0.04463770901403036,0.0087399999902118
2,27,270778,270777,0.5,Our Eps-Fair,0.2,0.845,0.04269972451790632,0.009690600010799244
2,27,270779,270777,0.6,Unfair,,0.851,0.1027627937896208,0.03374549999716692
2,27,270779,270777,0.6,Our Eps-Fair,0.0,0.819,0.08246733223606487,0.21854080000775866
2,27,270779,270777,0.6,Our Eps-Fair,0.05,0.84,0.11070797842305707,0.03290540000307374
2,27,270779,270777,0.6,Our Eps-Fair,0.1,0.85,0.1027627937896208,0.02064329999848269
2,27,270779,270777,0.6,Our Eps-Fair,0.15,0.853,0.1027627937896208,0.008493600005749613
2,27,270779,270777,0.6,Our Eps-Fair,0.2,0.854,0.10469702976640996,0.009668300015619025
2,27,270780,270777,0.7,Unfair,,0.832,0.1821241480876744,0.031163000006927177
2,27,270780,270777,0.7,Our Eps-Fair,0.0,0.733,0.0649394306844513,0.19794229997205548
2,27,270780,270777,0.7,Our Eps-Fair,0.05,0.784,0.10904877960933093,0.18041300002369098
2,27,270780,270777,0.7,Our Eps-Fair,0.1,0.822,0.1619383781750367,0.1828553999948781
2,27,270780,270777,0.7,Our Eps-Fair,0.15,0.829,0.1839930526374765,0.1331388000107836
2,27,270780,270777,0.7,Our Eps-Fair,0.2,0.832,0.1821241480876744,0.008609000011347234
2,27,270781,270777,0.75,Unfair,,0.85,0.26034799524478547,0.03190949998679571
2,27,270781,270777,0.75,Our Eps-Fair,0.0,0.685,0.0253331251926302,0.32267729999148287
2,27,270781,270777,0.75,Our Eps-Fair,0.05,0.75,0.08300811348471565,0.21283679999760352
2,27,270781,270777,0.75,Our Eps-Fair,0.1,0.803,0.15084597187698884,0.2589319000253454
2,27,270781,270777,0.75,Our Eps-Fair,0.15,0.848,0.23079601810824116,0.2102102999924682
2,27,270781,270777,0.75,Our Eps-Fair,0.2,0.852,0.26034799524478547,0.1417747999948915
2,27,270782,270777,0.8,Unfair,,0.853,0.29655111616892194,0.02925010002218187
2,27,270782,270777,0.8,Our Eps-Fair,0.0,0.666,0.06649730123938627,0.20146670000394806
2,27,270782,270777,0.8,Our Eps-Fair,0.05,0.735,0.10381913695759319,0.22825359998387285
2,27,270782,270777,0.8,Our Eps-Fair,0.1,0.783,0.15415993813086282,0.2773065000073984
2,27,270782,270777,0.8,Our Eps-Fair,0.15,0.829,0.21741952804747575,0.18856300000334159
2,27,270782,270777,0.8,Our Eps-Fair,0.2,0.859,0.2700964501380435,0.251004899997497
2,27,270783,270777,0.9,Unfair,,0.858,0.33705006181211516,0.029408999980660155
2,27,270783,270777,0.9,Our Eps-Fair,0.0,0.572,0.08319630647606929,0.310102800023742
2,27,270783,270777,0.9,Our Eps-Fair,0.05,0.632,0.0644846389892419,0.27206180000212044
2,27,270783,270777,0.9,Our Eps-Fair,0.1,0.699,0.12618873299166636,0.29230380000080913
2,27,270783,270777,0.9,Our Eps-Fair,0.15,0.757,0.17194570135746606,0.19589509998331778
2,27,270783,270777,0.9,Our Eps-Fair,0.2,0.811,0.2249160835523763,0.19905269998707809
2,27,270784,270777,0.99,Unfair,,0.907,0.35892514395393477,0.030082199984462932
2,27,270784,270777,0.99,Our Eps-Fair,0.0,0.502,0.04070380150585634,0.2292254000203684
2,27,270784,270777,0.99,Our Eps-Fair,0.05,0.55,0.06903377558012334,0.30131849998724647
2,27,270784,270777,0.99,Our Eps-Fair,0.1,0.619,0.11068725231308027,0.29810450001969
2,27,270784,270777,0.99,Our Eps-Fair,0.15,0.693,0.16921048729959648,0.3645857000083197
2,27,270784,270777,0.99,Our Eps-Fair,0.2,0.756,0.21295164670478725,0.2307247999997344
2,28,280778,280777,0.5,Unfair,,0.858,0.04456641756412924,0.029677100013941526
2,28,280778,280777,0.5,Our Eps-Fair,0.0,0.857,0.07445072090381014,0.17137800002819858
2,28,280778,280777,0.5,Our Eps-Fair,0.05,0.859,0.04061384839416876,0.012048800010234118
2,28,280778,280777,0.5,Our Eps-Fair,0.1,0.861,0.042590132979149015,0.009130499995080754
2,28,280778,280777,0.5,Our Eps-Fair,0.15,0.857,0.04456641756412924,0.007994400017196313
2,28,280778,280777,0.5,Our Eps-Fair,0.2,0.858,0.042590132979149015,0.009796800004551187
2,28,280779,280777,0.6,Unfair,,0.851,0.08699479791916767,0.02947200002381578
2,28,280779,280777,0.6,Our Eps-Fair,0.0,0.83,0.039415766306522604,0.2068124999932479
2,28,280779,280777,0.6,Our Eps-Fair,0.05,0.849,0.08095238095238094,0.09429720000480302
2,28,280779,280777,0.6,Our Eps-Fair,0.1,0.853,0.08699479791916767,0.008123200008412823
2,28,280779,280777,0.6,Our Eps-Fair,0.15,0.853,0.08699479791916767,0.008722900005523115
2,28,280779,280777,0.6,Our Eps-Fair,0.2,0.853,0.08299319727891158,0.008385299996007234
2,28,280780,280777,0.7,Unfair,,0.863,0.1805868893902302,0.03029880000394769
2,28,280780,280777,0.7,Our Eps-Fair,0.0,0.754,0.029200467207475322,0.26954740000655875
2,28,280780,280777,0.7,Our Eps-Fair,0.05,0.8,0.06660906574505193,0.1914870000036899
2,28,280780,280777,0.7,Our Eps-Fair,0.1,0.857,0.1305940895054321,0.20562100000097416
2,28,280780,280777,0.7,Our Eps-Fair,0.15,0.86,0.17859485751772025,0.0984310999920126
2,28,280780,280777,0.7,Our Eps-Fair,0.2,0.861,0.1805868893902302,0.009169800003292039
2,28,280781,280777,0.75,Unfair,,0.864,0.20173475659974852,0.032879000005777925
2,28,280781,280777,0.75,Our Eps-Fair,0.0,0.745,0.03827472470079668,0.24880839997786097
2,28,280781,280777,0.75,Our Eps-Fair,0.05,0.799,0.10425413099461253,0.2238198000122793
2,28,280781,280777,0.75,Our Eps-Fair,0.1,0.833,0.14094194310416175,0.21810639998875558
2,28,280781,280777,0.75,Our Eps-Fair,0.15,0.854,0.18860154834458903,0.17403209998155944
2,28,280781,280777,0.75,Our Eps-Fair,0.2,0.866,0.20387608422287487,0.04757830000016838
2,28,280782,280777,0.8,Unfair,,0.863,0.24727298909195639,0.028909599990583956
2,28,280782,280777,0.8,Our Eps-Fair,0.0,0.652,0.047296189184756726,0.22250570001779124
2,28,280782,280777,0.8,Our Eps-Fair,0.05,0.73,0.09270437081748328,0.20849859999725595
2,28,280782,280777,0.8,Our Eps-Fair,0.1,0.784,0.13267253069012278,0.15084030001889914
2,28,280782,280777,0.8,Our Eps-Fair,0.15,0.814,0.15668062672250688,0.30896840000059456
2,28,280782,280777,0.8,Our Eps-Fair,0.2,0.849,0.21328485313941253,0.14750910000293516
2,28,280783,280777,0.9,Unfair,,0.854,0.3281413087113609,0.029921600013040006
2,28,280783,280777,0.9,Our Eps-Fair,0.0,0.602,0.03356081894821358,0.24479249998694286
2,28,280783,280777,0.9,Our Eps-Fair,0.05,0.671,0.08008831794460056,0.2922561999876052
2,28,280783,280777,0.9,Our Eps-Fair,0.1,0.73,0.13251706142111602,0.2601710000017192
2,28,280783,280777,0.9,Our Eps-Fair,0.15,0.786,0.1922521075873143,0.20631719997618347
2,28,280783,280777,0.9,Our Eps-Fair,0.2,0.829,0.21750301083902046,0.16842739999992773
2,28,280784,280777,0.99,Unfair,,0.918,0.3695198329853862,0.02795029999106191
2,28,280784,280777,0.99,Our Eps-Fair,0.0,0.493,0.032970159361113,0.19472540001152083
2,28,280784,280777,0.99,Our Eps-Fair,0.05,0.553,0.05556601845655737,0.22703700000420213
2,28,280784,280777,0.99,Our Eps-Fair,0.1,0.621,0.13237350686611182,0.24891999998362735
2,28,280784,280777,0.99,Our Eps-Fair,0.15,0.706,0.2171951322132241,0.22003440000116825
2,28,280784,280777,0.99,Our Eps-Fair,0.2,0.779,0.2705332206011404,0.18799310000031255
2,29,290778,290777,0.5,Unfair,,0.885,0.048000000000000015,0.030413800006499514
2,29,290778,290777,0.5,Our Eps-Fair,0.0,0.886,0.06799999999999999,0.14037010000902228
2,29,290778,290777,0.5,Our Eps-Fair,0.05,0.885,0.04400000000000001,0.00891169998794794
2,29,290778,290777,0.5,Our Eps-Fair,0.1,0.883,0.04200000000000001,0.00939639998250641
2,29,290778,290777,0.5,Our Eps-Fair,0.15,0.882,0.04600000000000001,0.008886299998266622
2,29,290778,290777,0.5,Our Eps-Fair,0.2,0.883,0.04600000000000001,0.007593799993628636
2,29,290779,290777,0.6,Unfair,,0.904,0.07279171210468921,0.02824549999786541
2,29,290779,290777,0.6,Our Eps-Fair,0.0,0.825,0.05390018602860991,0.2434363999927882
2,29,290779,290777,0.6,Our Eps-Fair,0.05,0.875,0.04135929180832637,0.19152890000259504
2,29,290779,290777,0.6,Our Eps-Fair,0.1,0.906,0.07279171210468921,0.1449733999907039
2,29,290779,290777,0.6,Our Eps-Fair,0.15,0.907,0.07431522227211496,0.009280400001443923
2,29,290779,290777,0.6,Our Eps-Fair,0.2,0.907,0.07489255244082366,0.008406900014961138
2,29,290780,290777,0.7,Unfair,,0.893,0.16715542521994134,0.0304216000076849
2,29,290780,290777,0.7,Our Eps-Fair,0.0,0.736,0.06432757922100849,0.22513050000998192
2,29,290780,290777,0.7,Our Eps-Fair,0.05,0.787,0.06876050563443001,0.20095119997859
2,29,290780,290777,0.7,Our Eps-Fair,0.1,0.863,0.148994467868304,0.16744839999591932
2,29,290780,290777,0.7,Our Eps-Fair,0.15,0.893,0.16715542521994134,0.08326119999401271
2,29,290780,290777,0.7,Our Eps-Fair,0.2,0.893,0.16926959012480391,0.008073899982264265
2,29,290781,290777,0.75,Unfair,,0.888,0.20366036603660365,0.028493200021330267
2,29,290781,290777,0.75,Our Eps-Fair,0.0,0.756,0.07164716471647165,0.20314319999306463
2,29,290781,290777,0.75,Our Eps-Fair,0.05,0.809,0.11553155315531555,0.32274420000612736
2,29,290781,290777,0.75,Our Eps-Fair,0.1,0.851,0.13669366936693672,0.2829397000023164
2,29,290781,290777,0.75,Our Eps-Fair,0.15,0.881,0.1813981398139814,0.15279250001185574
2,29,290781,290777,0.75,Our Eps-Fair,0.2,0.889,0.20168016801680166,0.08410350000485778
2,29,290782,290777,0.8,Unfair,,0.893,0.260309990035177,0.028899900004034862
2,29,290782,290777,0.8,Our Eps-Fair,0.0,0.698,0.03985128802340335,0.1855312999978196
2,29,290782,290777,0.8,Our Eps-Fair,0.05,0.755,0.0889150348768804,0.1876695999817457
2,29,290782,290777,0.8,Our Eps-Fair,0.1,0.807,0.1289344042516578,0.18533380000735633
2,29,290782,290777,0.8,Our Eps-Fair,0.15,0.873,0.19183684903493292,0.27528370000072755
2,29,290782,290777,0.8,Our Eps-Fair,0.2,0.892,0.23834335818536173,0.12245799999800511
2,29,290783,290777,0.9,Unfair,,0.906,0.3381420221365502,0.029810500011080876
2,29,290783,290777,0.9,Our Eps-Fair,0.0,0.582,0.025951675084546516,0.4146677999815438
2,29,290783,290777,0.9,Our Eps-Fair,0.05,0.656,0.07949580978132234,0.18128560000332072
2,29,290783,290777,0.9,Our Eps-Fair,0.1,0.727,0.12454316787753088,0.21565619998727925
2,29,290783,290777,0.9,Our Eps-Fair,0.15,0.782,0.16249383201415324,0.24841279999236576
2,29,290783,290777,0.9,Our Eps-Fair,0.2,0.854,0.23470439802463985,0.17810259998077527
2,29,290784,290777,0.99,Unfair,,0.932,0.3673469387755102,0.027825700002722442
2,29,290784,290777,0.99,Our Eps-Fair,0.0,0.504,0.04797919167667067,0.30317749999812804
2,29,290784,290777,0.99,Our Eps-Fair,0.05,0.578,0.09207683073229292,0.2265890999988187
2,29,290784,290777,0.99,Our Eps-Fair,0.1,0.659,0.12368947579031613,0.20210530000622384
2,29,290784,290777,0.99,Our Eps-Fair,0.15,0.732,0.19407763105242096,0.21812139998655766
2,29,290784,290777,0.99,Our Eps-Fair,0.2,0.8,0.23825530212084836,0.20284859999082983
