Dataset,K,Repetition,Seed,Model,TunedParameters,DataBudgetProtocol,Method,Epsilon,Alpha,Accuracy,Unfairness,OptimizerSuccess,OptimizerStatus,OptimizerMessage,OptimizerIterations,PostprocessRuntimeSeconds,Convergence,SolverResidual,ProjectionRho,ProjectionMaxIterRequested,ProjectionDivergence,ProjectionMethod,TransportCalibrationDPGap,TransportObjective,TransportMIPSolver,TransportQPSolver
DRUG,4,0,777,reglog,{},paper,Unfair,,,0.48010610079575594,0.3657241810026685,True,not_applicable,not applicable,0.0,0.0,not_applicable,,,,,,,,,
DRUG,4,0,777,reglog,{},paper,Our Eps-Fair,0.0,,0.4509283819628647,0.09172202350536535,True,0,Optimization terminated successfully,18.0,0.06576059999861172,completed_without_exception,,,,,,,,,
DRUG,4,0,777,reglog,{},paper,Our Eps-Fair,0.1,,0.47745358090185674,0.15863282802475442,True,0,Optimization terminated successfully,21.0,0.050805499999114545,completed_without_exception,,,,,,,,,
DRUG,4,0,777,reglog,{},paper,Our Eps-Fair,0.2,,0.4907161803713528,0.21501163913018795,True,0,Optimization terminated successfully,18.0,0.03849339999942458,completed_without_exception,,,,,,,,,
DRUG,4,0,777,reglog,{},paper,Our Eps-Fair,0.3,,0.4880636604774536,0.3346107988417646,True,0,Optimization terminated successfully,10.0,0.022277299998677336,completed_without_exception,,,,,,,,,
DRUG,4,0,777,reglog,{},paper,Our Eps-Fair,0.4,,0.48010610079575594,0.3657241810026685,True,0,Optimization terminated successfully,1.0,0.0020089999998162966,completed_without_exception,,,,,,,,,
DRUG,4,0,777,reglog,{},paper,Our Eps-Fair,0.5,,0.48010610079575594,0.3657241810026685,True,0,Optimization terminated successfully,1.0,0.0021122999969520606,completed_without_exception,,,,,,,,,
DRUG,4,0,777,reglog,{},paper,FairProjection,,0.0,,,False,failed,RuntimeError('`tf.data.Dataset` only supports Python-style iteration in eager mode or within tf.function.'),,,not_completed,,2.0,500.0,cross-entropy,tf,,,,
DRUG,4,0,777,reglog,{},paper,FairProjection,,0.1,,,False,failed,RuntimeError('`tf.data.Dataset` only supports Python-style iteration in eager mode or within tf.function.'),,,not_completed,,2.0,500.0,cross-entropy,tf,,,,
DRUG,4,0,777,reglog,{},paper,FairProjection,,0.2,,,False,failed,RuntimeError('`tf.data.Dataset` only supports Python-style iteration in eager mode or within tf.function.'),,,not_completed,,2.0,500.0,cross-entropy,tf,,,,
DRUG,4,0,777,reglog,{},paper,FairProjection,,0.5,,,False,failed,RuntimeError('`tf.data.Dataset` only supports Python-style iteration in eager mode or within tf.function.'),,,not_completed,,2.0,500.0,cross-entropy,tf,,,,
DRUG,4,0,777,reglog,{},paper,FairProjection,,0.75,,,False,failed,RuntimeError('`tf.data.Dataset` only supports Python-style iteration in eager mode or within tf.function.'),,,not_completed,,2.0,500.0,cross-entropy,tf,,,,
DRUG,4,0,777,reglog,{},paper,Fair-transport,,0.0,0.44297082228116713,0.055754272412422645,True,completed_without_exception,optimal,,0.3548242999968352,optimal,,,,,,3.671852405462417e-09,0.5817864173940649,CLARABEL,OSQP
DRUG,4,0,777,reglog,{},paper,Fair-transport,,0.1,0.46684350132625996,0.15763924374041904,True,completed_without_exception,optimal,,0.10454810000010184,optimal,,,,,,0.1000000079640547,0.5646484307138165,CLARABEL,OSQP
DRUG,4,0,777,reglog,{},paper,Fair-transport,,0.2,0.4880636604774536,0.21214443876682,True,completed_without_exception,optimal,,0.08677019999959157,optimal,,,,,,0.20000000037297522,0.5588364478404717,CLARABEL,OSQP
DRUG,4,0,777,reglog,{},paper,Fair-transport,,0.3,0.493368700265252,0.3291602793391245,True,completed_without_exception,optimal,,0.1025400999969861,optimal,,,,,,0.30000000262587445,0.55688544572565,CLARABEL,OSQP
DRUG,4,0,777,reglog,{},paper,Fair-transport,,0.4,0.46684350132625996,0.3899960256628627,True,completed_without_exception,optimal,,0.09205930000098306,optimal,,,,,,0.3400397865439371,0.5567086346174036,CLARABEL,OSQP
DRUG,4,0,777,RF,"{'n_estimators': np.int64(189), 'min_samples_split': np.int64(10), 'min_samples_leaf': np.int64(5), 'max_depth': np.int64(6)}",paper,Unfair,,,0.46419098143236076,0.2540169193209561,True,not_applicable,not applicable,0.0,0.0,not_applicable,,,,,,,,,
DRUG,4,0,777,RF,"{'n_estimators': np.int64(189), 'min_samples_split': np.int64(10), 'min_samples_leaf': np.int64(5), 'max_depth': np.int64(6)}",paper,Our Eps-Fair,0.0,,0.4827586206896552,0.056236870493385605,True,0,Optimization terminated successfully,11.0,0.020130500000959728,completed_without_exception,,,,,,,,,
DRUG,4,0,777,RF,"{'n_estimators': np.int64(189), 'min_samples_split': np.int64(10), 'min_samples_leaf': np.int64(5), 'max_depth': np.int64(6)}",paper,Our Eps-Fair,0.1,,0.4562334217506631,0.17782319877363312,True,0,Optimization terminated successfully,15.0,0.025308999996923376,completed_without_exception,,,,,,,,,
DRUG,4,0,777,RF,"{'n_estimators': np.int64(189), 'min_samples_split': np.int64(10), 'min_samples_leaf': np.int64(5), 'max_depth': np.int64(6)}",paper,Our Eps-Fair,0.2,,0.46419098143236076,0.24331459717254297,True,0,Optimization terminated successfully,5.0,0.008702399998583132,completed_without_exception,,,,,,,,,
DRUG,4,0,777,RF,"{'n_estimators': np.int64(189), 'min_samples_split': np.int64(10), 'min_samples_leaf': np.int64(5), 'max_depth': np.int64(6)}",paper,Our Eps-Fair,0.3,,0.46419098143236076,0.2540169193209561,True,0,Optimization terminated successfully,1.0,0.0019490000013320241,completed_without_exception,,,,,,,,,
DRUG,4,0,777,RF,"{'n_estimators': np.int64(189), 'min_samples_split': np.int64(10), 'min_samples_leaf': np.int64(5), 'max_depth': np.int64(6)}",paper,Our Eps-Fair,0.4,,0.46419098143236076,0.2540169193209561,True,0,Optimization terminated successfully,1.0,0.0017393999987689313,completed_without_exception,,,,,,,,,
DRUG,4,0,777,RF,"{'n_estimators': np.int64(189), 'min_samples_split': np.int64(10), 'min_samples_leaf': np.int64(5), 'max_depth': np.int64(6)}",paper,Our Eps-Fair,0.5,,0.46419098143236076,0.2540169193209561,True,0,Optimization terminated successfully,1.0,0.0019137999988743104,completed_without_exception,,,,,,,,,
DRUG,4,0,777,RF,"{'n_estimators': np.int64(189), 'min_samples_split': np.int64(10), 'min_samples_leaf': np.int64(5), 'max_depth': np.int64(6)}",paper,FairProjection,,0.0,,,False,failed,RuntimeError('`tf.data.Dataset` only supports Python-style iteration in eager mode or within tf.function.'),,,not_completed,,2.0,500.0,cross-entropy,tf,,,,
DRUG,4,0,777,RF,"{'n_estimators': np.int64(189), 'min_samples_split': np.int64(10), 'min_samples_leaf': np.int64(5), 'max_depth': np.int64(6)}",paper,FairProjection,,0.1,,,False,failed,RuntimeError('`tf.data.Dataset` only supports Python-style iteration in eager mode or within tf.function.'),,,not_completed,,2.0,500.0,cross-entropy,tf,,,,
DRUG,4,0,777,RF,"{'n_estimators': np.int64(189), 'min_samples_split': np.int64(10), 'min_samples_leaf': np.int64(5), 'max_depth': np.int64(6)}",paper,FairProjection,,0.2,,,False,failed,RuntimeError('`tf.data.Dataset` only supports Python-style iteration in eager mode or within tf.function.'),,,not_completed,,2.0,500.0,cross-entropy,tf,,,,
DRUG,4,0,777,RF,"{'n_estimators': np.int64(189), 'min_samples_split': np.int64(10), 'min_samples_leaf': np.int64(5), 'max_depth': np.int64(6)}",paper,FairProjection,,0.5,,,False,failed,RuntimeError('`tf.data.Dataset` only supports Python-style iteration in eager mode or within tf.function.'),,,not_completed,,2.0,500.0,cross-entropy,tf,,,,
DRUG,4,0,777,RF,"{'n_estimators': np.int64(189), 'min_samples_split': np.int64(10), 'min_samples_leaf': np.int64(5), 'max_depth': np.int64(6)}",paper,FairProjection,,0.75,,,False,failed,RuntimeError('`tf.data.Dataset` only supports Python-style iteration in eager mode or within tf.function.'),,,not_completed,,2.0,500.0,cross-entropy,tf,,,,
DRUG,4,0,777,RF,"{'n_estimators': np.int64(189), 'min_samples_split': np.int64(10), 'min_samples_leaf': np.int64(5), 'max_depth': np.int64(6)}",paper,Fair-transport,,0.0,0.47480106100795755,0.05524328620905017,True,completed_without_exception,optimal,,0.09519650000220281,optimal,,,,,,5.846513190244096e-09,0.5706603870965006,CLARABEL,OSQP
DRUG,4,0,777,RF,"{'n_estimators': np.int64(189), 'min_samples_split': np.int64(10), 'min_samples_leaf': np.int64(5), 'max_depth': np.int64(6)}",paper,Fair-transport,,0.1,0.4588859416445623,0.17782319877363312,True,completed_without_exception,optimal,,0.09391210000103456,optimal,,,,,,0.10000000137615533,0.5577399223500044,CLARABEL,OSQP
DRUG,4,0,777,RF,"{'n_estimators': np.int64(189), 'min_samples_split': np.int64(10), 'min_samples_leaf': np.int64(5), 'max_depth': np.int64(6)}",paper,Fair-transport,,0.2,0.46153846153846156,0.24331459717254297,True,completed_without_exception,optimal,,0.07211210000241408,optimal,,,,,,0.1999999999811084,0.5556152283486225,CLARABEL,OSQP
DRUG,4,0,777,RF,"{'n_estimators': np.int64(189), 'min_samples_split': np.int64(10), 'min_samples_leaf': np.int64(5), 'max_depth': np.int64(6)}",paper,Fair-transport,,0.3,0.46153846153846156,0.24331459717254297,True,completed_without_exception,optimal,,0.07050940000044648,optimal,,,,,,0.22082978198098635,0.5555900311354587,CLARABEL,OSQP
DRUG,4,0,777,RF,"{'n_estimators': np.int64(189), 'min_samples_split': np.int64(10), 'min_samples_leaf': np.int64(5), 'max_depth': np.int64(6)}",paper,Fair-transport,,0.4,0.46153846153846156,0.24331459717254297,True,completed_without_exception,optimal,,0.07093969999914407,optimal,,,,,,0.22082978182819082,0.5555900311338704,CLARABEL,OSQP
DRUG,4,0,777,GBM,"{'reg_lambda': 0, 'reg_alpha': 5, 'num_leaves': np.int64(47), 'n_estimators': np.int64(20), 'min_child_samples': np.int64(41), 'max_depth': np.int64(10)}",paper,Unfair,,,0.4509283819628647,0.22091636859138133,True,not_applicable,not applicable,0.0,0.0,not_applicable,,,,,,,,,
DRUG,4,0,777,GBM,"{'reg_lambda': 0, 'reg_alpha': 5, 'num_leaves': np.int64(47), 'n_estimators': np.int64(20), 'min_child_samples': np.int64(41), 'max_depth': np.int64(10)}",paper,Our Eps-Fair,0.0,,0.44562334217506633,0.09640606370294669,True,0,Optimization terminated successfully,19.0,0.03486999999950058,completed_without_exception,,,,,,,,,
DRUG,4,0,777,GBM,"{'reg_lambda': 0, 'reg_alpha': 5, 'num_leaves': np.int64(47), 'n_estimators': np.int64(20), 'min_child_samples': np.int64(41), 'max_depth': np.int64(10)}",paper,Our Eps-Fair,0.1,,0.44562334217506633,0.16933515017316758,True,0,Optimization terminated successfully,14.0,0.026041900000564056,completed_without_exception,,,,,,,,,
DRUG,4,0,777,GBM,"{'reg_lambda': 0, 'reg_alpha': 5, 'num_leaves': np.int64(47), 'n_estimators': np.int64(20), 'min_child_samples': np.int64(41), 'max_depth': np.int64(10)}",paper,Our Eps-Fair,0.2,,0.4509283819628647,0.22091636859138133,True,0,Optimization terminated successfully,7.0,0.012732399998640176,completed_without_exception,,,,,,,,,
DRUG,4,0,777,GBM,"{'reg_lambda': 0, 'reg_alpha': 5, 'num_leaves': np.int64(47), 'n_estimators': np.int64(20), 'min_child_samples': np.int64(41), 'max_depth': np.int64(10)}",paper,Our Eps-Fair,0.3,,0.4509283819628647,0.22091636859138133,True,0,Optimization terminated successfully,1.0,0.0019312999975227285,completed_without_exception,,,,,,,,,
DRUG,4,0,777,GBM,"{'reg_lambda': 0, 'reg_alpha': 5, 'num_leaves': np.int64(47), 'n_estimators': np.int64(20), 'min_child_samples': np.int64(41), 'max_depth': np.int64(10)}",paper,Our Eps-Fair,0.4,,0.4509283819628647,0.22091636859138133,True,0,Optimization terminated successfully,1.0,0.0018353999985265546,completed_without_exception,,,,,,,,,
DRUG,4,0,777,GBM,"{'reg_lambda': 0, 'reg_alpha': 5, 'num_leaves': np.int64(47), 'n_estimators': np.int64(20), 'min_child_samples': np.int64(41), 'max_depth': np.int64(10)}",paper,Our Eps-Fair,0.5,,0.4509283819628647,0.22091636859138133,True,0,Optimization terminated successfully,1.0,0.0018343999981880188,completed_without_exception,,,,,,,,,
DRUG,4,0,777,GBM,"{'reg_lambda': 0, 'reg_alpha': 5, 'num_leaves': np.int64(47), 'n_estimators': np.int64(20), 'min_child_samples': np.int64(41), 'max_depth': np.int64(10)}",paper,FairProjection,,0.0,,,False,failed,RuntimeError('`tf.data.Dataset` only supports Python-style iteration in eager mode or within tf.function.'),,,not_completed,,2.0,500.0,cross-entropy,tf,,,,
DRUG,4,0,777,GBM,"{'reg_lambda': 0, 'reg_alpha': 5, 'num_leaves': np.int64(47), 'n_estimators': np.int64(20), 'min_child_samples': np.int64(41), 'max_depth': np.int64(10)}",paper,FairProjection,,0.1,,,False,failed,RuntimeError('`tf.data.Dataset` only supports Python-style iteration in eager mode or within tf.function.'),,,not_completed,,2.0,500.0,cross-entropy,tf,,,,
DRUG,4,0,777,GBM,"{'reg_lambda': 0, 'reg_alpha': 5, 'num_leaves': np.int64(47), 'n_estimators': np.int64(20), 'min_child_samples': np.int64(41), 'max_depth': np.int64(10)}",paper,FairProjection,,0.2,,,False,failed,RuntimeError('`tf.data.Dataset` only supports Python-style iteration in eager mode or within tf.function.'),,,not_completed,,2.0,500.0,cross-entropy,tf,,,,
DRUG,4,0,777,GBM,"{'reg_lambda': 0, 'reg_alpha': 5, 'num_leaves': np.int64(47), 'n_estimators': np.int64(20), 'min_child_samples': np.int64(41), 'max_depth': np.int64(10)}",paper,FairProjection,,0.5,,,False,failed,RuntimeError('`tf.data.Dataset` only supports Python-style iteration in eager mode or within tf.function.'),,,not_completed,,2.0,500.0,cross-entropy,tf,,,,
DRUG,4,0,777,GBM,"{'reg_lambda': 0, 'reg_alpha': 5, 'num_leaves': np.int64(47), 'n_estimators': np.int64(20), 'min_child_samples': np.int64(41), 'max_depth': np.int64(10)}",paper,FairProjection,,0.75,,,False,failed,RuntimeError('`tf.data.Dataset` only supports Python-style iteration in eager mode or within tf.function.'),,,not_completed,,2.0,500.0,cross-entropy,tf,,,,
DRUG,4,0,777,GBM,"{'reg_lambda': 0, 'reg_alpha': 5, 'num_leaves': np.int64(47), 'n_estimators': np.int64(20), 'min_child_samples': np.int64(41), 'max_depth': np.int64(10)}",paper,Fair-transport,,0.0,0.44297082228116713,0.08669732583886902,True,completed_without_exception,optimal,,0.0988515999961237,optimal,,,,,,8.602709100635764e-10,0.5671284215130564,CLARABEL,OSQP
DRUG,4,0,777,GBM,"{'reg_lambda': 0, 'reg_alpha': 5, 'num_leaves': np.int64(47), 'n_estimators': np.int64(20), 'min_child_samples': np.int64(41), 'max_depth': np.int64(10)}",paper,Fair-transport,,0.1,0.4509283819628647,0.1926134105490263,True,completed_without_exception,optimal,,0.08446040000126231,optimal,,,,,,0.10000000094852562,0.5546958309451726,CLARABEL,OSQP
DRUG,4,0,777,GBM,"{'reg_lambda': 0, 'reg_alpha': 5, 'num_leaves': np.int64(47), 'n_estimators': np.int64(20), 'min_child_samples': np.int64(41), 'max_depth': np.int64(10)}",paper,Fair-transport,,0.2,0.4482758620689655,0.23156191449497532,True,completed_without_exception,optimal,,0.09382250000271597,optimal,,,,,,0.19999999702148205,0.5535986160842155,CLARABEL,OSQP
DRUG,4,0,777,GBM,"{'reg_lambda': 0, 'reg_alpha': 5, 'num_leaves': np.int64(47), 'n_estimators': np.int64(20), 'min_child_samples': np.int64(41), 'max_depth': np.int64(10)}",paper,Fair-transport,,0.3,0.4535809018567639,0.21506841537500707,True,completed_without_exception,optimal,,0.08416820000275038,optimal,,,,,,0.20969025147650044,0.5535949764153842,CLARABEL,OSQP
DRUG,4,0,777,GBM,"{'reg_lambda': 0, 'reg_alpha': 5, 'num_leaves': np.int64(47), 'n_estimators': np.int64(20), 'min_child_samples': np.int64(41), 'max_depth': np.int64(10)}",paper,Fair-transport,,0.4,0.4535809018567639,0.21506841537500707,True,completed_without_exception,optimal,,0.08274590000291937,optimal,,,,,,0.20969025172990438,0.5535949763951593,CLARABEL,OSQP
DRUG,4,1,10777,reglog,{},paper,Unfair,,,0.47745358090185674,0.3268892295463578,True,not_applicable,not applicable,0.0,0.0,not_applicable,,,,,,,,,
DRUG,4,1,10777,reglog,{},paper,Our Eps-Fair,0.0,,0.4562334217506631,0.037585874070289016,True,0,Optimization terminated successfully,23.0,0.05973440000161645,completed_without_exception,,,,,,,,,
DRUG,4,1,10777,reglog,{},paper,Our Eps-Fair,0.1,,0.46949602122015915,0.16729120535967748,True,0,Optimization terminated successfully,17.0,0.038487999998324085,completed_without_exception,,,,,,,,,
DRUG,4,1,10777,reglog,{},paper,Our Eps-Fair,0.2,,0.4854111405835544,0.22863793788678816,True,0,Optimization terminated successfully,12.0,0.021386599997640587,completed_without_exception,,,,,,,,,
DRUG,4,1,10777,reglog,{},paper,Our Eps-Fair,0.3,,0.47214854111405835,0.30747175381820246,True,0,Optimization terminated successfully,9.0,0.0163217999979679,completed_without_exception,,,,,,,,,
DRUG,4,1,10777,reglog,{},paper,Our Eps-Fair,0.4,,0.47745358090185674,0.3268892295463578,True,0,Optimization terminated successfully,1.0,0.0019972999980382156,completed_without_exception,,,,,,,,,
DRUG,4,1,10777,reglog,{},paper,Our Eps-Fair,0.5,,0.47745358090185674,0.3268892295463578,True,0,Optimization terminated successfully,1.0,0.001777800000127172,completed_without_exception,,,,,,,,,
DRUG,4,1,10777,reglog,{},paper,FairProjection,,0.0,,,False,failed,RuntimeError('`tf.data.Dataset` only supports Python-style iteration in eager mode or within tf.function.'),,,not_completed,,2.0,500.0,cross-entropy,tf,,,,
DRUG,4,1,10777,reglog,{},paper,FairProjection,,0.1,,,False,failed,RuntimeError('`tf.data.Dataset` only supports Python-style iteration in eager mode or within tf.function.'),,,not_completed,,2.0,500.0,cross-entropy,tf,,,,
DRUG,4,1,10777,reglog,{},paper,FairProjection,,0.2,,,False,failed,RuntimeError('`tf.data.Dataset` only supports Python-style iteration in eager mode or within tf.function.'),,,not_completed,,2.0,500.0,cross-entropy,tf,,,,
DRUG,4,1,10777,reglog,{},paper,FairProjection,,0.5,,,False,failed,RuntimeError('`tf.data.Dataset` only supports Python-style iteration in eager mode or within tf.function.'),,,not_completed,,2.0,500.0,cross-entropy,tf,,,,
DRUG,4,1,10777,reglog,{},paper,FairProjection,,0.75,,,False,failed,RuntimeError('`tf.data.Dataset` only supports Python-style iteration in eager mode or within tf.function.'),,,not_completed,,2.0,500.0,cross-entropy,tf,,,,
DRUG,4,1,10777,reglog,{},paper,Fair-transport,,0.0,0.4588859416445623,0.09021745301765743,True,completed_without_exception,optimal,,0.08776199999556411,optimal,,,,,,3.9103156823649954e-10,0.5751488472849562,CLARABEL,OSQP
DRUG,4,1,10777,reglog,{},paper,Fair-transport,,0.1,0.48010610079575594,0.17898711179242602,True,completed_without_exception,optimal,,0.09603829999832669,optimal,,,,,,0.10000000119042779,0.5604759880535684,CLARABEL,OSQP
DRUG,4,1,10777,reglog,{},paper,Fair-transport,,0.2,0.4854111405835544,0.22863793788678816,True,completed_without_exception,optimal,,0.09471989999656216,optimal,,,,,,0.20000000054649347,0.5557437347911176,CLARABEL,OSQP
DRUG,4,1,10777,reglog,{},paper,Fair-transport,,0.3,0.46949602122015915,0.3016238006018282,True,completed_without_exception,optimal,,0.08183049999934155,optimal,,,,,,0.3000000001259378,0.5534943033958921,CLARABEL,OSQP
DRUG,4,1,10777,reglog,{},paper,Fair-transport,,0.4,0.48010610079575594,0.3425026968716289,True,completed_without_exception,optimal,,0.09352880000005825,optimal,,,,,,0.32293256750455546,0.5534366077003285,CLARABEL,OSQP
DRUG,4,1,10777,RF,"{'n_estimators': np.int64(134), 'min_samples_split': np.int64(4), 'min_samples_leaf': np.int64(8), 'max_depth': np.int64(11)}",paper,Unfair,,,0.4880636604774536,0.26659285754840173,True,not_applicable,not applicable,0.0,0.0,not_applicable,,,,,,,,,
DRUG,4,1,10777,RF,"{'n_estimators': np.int64(134), 'min_samples_split': np.int64(4), 'min_samples_leaf': np.int64(8), 'max_depth': np.int64(11)}",paper,Our Eps-Fair,0.0,,0.4588859416445623,0.09413501391017998,True,0,Optimization terminated successfully,19.0,0.03379069999937201,completed_without_exception,,,,,,,,,
DRUG,4,1,10777,RF,"{'n_estimators': np.int64(134), 'min_samples_split': np.int64(4), 'min_samples_leaf': np.int64(8), 'max_depth': np.int64(11)}",paper,Our Eps-Fair,0.1,,0.4907161803713528,0.23122125702606033,True,0,Optimization terminated successfully,20.0,0.03520819999903324,completed_without_exception,,,,,,,,,
DRUG,4,1,10777,RF,"{'n_estimators': np.int64(134), 'min_samples_split': np.int64(4), 'min_samples_leaf': np.int64(8), 'max_depth': np.int64(11)}",paper,Our Eps-Fair,0.2,,0.4880636604774536,0.26659285754840173,True,0,Optimization terminated successfully,1.0,0.0020208999994792975,completed_without_exception,,,,,,,,,
DRUG,4,1,10777,RF,"{'n_estimators': np.int64(134), 'min_samples_split': np.int64(4), 'min_samples_leaf': np.int64(8), 'max_depth': np.int64(11)}",paper,Our Eps-Fair,0.3,,0.4880636604774536,0.26659285754840173,True,0,Optimization terminated successfully,1.0,0.001733000000967877,completed_without_exception,,,,,,,,,
DRUG,4,1,10777,RF,"{'n_estimators': np.int64(134), 'min_samples_split': np.int64(4), 'min_samples_leaf': np.int64(8), 'max_depth': np.int64(11)}",paper,Our Eps-Fair,0.4,,0.4880636604774536,0.26659285754840173,True,0,Optimization terminated successfully,1.0,0.002003000001423061,completed_without_exception,,,,,,,,,
DRUG,4,1,10777,RF,"{'n_estimators': np.int64(134), 'min_samples_split': np.int64(4), 'min_samples_leaf': np.int64(8), 'max_depth': np.int64(11)}",paper,Our Eps-Fair,0.5,,0.4880636604774536,0.26659285754840173,True,0,Optimization terminated successfully,1.0,0.0017327999994449783,completed_without_exception,,,,,,,,,
DRUG,4,1,10777,RF,"{'n_estimators': np.int64(134), 'min_samples_split': np.int64(4), 'min_samples_leaf': np.int64(8), 'max_depth': np.int64(11)}",paper,FairProjection,,0.0,,,False,failed,RuntimeError('`tf.data.Dataset` only supports Python-style iteration in eager mode or within tf.function.'),,,not_completed,,2.0,500.0,cross-entropy,tf,,,,
DRUG,4,1,10777,RF,"{'n_estimators': np.int64(134), 'min_samples_split': np.int64(4), 'min_samples_leaf': np.int64(8), 'max_depth': np.int64(11)}",paper,FairProjection,,0.1,,,False,failed,RuntimeError('`tf.data.Dataset` only supports Python-style iteration in eager mode or within tf.function.'),,,not_completed,,2.0,500.0,cross-entropy,tf,,,,
DRUG,4,1,10777,RF,"{'n_estimators': np.int64(134), 'min_samples_split': np.int64(4), 'min_samples_leaf': np.int64(8), 'max_depth': np.int64(11)}",paper,FairProjection,,0.2,,,False,failed,RuntimeError('`tf.data.Dataset` only supports Python-style iteration in eager mode or within tf.function.'),,,not_completed,,2.0,500.0,cross-entropy,tf,,,,
DRUG,4,1,10777,RF,"{'n_estimators': np.int64(134), 'min_samples_split': np.int64(4), 'min_samples_leaf': np.int64(8), 'max_depth': np.int64(11)}",paper,FairProjection,,0.5,,,False,failed,RuntimeError('`tf.data.Dataset` only supports Python-style iteration in eager mode or within tf.function.'),,,not_completed,,2.0,500.0,cross-entropy,tf,,,,
DRUG,4,1,10777,RF,"{'n_estimators': np.int64(134), 'min_samples_split': np.int64(4), 'min_samples_leaf': np.int64(8), 'max_depth': np.int64(11)}",paper,FairProjection,,0.75,,,False,failed,RuntimeError('`tf.data.Dataset` only supports Python-style iteration in eager mode or within tf.function.'),,,not_completed,,2.0,500.0,cross-entropy,tf,,,,
DRUG,4,1,10777,RF,"{'n_estimators': np.int64(134), 'min_samples_split': np.int64(4), 'min_samples_leaf': np.int64(8), 'max_depth': np.int64(11)}",paper,Fair-transport,,0.0,0.4482758620689655,0.12425481178674841,True,completed_without_exception,optimal,,0.09601520000069286,optimal,,,,,,4.071446707554216e-09,0.564905178020742,CLARABEL,OSQP
DRUG,4,1,10777,RF,"{'n_estimators': np.int64(134), 'min_samples_split': np.int64(4), 'min_samples_leaf': np.int64(8), 'max_depth': np.int64(11)}",paper,Fair-transport,,0.1,0.4854111405835544,0.2370692102424346,True,completed_without_exception,optimal,,0.08410600000206614,optimal,,,,,,0.10000000030472339,0.5507680171661044,CLARABEL,OSQP
DRUG,4,1,10777,RF,"{'n_estimators': np.int64(134), 'min_samples_split': np.int64(4), 'min_samples_leaf': np.int64(8), 'max_depth': np.int64(11)}",paper,Fair-transport,,0.2,0.4827586206896552,0.28175211491511953,True,completed_without_exception,optimal,,0.09509220000109053,optimal,,,,,,0.1777777979156326,0.5491324373505294,CLARABEL,OSQP
DRUG,4,1,10777,RF,"{'n_estimators': np.int64(134), 'min_samples_split': np.int64(4), 'min_samples_leaf': np.int64(8), 'max_depth': np.int64(11)}",paper,Fair-transport,,0.3,0.47745358090185674,0.24232101288820757,True,completed_without_exception,optimal,,0.09239009999873815,optimal,,,,,,0.17777778348264509,0.5491324349435555,CLARABEL,OSQP
DRUG,4,1,10777,RF,"{'n_estimators': np.int64(134), 'min_samples_split': np.int64(4), 'min_samples_leaf': np.int64(8), 'max_depth': np.int64(11)}",paper,Fair-transport,,0.4,0.47745358090185674,0.24232101288820757,True,completed_without_exception,optimal,,0.0938871000034851,optimal,,,,,,0.1777777834170839,0.5491324349474163,CLARABEL,OSQP
DRUG,4,1,10777,GBM,"{'reg_lambda': 1, 'reg_alpha': 20, 'num_leaves': np.int64(36), 'n_estimators': np.int64(139), 'min_child_samples': np.int64(71), 'max_depth': np.int64(8)}",paper,Unfair,,,0.44562334217506633,0.29097825469823424,True,not_applicable,not applicable,0.0,0.0,not_applicable,,,,,,,,,
DRUG,4,1,10777,GBM,"{'reg_lambda': 1, 'reg_alpha': 20, 'num_leaves': np.int64(36), 'n_estimators': np.int64(139), 'min_child_samples': np.int64(71), 'max_depth': np.int64(8)}",paper,Our Eps-Fair,0.0,,0.44297082228116713,0.09407823766536083,True,0,Optimization terminated successfully,17.0,0.03828509999948437,completed_without_exception,,,,,,,,,
DRUG,4,1,10777,GBM,"{'reg_lambda': 1, 'reg_alpha': 20, 'num_leaves': np.int64(36), 'n_estimators': np.int64(139), 'min_child_samples': np.int64(71), 'max_depth': np.int64(8)}",paper,Our Eps-Fair,0.1,,0.4509283819628647,0.1732527110656901,True,0,Optimization terminated successfully,17.0,0.0403792999968573,completed_without_exception,,,,,,,,,
DRUG,4,1,10777,GBM,"{'reg_lambda': 1, 'reg_alpha': 20, 'num_leaves': np.int64(36), 'n_estimators': np.int64(139), 'min_child_samples': np.int64(71), 'max_depth': np.int64(8)}",paper,Our Eps-Fair,0.2,,0.4482758620689655,0.27343439504911143,True,0,Optimization terminated successfully,10.0,0.01953259999936563,completed_without_exception,,,,,,,,,
DRUG,4,1,10777,GBM,"{'reg_lambda': 1, 'reg_alpha': 20, 'num_leaves': np.int64(36), 'n_estimators': np.int64(139), 'min_child_samples': np.int64(71), 'max_depth': np.int64(8)}",paper,Our Eps-Fair,0.3,,0.44562334217506633,0.29097825469823424,True,0,Optimization terminated successfully,1.0,0.002296599999681348,completed_without_exception,,,,,,,,,
DRUG,4,1,10777,GBM,"{'reg_lambda': 1, 'reg_alpha': 20, 'num_leaves': np.int64(36), 'n_estimators': np.int64(139), 'min_child_samples': np.int64(71), 'max_depth': np.int64(8)}",paper,Our Eps-Fair,0.4,,0.44562334217506633,0.29097825469823424,True,0,Optimization terminated successfully,1.0,0.0018314999979338609,completed_without_exception,,,,,,,,,
DRUG,4,1,10777,GBM,"{'reg_lambda': 1, 'reg_alpha': 20, 'num_leaves': np.int64(36), 'n_estimators': np.int64(139), 'min_child_samples': np.int64(71), 'max_depth': np.int64(8)}",paper,Our Eps-Fair,0.5,,0.44562334217506633,0.29097825469823424,True,0,Optimization terminated successfully,1.0,0.002357499997742707,completed_without_exception,,,,,,,,,
DRUG,4,1,10777,GBM,"{'reg_lambda': 1, 'reg_alpha': 20, 'num_leaves': np.int64(36), 'n_estimators': np.int64(139), 'min_child_samples': np.int64(71), 'max_depth': np.int64(8)}",paper,FairProjection,,0.0,,,False,failed,RuntimeError('`tf.data.Dataset` only supports Python-style iteration in eager mode or within tf.function.'),,,not_completed,,2.0,500.0,cross-entropy,tf,,,,
DRUG,4,1,10777,GBM,"{'reg_lambda': 1, 'reg_alpha': 20, 'num_leaves': np.int64(36), 'n_estimators': np.int64(139), 'min_child_samples': np.int64(71), 'max_depth': np.int64(8)}",paper,FairProjection,,0.1,,,False,failed,RuntimeError('`tf.data.Dataset` only supports Python-style iteration in eager mode or within tf.function.'),,,not_completed,,2.0,500.0,cross-entropy,tf,,,,
DRUG,4,1,10777,GBM,"{'reg_lambda': 1, 'reg_alpha': 20, 'num_leaves': np.int64(36), 'n_estimators': np.int64(139), 'min_child_samples': np.int64(71), 'max_depth': np.int64(8)}",paper,FairProjection,,0.2,,,False,failed,RuntimeError('`tf.data.Dataset` only supports Python-style iteration in eager mode or within tf.function.'),,,not_completed,,2.0,500.0,cross-entropy,tf,,,,
DRUG,4,1,10777,GBM,"{'reg_lambda': 1, 'reg_alpha': 20, 'num_leaves': np.int64(36), 'n_estimators': np.int64(139), 'min_child_samples': np.int64(71), 'max_depth': np.int64(8)}",paper,FairProjection,,0.5,,,False,failed,RuntimeError('`tf.data.Dataset` only supports Python-style iteration in eager mode or within tf.function.'),,,not_completed,,2.0,500.0,cross-entropy,tf,,,,
DRUG,4,1,10777,GBM,"{'reg_lambda': 1, 'reg_alpha': 20, 'num_leaves': np.int64(36), 'n_estimators': np.int64(139), 'min_child_samples': np.int64(71), 'max_depth': np.int64(8)}",paper,FairProjection,,0.75,,,False,failed,RuntimeError('`tf.data.Dataset` only supports Python-style iteration in eager mode or within tf.function.'),,,not_completed,,2.0,500.0,cross-entropy,tf,,,,
DRUG,4,1,10777,GBM,"{'reg_lambda': 1, 'reg_alpha': 20, 'num_leaves': np.int64(36), 'n_estimators': np.int64(139), 'min_child_samples': np.int64(71), 'max_depth': np.int64(8)}",paper,Fair-transport,,0.0,0.44562334217506633,0.11647646624652247,True,completed_without_exception,optimal,,0.11946160000297823,optimal,,,,,,2.177936692104865e-09,0.5868736207057828,CLARABEL,OSQP
DRUG,4,1,10777,GBM,"{'reg_lambda': 1, 'reg_alpha': 20, 'num_leaves': np.int64(36), 'n_estimators': np.int64(139), 'min_child_samples': np.int64(71), 'max_depth': np.int64(8)}",paper,Fair-transport,,0.1,0.4482758620689655,0.17810707999772893,True,completed_without_exception,optimal,,0.0833476999978302,optimal,,,,,,0.10000000030883213,0.5759251794583379,CLARABEL,OSQP
DRUG,4,1,10777,GBM,"{'reg_lambda': 1, 'reg_alpha': 20, 'num_leaves': np.int64(36), 'n_estimators': np.int64(139), 'min_child_samples': np.int64(71), 'max_depth': np.int64(8)}",paper,Fair-transport,,0.2,0.4509283819628647,0.2685800261170726,True,completed_without_exception,optimal,,0.08211440000377479,optimal,,,,,,0.20000000029670456,0.573433614330997,CLARABEL,OSQP
DRUG,4,1,10777,GBM,"{'reg_lambda': 1, 'reg_alpha': 20, 'num_leaves': np.int64(36), 'n_estimators': np.int64(139), 'min_child_samples': np.int64(71), 'max_depth': np.int64(8)}",paper,Fair-transport,,0.3,0.44562334217506633,0.29097825469823424,True,completed_without_exception,optimal,,0.09168489999865415,optimal,,,,,,0.2580278352591584,0.5732129188350343,CLARABEL,OSQP
DRUG,4,1,10777,GBM,"{'reg_lambda': 1, 'reg_alpha': 20, 'num_leaves': np.int64(36), 'n_estimators': np.int64(139), 'min_child_samples': np.int64(71), 'max_depth': np.int64(8)}",paper,Fair-transport,,0.4,0.44562334217506633,0.29097825469823424,True,completed_without_exception,optimal,,0.08150129999921774,optimal,,,,,,0.25802783809544094,0.5732129186065515,CLARABEL,OSQP
DRUG,4,2,20777,reglog,{},paper,Unfair,,,0.4588859416445623,0.3200476920456481,True,not_applicable,not applicable,0.0,0.0,not_applicable,,,,,,,,,
DRUG,4,2,20777,reglog,{},paper,Our Eps-Fair,0.0,,0.4482758620689655,0.06727985011071369,True,0,Optimization terminated successfully,20.0,0.0644492999999784,completed_without_exception,,,,,,,,,
DRUG,4,2,20777,reglog,{},paper,Our Eps-Fair,0.1,,0.47480106100795755,0.14472264804405838,True,0,Optimization terminated successfully,15.0,0.03826580000168178,completed_without_exception,,,,,,,,,
DRUG,4,2,20777,reglog,{},paper,Our Eps-Fair,0.2,,0.46153846153846156,0.19360699483336175,True,0,Optimization terminated successfully,10.0,0.020742799999425188,completed_without_exception,,,,,,,,,
DRUG,4,2,20777,reglog,{},paper,Our Eps-Fair,0.3,,0.4535809018567639,0.3200476920456481,True,0,Optimization terminated successfully,8.0,0.015542599998298101,completed_without_exception,,,,,,,,,
DRUG,4,2,20777,reglog,{},paper,Our Eps-Fair,0.4,,0.4588859416445623,0.3200476920456481,True,0,Optimization terminated successfully,1.0,0.001904699998704018,completed_without_exception,,,,,,,,,
DRUG,4,2,20777,reglog,{},paper,Our Eps-Fair,0.5,,0.4588859416445623,0.3200476920456481,True,0,Optimization terminated successfully,1.0,0.0022356999979820102,completed_without_exception,,,,,,,,,
DRUG,4,2,20777,reglog,{},paper,FairProjection,,0.0,,,False,failed,RuntimeError('`tf.data.Dataset` only supports Python-style iteration in eager mode or within tf.function.'),,,not_completed,,2.0,500.0,cross-entropy,tf,,,,
DRUG,4,2,20777,reglog,{},paper,FairProjection,,0.1,,,False,failed,RuntimeError('`tf.data.Dataset` only supports Python-style iteration in eager mode or within tf.function.'),,,not_completed,,2.0,500.0,cross-entropy,tf,,,,
DRUG,4,2,20777,reglog,{},paper,FairProjection,,0.2,,,False,failed,RuntimeError('`tf.data.Dataset` only supports Python-style iteration in eager mode or within tf.function.'),,,not_completed,,2.0,500.0,cross-entropy,tf,,,,
DRUG,4,2,20777,reglog,{},paper,FairProjection,,0.5,,,False,failed,RuntimeError('`tf.data.Dataset` only supports Python-style iteration in eager mode or within tf.function.'),,,not_completed,,2.0,500.0,cross-entropy,tf,,,,
DRUG,4,2,20777,reglog,{},paper,FairProjection,,0.75,,,False,failed,RuntimeError('`tf.data.Dataset` only supports Python-style iteration in eager mode or within tf.function.'),,,not_completed,,2.0,500.0,cross-entropy,tf,,,,
DRUG,4,2,20777,reglog,{},paper,Fair-transport,,0.0,0.46153846153846156,0.0430080054505195,True,completed_without_exception,optimal,,0.10680640000282438,optimal,,,,,,1.3246127750221603e-08,0.5842104148367905,CLARABEL,OSQP
DRUG,4,2,20777,reglog,{},paper,Fair-transport,,0.1,0.48010610079575594,0.17225912678135466,True,completed_without_exception,optimal,,0.09873940000034054,optimal,,,,,,0.10000000242200605,0.5692721925583158,CLARABEL,OSQP
DRUG,4,2,20777,reglog,{},paper,Fair-transport,,0.2,0.46949602122015915,0.16249361267245788,True,completed_without_exception,optimal,,0.11423860000286368,optimal,,,,,,0.20000000643073748,0.5645753622366431,CLARABEL,OSQP
DRUG,4,2,20777,reglog,{},paper,Fair-transport,,0.3,0.4562334217506631,0.26659285754840173,True,completed_without_exception,optimal,,0.10163459999967017,optimal,,,,,,0.30000000529510096,0.5627222495976509,CLARABEL,OSQP
DRUG,4,2,20777,reglog,{},paper,Fair-transport,,0.4,0.46419098143236076,0.3811673195934821,True,completed_without_exception,optimal,,0.09897610000189161,optimal,,,,,,0.3391020098534413,0.562609243338184,CLARABEL,OSQP
DRUG,4,2,20777,RF,"{'n_estimators': np.int64(122), 'min_samples_split': np.int64(7), 'min_samples_leaf': np.int64(2), 'max_depth': np.int64(9)}",paper,Unfair,,,0.4270557029177719,0.22389712144438764,True,not_applicable,not applicable,0.0,0.0,not_applicable,,,,,,,,,
DRUG,4,2,20777,RF,"{'n_estimators': np.int64(122), 'min_samples_split': np.int64(7), 'min_samples_leaf': np.int64(2), 'max_depth': np.int64(9)}",paper,Our Eps-Fair,0.0,,0.41644562334217505,0.04928178050303755,True,0,Optimization terminated successfully,17.0,0.03286410000146134,completed_without_exception,,,,,,,,,
DRUG,4,2,20777,RF,"{'n_estimators': np.int64(122), 'min_samples_split': np.int64(7), 'min_samples_leaf': np.int64(2), 'max_depth': np.int64(9)}",paper,Our Eps-Fair,0.1,,0.4297082228116711,0.11488673139158576,True,0,Optimization terminated successfully,22.0,0.03976479999982985,completed_without_exception,,,,,,,,,
DRUG,4,2,20777,RF,"{'n_estimators': np.int64(122), 'min_samples_split': np.int64(7), 'min_samples_leaf': np.int64(2), 'max_depth': np.int64(9)}",paper,Our Eps-Fair,0.2,,0.4270557029177719,0.22389712144438764,True,0,Optimization terminated successfully,1.0,0.001849600001150975,completed_without_exception,,,,,,,,,
DRUG,4,2,20777,RF,"{'n_estimators': np.int64(122), 'min_samples_split': np.int64(7), 'min_samples_leaf': np.int64(2), 'max_depth': np.int64(9)}",paper,Our Eps-Fair,0.3,,0.4270557029177719,0.22389712144438764,True,0,Optimization terminated successfully,1.0,0.0018295999980182387,completed_without_exception,,,,,,,,,
DRUG,4,2,20777,RF,"{'n_estimators': np.int64(122), 'min_samples_split': np.int64(7), 'min_samples_leaf': np.int64(2), 'max_depth': np.int64(9)}",paper,Our Eps-Fair,0.4,,0.4270557029177719,0.22389712144438764,True,0,Optimization terminated successfully,1.0,0.0018001999997068197,completed_without_exception,,,,,,,,,
DRUG,4,2,20777,RF,"{'n_estimators': np.int64(122), 'min_samples_split': np.int64(7), 'min_samples_leaf': np.int64(2), 'max_depth': np.int64(9)}",paper,Our Eps-Fair,0.5,,0.4270557029177719,0.22389712144438764,True,0,Optimization terminated successfully,1.0,0.001757099998940248,completed_without_exception,,,,,,,,,
DRUG,4,2,20777,RF,"{'n_estimators': np.int64(122), 'min_samples_split': np.int64(7), 'min_samples_leaf': np.int64(2), 'max_depth': np.int64(9)}",paper,FairProjection,,0.0,,,False,failed,RuntimeError('`tf.data.Dataset` only supports Python-style iteration in eager mode or within tf.function.'),,,not_completed,,2.0,500.0,cross-entropy,tf,,,,
DRUG,4,2,20777,RF,"{'n_estimators': np.int64(122), 'min_samples_split': np.int64(7), 'min_samples_leaf': np.int64(2), 'max_depth': np.int64(9)}",paper,FairProjection,,0.1,,,False,failed,RuntimeError('`tf.data.Dataset` only supports Python-style iteration in eager mode or within tf.function.'),,,not_completed,,2.0,500.0,cross-entropy,tf,,,,
DRUG,4,2,20777,RF,"{'n_estimators': np.int64(122), 'min_samples_split': np.int64(7), 'min_samples_leaf': np.int64(2), 'max_depth': np.int64(9)}",paper,FairProjection,,0.2,,,False,failed,RuntimeError('`tf.data.Dataset` only supports Python-style iteration in eager mode or within tf.function.'),,,not_completed,,2.0,500.0,cross-entropy,tf,,,,
DRUG,4,2,20777,RF,"{'n_estimators': np.int64(122), 'min_samples_split': np.int64(7), 'min_samples_leaf': np.int64(2), 'max_depth': np.int64(9)}",paper,FairProjection,,0.5,,,False,failed,RuntimeError('`tf.data.Dataset` only supports Python-style iteration in eager mode or within tf.function.'),,,not_completed,,2.0,500.0,cross-entropy,tf,,,,
DRUG,4,2,20777,RF,"{'n_estimators': np.int64(122), 'min_samples_split': np.int64(7), 'min_samples_leaf': np.int64(2), 'max_depth': np.int64(9)}",paper,FairProjection,,0.75,,,False,failed,RuntimeError('`tf.data.Dataset` only supports Python-style iteration in eager mode or within tf.function.'),,,not_completed,,2.0,500.0,cross-entropy,tf,,,,
DRUG,4,2,20777,RF,"{'n_estimators': np.int64(122), 'min_samples_split': np.int64(7), 'min_samples_leaf': np.int64(2), 'max_depth': np.int64(9)}",paper,Fair-transport,,0.0,0.40848806366047746,0.04740816442400503,True,completed_without_exception,optimal,,0.12300209999739309,optimal,,,,,,1.2870292331879085e-09,0.5553147098361149,CLARABEL,OSQP
DRUG,4,2,20777,RF,"{'n_estimators': np.int64(122), 'min_samples_split': np.int64(7), 'min_samples_leaf': np.int64(2), 'max_depth': np.int64(9)}",paper,Fair-transport,,0.1,0.4217506631299735,0.11488673139158576,True,completed_without_exception,optimal,,0.10173320000103558,optimal,,,,,,0.10000000159939015,0.5422897253263705,CLARABEL,OSQP
DRUG,4,2,20777,RF,"{'n_estimators': np.int64(122), 'min_samples_split': np.int64(7), 'min_samples_leaf': np.int64(2), 'max_depth': np.int64(9)}",paper,Fair-transport,,0.2,0.41644562334217505,0.19664452393118717,True,completed_without_exception,optimal,,0.0905869000016537,optimal,,,,,,0.19289568497819393,0.5411239747415715,CLARABEL,OSQP
DRUG,4,2,20777,RF,"{'n_estimators': np.int64(122), 'min_samples_split': np.int64(7), 'min_samples_leaf': np.int64(2), 'max_depth': np.int64(9)}",paper,Fair-transport,,0.3,0.41909814323607425,0.18880940214614203,True,completed_without_exception,optimal,,0.09341950000089128,optimal,,,,,,0.19289568826023418,0.5411239753382786,CLARABEL,OSQP
DRUG,4,2,20777,RF,"{'n_estimators': np.int64(122), 'min_samples_split': np.int64(7), 'min_samples_leaf': np.int64(2), 'max_depth': np.int64(9)}",paper,Fair-transport,,0.4,0.4270557029177719,0.19951172429455513,True,completed_without_exception,optimal,,0.0910749999966356,optimal,,,,,,0.19289568081017638,0.5411239757861814,CLARABEL,OSQP
DRUG,4,2,20777,GBM,"{'reg_lambda': 1, 'reg_alpha': 2, 'num_leaves': np.int64(44), 'n_estimators': np.int64(63), 'min_child_samples': np.int64(78), 'max_depth': np.int64(7)}",paper,Unfair,,,0.41644562334217505,0.22577073752342017,True,not_applicable,not applicable,0.0,0.0,not_applicable,,,,,,,,,
DRUG,4,2,20777,GBM,"{'reg_lambda': 1, 'reg_alpha': 2, 'num_leaves': np.int64(44), 'n_estimators': np.int64(63), 'min_child_samples': np.int64(78), 'max_depth': np.int64(7)}",paper,Our Eps-Fair,0.0,,0.4005305039787798,0.025237040822120027,True,0,Optimization terminated successfully,16.0,0.0350603000006231,completed_without_exception,,,,,,,,,
DRUG,4,2,20777,GBM,"{'reg_lambda': 1, 'reg_alpha': 2, 'num_leaves': np.int64(44), 'n_estimators': np.int64(63), 'min_child_samples': np.int64(78), 'max_depth': np.int64(7)}",paper,Our Eps-Fair,0.1,,0.4297082228116711,0.08448305229092151,True,0,Optimization terminated successfully,43.0,0.08081010000023525,completed_without_exception,,,,,,,,,
DRUG,4,2,20777,GBM,"{'reg_lambda': 1, 'reg_alpha': 2, 'num_leaves': np.int64(44), 'n_estimators': np.int64(63), 'min_child_samples': np.int64(78), 'max_depth': np.int64(7)}",paper,Our Eps-Fair,0.2,,0.4217506631299735,0.18103105660591612,True,0,Optimization terminated successfully,7.0,0.012485799998103175,completed_without_exception,,,,,,,,,
DRUG,4,2,20777,GBM,"{'reg_lambda': 1, 'reg_alpha': 2, 'num_leaves': np.int64(44), 'n_estimators': np.int64(63), 'min_child_samples': np.int64(78), 'max_depth': np.int64(7)}",paper,Our Eps-Fair,0.3,,0.41644562334217505,0.22577073752342017,True,0,Optimization terminated successfully,1.0,0.0018090999983542133,completed_without_exception,,,,,,,,,
DRUG,4,2,20777,GBM,"{'reg_lambda': 1, 'reg_alpha': 2, 'num_leaves': np.int64(44), 'n_estimators': np.int64(63), 'min_child_samples': np.int64(78), 'max_depth': np.int64(7)}",paper,Our Eps-Fair,0.4,,0.41644562334217505,0.22577073752342017,True,0,Optimization terminated successfully,1.0,0.0020893000000796746,completed_without_exception,,,,,,,,,
DRUG,4,2,20777,GBM,"{'reg_lambda': 1, 'reg_alpha': 2, 'num_leaves': np.int64(44), 'n_estimators': np.int64(63), 'min_child_samples': np.int64(78), 'max_depth': np.int64(7)}",paper,Our Eps-Fair,0.5,,0.41644562334217505,0.22577073752342017,True,0,Optimization terminated successfully,1.0,0.002020199997787131,completed_without_exception,,,,,,,,,
DRUG,4,2,20777,GBM,"{'reg_lambda': 1, 'reg_alpha': 2, 'num_leaves': np.int64(44), 'n_estimators': np.int64(63), 'min_child_samples': np.int64(78), 'max_depth': np.int64(7)}",paper,FairProjection,,0.0,,,False,failed,RuntimeError('`tf.data.Dataset` only supports Python-style iteration in eager mode or within tf.function.'),,,not_completed,,2.0,500.0,cross-entropy,tf,,,,
DRUG,4,2,20777,GBM,"{'reg_lambda': 1, 'reg_alpha': 2, 'num_leaves': np.int64(44), 'n_estimators': np.int64(63), 'min_child_samples': np.int64(78), 'max_depth': np.int64(7)}",paper,FairProjection,,0.1,,,False,failed,RuntimeError('`tf.data.Dataset` only supports Python-style iteration in eager mode or within tf.function.'),,,not_completed,,2.0,500.0,cross-entropy,tf,,,,
DRUG,4,2,20777,GBM,"{'reg_lambda': 1, 'reg_alpha': 2, 'num_leaves': np.int64(44), 'n_estimators': np.int64(63), 'min_child_samples': np.int64(78), 'max_depth': np.int64(7)}",paper,FairProjection,,0.2,,,False,failed,RuntimeError('`tf.data.Dataset` only supports Python-style iteration in eager mode or within tf.function.'),,,not_completed,,2.0,500.0,cross-entropy,tf,,,,
DRUG,4,2,20777,GBM,"{'reg_lambda': 1, 'reg_alpha': 2, 'num_leaves': np.int64(44), 'n_estimators': np.int64(63), 'min_child_samples': np.int64(78), 'max_depth': np.int64(7)}",paper,FairProjection,,0.5,,,False,failed,RuntimeError('`tf.data.Dataset` only supports Python-style iteration in eager mode or within tf.function.'),,,not_completed,,2.0,500.0,cross-entropy,tf,,,,
DRUG,4,2,20777,GBM,"{'reg_lambda': 1, 'reg_alpha': 2, 'num_leaves': np.int64(44), 'n_estimators': np.int64(63), 'min_child_samples': np.int64(78), 'max_depth': np.int64(7)}",paper,FairProjection,,0.75,,,False,failed,RuntimeError('`tf.data.Dataset` only supports Python-style iteration in eager mode or within tf.function.'),,,not_completed,,2.0,500.0,cross-entropy,tf,,,,
DRUG,4,2,20777,GBM,"{'reg_lambda': 1, 'reg_alpha': 2, 'num_leaves': np.int64(44), 'n_estimators': np.int64(63), 'min_child_samples': np.int64(78), 'max_depth': np.int64(7)}",paper,Fair-transport,,0.0,0.40848806366047746,0.024300232782603737,True,completed_without_exception,optimal,,0.11489849999998114,optimal,,,,,,5.742629149985135e-10,0.507341331994704,CLARABEL,OSQP
DRUG,4,2,20777,GBM,"{'reg_lambda': 1, 'reg_alpha': 2, 'num_leaves': np.int64(44), 'n_estimators': np.int64(63), 'min_child_samples': np.int64(78), 'max_depth': np.int64(7)}",paper,Fair-transport,,0.1,0.4297082228116711,0.09634928745812751,True,completed_without_exception,optimal,,0.09773800000039046,optimal,,,,,,0.10000000269257456,0.48948781479770426,CLARABEL,OSQP
DRUG,4,2,20777,GBM,"{'reg_lambda': 1, 'reg_alpha': 2, 'num_leaves': np.int64(44), 'n_estimators': np.int64(63), 'min_child_samples': np.int64(78), 'max_depth': np.int64(7)}",paper,Fair-transport,,0.2,0.4270557029177719,0.17617668767387723,True,completed_without_exception,optimal,,0.09409840000080294,optimal,,,,,,0.200000004923662,0.4856480161561775,CLARABEL,OSQP
DRUG,4,2,20777,GBM,"{'reg_lambda': 1, 'reg_alpha': 2, 'num_leaves': np.int64(44), 'n_estimators': np.int64(63), 'min_child_samples': np.int64(78), 'max_depth': np.int64(7)}",paper,Fair-transport,,0.3,0.41909814323607425,0.22477715323908476,True,completed_without_exception,optimal,,0.08174979999967036,optimal,,,,,,0.288689968032797,0.4846785675981991,CLARABEL,OSQP
DRUG,4,2,20777,GBM,"{'reg_lambda': 1, 'reg_alpha': 2, 'num_leaves': np.int64(44), 'n_estimators': np.int64(63), 'min_child_samples': np.int64(78), 'max_depth': np.int64(7)}",paper,Fair-transport,,0.4,0.4244031830238727,0.2199227843070459,True,completed_without_exception,optimal,,0.08436690000235103,optimal,,,,,,0.28868996720698503,0.48467856755114297,CLARABEL,OSQP
DRUG,4,3,30777,reglog,{},paper,Unfair,,,0.4509283819628647,0.32788281383069323,True,not_applicable,not applicable,0.0,0.0,not_applicable,,,,,,,,,
DRUG,4,3,30777,reglog,{},paper,Our Eps-Fair,0.0,,0.4270557029177719,0.02645773008573213,True,0,Optimization terminated successfully,16.0,0.05475060000026133,completed_without_exception,,,,,,,,,
DRUG,4,3,30777,reglog,{},paper,Our Eps-Fair,0.1,,0.44562334217506633,0.13436098336456026,True,0,Optimization terminated successfully,15.0,0.047370099997351645,completed_without_exception,,,,,,,,,
DRUG,4,3,30777,reglog,{},paper,Our Eps-Fair,0.2,,0.4535809018567639,0.23840345199568502,True,0,Optimization terminated successfully,9.0,0.01754889999938314,completed_without_exception,,,,,,,,,
DRUG,4,3,30777,reglog,{},paper,Our Eps-Fair,0.3,,0.4509283819628647,0.32788281383069323,True,0,Optimization terminated successfully,1.0,0.002013400000578258,completed_without_exception,,,,,,,,,
DRUG,4,3,30777,reglog,{},paper,Our Eps-Fair,0.4,,0.4509283819628647,0.32788281383069323,True,0,Optimization terminated successfully,1.0,0.0020225000007485505,completed_without_exception,,,,,,,,,
DRUG,4,3,30777,reglog,{},paper,Our Eps-Fair,0.5,,0.4509283819628647,0.32788281383069323,True,0,Optimization terminated successfully,1.0,0.001974299997527851,completed_without_exception,,,,,,,,,
DRUG,4,3,30777,reglog,{},paper,FairProjection,,0.0,,,False,failed,RuntimeError('`tf.data.Dataset` only supports Python-style iteration in eager mode or within tf.function.'),,,not_completed,,2.0,500.0,cross-entropy,tf,,,,
DRUG,4,3,30777,reglog,{},paper,FairProjection,,0.1,,,False,failed,RuntimeError('`tf.data.Dataset` only supports Python-style iteration in eager mode or within tf.function.'),,,not_completed,,2.0,500.0,cross-entropy,tf,,,,
DRUG,4,3,30777,reglog,{},paper,FairProjection,,0.2,,,False,failed,RuntimeError('`tf.data.Dataset` only supports Python-style iteration in eager mode or within tf.function.'),,,not_completed,,2.0,500.0,cross-entropy,tf,,,,
DRUG,4,3,30777,reglog,{},paper,FairProjection,,0.5,,,False,failed,RuntimeError('`tf.data.Dataset` only supports Python-style iteration in eager mode or within tf.function.'),,,not_completed,,2.0,500.0,cross-entropy,tf,,,,
DRUG,4,3,30777,reglog,{},paper,FairProjection,,0.75,,,False,failed,RuntimeError('`tf.data.Dataset` only supports Python-style iteration in eager mode or within tf.function.'),,,not_completed,,2.0,500.0,cross-entropy,tf,,,,
DRUG,4,3,30777,reglog,{},paper,Fair-transport,,0.0,0.4270557029177719,0.10324760120365639,True,completed_without_exception,optimal,,0.09966690000146627,optimal,,,,,,3.0007522605624004e-08,0.5750759269874554,CLARABEL,OSQP
DRUG,4,3,30777,reglog,{},paper,Fair-transport,,0.1,0.4403183023872679,0.10424118548799183,True,completed_without_exception,optimal,,0.09643529999812017,optimal,,,,,,0.10000000061437872,0.5581361418352747,CLARABEL,OSQP
DRUG,4,3,30777,reglog,{},paper,Fair-transport,,0.2,0.4562334217506631,0.32203486061431896,True,completed_without_exception,optimal,,0.09211030000005849,optimal,,,,,,0.20000000139372173,0.5527903969221654,CLARABEL,OSQP
DRUG,4,3,30777,reglog,{},paper,Fair-transport,,0.3,0.4535809018567639,0.33858513597910633,True,completed_without_exception,optimal,,0.09654880000016419,optimal,,,,,,0.29235580850197906,0.552243344515928,CLARABEL,OSQP
DRUG,4,3,30777,reglog,{},paper,Fair-transport,,0.4,0.4535809018567639,0.3230284448986544,True,completed_without_exception,optimal,,0.08608259999891743,optimal,,,,,,0.2923557835342929,0.5522433437521085,CLARABEL,OSQP
DRUG,4,3,30777,RF,"{'n_estimators': np.int64(33), 'min_samples_split': np.int64(6), 'min_samples_leaf': np.int64(8), 'max_depth': np.int64(12)}",paper,Unfair,,,0.4350132625994695,0.16161358087776073,True,not_applicable,not applicable,0.0,0.0,not_applicable,,,,,,,,,
DRUG,4,3,30777,RF,"{'n_estimators': np.int64(33), 'min_samples_split': np.int64(6), 'min_samples_leaf': np.int64(8), 'max_depth': np.int64(12)}",paper,Our Eps-Fair,0.0,,0.3952254641909814,0.12553227729517968,True,0,Optimization terminated successfully,21.0,0.03725970000232337,completed_without_exception,,,,,,,,,
DRUG,4,3,30777,RF,"{'n_estimators': np.int64(33), 'min_samples_split': np.int64(6), 'min_samples_leaf': np.int64(8), 'max_depth': np.int64(12)}",paper,Our Eps-Fair,0.1,,0.4244031830238727,0.15091125872934763,True,0,Optimization terminated successfully,12.0,0.022744500001863344,completed_without_exception,,,,,,,,,
DRUG,4,3,30777,RF,"{'n_estimators': np.int64(33), 'min_samples_split': np.int64(6), 'min_samples_leaf': np.int64(8), 'max_depth': np.int64(12)}",paper,Our Eps-Fair,0.2,,0.4297082228116711,0.1567592119457219,True,0,Optimization terminated successfully,11.0,0.021050700001069345,completed_without_exception,,,,,,,,,
DRUG,4,3,30777,RF,"{'n_estimators': np.int64(33), 'min_samples_split': np.int64(6), 'min_samples_leaf': np.int64(8), 'max_depth': np.int64(12)}",paper,Our Eps-Fair,0.3,,0.4350132625994695,0.16161358087776073,True,0,Optimization terminated successfully,1.0,0.0019850999997288454,completed_without_exception,,,,,,,,,
DRUG,4,3,30777,RF,"{'n_estimators': np.int64(33), 'min_samples_split': np.int64(6), 'min_samples_leaf': np.int64(8), 'max_depth': np.int64(12)}",paper,Our Eps-Fair,0.4,,0.4350132625994695,0.16161358087776073,True,0,Optimization terminated successfully,1.0,0.001913200001581572,completed_without_exception,,,,,,,,,
DRUG,4,3,30777,RF,"{'n_estimators': np.int64(33), 'min_samples_split': np.int64(6), 'min_samples_leaf': np.int64(8), 'max_depth': np.int64(12)}",paper,Our Eps-Fair,0.5,,0.4350132625994695,0.16161358087776073,True,0,Optimization terminated successfully,1.0,0.0020010000007459894,completed_without_exception,,,,,,,,,
DRUG,4,3,30777,RF,"{'n_estimators': np.int64(33), 'min_samples_split': np.int64(6), 'min_samples_leaf': np.int64(8), 'max_depth': np.int64(12)}",paper,FairProjection,,0.0,,,False,failed,RuntimeError('`tf.data.Dataset` only supports Python-style iteration in eager mode or within tf.function.'),,,not_completed,,2.0,500.0,cross-entropy,tf,,,,
DRUG,4,3,30777,RF,"{'n_estimators': np.int64(33), 'min_samples_split': np.int64(6), 'min_samples_leaf': np.int64(8), 'max_depth': np.int64(12)}",paper,FairProjection,,0.1,,,False,failed,RuntimeError('`tf.data.Dataset` only supports Python-style iteration in eager mode or within tf.function.'),,,not_completed,,2.0,500.0,cross-entropy,tf,,,,
DRUG,4,3,30777,RF,"{'n_estimators': np.int64(33), 'min_samples_split': np.int64(6), 'min_samples_leaf': np.int64(8), 'max_depth': np.int64(12)}",paper,FairProjection,,0.2,,,False,failed,RuntimeError('`tf.data.Dataset` only supports Python-style iteration in eager mode or within tf.function.'),,,not_completed,,2.0,500.0,cross-entropy,tf,,,,
DRUG,4,3,30777,RF,"{'n_estimators': np.int64(33), 'min_samples_split': np.int64(6), 'min_samples_leaf': np.int64(8), 'max_depth': np.int64(12)}",paper,FairProjection,,0.5,,,False,failed,RuntimeError('`tf.data.Dataset` only supports Python-style iteration in eager mode or within tf.function.'),,,not_completed,,2.0,500.0,cross-entropy,tf,,,,
DRUG,4,3,30777,RF,"{'n_estimators': np.int64(33), 'min_samples_split': np.int64(6), 'min_samples_leaf': np.int64(8), 'max_depth': np.int64(12)}",paper,FairProjection,,0.75,,,False,failed,RuntimeError('`tf.data.Dataset` only supports Python-style iteration in eager mode or within tf.function.'),,,not_completed,,2.0,500.0,cross-entropy,tf,,,,
DRUG,4,3,30777,RF,"{'n_estimators': np.int64(33), 'min_samples_split': np.int64(6), 'min_samples_leaf': np.int64(8), 'max_depth': np.int64(12)}",paper,Fair-transport,,0.0,0.38461538461538464,0.15477204337705103,True,completed_without_exception,optimal,,0.09510020000016084,optimal,,,,,,1.0538857897479659e-08,0.5526911666981856,CLARABEL,OSQP
DRUG,4,3,30777,RF,"{'n_estimators': np.int64(33), 'min_samples_split': np.int64(6), 'min_samples_leaf': np.int64(8), 'max_depth': np.int64(12)}",paper,Fair-transport,,0.1,0.4270557029177719,0.16834156588883215,True,completed_without_exception,optimal,,0.09480690000054892,optimal,,,,,,0.10000000215341381,0.5401365894893352,CLARABEL,OSQP
DRUG,4,3,30777,RF,"{'n_estimators': np.int64(33), 'min_samples_split': np.int64(6), 'min_samples_leaf': np.int64(8), 'max_depth': np.int64(12)}",paper,Fair-transport,,0.2,0.4323607427055703,0.19173337875432922,True,completed_without_exception,optimal,,0.09205899999869871,optimal,,,,,,0.20000000072287744,0.5381921627242028,CLARABEL,OSQP
DRUG,4,3,30777,RF,"{'n_estimators': np.int64(33), 'min_samples_split': np.int64(6), 'min_samples_leaf': np.int64(8), 'max_depth': np.int64(12)}",paper,Fair-transport,,0.3,0.4323607427055703,0.16161358087776073,True,completed_without_exception,optimal,,0.07072909999624244,optimal,,,,,,0.24373401293072422,0.538065915344235,CLARABEL,OSQP
DRUG,4,3,30777,RF,"{'n_estimators': np.int64(33), 'min_samples_split': np.int64(6), 'min_samples_leaf': np.int64(8), 'max_depth': np.int64(12)}",paper,Fair-transport,,0.4,0.4297082228116711,0.1460568897973088,True,completed_without_exception,optimal,,0.06982680000146502,optimal,,,,,,0.24373401341478892,0.5380659152951875,CLARABEL,OSQP
DRUG,4,3,30777,GBM,"{'reg_lambda': 20, 'reg_alpha': 0, 'num_leaves': np.int64(28), 'n_estimators': np.int64(71), 'min_child_samples': np.int64(99), 'max_depth': np.int64(12)}",paper,Unfair,,,0.4244031830238727,0.19857491625503892,True,not_applicable,not applicable,0.0,0.0,not_applicable,,,,,,,,,
DRUG,4,3,30777,GBM,"{'reg_lambda': 20, 'reg_alpha': 0, 'num_leaves': np.int64(28), 'n_estimators': np.int64(71), 'min_child_samples': np.int64(99), 'max_depth': np.int64(12)}",paper,Our Eps-Fair,0.0,,0.3925729442970822,0.10827229887015272,True,0,Optimization terminated successfully,16.0,0.03372039999885601,completed_without_exception,,,,,,,,,
DRUG,4,3,30777,GBM,"{'reg_lambda': 20, 'reg_alpha': 0, 'num_leaves': np.int64(28), 'n_estimators': np.int64(71), 'min_child_samples': np.int64(99), 'max_depth': np.int64(12)}",paper,Our Eps-Fair,0.1,,0.41644562334217505,0.15389201158235394,True,0,Optimization terminated successfully,21.0,0.05078040000080364,completed_without_exception,,,,,,,,,
DRUG,4,3,30777,GBM,"{'reg_lambda': 20, 'reg_alpha': 0, 'num_leaves': np.int64(28), 'n_estimators': np.int64(71), 'min_child_samples': np.int64(99), 'max_depth': np.int64(12)}",paper,Our Eps-Fair,0.2,,0.4270557029177719,0.19372054732300004,True,0,Optimization terminated successfully,8.0,0.01572630000009667,completed_without_exception,,,,,,,,,
DRUG,4,3,30777,GBM,"{'reg_lambda': 20, 'reg_alpha': 0, 'num_leaves': np.int64(28), 'n_estimators': np.int64(71), 'min_child_samples': np.int64(99), 'max_depth': np.int64(12)}",paper,Our Eps-Fair,0.3,,0.4244031830238727,0.19857491625503892,True,0,Optimization terminated successfully,1.0,0.0019820000015897676,completed_without_exception,,,,,,,,,
DRUG,4,3,30777,GBM,"{'reg_lambda': 20, 'reg_alpha': 0, 'num_leaves': np.int64(28), 'n_estimators': np.int64(71), 'min_child_samples': np.int64(99), 'max_depth': np.int64(12)}",paper,Our Eps-Fair,0.4,,0.4244031830238727,0.19857491625503892,True,0,Optimization terminated successfully,1.0,0.002009399999224115,completed_without_exception,,,,,,,,,
DRUG,4,3,30777,GBM,"{'reg_lambda': 20, 'reg_alpha': 0, 'num_leaves': np.int64(28), 'n_estimators': np.int64(71), 'min_child_samples': np.int64(99), 'max_depth': np.int64(12)}",paper,Our Eps-Fair,0.5,,0.4244031830238727,0.19857491625503892,True,0,Optimization terminated successfully,1.0,0.002079599998978665,completed_without_exception,,,,,,,,,
DRUG,4,3,30777,GBM,"{'reg_lambda': 20, 'reg_alpha': 0, 'num_leaves': np.int64(28), 'n_estimators': np.int64(71), 'min_child_samples': np.int64(99), 'max_depth': np.int64(12)}",paper,FairProjection,,0.0,,,False,failed,RuntimeError('`tf.data.Dataset` only supports Python-style iteration in eager mode or within tf.function.'),,,not_completed,,2.0,500.0,cross-entropy,tf,,,,
DRUG,4,3,30777,GBM,"{'reg_lambda': 20, 'reg_alpha': 0, 'num_leaves': np.int64(28), 'n_estimators': np.int64(71), 'min_child_samples': np.int64(99), 'max_depth': np.int64(12)}",paper,FairProjection,,0.1,,,False,failed,RuntimeError('`tf.data.Dataset` only supports Python-style iteration in eager mode or within tf.function.'),,,not_completed,,2.0,500.0,cross-entropy,tf,,,,
DRUG,4,3,30777,GBM,"{'reg_lambda': 20, 'reg_alpha': 0, 'num_leaves': np.int64(28), 'n_estimators': np.int64(71), 'min_child_samples': np.int64(99), 'max_depth': np.int64(12)}",paper,FairProjection,,0.2,,,False,failed,RuntimeError('`tf.data.Dataset` only supports Python-style iteration in eager mode or within tf.function.'),,,not_completed,,2.0,500.0,cross-entropy,tf,,,,
DRUG,4,3,30777,GBM,"{'reg_lambda': 20, 'reg_alpha': 0, 'num_leaves': np.int64(28), 'n_estimators': np.int64(71), 'min_child_samples': np.int64(99), 'max_depth': np.int64(12)}",paper,FairProjection,,0.5,,,False,failed,RuntimeError('`tf.data.Dataset` only supports Python-style iteration in eager mode or within tf.function.'),,,not_completed,,2.0,500.0,cross-entropy,tf,,,,
DRUG,4,3,30777,GBM,"{'reg_lambda': 20, 'reg_alpha': 0, 'num_leaves': np.int64(28), 'n_estimators': np.int64(71), 'min_child_samples': np.int64(99), 'max_depth': np.int64(12)}",paper,FairProjection,,0.75,,,False,failed,RuntimeError('`tf.data.Dataset` only supports Python-style iteration in eager mode or within tf.function.'),,,not_completed,,2.0,500.0,cross-entropy,tf,,,,
DRUG,4,3,30777,GBM,"{'reg_lambda': 20, 'reg_alpha': 0, 'num_leaves': np.int64(28), 'n_estimators': np.int64(71), 'min_child_samples': np.int64(99), 'max_depth': np.int64(12)}",paper,Fair-transport,,0.0,0.3978779840848806,0.12184182138193378,True,completed_without_exception,optimal,,0.13037809999877936,optimal,,,,,,8.609274682047641e-10,0.522750533517564,CLARABEL,OSQP
DRUG,4,3,30777,GBM,"{'reg_lambda': 20, 'reg_alpha': 0, 'num_leaves': np.int64(28), 'n_estimators': np.int64(71), 'min_child_samples': np.int64(99), 'max_depth': np.int64(12)}",paper,Fair-transport,,0.1,0.41644562334217505,0.15389201158235394,True,completed_without_exception,optimal,,0.10244160000002012,optimal,,,,,,0.10000001868786454,0.5026745802329081,CLARABEL,OSQP
DRUG,4,3,30777,GBM,"{'reg_lambda': 20, 'reg_alpha': 0, 'num_leaves': np.int64(28), 'n_estimators': np.int64(71), 'min_child_samples': np.int64(99), 'max_depth': np.int64(12)}",paper,Fair-transport,,0.2,0.4350132625994695,0.23840345199568502,True,completed_without_exception,optimal,,0.09315149999747518,optimal,,,,,,0.2000000013993334,0.49801431663007484,CLARABEL,OSQP
DRUG,4,3,30777,GBM,"{'reg_lambda': 20, 'reg_alpha': 0, 'num_leaves': np.int64(28), 'n_estimators': np.int64(71), 'min_child_samples': np.int64(99), 'max_depth': np.int64(12)}",paper,Fair-transport,,0.3,0.4270557029177719,0.17529665587918014,True,completed_without_exception,optimal,,0.09864879999804543,optimal,,,,,,0.25674909022752795,0.49764654413729026,CLARABEL,OSQP
DRUG,4,3,30777,GBM,"{'reg_lambda': 20, 'reg_alpha': 0, 'num_leaves': np.int64(28), 'n_estimators': np.int64(71), 'min_child_samples': np.int64(99), 'max_depth': np.int64(12)}",paper,Fair-transport,,0.4,0.4270557029177719,0.19471413160733547,True,completed_without_exception,optimal,,0.09785469999769703,optimal,,,,,,0.25674909095535103,0.49764654463196717,CLARABEL,OSQP
DRUG,4,4,40777,reglog,{},paper,Unfair,,,0.47214854111405835,0.3541986033043774,True,not_applicable,not applicable,0.0,0.0,not_applicable,,,,,,,,,
DRUG,4,4,40777,reglog,{},paper,Our Eps-Fair,0.0,,0.4376657824933687,0.037926531539204,True,0,Optimization terminated successfully,16.0,0.03596079999988433,completed_without_exception,,,,,,,,,
DRUG,4,4,40777,reglog,{},paper,Our Eps-Fair,0.1,,0.47214854111405835,0.09751320047692047,True,0,Optimization terminated successfully,21.0,0.05864389999987907,completed_without_exception,,,,,,,,,
DRUG,4,4,40777,reglog,{},paper,Our Eps-Fair,0.2,,0.46419098143236076,0.2025492533923806,True,0,Optimization terminated successfully,11.0,0.022837000000436092,completed_without_exception,,,,,,,,,
DRUG,4,4,40777,reglog,{},paper,Our Eps-Fair,0.3,,0.47214854111405835,0.33770510418440924,True,0,Optimization terminated successfully,9.0,0.016961299999820767,completed_without_exception,,,,,,,,,
DRUG,4,4,40777,reglog,{},paper,Our Eps-Fair,0.4,,0.47214854111405835,0.3541986033043774,True,0,Optimization terminated successfully,1.0,0.002147399998648325,completed_without_exception,,,,,,,,,
DRUG,4,4,40777,reglog,{},paper,Our Eps-Fair,0.5,,0.47214854111405835,0.3541986033043774,True,0,Optimization terminated successfully,1.0,0.0022392999999283347,completed_without_exception,,,,,,,,,
DRUG,4,4,40777,reglog,{},paper,FairProjection,,0.0,,,False,failed,RuntimeError('`tf.data.Dataset` only supports Python-style iteration in eager mode or within tf.function.'),,,not_completed,,2.0,500.0,cross-entropy,tf,,,,
DRUG,4,4,40777,reglog,{},paper,FairProjection,,0.1,,,False,failed,RuntimeError('`tf.data.Dataset` only supports Python-style iteration in eager mode or within tf.function.'),,,not_completed,,2.0,500.0,cross-entropy,tf,,,,
DRUG,4,4,40777,reglog,{},paper,FairProjection,,0.2,,,False,failed,RuntimeError('`tf.data.Dataset` only supports Python-style iteration in eager mode or within tf.function.'),,,not_completed,,2.0,500.0,cross-entropy,tf,,,,
DRUG,4,4,40777,reglog,{},paper,FairProjection,,0.5,,,False,failed,RuntimeError('`tf.data.Dataset` only supports Python-style iteration in eager mode or within tf.function.'),,,not_completed,,2.0,500.0,cross-entropy,tf,,,,
DRUG,4,4,40777,reglog,{},paper,FairProjection,,0.75,,,False,failed,RuntimeError('`tf.data.Dataset` only supports Python-style iteration in eager mode or within tf.function.'),,,not_completed,,2.0,500.0,cross-entropy,tf,,,,
DRUG,4,4,40777,reglog,{},paper,Fair-transport,,0.0,0.4270557029177719,0.07559756997672173,True,completed_without_exception,optimal,,0.10119140000097104,optimal,,,,,,3.5449358448680357e-09,0.5867949103038682,CLARABEL,OSQP
DRUG,4,4,40777,reglog,{},paper,Fair-transport,,0.1,0.47480106100795755,0.14705047408164423,True,completed_without_exception,optimal,,0.10080799999923329,optimal,,,,,,0.10000000275297813,0.5668095730121367,CLARABEL,OSQP
DRUG,4,4,40777,reglog,{},paper,Fair-transport,,0.2,0.46153846153846156,0.2025492533923806,True,completed_without_exception,optimal,,0.10229180000169436,optimal,,,,,,0.20000000038404198,0.558660855443916,CLARABEL,OSQP
DRUG,4,4,40777,reglog,{},paper,Fair-transport,,0.3,0.4827586206896552,0.33571793561573837,True,completed_without_exception,optimal,,0.1010729999979958,optimal,,,,,,0.3000000035198005,0.5563154514431441,CLARABEL,OSQP
DRUG,4,4,40777,reglog,{},paper,Fair-transport,,0.4,0.47214854111405835,0.3951342758189973,True,completed_without_exception,optimal,,0.09919629999785684,optimal,,,,,,0.3435066998102774,0.5561120886795294,CLARABEL,OSQP
DRUG,4,4,40777,RF,"{'n_estimators': np.int64(116), 'min_samples_split': np.int64(8), 'min_samples_leaf': np.int64(6), 'max_depth': np.int64(3)}",paper,Unfair,,,0.46684350132625996,0.19559416340203262,True,not_applicable,not applicable,0.0,0.0,not_applicable,,,,,,,,,
DRUG,4,4,40777,RF,"{'n_estimators': np.int64(116), 'min_samples_split': np.int64(8), 'min_samples_leaf': np.int64(6), 'max_depth': np.int64(3)}",paper,Our Eps-Fair,0.0,,0.47745358090185674,0.043831261000397415,True,0,Optimization terminated successfully,28.0,0.05621630000314326,completed_without_exception,,,,,,,,,
DRUG,4,4,40777,RF,"{'n_estimators': np.int64(116), 'min_samples_split': np.int64(8), 'min_samples_leaf': np.int64(6), 'max_depth': np.int64(3)}",paper,Our Eps-Fair,0.1,,0.4986737400530504,0.10418440924317263,True,0,Optimization terminated successfully,16.0,0.03106630000183941,completed_without_exception,,,,,,,,,
DRUG,4,4,40777,RF,"{'n_estimators': np.int64(116), 'min_samples_split': np.int64(8), 'min_samples_leaf': np.int64(6), 'max_depth': np.int64(3)}",paper,Our Eps-Fair,0.2,,0.46949602122015915,0.18974621018565835,True,0,Optimization terminated successfully,11.0,0.021268500000587665,completed_without_exception,,,,,,,,,
DRUG,4,4,40777,RF,"{'n_estimators': np.int64(116), 'min_samples_split': np.int64(8), 'min_samples_leaf': np.int64(6), 'max_depth': np.int64(3)}",paper,Our Eps-Fair,0.3,,0.46684350132625996,0.19559416340203262,True,0,Optimization terminated successfully,1.0,0.001973099999304395,completed_without_exception,,,,,,,,,
DRUG,4,4,40777,RF,"{'n_estimators': np.int64(116), 'min_samples_split': np.int64(8), 'min_samples_leaf': np.int64(6), 'max_depth': np.int64(3)}",paper,Our Eps-Fair,0.4,,0.46684350132625996,0.19559416340203262,True,0,Optimization terminated successfully,1.0,0.0018820000004780013,completed_without_exception,,,,,,,,,
DRUG,4,4,40777,RF,"{'n_estimators': np.int64(116), 'min_samples_split': np.int64(8), 'min_samples_leaf': np.int64(6), 'max_depth': np.int64(3)}",paper,Our Eps-Fair,0.5,,0.46684350132625996,0.19559416340203262,True,0,Optimization terminated successfully,1.0,0.0019289999981992878,completed_without_exception,,,,,,,,,
DRUG,4,4,40777,RF,"{'n_estimators': np.int64(116), 'min_samples_split': np.int64(8), 'min_samples_leaf': np.int64(6), 'max_depth': np.int64(3)}",paper,FairProjection,,0.0,,,False,failed,RuntimeError('`tf.data.Dataset` only supports Python-style iteration in eager mode or within tf.function.'),,,not_completed,,2.0,500.0,cross-entropy,tf,,,,
DRUG,4,4,40777,RF,"{'n_estimators': np.int64(116), 'min_samples_split': np.int64(8), 'min_samples_leaf': np.int64(6), 'max_depth': np.int64(3)}",paper,FairProjection,,0.1,,,False,failed,RuntimeError('`tf.data.Dataset` only supports Python-style iteration in eager mode or within tf.function.'),,,not_completed,,2.0,500.0,cross-entropy,tf,,,,
DRUG,4,4,40777,RF,"{'n_estimators': np.int64(116), 'min_samples_split': np.int64(8), 'min_samples_leaf': np.int64(6), 'max_depth': np.int64(3)}",paper,FairProjection,,0.2,,,False,failed,RuntimeError('`tf.data.Dataset` only supports Python-style iteration in eager mode or within tf.function.'),,,not_completed,,2.0,500.0,cross-entropy,tf,,,,
DRUG,4,4,40777,RF,"{'n_estimators': np.int64(116), 'min_samples_split': np.int64(8), 'min_samples_leaf': np.int64(6), 'max_depth': np.int64(3)}",paper,FairProjection,,0.5,,,False,failed,RuntimeError('`tf.data.Dataset` only supports Python-style iteration in eager mode or within tf.function.'),,,not_completed,,2.0,500.0,cross-entropy,tf,,,,
DRUG,4,4,40777,RF,"{'n_estimators': np.int64(116), 'min_samples_split': np.int64(8), 'min_samples_leaf': np.int64(6), 'max_depth': np.int64(3)}",paper,FairProjection,,0.75,,,False,failed,RuntimeError('`tf.data.Dataset` only supports Python-style iteration in eager mode or within tf.function.'),,,not_completed,,2.0,500.0,cross-entropy,tf,,,,
DRUG,4,4,40777,RF,"{'n_estimators': np.int64(116), 'min_samples_split': np.int64(8), 'min_samples_leaf': np.int64(6), 'max_depth': np.int64(3)}",paper,Fair-transport,,0.0,0.47745358090185674,0.15261454607392266,True,completed_without_exception,optimal,,0.10603479999917909,optimal,,,,,,1.6547287290391566e-08,0.6256188997612266,CLARABEL,OSQP
DRUG,4,4,40777,RF,"{'n_estimators': np.int64(116), 'min_samples_split': np.int64(8), 'min_samples_leaf': np.int64(6), 'max_depth': np.int64(3)}",paper,Fair-transport,,0.1,0.46153846153846156,0.19156305001987167,True,completed_without_exception,optimal,,0.10394250000172178,optimal,,,,,,0.10000001563870625,0.6159882777203994,CLARABEL,OSQP
DRUG,4,4,40777,RF,"{'n_estimators': np.int64(116), 'min_samples_split': np.int64(8), 'min_samples_leaf': np.int64(6), 'max_depth': np.int64(3)}",paper,Fair-transport,,0.2,0.48010610079575594,0.16723442911485836,True,completed_without_exception,optimal,,0.10343790000115405,optimal,,,,,,0.1999999954938524,0.6138963860643902,CLARABEL,OSQP
DRUG,4,4,40777,RF,"{'n_estimators': np.int64(116), 'min_samples_split': np.int64(8), 'min_samples_leaf': np.int64(6), 'max_depth': np.int64(3)}",paper,Fair-transport,,0.3,0.4588859416445623,0.20729006983478115,True,completed_without_exception,optimal,,0.07897820000289357,optimal,,,,,,0.20770105090489205,0.6138945014077386,CLARABEL,OSQP
DRUG,4,4,40777,RF,"{'n_estimators': np.int64(116), 'min_samples_split': np.int64(8), 'min_samples_leaf': np.int64(6), 'max_depth': np.int64(3)}",paper,Fair-transport,,0.4,0.4588859416445623,0.20729006983478115,True,completed_without_exception,optimal,,0.07412699999622419,optimal,,,,,,0.20770105085665494,0.6138945013886152,CLARABEL,OSQP
DRUG,4,4,40777,GBM,"{'reg_lambda': 20, 'reg_alpha': 0.1, 'num_leaves': np.int64(35), 'n_estimators': np.int64(110), 'min_child_samples': np.int64(46), 'max_depth': np.int64(2)}",paper,Unfair,,,0.46684350132625996,0.31817407596661557,True,not_applicable,not applicable,0.0,0.0,not_applicable,,,,,,,,,
DRUG,4,4,40777,GBM,"{'reg_lambda': 20, 'reg_alpha': 0.1, 'num_leaves': np.int64(35), 'n_estimators': np.int64(110), 'min_child_samples': np.int64(46), 'max_depth': np.int64(2)}",paper,Our Eps-Fair,0.0,,0.44562334217506633,0.16067677283824447,True,0,Optimization terminated successfully,19.0,0.04090910000013537,completed_without_exception,,,,,,,,,
DRUG,4,4,40777,GBM,"{'reg_lambda': 20, 'reg_alpha': 0.1, 'num_leaves': np.int64(35), 'n_estimators': np.int64(110), 'min_child_samples': np.int64(46), 'max_depth': np.int64(2)}",paper,Our Eps-Fair,0.1,,0.47745358090185674,0.20916368591381368,True,0,Optimization terminated successfully,16.0,0.04132169999866164,completed_without_exception,,,,,,,,,
DRUG,4,4,40777,GBM,"{'reg_lambda': 20, 'reg_alpha': 0.1, 'num_leaves': np.int64(35), 'n_estimators': np.int64(110), 'min_child_samples': np.int64(46), 'max_depth': np.int64(2)}",paper,Our Eps-Fair,0.2,,0.46419098143236076,0.3123261227502413,True,0,Optimization terminated successfully,10.0,0.02546019999863347,completed_without_exception,,,,,,,,,
DRUG,4,4,40777,GBM,"{'reg_lambda': 20, 'reg_alpha': 0.1, 'num_leaves': np.int64(35), 'n_estimators': np.int64(110), 'min_child_samples': np.int64(46), 'max_depth': np.int64(2)}",paper,Our Eps-Fair,0.3,,0.46684350132625996,0.31817407596661557,True,0,Optimization terminated successfully,4.0,0.008573300001444295,completed_without_exception,,,,,,,,,
DRUG,4,4,40777,GBM,"{'reg_lambda': 20, 'reg_alpha': 0.1, 'num_leaves': np.int64(35), 'n_estimators': np.int64(110), 'min_child_samples': np.int64(46), 'max_depth': np.int64(2)}",paper,Our Eps-Fair,0.4,,0.46684350132625996,0.31817407596661557,True,0,Optimization terminated successfully,1.0,0.0021020000021962915,completed_without_exception,,,,,,,,,
DRUG,4,4,40777,GBM,"{'reg_lambda': 20, 'reg_alpha': 0.1, 'num_leaves': np.int64(35), 'n_estimators': np.int64(110), 'min_child_samples': np.int64(46), 'max_depth': np.int64(2)}",paper,Our Eps-Fair,0.5,,0.46684350132625996,0.31817407596661557,True,0,Optimization terminated successfully,1.0,0.0021050999966973905,completed_without_exception,,,,,,,,,
DRUG,4,4,40777,GBM,"{'reg_lambda': 20, 'reg_alpha': 0.1, 'num_leaves': np.int64(35), 'n_estimators': np.int64(110), 'min_child_samples': np.int64(46), 'max_depth': np.int64(2)}",paper,FairProjection,,0.0,,,False,failed,RuntimeError('`tf.data.Dataset` only supports Python-style iteration in eager mode or within tf.function.'),,,not_completed,,2.0,500.0,cross-entropy,tf,,,,
DRUG,4,4,40777,GBM,"{'reg_lambda': 20, 'reg_alpha': 0.1, 'num_leaves': np.int64(35), 'n_estimators': np.int64(110), 'min_child_samples': np.int64(46), 'max_depth': np.int64(2)}",paper,FairProjection,,0.1,,,False,failed,RuntimeError('`tf.data.Dataset` only supports Python-style iteration in eager mode or within tf.function.'),,,not_completed,,2.0,500.0,cross-entropy,tf,,,,
DRUG,4,4,40777,GBM,"{'reg_lambda': 20, 'reg_alpha': 0.1, 'num_leaves': np.int64(35), 'n_estimators': np.int64(110), 'min_child_samples': np.int64(46), 'max_depth': np.int64(2)}",paper,FairProjection,,0.2,,,False,failed,RuntimeError('`tf.data.Dataset` only supports Python-style iteration in eager mode or within tf.function.'),,,not_completed,,2.0,500.0,cross-entropy,tf,,,,
DRUG,4,4,40777,GBM,"{'reg_lambda': 20, 'reg_alpha': 0.1, 'num_leaves': np.int64(35), 'n_estimators': np.int64(110), 'min_child_samples': np.int64(46), 'max_depth': np.int64(2)}",paper,FairProjection,,0.5,,,False,failed,RuntimeError('`tf.data.Dataset` only supports Python-style iteration in eager mode or within tf.function.'),,,not_completed,,2.0,500.0,cross-entropy,tf,,,,
DRUG,4,4,40777,GBM,"{'reg_lambda': 20, 'reg_alpha': 0.1, 'num_leaves': np.int64(35), 'n_estimators': np.int64(110), 'min_child_samples': np.int64(46), 'max_depth': np.int64(2)}",paper,FairProjection,,0.75,,,False,failed,RuntimeError('`tf.data.Dataset` only supports Python-style iteration in eager mode or within tf.function.'),,,not_completed,,2.0,500.0,cross-entropy,tf,,,,
DRUG,4,4,40777,GBM,"{'reg_lambda': 20, 'reg_alpha': 0.1, 'num_leaves': np.int64(35), 'n_estimators': np.int64(110), 'min_child_samples': np.int64(46), 'max_depth': np.int64(2)}",paper,Fair-transport,,0.0,0.4482758620689655,0.15968318855390903,True,completed_without_exception,optimal,,0.11529950000476674,optimal,,,,,,9.470488282481426e-10,0.5333746768358995,CLARABEL,OSQP
DRUG,4,4,40777,GBM,"{'reg_lambda': 20, 'reg_alpha': 0.1, 'num_leaves': np.int64(35), 'n_estimators': np.int64(110), 'min_child_samples': np.int64(46), 'max_depth': np.int64(2)}",paper,Fair-transport,,0.1,0.4827586206896552,0.20916368591381368,True,completed_without_exception,optimal,,0.09805319999577478,optimal,,,,,,0.10000001922790949,0.5106006517872945,CLARABEL,OSQP
DRUG,4,4,40777,GBM,"{'reg_lambda': 20, 'reg_alpha': 0.1, 'num_leaves': np.int64(35), 'n_estimators': np.int64(110), 'min_child_samples': np.int64(46), 'max_depth': np.int64(2)}",paper,Fair-transport,,0.2,0.46684350132625996,0.3230284448986544,True,completed_without_exception,optimal,,0.1030676999980642,optimal,,,,,,0.2000000010790675,0.5054402255818714,CLARABEL,OSQP
DRUG,4,4,40777,GBM,"{'reg_lambda': 20, 'reg_alpha': 0.1, 'num_leaves': np.int64(35), 'n_estimators': np.int64(110), 'min_child_samples': np.int64(46), 'max_depth': np.int64(2)}",paper,Fair-transport,,0.3,0.46684350132625996,0.31817407596661557,True,completed_without_exception,optimal,,0.08439179999550106,optimal,,,,,,0.29999999564031143,0.5046837204808694,CLARABEL,OSQP
DRUG,4,4,40777,GBM,"{'reg_lambda': 20, 'reg_alpha': 0.1, 'num_leaves': np.int64(35), 'n_estimators': np.int64(110), 'min_child_samples': np.int64(46), 'max_depth': np.int64(2)}",paper,Fair-transport,,0.4,0.46684350132625996,0.3054845852495316,True,completed_without_exception,optimal,,0.09365739999702782,optimal,,,,,,0.3006535856379291,0.5046835107732459,CLARABEL,OSQP
DRUG,4,5,50777,reglog,{},paper,Unfair,,,0.46153846153846156,0.37742008743541705,True,not_applicable,not applicable,0.0,0.0,not_applicable,,,,,,,,,
DRUG,4,5,50777,reglog,{},paper,Our Eps-Fair,0.0,,0.4323607427055703,0.11465962641230906,True,0,Optimization terminated successfully,15.0,0.031737999997858424,completed_without_exception,,,,,,,,,
DRUG,4,5,50777,reglog,{},paper,Our Eps-Fair,0.1,,0.46153846153846156,0.1495770169760972,True,0,Optimization terminated successfully,17.0,0.04340720000254805,completed_without_exception,,,,,,,,,
DRUG,4,5,50777,reglog,{},paper,Our Eps-Fair,0.2,,0.46684350132625996,0.22080281610174302,True,0,Optimization terminated successfully,12.0,0.028408199999830686,completed_without_exception,,,,,,,,,
DRUG,4,5,50777,reglog,{},paper,Our Eps-Fair,0.3,,0.46949602122015915,0.2870606938057117,True,0,Optimization terminated successfully,9.0,0.016958799998974428,completed_without_exception,,,,,,,,,
DRUG,4,5,50777,reglog,{},paper,Our Eps-Fair,0.4,,0.46153846153846156,0.37742008743541705,True,0,Optimization terminated successfully,1.0,0.0022912999993423,completed_without_exception,,,,,,,,,
DRUG,4,5,50777,reglog,{},paper,Our Eps-Fair,0.5,,0.46153846153846156,0.37742008743541705,True,0,Optimization terminated successfully,1.0,0.002053899999737041,completed_without_exception,,,,,,,,,
DRUG,4,5,50777,reglog,{},paper,FairProjection,,0.0,,,False,failed,RuntimeError('`tf.data.Dataset` only supports Python-style iteration in eager mode or within tf.function.'),,,not_completed,,2.0,500.0,cross-entropy,tf,,,,
DRUG,4,5,50777,reglog,{},paper,FairProjection,,0.1,,,False,failed,RuntimeError('`tf.data.Dataset` only supports Python-style iteration in eager mode or within tf.function.'),,,not_completed,,2.0,500.0,cross-entropy,tf,,,,
DRUG,4,5,50777,reglog,{},paper,FairProjection,,0.2,,,False,failed,RuntimeError('`tf.data.Dataset` only supports Python-style iteration in eager mode or within tf.function.'),,,not_completed,,2.0,500.0,cross-entropy,tf,,,,
DRUG,4,5,50777,reglog,{},paper,FairProjection,,0.5,,,False,failed,RuntimeError('`tf.data.Dataset` only supports Python-style iteration in eager mode or within tf.function.'),,,not_completed,,2.0,500.0,cross-entropy,tf,,,,
DRUG,4,5,50777,reglog,{},paper,FairProjection,,0.75,,,False,failed,RuntimeError('`tf.data.Dataset` only supports Python-style iteration in eager mode or within tf.function.'),,,not_completed,,2.0,500.0,cross-entropy,tf,,,,
DRUG,4,5,50777,reglog,{},paper,Fair-transport,,0.0,0.41644562334217505,0.1207914608527792,True,completed_without_exception,optimal,,0.0980941999987408,optimal,,,,,,6.958210785334984e-09,0.5927539077746335,CLARABEL,OSQP
DRUG,4,5,50777,reglog,{},paper,Fair-transport,,0.1,0.46684350132625996,0.21308124680633622,True,completed_without_exception,optimal,,0.09810690000085742,optimal,,,,,,0.10000000649883067,0.5751809736057498,CLARABEL,OSQP
DRUG,4,5,50777,reglog,{},paper,Fair-transport,,0.2,0.46949602122015915,0.2441946289672401,True,completed_without_exception,optimal,,0.09342360000300687,optimal,,,,,,0.20000000087855346,0.5683469313225115,CLARABEL,OSQP
DRUG,4,5,50777,reglog,{},paper,Fair-transport,,0.3,0.46684350132625996,0.27624481916766025,True,completed_without_exception,optimal,,0.09274740000182646,optimal,,,,,,0.3000000064821306,0.5666055780896564,CLARABEL,OSQP
DRUG,4,5,50777,reglog,{},paper,Fair-transport,,0.4,0.46419098143236076,0.3871288252994947,True,completed_without_exception,optimal,,0.0920752000020002,optimal,,,,,,0.35873829839872323,0.5662102273927079,CLARABEL,OSQP
DRUG,4,5,50777,RF,"{'n_estimators': np.int64(73), 'min_samples_split': np.int64(3), 'min_samples_leaf': np.int64(7), 'max_depth': np.int64(2)}",paper,Unfair,,,0.4509283819628647,0.22781468233691027,True,not_applicable,not applicable,0.0,0.0,not_applicable,,,,,,,,,
DRUG,4,5,50777,RF,"{'n_estimators': np.int64(73), 'min_samples_split': np.int64(3), 'min_samples_leaf': np.int64(7), 'max_depth': np.int64(2)}",paper,Our Eps-Fair,0.0,,0.44562334217506633,0.08207006188610685,True,0,Optimization terminated successfully,15.0,0.026383600001281593,completed_without_exception,,,,,,,,,
DRUG,4,5,50777,RF,"{'n_estimators': np.int64(73), 'min_samples_split': np.int64(3), 'min_samples_leaf': np.int64(7), 'max_depth': np.int64(2)}",paper,Our Eps-Fair,0.1,,0.44562334217506633,0.09458922386873331,True,0,Optimization terminated successfully,19.0,0.0340704000009282,completed_without_exception,,,,,,,,,
DRUG,4,5,50777,RF,"{'n_estimators': np.int64(73), 'min_samples_split': np.int64(3), 'min_samples_leaf': np.int64(7), 'max_depth': np.int64(2)}",paper,Our Eps-Fair,0.2,,0.44562334217506633,0.19091012320445125,True,0,Optimization terminated successfully,7.0,0.011965199999394827,completed_without_exception,,,,,,,,,
DRUG,4,5,50777,RF,"{'n_estimators': np.int64(73), 'min_samples_split': np.int64(3), 'min_samples_leaf': np.int64(7), 'max_depth': np.int64(2)}",paper,Our Eps-Fair,0.3,,0.4509283819628647,0.22781468233691027,True,0,Optimization terminated successfully,1.0,0.0017917000004672445,completed_without_exception,,,,,,,,,
DRUG,4,5,50777,RF,"{'n_estimators': np.int64(73), 'min_samples_split': np.int64(3), 'min_samples_leaf': np.int64(7), 'max_depth': np.int64(2)}",paper,Our Eps-Fair,0.4,,0.4509283819628647,0.22781468233691027,True,0,Optimization terminated successfully,1.0,0.0017944999999599531,completed_without_exception,,,,,,,,,
DRUG,4,5,50777,RF,"{'n_estimators': np.int64(73), 'min_samples_split': np.int64(3), 'min_samples_leaf': np.int64(7), 'max_depth': np.int64(2)}",paper,Our Eps-Fair,0.5,,0.4509283819628647,0.22781468233691027,True,0,Optimization terminated successfully,1.0,0.0016971000004559755,completed_without_exception,,,,,,,,,
DRUG,4,5,50777,RF,"{'n_estimators': np.int64(73), 'min_samples_split': np.int64(3), 'min_samples_leaf': np.int64(7), 'max_depth': np.int64(2)}",paper,FairProjection,,0.0,,,False,failed,RuntimeError('`tf.data.Dataset` only supports Python-style iteration in eager mode or within tf.function.'),,,not_completed,,2.0,500.0,cross-entropy,tf,,,,
DRUG,4,5,50777,RF,"{'n_estimators': np.int64(73), 'min_samples_split': np.int64(3), 'min_samples_leaf': np.int64(7), 'max_depth': np.int64(2)}",paper,FairProjection,,0.1,,,False,failed,RuntimeError('`tf.data.Dataset` only supports Python-style iteration in eager mode or within tf.function.'),,,not_completed,,2.0,500.0,cross-entropy,tf,,,,
DRUG,4,5,50777,RF,"{'n_estimators': np.int64(73), 'min_samples_split': np.int64(3), 'min_samples_leaf': np.int64(7), 'max_depth': np.int64(2)}",paper,FairProjection,,0.2,,,False,failed,RuntimeError('`tf.data.Dataset` only supports Python-style iteration in eager mode or within tf.function.'),,,not_completed,,2.0,500.0,cross-entropy,tf,,,,
DRUG,4,5,50777,RF,"{'n_estimators': np.int64(73), 'min_samples_split': np.int64(3), 'min_samples_leaf': np.int64(7), 'max_depth': np.int64(2)}",paper,FairProjection,,0.5,,,False,failed,RuntimeError('`tf.data.Dataset` only supports Python-style iteration in eager mode or within tf.function.'),,,not_completed,,2.0,500.0,cross-entropy,tf,,,,
DRUG,4,5,50777,RF,"{'n_estimators': np.int64(73), 'min_samples_split': np.int64(3), 'min_samples_leaf': np.int64(7), 'max_depth': np.int64(2)}",paper,FairProjection,,0.75,,,False,failed,RuntimeError('`tf.data.Dataset` only supports Python-style iteration in eager mode or within tf.function.'),,,not_completed,,2.0,500.0,cross-entropy,tf,,,,
DRUG,4,5,50777,RF,"{'n_estimators': np.int64(73), 'min_samples_split': np.int64(3), 'min_samples_leaf': np.int64(7), 'max_depth': np.int64(2)}",paper,Fair-transport,,0.0,0.44297082228116713,0.06938057116902288,True,completed_without_exception,optimal,,0.08201379999445635,optimal,,,,,,1.0196629096625998e-09,0.6562719094439384,CLARABEL,OSQP
DRUG,4,5,50777,RF,"{'n_estimators': np.int64(73), 'min_samples_split': np.int64(3), 'min_samples_leaf': np.int64(7), 'max_depth': np.int64(2)}",paper,Fair-transport,,0.1,0.4482758620689655,0.07903253278828137,True,completed_without_exception,optimal,,0.07350379999843426,optimal,,,,,,0.10000000051898167,0.6484321853726869,CLARABEL,OSQP
DRUG,4,5,50777,RF,"{'n_estimators': np.int64(73), 'min_samples_split': np.int64(3), 'min_samples_leaf': np.int64(7), 'max_depth': np.int64(2)}",paper,Fair-transport,,0.2,0.4403183023872679,0.16314653948787827,True,completed_without_exception,optimal,,0.09276609999869834,optimal,,,,,,0.20000000507963883,0.6465899375223839,CLARABEL,OSQP
DRUG,4,5,50777,RF,"{'n_estimators': np.int64(73), 'min_samples_split': np.int64(3), 'min_samples_leaf': np.int64(7), 'max_depth': np.int64(2)}",paper,Fair-transport,,0.3,0.4509283819628647,0.22957474592630445,True,completed_without_exception,optimal,,0.09156929999880958,optimal,,,,,,0.23964200299706015,0.6465174342544815,CLARABEL,OSQP
DRUG,4,5,50777,RF,"{'n_estimators': np.int64(73), 'min_samples_split': np.int64(3), 'min_samples_leaf': np.int64(7), 'max_depth': np.int64(2)}",paper,Fair-transport,,0.4,0.44562334217506633,0.2648895702038267,True,completed_without_exception,optimal,,0.09358780000184197,optimal,,,,,,0.23964195902678107,0.6465174333319065,CLARABEL,OSQP
DRUG,4,5,50777,GBM,"{'reg_lambda': 0, 'reg_alpha': 20, 'num_leaves': np.int64(32), 'n_estimators': np.int64(157), 'min_child_samples': np.int64(75), 'max_depth': np.int64(15)}",paper,Unfair,,,0.4482758620689655,0.28904786237438257,True,not_applicable,not applicable,0.0,0.0,not_applicable,,,,,,,,,
DRUG,4,5,50777,GBM,"{'reg_lambda': 0, 'reg_alpha': 20, 'num_leaves': np.int64(32), 'n_estimators': np.int64(157), 'min_child_samples': np.int64(75), 'max_depth': np.int64(15)}",paper,Our Eps-Fair,0.0,,0.44297082228116713,0.10120365639016635,True,0,Optimization terminated successfully,18.0,0.044698699999571545,completed_without_exception,,,,,,,,,
DRUG,4,5,50777,GBM,"{'reg_lambda': 0, 'reg_alpha': 20, 'num_leaves': np.int64(32), 'n_estimators': np.int64(157), 'min_child_samples': np.int64(75), 'max_depth': np.int64(15)}",paper,Our Eps-Fair,0.1,,0.46684350132625996,0.14108896837563162,True,0,Optimization terminated successfully,19.0,0.037406300001748605,completed_without_exception,,,,,,,,,
DRUG,4,5,50777,GBM,"{'reg_lambda': 0, 'reg_alpha': 20, 'num_leaves': np.int64(32), 'n_estimators': np.int64(157), 'min_child_samples': np.int64(75), 'max_depth': np.int64(15)}",paper,Our Eps-Fair,0.2,,0.4588859416445623,0.26664963379322093,True,0,Optimization terminated successfully,16.0,0.03152810000028694,completed_without_exception,,,,,,,,,
DRUG,4,5,50777,GBM,"{'reg_lambda': 0, 'reg_alpha': 20, 'num_leaves': np.int64(32), 'n_estimators': np.int64(157), 'min_child_samples': np.int64(75), 'max_depth': np.int64(15)}",paper,Our Eps-Fair,0.3,,0.4482758620689655,0.28904786237438257,True,0,Optimization terminated successfully,1.0,0.0019305000023450702,completed_without_exception,,,,,,,,,
DRUG,4,5,50777,GBM,"{'reg_lambda': 0, 'reg_alpha': 20, 'num_leaves': np.int64(32), 'n_estimators': np.int64(157), 'min_child_samples': np.int64(75), 'max_depth': np.int64(15)}",paper,Our Eps-Fair,0.4,,0.4482758620689655,0.28904786237438257,True,0,Optimization terminated successfully,1.0,0.0019891000010829885,completed_without_exception,,,,,,,,,
DRUG,4,5,50777,GBM,"{'reg_lambda': 0, 'reg_alpha': 20, 'num_leaves': np.int64(32), 'n_estimators': np.int64(157), 'min_child_samples': np.int64(75), 'max_depth': np.int64(15)}",paper,Our Eps-Fair,0.5,,0.4482758620689655,0.28904786237438257,True,0,Optimization terminated successfully,1.0,0.0018955000014102552,completed_without_exception,,,,,,,,,
DRUG,4,5,50777,GBM,"{'reg_lambda': 0, 'reg_alpha': 20, 'num_leaves': np.int64(32), 'n_estimators': np.int64(157), 'min_child_samples': np.int64(75), 'max_depth': np.int64(15)}",paper,FairProjection,,0.0,,,False,failed,RuntimeError('`tf.data.Dataset` only supports Python-style iteration in eager mode or within tf.function.'),,,not_completed,,2.0,500.0,cross-entropy,tf,,,,
DRUG,4,5,50777,GBM,"{'reg_lambda': 0, 'reg_alpha': 20, 'num_leaves': np.int64(32), 'n_estimators': np.int64(157), 'min_child_samples': np.int64(75), 'max_depth': np.int64(15)}",paper,FairProjection,,0.1,,,False,failed,RuntimeError('`tf.data.Dataset` only supports Python-style iteration in eager mode or within tf.function.'),,,not_completed,,2.0,500.0,cross-entropy,tf,,,,
DRUG,4,5,50777,GBM,"{'reg_lambda': 0, 'reg_alpha': 20, 'num_leaves': np.int64(32), 'n_estimators': np.int64(157), 'min_child_samples': np.int64(75), 'max_depth': np.int64(15)}",paper,FairProjection,,0.2,,,False,failed,RuntimeError('`tf.data.Dataset` only supports Python-style iteration in eager mode or within tf.function.'),,,not_completed,,2.0,500.0,cross-entropy,tf,,,,
DRUG,4,5,50777,GBM,"{'reg_lambda': 0, 'reg_alpha': 20, 'num_leaves': np.int64(32), 'n_estimators': np.int64(157), 'min_child_samples': np.int64(75), 'max_depth': np.int64(15)}",paper,FairProjection,,0.5,,,False,failed,RuntimeError('`tf.data.Dataset` only supports Python-style iteration in eager mode or within tf.function.'),,,not_completed,,2.0,500.0,cross-entropy,tf,,,,
DRUG,4,5,50777,GBM,"{'reg_lambda': 0, 'reg_alpha': 20, 'num_leaves': np.int64(32), 'n_estimators': np.int64(157), 'min_child_samples': np.int64(75), 'max_depth': np.int64(15)}",paper,FairProjection,,0.75,,,False,failed,RuntimeError('`tf.data.Dataset` only supports Python-style iteration in eager mode or within tf.function.'),,,not_completed,,2.0,500.0,cross-entropy,tf,,,,
DRUG,4,5,50777,GBM,"{'reg_lambda': 0, 'reg_alpha': 20, 'num_leaves': np.int64(32), 'n_estimators': np.int64(157), 'min_child_samples': np.int64(75), 'max_depth': np.int64(15)}",paper,Fair-transport,,0.0,0.4535809018567639,0.160506444103787,True,completed_without_exception,optimal,,0.09957809999832534,optimal,,,,,,2.2421107581660493e-08,0.595344989789461,CLARABEL,OSQP
DRUG,4,5,50777,GBM,"{'reg_lambda': 0, 'reg_alpha': 20, 'num_leaves': np.int64(32), 'n_estimators': np.int64(157), 'min_child_samples': np.int64(75), 'max_depth': np.int64(15)}",paper,Fair-transport,,0.1,0.46153846153846156,0.13822176801226366,True,completed_without_exception,optimal,,0.07384489999822108,optimal,,,,,,0.1000000001969848,0.5854029859133983,CLARABEL,OSQP
DRUG,4,5,50777,GBM,"{'reg_lambda': 0, 'reg_alpha': 20, 'num_leaves': np.int64(32), 'n_estimators': np.int64(157), 'min_child_samples': np.int64(75), 'max_depth': np.int64(15)}",paper,Fair-transport,,0.2,0.46684350132625996,0.2763583716572986,True,completed_without_exception,optimal,,0.09122220000062953,optimal,,,,,,0.20000000108172816,0.5825628351031823,CLARABEL,OSQP
DRUG,4,5,50777,GBM,"{'reg_lambda': 0, 'reg_alpha': 20, 'num_leaves': np.int64(32), 'n_estimators': np.int64(157), 'min_child_samples': np.int64(75), 'max_depth': np.int64(15)}",paper,Fair-transport,,0.3,0.46949602122015915,0.267529665587918,True,completed_without_exception,optimal,,0.0955463000027521,optimal,,,,,,0.2731457677177845,0.582344833252634,CLARABEL,OSQP
DRUG,4,5,50777,GBM,"{'reg_lambda': 0, 'reg_alpha': 20, 'num_leaves': np.int64(32), 'n_estimators': np.int64(157), 'min_child_samples': np.int64(75), 'max_depth': np.int64(15)}",paper,Fair-transport,,0.4,0.4482758620689655,0.28904786237438257,True,completed_without_exception,optimal,,0.08198450000054436,optimal,,,,,,0.27314577766048986,0.5823448318884612,CLARABEL,OSQP
DRUG,4,6,60777,reglog,{},paper,Unfair,,,0.47214854111405835,0.36186339635496506,True,not_applicable,not applicable,0.0,0.0,not_applicable,,,,,,,,,
DRUG,4,6,60777,reglog,{},paper,Our Eps-Fair,0.0,,0.4827586206896552,0.05231930960086298,True,0,Optimization terminated successfully,22.0,0.062390200000663754,completed_without_exception,,,,,,,,,
DRUG,4,6,60777,reglog,{},paper,Our Eps-Fair,0.1,,0.4960212201591512,0.10986203372508946,True,0,Optimization terminated successfully,22.0,0.05186719999983325,completed_without_exception,,,,,,,,,
DRUG,4,6,60777,reglog,{},paper,Our Eps-Fair,0.2,,0.4854111405835544,0.18489184125361952,True,0,Optimization terminated successfully,16.0,0.03600980000192067,completed_without_exception,,,,,,,,,
DRUG,4,6,60777,reglog,{},paper,Our Eps-Fair,0.3,,0.47480106100795755,0.2743144268438085,True,0,Optimization terminated successfully,14.0,0.0279618999993545,completed_without_exception,,,,,,,,,
DRUG,4,6,60777,reglog,{},paper,Our Eps-Fair,0.4,,0.47214854111405835,0.36186339635496506,True,0,Optimization terminated successfully,1.0,0.0018892000007326715,completed_without_exception,,,,,,,,,
DRUG,4,6,60777,reglog,{},paper,Our Eps-Fair,0.5,,0.47214854111405835,0.36186339635496506,True,0,Optimization terminated successfully,1.0,0.0020576999995682854,completed_without_exception,,,,,,,,,
DRUG,4,6,60777,reglog,{},paper,FairProjection,,0.0,,,False,failed,RuntimeError('`tf.data.Dataset` only supports Python-style iteration in eager mode or within tf.function.'),,,not_completed,,2.0,500.0,cross-entropy,tf,,,,
DRUG,4,6,60777,reglog,{},paper,FairProjection,,0.1,,,False,failed,RuntimeError('`tf.data.Dataset` only supports Python-style iteration in eager mode or within tf.function.'),,,not_completed,,2.0,500.0,cross-entropy,tf,,,,
DRUG,4,6,60777,reglog,{},paper,FairProjection,,0.2,,,False,failed,RuntimeError('`tf.data.Dataset` only supports Python-style iteration in eager mode or within tf.function.'),,,not_completed,,2.0,500.0,cross-entropy,tf,,,,
DRUG,4,6,60777,reglog,{},paper,FairProjection,,0.5,,,False,failed,RuntimeError('`tf.data.Dataset` only supports Python-style iteration in eager mode or within tf.function.'),,,not_completed,,2.0,500.0,cross-entropy,tf,,,,
DRUG,4,6,60777,reglog,{},paper,FairProjection,,0.75,,,False,failed,RuntimeError('`tf.data.Dataset` only supports Python-style iteration in eager mode or within tf.function.'),,,not_completed,,2.0,500.0,cross-entropy,tf,,,,
DRUG,4,6,60777,reglog,{},paper,Fair-transport,,0.0,0.46684350132625996,0.056180094248566376,True,completed_without_exception,optimal,,0.0979903999977978,optimal,,,,,,8.802576167976639e-10,0.5806345092815195,CLARABEL,OSQP
DRUG,4,6,60777,reglog,{},paper,Fair-transport,,0.1,0.4880636604774536,0.1399818316016579,True,completed_without_exception,optimal,,0.10180000000036671,optimal,,,,,,0.1000000035119068,0.5625629946532109,CLARABEL,OSQP
DRUG,4,6,60777,reglog,{},paper,Fair-transport,,0.2,0.46684350132625996,0.22770112984727192,True,completed_without_exception,optimal,,0.09263620000274386,optimal,,,,,,0.2000000030410967,0.555386836682238,CLARABEL,OSQP
DRUG,4,6,60777,reglog,{},paper,Fair-transport,,0.3,0.47214854111405835,0.24904899789927892,True,completed_without_exception,optimal,,0.09300100000109524,optimal,,,,,,0.3000000055659814,0.5524249934415233,CLARABEL,OSQP
DRUG,4,6,60777,reglog,{},paper,Fair-transport,,0.4,0.47214854111405835,0.3667177652870039,True,completed_without_exception,optimal,,0.06830669999908423,optimal,,,,,,0.3652458077545456,0.5520034909310683,CLARABEL,OSQP
DRUG,4,6,60777,RF,"{'n_estimators': np.int64(99), 'min_samples_split': np.int64(8), 'min_samples_leaf': np.int64(5), 'max_depth': np.int64(14)}",paper,Unfair,,,0.4960212201591512,0.2285243853971498,True,not_applicable,not applicable,0.0,0.0,not_applicable,,,,,,,,,
DRUG,4,6,60777,RF,"{'n_estimators': np.int64(99), 'min_samples_split': np.int64(8), 'min_samples_leaf': np.int64(5), 'max_depth': np.int64(14)}",paper,Our Eps-Fair,0.0,,0.4509283819628647,0.07114063475841709,True,0,Optimization terminated successfully,17.0,0.028778300002159085,completed_without_exception,,,,,,,,,
DRUG,4,6,60777,RF,"{'n_estimators': np.int64(99), 'min_samples_split': np.int64(8), 'min_samples_leaf': np.int64(5), 'max_depth': np.int64(14)}",paper,Our Eps-Fair,0.1,,0.46684350132625996,0.13032986998239934,True,0,Optimization terminated successfully,14.0,0.023290400000405498,completed_without_exception,,,,,,,,,
DRUG,4,6,60777,RF,"{'n_estimators': np.int64(99), 'min_samples_split': np.int64(8), 'min_samples_leaf': np.int64(5), 'max_depth': np.int64(14)}",paper,Our Eps-Fair,0.2,,0.4960212201591512,0.2285243853971498,True,0,Optimization terminated successfully,6.0,0.01122159999795258,completed_without_exception,,,,,,,,,
DRUG,4,6,60777,RF,"{'n_estimators': np.int64(99), 'min_samples_split': np.int64(8), 'min_samples_leaf': np.int64(5), 'max_depth': np.int64(14)}",paper,Our Eps-Fair,0.3,,0.4960212201591512,0.2285243853971498,True,0,Optimization terminated successfully,1.0,0.0019419999989622738,completed_without_exception,,,,,,,,,
DRUG,4,6,60777,RF,"{'n_estimators': np.int64(99), 'min_samples_split': np.int64(8), 'min_samples_leaf': np.int64(5), 'max_depth': np.int64(14)}",paper,Our Eps-Fair,0.4,,0.4960212201591512,0.2285243853971498,True,0,Optimization terminated successfully,1.0,0.0018101999994541984,completed_without_exception,,,,,,,,,
DRUG,4,6,60777,RF,"{'n_estimators': np.int64(99), 'min_samples_split': np.int64(8), 'min_samples_leaf': np.int64(5), 'max_depth': np.int64(14)}",paper,Our Eps-Fair,0.5,,0.4960212201591512,0.2285243853971498,True,0,Optimization terminated successfully,1.0,0.0020054999986314215,completed_without_exception,,,,,,,,,
DRUG,4,6,60777,RF,"{'n_estimators': np.int64(99), 'min_samples_split': np.int64(8), 'min_samples_leaf': np.int64(5), 'max_depth': np.int64(14)}",paper,FairProjection,,0.0,,,False,failed,RuntimeError('`tf.data.Dataset` only supports Python-style iteration in eager mode or within tf.function.'),,,not_completed,,2.0,500.0,cross-entropy,tf,,,,
DRUG,4,6,60777,RF,"{'n_estimators': np.int64(99), 'min_samples_split': np.int64(8), 'min_samples_leaf': np.int64(5), 'max_depth': np.int64(14)}",paper,FairProjection,,0.1,,,False,failed,RuntimeError('`tf.data.Dataset` only supports Python-style iteration in eager mode or within tf.function.'),,,not_completed,,2.0,500.0,cross-entropy,tf,,,,
DRUG,4,6,60777,RF,"{'n_estimators': np.int64(99), 'min_samples_split': np.int64(8), 'min_samples_leaf': np.int64(5), 'max_depth': np.int64(14)}",paper,FairProjection,,0.2,,,False,failed,RuntimeError('`tf.data.Dataset` only supports Python-style iteration in eager mode or within tf.function.'),,,not_completed,,2.0,500.0,cross-entropy,tf,,,,
DRUG,4,6,60777,RF,"{'n_estimators': np.int64(99), 'min_samples_split': np.int64(8), 'min_samples_leaf': np.int64(5), 'max_depth': np.int64(14)}",paper,FairProjection,,0.5,,,False,failed,RuntimeError('`tf.data.Dataset` only supports Python-style iteration in eager mode or within tf.function.'),,,not_completed,,2.0,500.0,cross-entropy,tf,,,,
DRUG,4,6,60777,RF,"{'n_estimators': np.int64(99), 'min_samples_split': np.int64(8), 'min_samples_leaf': np.int64(5), 'max_depth': np.int64(14)}",paper,FairProjection,,0.75,,,False,failed,RuntimeError('`tf.data.Dataset` only supports Python-style iteration in eager mode or within tf.function.'),,,not_completed,,2.0,500.0,cross-entropy,tf,,,,
DRUG,4,6,60777,RF,"{'n_estimators': np.int64(99), 'min_samples_split': np.int64(8), 'min_samples_leaf': np.int64(5), 'max_depth': np.int64(14)}",paper,Fair-transport,,0.0,0.4562334217506631,0.07114063475841709,True,completed_without_exception,optimal,,0.0956402999945567,optimal,,,,,,3.9551953379124427e-10,0.5602465985677616,CLARABEL,OSQP
DRUG,4,6,60777,RF,"{'n_estimators': np.int64(99), 'min_samples_split': np.int64(8), 'min_samples_leaf': np.int64(5), 'max_depth': np.int64(14)}",paper,Fair-transport,,0.1,0.47214854111405835,0.14588656106285128,True,completed_without_exception,optimal,,0.09601909999764757,optimal,,,,,,0.10000001707209025,0.543127910713315,CLARABEL,OSQP
DRUG,4,6,60777,RF,"{'n_estimators': np.int64(99), 'min_samples_split': np.int64(8), 'min_samples_leaf': np.int64(5), 'max_depth': np.int64(14)}",paper,Fair-transport,,0.2,0.4854111405835544,0.23051155396582068,True,completed_without_exception,optimal,,0.06995350000215694,optimal,,,,,,0.2000000001835912,0.5387970862303849,CLARABEL,OSQP
DRUG,4,6,60777,RF,"{'n_estimators': np.int64(99), 'min_samples_split': np.int64(8), 'min_samples_leaf': np.int64(5), 'max_depth': np.int64(14)}",paper,Fair-transport,,0.3,0.4854111405835544,0.24320104468290465,True,completed_without_exception,optimal,,0.08019870000134688,optimal,,,,,,0.21400966242360517,0.5387150999932111,CLARABEL,OSQP
DRUG,4,6,60777,RF,"{'n_estimators': np.int64(99), 'min_samples_split': np.int64(8), 'min_samples_leaf': np.int64(5), 'max_depth': np.int64(14)}",paper,Fair-transport,,0.4,0.48010610079575594,0.24320104468290465,True,completed_without_exception,optimal,,0.08041819999925792,optimal,,,,,,0.21400966220468104,0.5387150999051858,CLARABEL,OSQP
DRUG,4,6,60777,GBM,"{'reg_lambda': 20, 'reg_alpha': 20, 'num_leaves': np.int64(6), 'n_estimators': np.int64(49), 'min_child_samples': np.int64(19), 'max_depth': np.int64(9)}",paper,Unfair,,,0.44297082228116713,0.2148413103957304,True,not_applicable,not applicable,0.0,0.0,not_applicable,,,,,,,,,
DRUG,4,6,60777,GBM,"{'reg_lambda': 20, 'reg_alpha': 20, 'num_leaves': np.int64(6), 'n_estimators': np.int64(49), 'min_child_samples': np.int64(19), 'max_depth': np.int64(9)}",paper,Our Eps-Fair,0.0,,0.4403183023872679,0.02407312780332707,True,0,Optimization terminated successfully,15.0,0.028848000001744367,completed_without_exception,,,,,,,,,
DRUG,4,6,60777,GBM,"{'reg_lambda': 20, 'reg_alpha': 20, 'num_leaves': np.int64(6), 'n_estimators': np.int64(49), 'min_child_samples': np.int64(19), 'max_depth': np.int64(9)}",paper,Our Eps-Fair,0.1,,0.4535809018567639,0.11068528927496735,True,0,Optimization terminated successfully,27.0,0.05565000000206055,completed_without_exception,,,,,,,,,
DRUG,4,6,60777,GBM,"{'reg_lambda': 20, 'reg_alpha': 20, 'num_leaves': np.int64(6), 'n_estimators': np.int64(49), 'min_child_samples': np.int64(19), 'max_depth': np.int64(9)}",paper,Our Eps-Fair,0.2,,0.44297082228116713,0.18074717538182022,True,0,Optimization terminated successfully,11.0,0.02479459999813116,completed_without_exception,,,,,,,,,
DRUG,4,6,60777,GBM,"{'reg_lambda': 20, 'reg_alpha': 20, 'num_leaves': np.int64(6), 'n_estimators': np.int64(49), 'min_child_samples': np.int64(19), 'max_depth': np.int64(9)}",paper,Our Eps-Fair,0.3,,0.44297082228116713,0.2148413103957304,True,0,Optimization terminated successfully,1.0,0.0018975999992107973,completed_without_exception,,,,,,,,,
DRUG,4,6,60777,GBM,"{'reg_lambda': 20, 'reg_alpha': 20, 'num_leaves': np.int64(6), 'n_estimators': np.int64(49), 'min_child_samples': np.int64(19), 'max_depth': np.int64(9)}",paper,Our Eps-Fair,0.4,,0.44297082228116713,0.2148413103957304,True,0,Optimization terminated successfully,1.0,0.0019218000015825965,completed_without_exception,,,,,,,,,
DRUG,4,6,60777,GBM,"{'reg_lambda': 20, 'reg_alpha': 20, 'num_leaves': np.int64(6), 'n_estimators': np.int64(49), 'min_child_samples': np.int64(19), 'max_depth': np.int64(9)}",paper,Our Eps-Fair,0.5,,0.44297082228116713,0.2148413103957304,True,0,Optimization terminated successfully,1.0,0.0018779999991238583,completed_without_exception,,,,,,,,,
DRUG,4,6,60777,GBM,"{'reg_lambda': 20, 'reg_alpha': 20, 'num_leaves': np.int64(6), 'n_estimators': np.int64(49), 'min_child_samples': np.int64(19), 'max_depth': np.int64(9)}",paper,FairProjection,,0.0,,,False,failed,RuntimeError('`tf.data.Dataset` only supports Python-style iteration in eager mode or within tf.function.'),,,not_completed,,2.0,500.0,cross-entropy,tf,,,,
DRUG,4,6,60777,GBM,"{'reg_lambda': 20, 'reg_alpha': 20, 'num_leaves': np.int64(6), 'n_estimators': np.int64(49), 'min_child_samples': np.int64(19), 'max_depth': np.int64(9)}",paper,FairProjection,,0.1,,,False,failed,RuntimeError('`tf.data.Dataset` only supports Python-style iteration in eager mode or within tf.function.'),,,not_completed,,2.0,500.0,cross-entropy,tf,,,,
DRUG,4,6,60777,GBM,"{'reg_lambda': 20, 'reg_alpha': 20, 'num_leaves': np.int64(6), 'n_estimators': np.int64(49), 'min_child_samples': np.int64(19), 'max_depth': np.int64(9)}",paper,FairProjection,,0.2,,,False,failed,RuntimeError('`tf.data.Dataset` only supports Python-style iteration in eager mode or within tf.function.'),,,not_completed,,2.0,500.0,cross-entropy,tf,,,,
DRUG,4,6,60777,GBM,"{'reg_lambda': 20, 'reg_alpha': 20, 'num_leaves': np.int64(6), 'n_estimators': np.int64(49), 'min_child_samples': np.int64(19), 'max_depth': np.int64(9)}",paper,FairProjection,,0.5,,,False,failed,RuntimeError('`tf.data.Dataset` only supports Python-style iteration in eager mode or within tf.function.'),,,not_completed,,2.0,500.0,cross-entropy,tf,,,,
DRUG,4,6,60777,GBM,"{'reg_lambda': 20, 'reg_alpha': 20, 'num_leaves': np.int64(6), 'n_estimators': np.int64(49), 'min_child_samples': np.int64(19), 'max_depth': np.int64(9)}",paper,FairProjection,,0.75,,,False,failed,RuntimeError('`tf.data.Dataset` only supports Python-style iteration in eager mode or within tf.function.'),,,not_completed,,2.0,500.0,cross-entropy,tf,,,,
DRUG,4,6,60777,GBM,"{'reg_lambda': 20, 'reg_alpha': 20, 'num_leaves': np.int64(6), 'n_estimators': np.int64(49), 'min_child_samples': np.int64(19), 'max_depth': np.int64(9)}",paper,Fair-transport,,0.0,0.44297082228116713,0.027933912451030468,True,completed_without_exception,optimal,,0.10381100000086008,optimal,,,,,,1.0226159086190734e-09,0.5994502175256338,CLARABEL,OSQP
DRUG,4,6,60777,GBM,"{'reg_lambda': 20, 'reg_alpha': 20, 'num_leaves': np.int64(6), 'n_estimators': np.int64(49), 'min_child_samples': np.int64(19), 'max_depth': np.int64(9)}",paper,Fair-transport,,0.1,0.4588859416445623,0.10583092034292851,True,completed_without_exception,optimal,,0.09535019999748329,optimal,,,,,,0.10000000051238242,0.5867314609810829,CLARABEL,OSQP
DRUG,4,6,60777,GBM,"{'reg_lambda': 20, 'reg_alpha': 20, 'num_leaves': np.int64(6), 'n_estimators': np.int64(49), 'min_child_samples': np.int64(19), 'max_depth': np.int64(9)}",paper,Fair-transport,,0.2,0.4535809018567639,0.2256004087889627,True,completed_without_exception,optimal,,0.09312000000136322,optimal,,,,,,0.20000000413927238,0.583397148297437,CLARABEL,OSQP
DRUG,4,6,60777,GBM,"{'reg_lambda': 20, 'reg_alpha': 20, 'num_leaves': np.int64(6), 'n_estimators': np.int64(49), 'min_child_samples': np.int64(19), 'max_depth': np.int64(9)}",paper,Fair-transport,,0.3,0.4535809018567639,0.22460682450462727,True,completed_without_exception,optimal,,0.08965139999781968,optimal,,,,,,0.22838875038319537,0.5833014720118981,CLARABEL,OSQP
DRUG,4,6,60777,GBM,"{'reg_lambda': 20, 'reg_alpha': 20, 'num_leaves': np.int64(6), 'n_estimators': np.int64(49), 'min_child_samples': np.int64(19), 'max_depth': np.int64(9)}",paper,Fair-transport,,0.4,0.44562334217506633,0.21384772611139496,True,completed_without_exception,optimal,,0.3009881000034511,optimal,,,,,,0.22838874934682193,0.5833014719423908,CLARABEL,OSQP
DRUG,4,7,70777,reglog,{},paper,Unfair,,,0.46684350132625996,0.3211548288196219,True,not_applicable,not applicable,0.0,0.0,not_applicable,,,,,,,,,
DRUG,4,7,70777,reglog,{},paper,Our Eps-Fair,0.0,,0.4588859416445623,0.06628626582637825,True,0,Optimization terminated successfully,20.0,0.039966000000276836,completed_without_exception,,,,,,,,,
DRUG,4,7,70777,reglog,{},paper,Our Eps-Fair,0.1,,0.46419098143236076,0.09138136603645033,True,0,Optimization terminated successfully,18.0,0.03458830000090529,completed_without_exception,,,,,,,,,
DRUG,4,7,70777,reglog,{},paper,Our Eps-Fair,0.2,,0.47214854111405835,0.1702719582126838,True,0,Optimization terminated successfully,10.0,0.019095899999229005,completed_without_exception,,,,,,,,,
DRUG,4,7,70777,reglog,{},paper,Our Eps-Fair,0.3,,0.46684350132625996,0.2667064100380401,True,0,Optimization terminated successfully,16.0,0.031040100002428517,completed_without_exception,,,,,,,,,
DRUG,4,7,70777,reglog,{},paper,Our Eps-Fair,0.4,,0.46684350132625996,0.3211548288196219,True,0,Optimization terminated successfully,1.0,0.0019298000006529037,completed_without_exception,,,,,,,,,
DRUG,4,7,70777,reglog,{},paper,Our Eps-Fair,0.5,,0.46684350132625996,0.3211548288196219,True,0,Optimization terminated successfully,1.0,0.0018500000005587935,completed_without_exception,,,,,,,,,
DRUG,4,7,70777,reglog,{},paper,FairProjection,,0.0,,,False,failed,RuntimeError('`tf.data.Dataset` only supports Python-style iteration in eager mode or within tf.function.'),,,not_completed,,2.0,500.0,cross-entropy,tf,,,,
DRUG,4,7,70777,reglog,{},paper,FairProjection,,0.1,,,False,failed,RuntimeError('`tf.data.Dataset` only supports Python-style iteration in eager mode or within tf.function.'),,,not_completed,,2.0,500.0,cross-entropy,tf,,,,
DRUG,4,7,70777,reglog,{},paper,FairProjection,,0.2,,,False,failed,RuntimeError('`tf.data.Dataset` only supports Python-style iteration in eager mode or within tf.function.'),,,not_completed,,2.0,500.0,cross-entropy,tf,,,,
DRUG,4,7,70777,reglog,{},paper,FairProjection,,0.5,,,False,failed,RuntimeError('`tf.data.Dataset` only supports Python-style iteration in eager mode or within tf.function.'),,,not_completed,,2.0,500.0,cross-entropy,tf,,,,
DRUG,4,7,70777,reglog,{},paper,FairProjection,,0.75,,,False,failed,RuntimeError('`tf.data.Dataset` only supports Python-style iteration in eager mode or within tf.function.'),,,not_completed,,2.0,500.0,cross-entropy,tf,,,,
DRUG,4,7,70777,reglog,{},paper,Fair-transport,,0.0,0.46684350132625996,0.0952989269289729,True,completed_without_exception,optimal,,0.09621979999792529,optimal,,,,,,2.101158397271874e-08,0.5906327733602452,CLARABEL,OSQP
DRUG,4,7,70777,reglog,{},paper,Fair-transport,,0.1,0.46949602122015915,0.11079884176460567,True,completed_without_exception,optimal,,0.09276279999903636,optimal,,,,,,0.10000002587512569,0.5710722347302871,CLARABEL,OSQP
DRUG,4,7,70777,reglog,{},paper,Fair-transport,,0.2,0.48010610079575594,0.16459433373076704,True,completed_without_exception,optimal,,0.08243109999966691,optimal,,,,,,0.20000000022033287,0.5628836164561118,CLARABEL,OSQP
DRUG,4,7,70777,reglog,{},paper,Fair-transport,,0.3,0.46419098143236076,0.2705104184409243,True,completed_without_exception,optimal,,0.09134590000030585,optimal,,,,,,0.30000000044349245,0.560553627449426,CLARABEL,OSQP
DRUG,4,7,70777,reglog,{},paper,Fair-transport,,0.4,0.46949602122015915,0.3211548288196219,True,completed_without_exception,optimal,,0.07099590000143507,optimal,,,,,,0.3711281613268375,0.5601958985421804,CLARABEL,OSQP
DRUG,4,7,70777,RF,"{'n_estimators': np.int64(80), 'min_samples_split': np.int64(10), 'min_samples_leaf': np.int64(5), 'max_depth': np.int64(5)}",paper,Unfair,,,0.4588859416445623,0.19482768409697382,True,not_applicable,not applicable,0.0,0.0,not_applicable,,,,,,,,,
DRUG,4,7,70777,RF,"{'n_estimators': np.int64(80), 'min_samples_split': np.int64(10), 'min_samples_leaf': np.int64(5), 'max_depth': np.int64(5)}",paper,Our Eps-Fair,0.0,,0.4403183023872679,0.07301425083744961,True,0,Optimization terminated successfully,19.0,0.03345350000017788,completed_without_exception,,,,,,,,,
DRUG,4,7,70777,RF,"{'n_estimators': np.int64(80), 'min_samples_split': np.int64(10), 'min_samples_leaf': np.int64(5), 'max_depth': np.int64(5)}",paper,Our Eps-Fair,0.1,,0.46684350132625996,0.09910293533185713,True,0,Optimization terminated successfully,21.0,0.0360603999979503,completed_without_exception,,,,,,,,,
DRUG,4,7,70777,RF,"{'n_estimators': np.int64(80), 'min_samples_split': np.int64(10), 'min_samples_leaf': np.int64(5), 'max_depth': np.int64(5)}",paper,Our Eps-Fair,0.2,,0.46153846153846156,0.16956225515244422,True,0,Optimization terminated successfully,16.0,0.028565000000526197,completed_without_exception,,,,,,,,,
DRUG,4,7,70777,RF,"{'n_estimators': np.int64(80), 'min_samples_split': np.int64(10), 'min_samples_leaf': np.int64(5), 'max_depth': np.int64(5)}",paper,Our Eps-Fair,0.3,,0.4588859416445623,0.19482768409697382,True,0,Optimization terminated successfully,1.0,0.0020227999993949197,completed_without_exception,,,,,,,,,
DRUG,4,7,70777,RF,"{'n_estimators': np.int64(80), 'min_samples_split': np.int64(10), 'min_samples_leaf': np.int64(5), 'max_depth': np.int64(5)}",paper,Our Eps-Fair,0.4,,0.4588859416445623,0.19482768409697382,True,0,Optimization terminated successfully,1.0,0.002019899999140762,completed_without_exception,,,,,,,,,
DRUG,4,7,70777,RF,"{'n_estimators': np.int64(80), 'min_samples_split': np.int64(10), 'min_samples_leaf': np.int64(5), 'max_depth': np.int64(5)}",paper,Our Eps-Fair,0.5,,0.4588859416445623,0.19482768409697382,True,0,Optimization terminated successfully,1.0,0.0019137999988743104,completed_without_exception,,,,,,,,,
DRUG,4,7,70777,RF,"{'n_estimators': np.int64(80), 'min_samples_split': np.int64(10), 'min_samples_leaf': np.int64(5), 'max_depth': np.int64(5)}",paper,FairProjection,,0.0,,,False,failed,RuntimeError('`tf.data.Dataset` only supports Python-style iteration in eager mode or within tf.function.'),,,not_completed,,2.0,500.0,cross-entropy,tf,,,,
DRUG,4,7,70777,RF,"{'n_estimators': np.int64(80), 'min_samples_split': np.int64(10), 'min_samples_leaf': np.int64(5), 'max_depth': np.int64(5)}",paper,FairProjection,,0.1,,,False,failed,RuntimeError('`tf.data.Dataset` only supports Python-style iteration in eager mode or within tf.function.'),,,not_completed,,2.0,500.0,cross-entropy,tf,,,,
DRUG,4,7,70777,RF,"{'n_estimators': np.int64(80), 'min_samples_split': np.int64(10), 'min_samples_leaf': np.int64(5), 'max_depth': np.int64(5)}",paper,FairProjection,,0.2,,,False,failed,RuntimeError('`tf.data.Dataset` only supports Python-style iteration in eager mode or within tf.function.'),,,not_completed,,2.0,500.0,cross-entropy,tf,,,,
DRUG,4,7,70777,RF,"{'n_estimators': np.int64(80), 'min_samples_split': np.int64(10), 'min_samples_leaf': np.int64(5), 'max_depth': np.int64(5)}",paper,FairProjection,,0.5,,,False,failed,RuntimeError('`tf.data.Dataset` only supports Python-style iteration in eager mode or within tf.function.'),,,not_completed,,2.0,500.0,cross-entropy,tf,,,,
DRUG,4,7,70777,RF,"{'n_estimators': np.int64(80), 'min_samples_split': np.int64(10), 'min_samples_leaf': np.int64(5), 'max_depth': np.int64(5)}",paper,FairProjection,,0.75,,,False,failed,RuntimeError('`tf.data.Dataset` only supports Python-style iteration in eager mode or within tf.function.'),,,not_completed,,2.0,500.0,cross-entropy,tf,,,,
DRUG,4,7,70777,RF,"{'n_estimators': np.int64(80), 'min_samples_split': np.int64(10), 'min_samples_leaf': np.int64(5), 'max_depth': np.int64(5)}",paper,Fair-transport,,0.0,0.44297082228116713,0.07301425083744961,True,completed_without_exception,optimal,,0.09475180000299588,optimal,,,,,,9.375146770018716e-09,0.5923561820660284,CLARABEL,OSQP
DRUG,4,7,70777,RF,"{'n_estimators': np.int64(80), 'min_samples_split': np.int64(10), 'min_samples_leaf': np.int64(5), 'max_depth': np.int64(5)}",paper,Fair-transport,,0.1,0.46684350132625996,0.10009651961619256,True,completed_without_exception,optimal,,0.09561140000005253,optimal,,,,,,0.10000000145769286,0.576540835715258,CLARABEL,OSQP
DRUG,4,7,70777,RF,"{'n_estimators': np.int64(80), 'min_samples_split': np.int64(10), 'min_samples_leaf': np.int64(5), 'max_depth': np.int64(5)}",paper,Fair-transport,,0.2,0.4588859416445623,0.22781468233691027,True,completed_without_exception,optimal,,0.09270069999911357,optimal,,,,,,0.20000000259157089,0.5716275634719321,CLARABEL,OSQP
DRUG,4,7,70777,RF,"{'n_estimators': np.int64(80), 'min_samples_split': np.int64(10), 'min_samples_leaf': np.int64(5), 'max_depth': np.int64(5)}",paper,Fair-transport,,0.3,0.4562334217506631,0.19482768409697382,True,completed_without_exception,optimal,,0.08434549999947194,optimal,,,,,,0.24825234615559,0.5714061160235163,CLARABEL,OSQP
DRUG,4,7,70777,RF,"{'n_estimators': np.int64(80), 'min_samples_split': np.int64(10), 'min_samples_leaf': np.int64(5), 'max_depth': np.int64(5)}",paper,Fair-transport,,0.4,0.4562334217506631,0.19482768409697382,True,completed_without_exception,optimal,,0.0840762999978324,optimal,,,,,,0.24825234590236972,0.5714061160441943,CLARABEL,OSQP
DRUG,4,7,70777,GBM,"{'reg_lambda': 0, 'reg_alpha': 5, 'num_leaves': np.int64(13), 'n_estimators': np.int64(171), 'min_child_samples': np.int64(90), 'max_depth': np.int64(16)}",paper,Unfair,,,0.4403183023872679,0.2510361664679498,True,not_applicable,not applicable,0.0,0.0,not_applicable,,,,,,,,,
DRUG,4,7,70777,GBM,"{'reg_lambda': 0, 'reg_alpha': 5, 'num_leaves': np.int64(13), 'n_estimators': np.int64(171), 'min_child_samples': np.int64(90), 'max_depth': np.int64(16)}",paper,Our Eps-Fair,0.0,,0.41114058355437666,0.02634417759609381,True,0,Optimization terminated successfully,18.0,0.043670200000633486,completed_without_exception,,,,,,,,,
DRUG,4,7,70777,GBM,"{'reg_lambda': 0, 'reg_alpha': 5, 'num_leaves': np.int64(13), 'n_estimators': np.int64(171), 'min_child_samples': np.int64(90), 'max_depth': np.int64(16)}",paper,Our Eps-Fair,0.1,,0.44562334217506633,0.11074206551978655,True,0,Optimization terminated successfully,14.0,0.029956400001537986,completed_without_exception,,,,,,,,,
DRUG,4,7,70777,GBM,"{'reg_lambda': 0, 'reg_alpha': 5, 'num_leaves': np.int64(13), 'n_estimators': np.int64(171), 'min_child_samples': np.int64(90), 'max_depth': np.int64(16)}",paper,Our Eps-Fair,0.2,,0.44297082228116713,0.16343042071197408,True,0,Optimization terminated successfully,8.0,0.02099120000275434,completed_without_exception,,,,,,,,,
DRUG,4,7,70777,GBM,"{'reg_lambda': 0, 'reg_alpha': 5, 'num_leaves': np.int64(13), 'n_estimators': np.int64(171), 'min_child_samples': np.int64(90), 'max_depth': np.int64(16)}",paper,Our Eps-Fair,0.3,,0.4403183023872679,0.2510361664679498,True,0,Optimization terminated successfully,1.0,0.001885900001070695,completed_without_exception,,,,,,,,,
DRUG,4,7,70777,GBM,"{'reg_lambda': 0, 'reg_alpha': 5, 'num_leaves': np.int64(13), 'n_estimators': np.int64(171), 'min_child_samples': np.int64(90), 'max_depth': np.int64(16)}",paper,Our Eps-Fair,0.4,,0.4403183023872679,0.2510361664679498,True,0,Optimization terminated successfully,1.0,0.0018369999997958075,completed_without_exception,,,,,,,,,
DRUG,4,7,70777,GBM,"{'reg_lambda': 0, 'reg_alpha': 5, 'num_leaves': np.int64(13), 'n_estimators': np.int64(171), 'min_child_samples': np.int64(90), 'max_depth': np.int64(16)}",paper,Our Eps-Fair,0.5,,0.4403183023872679,0.2510361664679498,True,0,Optimization terminated successfully,1.0,0.0018678000014915597,completed_without_exception,,,,,,,,,
DRUG,4,7,70777,GBM,"{'reg_lambda': 0, 'reg_alpha': 5, 'num_leaves': np.int64(13), 'n_estimators': np.int64(171), 'min_child_samples': np.int64(90), 'max_depth': np.int64(16)}",paper,FairProjection,,0.0,,,False,failed,RuntimeError('`tf.data.Dataset` only supports Python-style iteration in eager mode or within tf.function.'),,,not_completed,,2.0,500.0,cross-entropy,tf,,,,
DRUG,4,7,70777,GBM,"{'reg_lambda': 0, 'reg_alpha': 5, 'num_leaves': np.int64(13), 'n_estimators': np.int64(171), 'min_child_samples': np.int64(90), 'max_depth': np.int64(16)}",paper,FairProjection,,0.1,,,False,failed,RuntimeError('`tf.data.Dataset` only supports Python-style iteration in eager mode or within tf.function.'),,,not_completed,,2.0,500.0,cross-entropy,tf,,,,
DRUG,4,7,70777,GBM,"{'reg_lambda': 0, 'reg_alpha': 5, 'num_leaves': np.int64(13), 'n_estimators': np.int64(171), 'min_child_samples': np.int64(90), 'max_depth': np.int64(16)}",paper,FairProjection,,0.2,,,False,failed,RuntimeError('`tf.data.Dataset` only supports Python-style iteration in eager mode or within tf.function.'),,,not_completed,,2.0,500.0,cross-entropy,tf,,,,
DRUG,4,7,70777,GBM,"{'reg_lambda': 0, 'reg_alpha': 5, 'num_leaves': np.int64(13), 'n_estimators': np.int64(171), 'min_child_samples': np.int64(90), 'max_depth': np.int64(16)}",paper,FairProjection,,0.5,,,False,failed,RuntimeError('`tf.data.Dataset` only supports Python-style iteration in eager mode or within tf.function.'),,,not_completed,,2.0,500.0,cross-entropy,tf,,,,
DRUG,4,7,70777,GBM,"{'reg_lambda': 0, 'reg_alpha': 5, 'num_leaves': np.int64(13), 'n_estimators': np.int64(171), 'min_child_samples': np.int64(90), 'max_depth': np.int64(16)}",paper,FairProjection,,0.75,,,False,failed,RuntimeError('`tf.data.Dataset` only supports Python-style iteration in eager mode or within tf.function.'),,,not_completed,,2.0,500.0,cross-entropy,tf,,,,
DRUG,4,7,70777,GBM,"{'reg_lambda': 0, 'reg_alpha': 5, 'num_leaves': np.int64(13), 'n_estimators': np.int64(171), 'min_child_samples': np.int64(90), 'max_depth': np.int64(16)}",paper,Fair-transport,,0.0,0.4217506631299735,0.031851473343553094,True,completed_without_exception,optimal,,0.10126069999387255,optimal,,,,,,1.9523078625960366e-08,0.5212881850466964,CLARABEL,OSQP
DRUG,4,7,70777,GBM,"{'reg_lambda': 0, 'reg_alpha': 5, 'num_leaves': np.int64(13), 'n_estimators': np.int64(171), 'min_child_samples': np.int64(90), 'max_depth': np.int64(16)}",paper,Fair-transport,,0.1,0.4403183023872679,0.13700107874865158,True,completed_without_exception,optimal,,0.09744169999976293,optimal,,,,,,0.1000000006623212,0.49965886082927646,CLARABEL,OSQP
DRUG,4,7,70777,GBM,"{'reg_lambda': 0, 'reg_alpha': 5, 'num_leaves': np.int64(13), 'n_estimators': np.int64(171), 'min_child_samples': np.int64(90), 'max_depth': np.int64(16)}",paper,Fair-transport,,0.2,0.44562334217506633,0.17413274286038719,True,completed_without_exception,optimal,,0.0749775000003865,optimal,,,,,,0.20000000014787667,0.49398673625594236,CLARABEL,OSQP
DRUG,4,7,70777,GBM,"{'reg_lambda': 0, 'reg_alpha': 5, 'num_leaves': np.int64(13), 'n_estimators': np.int64(171), 'min_child_samples': np.int64(90), 'max_depth': np.int64(16)}",paper,Fair-transport,,0.3,0.44562334217506633,0.2403338443195367,True,completed_without_exception,optimal,,0.09359399999812013,optimal,,,,,,0.2647341819351538,0.49301236992003766,CLARABEL,OSQP
DRUG,4,7,70777,GBM,"{'reg_lambda': 0, 'reg_alpha': 5, 'num_leaves': np.int64(13), 'n_estimators': np.int64(171), 'min_child_samples': np.int64(90), 'max_depth': np.int64(16)}",paper,Fair-transport,,0.4,0.4403183023872679,0.21495486288536875,True,completed_without_exception,optimal,,0.09221649999744841,optimal,,,,,,0.26473427574490627,0.49301236680884325,CLARABEL,OSQP
DRUG,4,8,80777,reglog,{},paper,Unfair,,,0.4403183023872679,0.3765400556407199,True,not_applicable,not applicable,0.0,0.0,not_applicable,,,,,,,,,
DRUG,4,8,80777,reglog,{},paper,Our Eps-Fair,0.0,,0.4482758620689655,0.15057060126043265,True,0,Optimization terminated successfully,16.0,0.047135400000115624,completed_without_exception,,,,,,,,,
DRUG,4,8,80777,reglog,{},paper,Our Eps-Fair,0.1,,0.46419098143236076,0.2324419462896724,True,0,Optimization terminated successfully,18.0,0.04634200000145938,completed_without_exception,,,,,,,,,
DRUG,4,8,80777,reglog,{},paper,Our Eps-Fair,0.2,,0.44562334217506633,0.18599897802759324,True,0,Optimization terminated successfully,12.0,0.022450899999967078,completed_without_exception,,,,,,,,,
DRUG,4,8,80777,reglog,{},paper,Our Eps-Fair,0.3,,0.4403183023872679,0.35226821098052574,True,0,Optimization terminated successfully,3.0,0.005795100001705578,completed_without_exception,,,,,,,,,
DRUG,4,8,80777,reglog,{},paper,Our Eps-Fair,0.4,,0.4403183023872679,0.3765400556407199,True,0,Optimization terminated successfully,1.0,0.0018701000008150004,completed_without_exception,,,,,,,,,
DRUG,4,8,80777,reglog,{},paper,Our Eps-Fair,0.5,,0.4403183023872679,0.3765400556407199,True,0,Optimization terminated successfully,1.0,0.0019729000014194753,completed_without_exception,,,,,,,,,
DRUG,4,8,80777,reglog,{},paper,FairProjection,,0.0,,,False,failed,RuntimeError('`tf.data.Dataset` only supports Python-style iteration in eager mode or within tf.function.'),,,not_completed,,2.0,500.0,cross-entropy,tf,,,,
DRUG,4,8,80777,reglog,{},paper,FairProjection,,0.1,,,False,failed,RuntimeError('`tf.data.Dataset` only supports Python-style iteration in eager mode or within tf.function.'),,,not_completed,,2.0,500.0,cross-entropy,tf,,,,
DRUG,4,8,80777,reglog,{},paper,FairProjection,,0.2,,,False,failed,RuntimeError('`tf.data.Dataset` only supports Python-style iteration in eager mode or within tf.function.'),,,not_completed,,2.0,500.0,cross-entropy,tf,,,,
DRUG,4,8,80777,reglog,{},paper,FairProjection,,0.5,,,False,failed,RuntimeError('`tf.data.Dataset` only supports Python-style iteration in eager mode or within tf.function.'),,,not_completed,,2.0,500.0,cross-entropy,tf,,,,
DRUG,4,8,80777,reglog,{},paper,FairProjection,,0.75,,,False,failed,RuntimeError('`tf.data.Dataset` only supports Python-style iteration in eager mode or within tf.function.'),,,not_completed,,2.0,500.0,cross-entropy,tf,,,,
DRUG,4,8,80777,reglog,{},paper,Fair-transport,,0.0,0.4403183023872679,0.16513370805654914,True,completed_without_exception,optimal,,0.09470309999960591,optimal,,,,,,1.6228310362187415e-09,0.5732500992978894,CLARABEL,OSQP
DRUG,4,8,80777,reglog,{},paper,Fair-transport,,0.1,0.48010610079575594,0.17717027195821267,True,completed_without_exception,optimal,,0.09359630000108154,optimal,,,,,,0.10000000484871754,0.5572324153908262,CLARABEL,OSQP
DRUG,4,8,80777,reglog,{},paper,Fair-transport,,0.2,0.4509283819628647,0.19383409981263838,True,completed_without_exception,optimal,,0.09434479999981704,optimal,,,,,,0.20000000411428576,0.5528786971409373,CLARABEL,OSQP
DRUG,4,8,80777,reglog,{},paper,Fair-transport,,0.3,0.44297082228116713,0.36484414920797137,True,completed_without_exception,optimal,,0.09395250000306987,optimal,,,,,,0.3000000004843344,0.5512626067695101,CLARABEL,OSQP
DRUG,4,8,80777,reglog,{},paper,Fair-transport,,0.4,0.4403183023872679,0.3765400556407199,True,completed_without_exception,optimal,,0.08529529999941587,optimal,,,,,,0.33836316867993277,0.551117232353238,CLARABEL,OSQP
DRUG,4,8,80777,RF,"{'n_estimators': np.int64(61), 'min_samples_split': np.int64(7), 'min_samples_leaf': np.int64(6), 'max_depth': np.int64(10)}",paper,Unfair,,,0.4986737400530504,0.167461534094135,True,not_applicable,not applicable,0.0,0.0,not_applicable,,,,,,,,,
DRUG,4,8,80777,RF,"{'n_estimators': np.int64(61), 'min_samples_split': np.int64(7), 'min_samples_leaf': np.int64(6), 'max_depth': np.int64(10)}",paper,Our Eps-Fair,0.0,,0.41379310344827586,0.15939930732981322,True,0,Optimization terminated successfully,23.0,0.04053339999882155,completed_without_exception,,,,,,,,,
DRUG,4,8,80777,RF,"{'n_estimators': np.int64(61), 'min_samples_split': np.int64(7), 'min_samples_leaf': np.int64(6), 'max_depth': np.int64(10)}",paper,Our Eps-Fair,0.1,,0.4880636604774536,0.20518934877647194,True,0,Optimization terminated successfully,9.0,0.017127800001617288,completed_without_exception,,,,,,,,,
DRUG,4,8,80777,RF,"{'n_estimators': np.int64(61), 'min_samples_split': np.int64(7), 'min_samples_leaf': np.int64(6), 'max_depth': np.int64(10)}",paper,Our Eps-Fair,0.2,,0.4986737400530504,0.167461534094135,True,0,Optimization terminated successfully,1.0,0.0018629000005603302,completed_without_exception,,,,,,,,,
DRUG,4,8,80777,RF,"{'n_estimators': np.int64(61), 'min_samples_split': np.int64(7), 'min_samples_leaf': np.int64(6), 'max_depth': np.int64(10)}",paper,Our Eps-Fair,0.3,,0.4986737400530504,0.167461534094135,True,0,Optimization terminated successfully,1.0,0.0019107000007352326,completed_without_exception,,,,,,,,,
DRUG,4,8,80777,RF,"{'n_estimators': np.int64(61), 'min_samples_split': np.int64(7), 'min_samples_leaf': np.int64(6), 'max_depth': np.int64(10)}",paper,Our Eps-Fair,0.4,,0.4986737400530504,0.167461534094135,True,0,Optimization terminated successfully,1.0,0.0018145000030926894,completed_without_exception,,,,,,,,,
DRUG,4,8,80777,RF,"{'n_estimators': np.int64(61), 'min_samples_split': np.int64(7), 'min_samples_leaf': np.int64(6), 'max_depth': np.int64(10)}",paper,Our Eps-Fair,0.5,,0.4986737400530504,0.167461534094135,True,0,Optimization terminated successfully,1.0,0.0018710000003920868,completed_without_exception,,,,,,,,,
DRUG,4,8,80777,RF,"{'n_estimators': np.int64(61), 'min_samples_split': np.int64(7), 'min_samples_leaf': np.int64(6), 'max_depth': np.int64(10)}",paper,FairProjection,,0.0,,,False,failed,RuntimeError('`tf.data.Dataset` only supports Python-style iteration in eager mode or within tf.function.'),,,not_completed,,2.0,500.0,cross-entropy,tf,,,,
DRUG,4,8,80777,RF,"{'n_estimators': np.int64(61), 'min_samples_split': np.int64(7), 'min_samples_leaf': np.int64(6), 'max_depth': np.int64(10)}",paper,FairProjection,,0.1,,,False,failed,RuntimeError('`tf.data.Dataset` only supports Python-style iteration in eager mode or within tf.function.'),,,not_completed,,2.0,500.0,cross-entropy,tf,,,,
DRUG,4,8,80777,RF,"{'n_estimators': np.int64(61), 'min_samples_split': np.int64(7), 'min_samples_leaf': np.int64(6), 'max_depth': np.int64(10)}",paper,FairProjection,,0.2,,,False,failed,RuntimeError('`tf.data.Dataset` only supports Python-style iteration in eager mode or within tf.function.'),,,not_completed,,2.0,500.0,cross-entropy,tf,,,,
DRUG,4,8,80777,RF,"{'n_estimators': np.int64(61), 'min_samples_split': np.int64(7), 'min_samples_leaf': np.int64(6), 'max_depth': np.int64(10)}",paper,FairProjection,,0.5,,,False,failed,RuntimeError('`tf.data.Dataset` only supports Python-style iteration in eager mode or within tf.function.'),,,not_completed,,2.0,500.0,cross-entropy,tf,,,,
DRUG,4,8,80777,RF,"{'n_estimators': np.int64(61), 'min_samples_split': np.int64(7), 'min_samples_leaf': np.int64(6), 'max_depth': np.int64(10)}",paper,FairProjection,,0.75,,,False,failed,RuntimeError('`tf.data.Dataset` only supports Python-style iteration in eager mode or within tf.function.'),,,not_completed,,2.0,500.0,cross-entropy,tf,,,,
DRUG,4,8,80777,RF,"{'n_estimators': np.int64(61), 'min_samples_split': np.int64(7), 'min_samples_leaf': np.int64(6), 'max_depth': np.int64(10)}",paper,Fair-transport,,0.0,0.41644562334217505,0.18764548912734913,True,completed_without_exception,optimal,,0.08625349999783793,optimal,,,,,,7.454837858134056e-10,0.5364222462504434,CLARABEL,OSQP
DRUG,4,8,80777,RF,"{'n_estimators': np.int64(61), 'min_samples_split': np.int64(7), 'min_samples_leaf': np.int64(6), 'max_depth': np.int64(10)}",paper,Fair-transport,,0.1,0.4854111405835544,0.19934139556009767,True,completed_without_exception,optimal,,0.09338560000105645,optimal,,,,,,0.10000000158784911,0.5241481106099801,CLARABEL,OSQP
DRUG,4,8,80777,RF,"{'n_estimators': np.int64(61), 'min_samples_split': np.int64(7), 'min_samples_leaf': np.int64(6), 'max_depth': np.int64(10)}",paper,Fair-transport,,0.2,0.4880636604774536,0.23670016465110996,True,completed_without_exception,optimal,,0.09072579999701702,optimal,,,,,,0.15498721465516663,0.5234417378892463,CLARABEL,OSQP
DRUG,4,8,80777,RF,"{'n_estimators': np.int64(61), 'min_samples_split': np.int64(7), 'min_samples_leaf': np.int64(6), 'max_depth': np.int64(10)}",paper,Fair-transport,,0.3,0.4986737400530504,0.1868790098222904,True,completed_without_exception,optimal,,0.09156030000303872,optimal,,,,,,0.15498721150564093,0.5234417367787869,CLARABEL,OSQP
DRUG,4,8,80777,RF,"{'n_estimators': np.int64(61), 'min_samples_split': np.int64(7), 'min_samples_leaf': np.int64(6), 'max_depth': np.int64(10)}",paper,Fair-transport,,0.4,0.4827586206896552,0.22787145858172939,True,completed_without_exception,optimal,,0.09079200000269338,optimal,,,,,,0.15498720990410203,0.5234417369000017,CLARABEL,OSQP
DRUG,4,8,80777,GBM,"{'reg_lambda': 0.1, 'reg_alpha': 10, 'num_leaves': np.int64(23), 'n_estimators': np.int64(132), 'min_child_samples': np.int64(17), 'max_depth': np.int64(4)}",paper,Unfair,,,0.44297082228116713,0.2392834837903821,True,not_applicable,not applicable,0.0,0.0,not_applicable,,,,,,,,,
DRUG,4,8,80777,GBM,"{'reg_lambda': 0.1, 'reg_alpha': 10, 'num_leaves': np.int64(23), 'n_estimators': np.int64(132), 'min_child_samples': np.int64(17), 'max_depth': np.int64(4)}",paper,Our Eps-Fair,0.0,,0.4509283819628647,0.1709816612729234,True,0,Optimization terminated successfully,21.0,0.04619539999839617,completed_without_exception,,,,,,,,,
DRUG,4,8,80777,GBM,"{'reg_lambda': 0.1, 'reg_alpha': 10, 'num_leaves': np.int64(23), 'n_estimators': np.int64(132), 'min_child_samples': np.int64(17), 'max_depth': np.int64(4)}",paper,Our Eps-Fair,0.1,,0.46684350132625996,0.24501788451711803,True,0,Optimization terminated successfully,11.0,0.02272330000050715,completed_without_exception,,,,,,,,,
DRUG,4,8,80777,GBM,"{'reg_lambda': 0.1, 'reg_alpha': 10, 'num_leaves': np.int64(23), 'n_estimators': np.int64(132), 'min_child_samples': np.int64(17), 'max_depth': np.int64(4)}",paper,Our Eps-Fair,0.2,,0.4535809018567639,0.21793561573837505,True,0,Optimization terminated successfully,7.0,0.014892200000758749,completed_without_exception,,,,,,,,,
DRUG,4,8,80777,GBM,"{'reg_lambda': 0.1, 'reg_alpha': 10, 'num_leaves': np.int64(23), 'n_estimators': np.int64(132), 'min_child_samples': np.int64(17), 'max_depth': np.int64(4)}",paper,Our Eps-Fair,0.3,,0.44297082228116713,0.2392834837903821,True,0,Optimization terminated successfully,1.0,0.0019599000006564893,completed_without_exception,,,,,,,,,
DRUG,4,8,80777,GBM,"{'reg_lambda': 0.1, 'reg_alpha': 10, 'num_leaves': np.int64(23), 'n_estimators': np.int64(132), 'min_child_samples': np.int64(17), 'max_depth': np.int64(4)}",paper,Our Eps-Fair,0.4,,0.44297082228116713,0.2392834837903821,True,0,Optimization terminated successfully,1.0,0.002442099998006597,completed_without_exception,,,,,,,,,
DRUG,4,8,80777,GBM,"{'reg_lambda': 0.1, 'reg_alpha': 10, 'num_leaves': np.int64(23), 'n_estimators': np.int64(132), 'min_child_samples': np.int64(17), 'max_depth': np.int64(4)}",paper,Our Eps-Fair,0.5,,0.44297082228116713,0.2392834837903821,True,0,Optimization terminated successfully,1.0,0.0020610999999917112,completed_without_exception,,,,,,,,,
DRUG,4,8,80777,GBM,"{'reg_lambda': 0.1, 'reg_alpha': 10, 'num_leaves': np.int64(23), 'n_estimators': np.int64(132), 'min_child_samples': np.int64(17), 'max_depth': np.int64(4)}",paper,FairProjection,,0.0,,,False,failed,RuntimeError('`tf.data.Dataset` only supports Python-style iteration in eager mode or within tf.function.'),,,not_completed,,2.0,500.0,cross-entropy,tf,,,,
DRUG,4,8,80777,GBM,"{'reg_lambda': 0.1, 'reg_alpha': 10, 'num_leaves': np.int64(23), 'n_estimators': np.int64(132), 'min_child_samples': np.int64(17), 'max_depth': np.int64(4)}",paper,FairProjection,,0.1,,,False,failed,RuntimeError('`tf.data.Dataset` only supports Python-style iteration in eager mode or within tf.function.'),,,not_completed,,2.0,500.0,cross-entropy,tf,,,,
DRUG,4,8,80777,GBM,"{'reg_lambda': 0.1, 'reg_alpha': 10, 'num_leaves': np.int64(23), 'n_estimators': np.int64(132), 'min_child_samples': np.int64(17), 'max_depth': np.int64(4)}",paper,FairProjection,,0.2,,,False,failed,RuntimeError('`tf.data.Dataset` only supports Python-style iteration in eager mode or within tf.function.'),,,not_completed,,2.0,500.0,cross-entropy,tf,,,,
DRUG,4,8,80777,GBM,"{'reg_lambda': 0.1, 'reg_alpha': 10, 'num_leaves': np.int64(23), 'n_estimators': np.int64(132), 'min_child_samples': np.int64(17), 'max_depth': np.int64(4)}",paper,FairProjection,,0.5,,,False,failed,RuntimeError('`tf.data.Dataset` only supports Python-style iteration in eager mode or within tf.function.'),,,not_completed,,2.0,500.0,cross-entropy,tf,,,,
DRUG,4,8,80777,GBM,"{'reg_lambda': 0.1, 'reg_alpha': 10, 'num_leaves': np.int64(23), 'n_estimators': np.int64(132), 'min_child_samples': np.int64(17), 'max_depth': np.int64(4)}",paper,FairProjection,,0.75,,,False,failed,RuntimeError('`tf.data.Dataset` only supports Python-style iteration in eager mode or within tf.function.'),,,not_completed,,2.0,500.0,cross-entropy,tf,,,,
DRUG,4,8,80777,GBM,"{'reg_lambda': 0.1, 'reg_alpha': 10, 'num_leaves': np.int64(23), 'n_estimators': np.int64(132), 'min_child_samples': np.int64(17), 'max_depth': np.int64(4)}",paper,Fair-transport,,0.0,0.4535809018567639,0.16513370805654914,True,completed_without_exception,optimal,,0.11249730000054114,optimal,,,,,,8.362344428025636e-10,0.5307251010477042,CLARABEL,OSQP
DRUG,4,8,80777,GBM,"{'reg_lambda': 0.1, 'reg_alpha': 10, 'num_leaves': np.int64(23), 'n_estimators': np.int64(132), 'min_child_samples': np.int64(17), 'max_depth': np.int64(4)}",paper,Fair-transport,,0.1,0.4588859416445623,0.22162607165162096,True,completed_without_exception,optimal,,0.09274619999632705,optimal,,,,,,0.10000000048051594,0.51855306612262,CLARABEL,OSQP
DRUG,4,8,80777,GBM,"{'reg_lambda': 0.1, 'reg_alpha': 10, 'num_leaves': np.int64(23), 'n_estimators': np.int64(132), 'min_child_samples': np.int64(17), 'max_depth': np.int64(4)}",paper,Fair-transport,,0.2,0.46153846153846156,0.2189292000227105,True,completed_without_exception,optimal,,0.09341499999572989,optimal,,,,,,0.20000000045045835,0.5155809714190653,CLARABEL,OSQP
DRUG,4,8,80777,GBM,"{'reg_lambda': 0.1, 'reg_alpha': 10, 'num_leaves': np.int64(23), 'n_estimators': np.int64(132), 'min_child_samples': np.int64(17), 'max_depth': np.int64(4)}",paper,Fair-transport,,0.3,0.44297082228116713,0.2296315221711236,True,completed_without_exception,optimal,,0.08130739999614889,optimal,,,,,,0.275134980205148,0.515060497361737,CLARABEL,OSQP
DRUG,4,8,80777,GBM,"{'reg_lambda': 0.1, 'reg_alpha': 10, 'num_leaves': np.int64(23), 'n_estimators': np.int64(132), 'min_child_samples': np.int64(17), 'max_depth': np.int64(4)}",paper,Fair-transport,,0.4,0.4509283819628647,0.23729631522171124,True,completed_without_exception,optimal,,0.10673289999976987,optimal,,,,,,0.2751349284653894,0.5150605022344975,CLARABEL,OSQP
DRUG,4,9,90777,reglog,{},paper,Unfair,,,0.46419098143236076,0.36291375688411964,True,not_applicable,not applicable,0.0,0.0,not_applicable,,,,,,,,,
DRUG,4,9,90777,reglog,{},paper,Our Eps-Fair,0.0,,0.41644562334217505,0.13336739908022482,True,0,Optimization terminated successfully,23.0,0.05930870000156574,completed_without_exception,,,,,,,,,
DRUG,4,9,90777,reglog,{},paper,Our Eps-Fair,0.1,,0.46419098143236076,0.2743144268438085,True,0,Optimization terminated successfully,26.0,0.05864250000013271,completed_without_exception,,,,,,,,,
DRUG,4,9,90777,reglog,{},paper,Our Eps-Fair,0.2,,0.46153846153846156,0.33080679043888034,True,0,Optimization terminated successfully,9.0,0.017703800000163028,completed_without_exception,,,,,,,,,
DRUG,4,9,90777,reglog,{},paper,Our Eps-Fair,0.3,,0.46153846153846156,0.36291375688411964,True,0,Optimization terminated successfully,4.0,0.008292300000903197,completed_without_exception,,,,,,,,,
DRUG,4,9,90777,reglog,{},paper,Our Eps-Fair,0.4,,0.46419098143236076,0.36291375688411964,True,0,Optimization terminated successfully,1.0,0.0024395000000367872,completed_without_exception,,,,,,,,,
DRUG,4,9,90777,reglog,{},paper,Our Eps-Fair,0.5,,0.46419098143236076,0.36291375688411964,True,0,Optimization terminated successfully,1.0,0.0022339999995892867,completed_without_exception,,,,,,,,,
DRUG,4,9,90777,reglog,{},paper,FairProjection,,0.0,,,False,failed,RuntimeError('`tf.data.Dataset` only supports Python-style iteration in eager mode or within tf.function.'),,,not_completed,,2.0,500.0,cross-entropy,tf,,,,
DRUG,4,9,90777,reglog,{},paper,FairProjection,,0.1,,,False,failed,RuntimeError('`tf.data.Dataset` only supports Python-style iteration in eager mode or within tf.function.'),,,not_completed,,2.0,500.0,cross-entropy,tf,,,,
DRUG,4,9,90777,reglog,{},paper,FairProjection,,0.2,,,False,failed,RuntimeError('`tf.data.Dataset` only supports Python-style iteration in eager mode or within tf.function.'),,,not_completed,,2.0,500.0,cross-entropy,tf,,,,
DRUG,4,9,90777,reglog,{},paper,FairProjection,,0.5,,,False,failed,RuntimeError('`tf.data.Dataset` only supports Python-style iteration in eager mode or within tf.function.'),,,not_completed,,2.0,500.0,cross-entropy,tf,,,,
DRUG,4,9,90777,reglog,{},paper,FairProjection,,0.75,,,False,failed,RuntimeError('`tf.data.Dataset` only supports Python-style iteration in eager mode or within tf.function.'),,,not_completed,,2.0,500.0,cross-entropy,tf,,,,
DRUG,4,9,90777,reglog,{},paper,Fair-transport,,0.0,0.46419098143236076,0.19267018679384543,True,completed_without_exception,optimal,,0.10301239999535028,optimal,,,,,,3.448812682660396e-08,0.5793847386539901,CLARABEL,OSQP
DRUG,4,9,90777,reglog,{},paper,Fair-transport,,0.1,0.46684350132625996,0.29185828649293133,True,completed_without_exception,optimal,,0.10509540000202833,optimal,,,,,,0.10000001777452042,0.5620814904739871,CLARABEL,OSQP
DRUG,4,9,90777,reglog,{},paper,Fair-transport,,0.2,0.46153846153846156,0.33080679043888034,True,completed_without_exception,optimal,,0.07749590000457829,optimal,,,,,,0.20000000014614533,0.5581286892320261,CLARABEL,OSQP
DRUG,4,9,90777,reglog,{},paper,Fair-transport,,0.3,0.46153846153846156,0.3687617101004939,True,completed_without_exception,optimal,,0.09751449999748729,optimal,,,,,,0.3000000020030947,0.556949333276175,CLARABEL,OSQP
DRUG,4,9,90777,reglog,{},paper,Fair-transport,,0.4,0.46153846153846156,0.36291375688411964,True,completed_without_exception,optimal,,0.07491569999911007,optimal,,,,,,0.3410912205324408,0.5568689627742587,CLARABEL,OSQP
DRUG,4,9,90777,RF,"{'n_estimators': np.int64(26), 'min_samples_split': np.int64(8), 'min_samples_leaf': np.int64(1), 'max_depth': np.int64(4)}",paper,Unfair,,,0.41644562334217505,0.2296315221711236,True,not_applicable,not applicable,0.0,0.0,not_applicable,,,,,,,,,
DRUG,4,9,90777,RF,"{'n_estimators': np.int64(26), 'min_samples_split': np.int64(8), 'min_samples_leaf': np.int64(1), 'max_depth': np.int64(4)}",paper,Our Eps-Fair,0.0,,0.40583554376657827,0.11108272298870153,True,0,Optimization terminated successfully,27.0,0.05105810000168276,completed_without_exception,,,,,,,,,
DRUG,4,9,90777,RF,"{'n_estimators': np.int64(26), 'min_samples_split': np.int64(8), 'min_samples_leaf': np.int64(1), 'max_depth': np.int64(4)}",paper,Our Eps-Fair,0.1,,0.4403183023872679,0.20039175608925225,True,0,Optimization terminated successfully,18.0,0.032431799998448696,completed_without_exception,,,,,,,,,
DRUG,4,9,90777,RF,"{'n_estimators': np.int64(26), 'min_samples_split': np.int64(8), 'min_samples_leaf': np.int64(1), 'max_depth': np.int64(4)}",paper,Our Eps-Fair,0.2,,0.41644562334217505,0.2296315221711236,True,0,Optimization terminated successfully,1.0,0.0019906999987142626,completed_without_exception,,,,,,,,,
DRUG,4,9,90777,RF,"{'n_estimators': np.int64(26), 'min_samples_split': np.int64(8), 'min_samples_leaf': np.int64(1), 'max_depth': np.int64(4)}",paper,Our Eps-Fair,0.3,,0.41644562334217505,0.2296315221711236,True,0,Optimization terminated successfully,1.0,0.0019153000030200928,completed_without_exception,,,,,,,,,
DRUG,4,9,90777,RF,"{'n_estimators': np.int64(26), 'min_samples_split': np.int64(8), 'min_samples_leaf': np.int64(1), 'max_depth': np.int64(4)}",paper,Our Eps-Fair,0.4,,0.41644562334217505,0.2296315221711236,True,0,Optimization terminated successfully,1.0,0.0018192999996244907,completed_without_exception,,,,,,,,,
DRUG,4,9,90777,RF,"{'n_estimators': np.int64(26), 'min_samples_split': np.int64(8), 'min_samples_leaf': np.int64(1), 'max_depth': np.int64(4)}",paper,Our Eps-Fair,0.5,,0.41644562334217505,0.2296315221711236,True,0,Optimization terminated successfully,1.0,0.0018696000006457325,completed_without_exception,,,,,,,,,
DRUG,4,9,90777,RF,"{'n_estimators': np.int64(26), 'min_samples_split': np.int64(8), 'min_samples_leaf': np.int64(1), 'max_depth': np.int64(4)}",paper,FairProjection,,0.0,,,False,failed,RuntimeError('`tf.data.Dataset` only supports Python-style iteration in eager mode or within tf.function.'),,,not_completed,,2.0,500.0,cross-entropy,tf,,,,
DRUG,4,9,90777,RF,"{'n_estimators': np.int64(26), 'min_samples_split': np.int64(8), 'min_samples_leaf': np.int64(1), 'max_depth': np.int64(4)}",paper,FairProjection,,0.1,,,False,failed,RuntimeError('`tf.data.Dataset` only supports Python-style iteration in eager mode or within tf.function.'),,,not_completed,,2.0,500.0,cross-entropy,tf,,,,
DRUG,4,9,90777,RF,"{'n_estimators': np.int64(26), 'min_samples_split': np.int64(8), 'min_samples_leaf': np.int64(1), 'max_depth': np.int64(4)}",paper,FairProjection,,0.2,,,False,failed,RuntimeError('`tf.data.Dataset` only supports Python-style iteration in eager mode or within tf.function.'),,,not_completed,,2.0,500.0,cross-entropy,tf,,,,
DRUG,4,9,90777,RF,"{'n_estimators': np.int64(26), 'min_samples_split': np.int64(8), 'min_samples_leaf': np.int64(1), 'max_depth': np.int64(4)}",paper,FairProjection,,0.5,,,False,failed,RuntimeError('`tf.data.Dataset` only supports Python-style iteration in eager mode or within tf.function.'),,,not_completed,,2.0,500.0,cross-entropy,tf,,,,
DRUG,4,9,90777,RF,"{'n_estimators': np.int64(26), 'min_samples_split': np.int64(8), 'min_samples_leaf': np.int64(1), 'max_depth': np.int64(4)}",paper,FairProjection,,0.75,,,False,failed,RuntimeError('`tf.data.Dataset` only supports Python-style iteration in eager mode or within tf.function.'),,,not_completed,,2.0,500.0,cross-entropy,tf,,,,
DRUG,4,9,90777,RF,"{'n_estimators': np.int64(26), 'min_samples_split': np.int64(8), 'min_samples_leaf': np.int64(1), 'max_depth': np.int64(4)}",paper,Fair-transport,,0.0,0.40848806366047746,0.11108272298870153,True,completed_without_exception,optimal,,0.09676150000086636,optimal,,,,,,3.522078351192448e-09,0.5998552191613933,CLARABEL,OSQP
DRUG,4,9,90777,RF,"{'n_estimators': np.int64(26), 'min_samples_split': np.int64(8), 'min_samples_leaf': np.int64(1), 'max_depth': np.int64(4)}",paper,Fair-transport,,0.1,0.4350132625994695,0.20039175608925225,True,completed_without_exception,optimal,,0.0837372999994841,optimal,,,,,,0.10000000027401892,0.5864736288901831,CLARABEL,OSQP
DRUG,4,9,90777,RF,"{'n_estimators': np.int64(26), 'min_samples_split': np.int64(8), 'min_samples_leaf': np.int64(1), 'max_depth': np.int64(4)}",paper,Fair-transport,,0.2,0.41379310344827586,0.19840458752058138,True,completed_without_exception,optimal,,0.09275609999895096,optimal,,,,,,0.18249509758299073,0.5843986223724632,CLARABEL,OSQP
DRUG,4,9,90777,RF,"{'n_estimators': np.int64(26), 'min_samples_split': np.int64(8), 'min_samples_leaf': np.int64(1), 'max_depth': np.int64(4)}",paper,Fair-transport,,0.3,0.41379310344827586,0.20138534037358768,True,completed_without_exception,optimal,,0.09159820000058971,optimal,,,,,,0.1824950418099173,0.5843986197693831,CLARABEL,OSQP
DRUG,4,9,90777,RF,"{'n_estimators': np.int64(26), 'min_samples_split': np.int64(8), 'min_samples_leaf': np.int64(1), 'max_depth': np.int64(4)}",paper,Fair-transport,,0.4,0.4217506631299735,0.22080281610174302,True,completed_without_exception,optimal,,0.09341679999852204,optimal,,,,,,0.1824950347311927,0.5843986196690345,CLARABEL,OSQP
DRUG,4,9,90777,GBM,"{'reg_lambda': 10, 'reg_alpha': 5, 'num_leaves': np.int64(17), 'n_estimators': np.int64(117), 'min_child_samples': np.int64(15), 'max_depth': np.int64(7)}",paper,Unfair,,,0.46684350132625996,0.24022029182989835,True,not_applicable,not applicable,0.0,0.0,not_applicable,,,,,,,,,
DRUG,4,9,90777,GBM,"{'reg_lambda': 10, 'reg_alpha': 5, 'num_leaves': np.int64(17), 'n_estimators': np.int64(117), 'min_child_samples': np.int64(15), 'max_depth': np.int64(7)}",paper,Our Eps-Fair,0.0,,0.41379310344827586,0.14705047408164423,True,0,Optimization terminated successfully,21.0,0.04500479999842355,completed_without_exception,,,,,,,,,
DRUG,4,9,90777,GBM,"{'reg_lambda': 10, 'reg_alpha': 5, 'num_leaves': np.int64(17), 'n_estimators': np.int64(117), 'min_child_samples': np.int64(15), 'max_depth': np.int64(7)}",paper,Our Eps-Fair,0.1,,0.46949602122015915,0.21197411003236244,True,0,Optimization terminated successfully,21.0,0.04811570000310894,completed_without_exception,,,,,,,,,
DRUG,4,9,90777,GBM,"{'reg_lambda': 10, 'reg_alpha': 5, 'num_leaves': np.int64(17), 'n_estimators': np.int64(117), 'min_child_samples': np.int64(15), 'max_depth': np.int64(7)}",paper,Our Eps-Fair,0.2,,0.46684350132625996,0.24022029182989835,True,0,Optimization terminated successfully,1.0,0.001980999997613253,completed_without_exception,,,,,,,,,
DRUG,4,9,90777,GBM,"{'reg_lambda': 10, 'reg_alpha': 5, 'num_leaves': np.int64(17), 'n_estimators': np.int64(117), 'min_child_samples': np.int64(15), 'max_depth': np.int64(7)}",paper,Our Eps-Fair,0.3,,0.46684350132625996,0.24022029182989835,True,0,Optimization terminated successfully,1.0,0.0018407999996270519,completed_without_exception,,,,,,,,,
DRUG,4,9,90777,GBM,"{'reg_lambda': 10, 'reg_alpha': 5, 'num_leaves': np.int64(17), 'n_estimators': np.int64(117), 'min_child_samples': np.int64(15), 'max_depth': np.int64(7)}",paper,Our Eps-Fair,0.4,,0.46684350132625996,0.24022029182989835,True,0,Optimization terminated successfully,1.0,0.0018491999981051777,completed_without_exception,,,,,,,,,
DRUG,4,9,90777,GBM,"{'reg_lambda': 10, 'reg_alpha': 5, 'num_leaves': np.int64(17), 'n_estimators': np.int64(117), 'min_child_samples': np.int64(15), 'max_depth': np.int64(7)}",paper,Our Eps-Fair,0.5,,0.46684350132625996,0.24022029182989835,True,0,Optimization terminated successfully,1.0,0.0021765000019513536,completed_without_exception,,,,,,,,,
DRUG,4,9,90777,GBM,"{'reg_lambda': 10, 'reg_alpha': 5, 'num_leaves': np.int64(17), 'n_estimators': np.int64(117), 'min_child_samples': np.int64(15), 'max_depth': np.int64(7)}",paper,FairProjection,,0.0,,,False,failed,RuntimeError('`tf.data.Dataset` only supports Python-style iteration in eager mode or within tf.function.'),,,not_completed,,2.0,500.0,cross-entropy,tf,,,,
DRUG,4,9,90777,GBM,"{'reg_lambda': 10, 'reg_alpha': 5, 'num_leaves': np.int64(17), 'n_estimators': np.int64(117), 'min_child_samples': np.int64(15), 'max_depth': np.int64(7)}",paper,FairProjection,,0.1,,,False,failed,RuntimeError('`tf.data.Dataset` only supports Python-style iteration in eager mode or within tf.function.'),,,not_completed,,2.0,500.0,cross-entropy,tf,,,,
DRUG,4,9,90777,GBM,"{'reg_lambda': 10, 'reg_alpha': 5, 'num_leaves': np.int64(17), 'n_estimators': np.int64(117), 'min_child_samples': np.int64(15), 'max_depth': np.int64(7)}",paper,FairProjection,,0.2,,,False,failed,RuntimeError('`tf.data.Dataset` only supports Python-style iteration in eager mode or within tf.function.'),,,not_completed,,2.0,500.0,cross-entropy,tf,,,,
DRUG,4,9,90777,GBM,"{'reg_lambda': 10, 'reg_alpha': 5, 'num_leaves': np.int64(17), 'n_estimators': np.int64(117), 'min_child_samples': np.int64(15), 'max_depth': np.int64(7)}",paper,FairProjection,,0.5,,,False,failed,RuntimeError('`tf.data.Dataset` only supports Python-style iteration in eager mode or within tf.function.'),,,not_completed,,2.0,500.0,cross-entropy,tf,,,,
DRUG,4,9,90777,GBM,"{'reg_lambda': 10, 'reg_alpha': 5, 'num_leaves': np.int64(17), 'n_estimators': np.int64(117), 'min_child_samples': np.int64(15), 'max_depth': np.int64(7)}",paper,FairProjection,,0.75,,,False,failed,RuntimeError('`tf.data.Dataset` only supports Python-style iteration in eager mode or within tf.function.'),,,not_completed,,2.0,500.0,cross-entropy,tf,,,,
DRUG,4,9,90777,GBM,"{'reg_lambda': 10, 'reg_alpha': 5, 'num_leaves': np.int64(17), 'n_estimators': np.int64(117), 'min_child_samples': np.int64(15), 'max_depth': np.int64(7)}",paper,Fair-transport,,0.0,0.4217506631299735,0.1207914608527792,True,completed_without_exception,optimal,,0.10220159999880707,optimal,,,,,,3.169848247774887e-08,0.4900353232582714,CLARABEL,OSQP
DRUG,4,9,90777,GBM,"{'reg_lambda': 10, 'reg_alpha': 5, 'num_leaves': np.int64(17), 'n_estimators': np.int64(117), 'min_child_samples': np.int64(15), 'max_depth': np.int64(7)}",paper,Fair-transport,,0.1,0.4562334217506631,0.2392267075455629,True,completed_without_exception,optimal,,0.09129150000444497,optimal,,,,,,0.10000000358302544,0.47137806364995305,CLARABEL,OSQP
DRUG,4,9,90777,GBM,"{'reg_lambda': 10, 'reg_alpha': 5, 'num_leaves': np.int64(17), 'n_estimators': np.int64(117), 'min_child_samples': np.int64(15), 'max_depth': np.int64(7)}",paper,Fair-transport,,0.2,0.4588859416445623,0.25092261397831145,True,completed_without_exception,optimal,,0.07967260000077658,optimal,,,,,,0.16800227260379508,0.46971795691212076,CLARABEL,OSQP
DRUG,4,9,90777,GBM,"{'reg_lambda': 10, 'reg_alpha': 5, 'num_leaves': np.int64(17), 'n_estimators': np.int64(117), 'min_child_samples': np.int64(15), 'max_depth': np.int64(7)}",paper,Fair-transport,,0.3,0.46419098143236076,0.25092261397831145,True,completed_without_exception,optimal,,0.08987429999979213,optimal,,,,,,0.168002271901829,0.4697179573381293,CLARABEL,OSQP
DRUG,4,9,90777,GBM,"{'reg_lambda': 10, 'reg_alpha': 5, 'num_leaves': np.int64(17), 'n_estimators': np.int64(117), 'min_child_samples': np.int64(15), 'max_depth': np.int64(7)}",paper,Fair-transport,,0.4,0.46684350132625996,0.24606824504627262,True,completed_without_exception,optimal,,0.09093890000076499,optimal,,,,,,0.16800227163012643,0.4697179574644201,CLARABEL,OSQP
DRUG,4,10,100777,reglog,{},paper,Unfair,,,0.48010610079575594,0.40268551637994665,True,not_applicable,not applicable,0.0,0.0,not_applicable,,,,,,,,,
DRUG,4,10,100777,reglog,{},paper,Our Eps-Fair,0.0,,0.4509283819628647,0.05657752796230059,True,0,Optimization terminated successfully,17.0,0.04483070000060252,completed_without_exception,,,,,,,,,
DRUG,4,10,100777,reglog,{},paper,Our Eps-Fair,0.1,,0.4880636604774536,0.17032873445750296,True,0,Optimization terminated successfully,12.0,0.0252595999991172,completed_without_exception,,,,,,,,,
DRUG,4,10,100777,reglog,{},paper,Our Eps-Fair,0.2,,0.4854111405835544,0.23641628342701415,True,0,Optimization terminated successfully,13.0,0.029809100000420585,completed_without_exception,,,,,,,,,
DRUG,4,10,100777,reglog,{},paper,Our Eps-Fair,0.3,,0.47480106100795755,0.31519332311360926,True,0,Optimization terminated successfully,12.0,0.02340849999745842,completed_without_exception,,,,,,,,,
DRUG,4,10,100777,reglog,{},paper,Our Eps-Fair,0.4,,0.48010610079575594,0.40268551637994665,True,0,Optimization terminated successfully,1.0,0.001961399997526314,completed_without_exception,,,,,,,,,
DRUG,4,10,100777,reglog,{},paper,Our Eps-Fair,0.5,,0.48010610079575594,0.40268551637994665,True,0,Optimization terminated successfully,1.0,0.0020780999984708615,completed_without_exception,,,,,,,,,
DRUG,4,10,100777,reglog,{},paper,FairProjection,,0.0,,,False,failed,RuntimeError('`tf.data.Dataset` only supports Python-style iteration in eager mode or within tf.function.'),,,not_completed,,2.0,500.0,cross-entropy,tf,,,,
DRUG,4,10,100777,reglog,{},paper,FairProjection,,0.1,,,False,failed,RuntimeError('`tf.data.Dataset` only supports Python-style iteration in eager mode or within tf.function.'),,,not_completed,,2.0,500.0,cross-entropy,tf,,,,
DRUG,4,10,100777,reglog,{},paper,FairProjection,,0.2,,,False,failed,RuntimeError('`tf.data.Dataset` only supports Python-style iteration in eager mode or within tf.function.'),,,not_completed,,2.0,500.0,cross-entropy,tf,,,,
DRUG,4,10,100777,reglog,{},paper,FairProjection,,0.5,,,False,failed,RuntimeError('`tf.data.Dataset` only supports Python-style iteration in eager mode or within tf.function.'),,,not_completed,,2.0,500.0,cross-entropy,tf,,,,
DRUG,4,10,100777,reglog,{},paper,FairProjection,,0.75,,,False,failed,RuntimeError('`tf.data.Dataset` only supports Python-style iteration in eager mode or within tf.function.'),,,not_completed,,2.0,500.0,cross-entropy,tf,,,,
DRUG,4,10,100777,reglog,{},paper,Fair-transport,,0.0,0.4827586206896552,0.19062624198035544,True,completed_without_exception,optimal,,0.0980520000011893,optimal,,,,,,3.419385893876914e-08,0.5904319506089725,CLARABEL,OSQP
DRUG,4,10,100777,reglog,{},paper,Fair-transport,,0.1,0.5013262599469496,0.20232214841310397,True,completed_without_exception,optimal,,0.0942843000011635,optimal,,,,,,0.10000001508264345,0.5721590434214068,CLARABEL,OSQP
DRUG,4,10,100777,reglog,{},paper,Fair-transport,,0.2,0.4854111405835544,0.23641628342701415,True,completed_without_exception,optimal,,0.07140950000029989,optimal,,,,,,0.20000000025474818,0.5654344888530761,CLARABEL,OSQP
DRUG,4,10,100777,reglog,{},paper,Fair-transport,,0.3,0.48010610079575594,0.31133253846590586,True,completed_without_exception,optimal,,0.07259579999663401,optimal,,,,,,0.3000000002537576,0.5635057119563828,CLARABEL,OSQP
DRUG,4,10,100777,reglog,{},paper,Fair-transport,,0.4,0.48010610079575594,0.4085334695963209,True,completed_without_exception,optimal,,0.08092139999644132,optimal,,,,,,0.3625177689606033,0.5631160475014115,CLARABEL,OSQP
DRUG,4,10,100777,RF,"{'n_estimators': np.int64(161), 'min_samples_split': np.int64(4), 'min_samples_leaf': np.int64(6), 'max_depth': np.int64(8)}",paper,Unfair,,,0.4403183023872679,0.177283824447851,True,not_applicable,not applicable,0.0,0.0,not_applicable,,,,,,,,,
DRUG,4,10,100777,RF,"{'n_estimators': np.int64(161), 'min_samples_split': np.int64(4), 'min_samples_leaf': np.int64(6), 'max_depth': np.int64(8)}",paper,Our Eps-Fair,0.0,,0.41379310344827586,0.07576789871117928,True,0,Optimization terminated successfully,27.0,0.04848580000179936,completed_without_exception,,,,,,,,,
DRUG,4,10,100777,RF,"{'n_estimators': np.int64(161), 'min_samples_split': np.int64(4), 'min_samples_leaf': np.int64(6), 'max_depth': np.int64(8)}",paper,Our Eps-Fair,0.1,,0.44297082228116713,0.1558791801510248,True,0,Optimization terminated successfully,23.0,0.04252620000261231,completed_without_exception,,,,,,,,,
DRUG,4,10,100777,RF,"{'n_estimators': np.int64(161), 'min_samples_split': np.int64(4), 'min_samples_leaf': np.int64(6), 'max_depth': np.int64(8)}",paper,Our Eps-Fair,0.2,,0.4376657824933687,0.177283824447851,True,0,Optimization terminated successfully,10.0,0.018551100001786835,completed_without_exception,,,,,,,,,
DRUG,4,10,100777,RF,"{'n_estimators': np.int64(161), 'min_samples_split': np.int64(4), 'min_samples_leaf': np.int64(6), 'max_depth': np.int64(8)}",paper,Our Eps-Fair,0.3,,0.4403183023872679,0.177283824447851,True,0,Optimization terminated successfully,1.0,0.0019616000026871916,completed_without_exception,,,,,,,,,
DRUG,4,10,100777,RF,"{'n_estimators': np.int64(161), 'min_samples_split': np.int64(4), 'min_samples_leaf': np.int64(6), 'max_depth': np.int64(8)}",paper,Our Eps-Fair,0.4,,0.4403183023872679,0.177283824447851,True,0,Optimization terminated successfully,1.0,0.001933600000484148,completed_without_exception,,,,,,,,,
DRUG,4,10,100777,RF,"{'n_estimators': np.int64(161), 'min_samples_split': np.int64(4), 'min_samples_leaf': np.int64(6), 'max_depth': np.int64(8)}",paper,Our Eps-Fair,0.5,,0.4403183023872679,0.177283824447851,True,0,Optimization terminated successfully,1.0,0.0019917999998142477,completed_without_exception,,,,,,,,,
DRUG,4,10,100777,RF,"{'n_estimators': np.int64(161), 'min_samples_split': np.int64(4), 'min_samples_leaf': np.int64(6), 'max_depth': np.int64(8)}",paper,FairProjection,,0.0,,,False,failed,RuntimeError('`tf.data.Dataset` only supports Python-style iteration in eager mode or within tf.function.'),,,not_completed,,2.0,500.0,cross-entropy,tf,,,,
DRUG,4,10,100777,RF,"{'n_estimators': np.int64(161), 'min_samples_split': np.int64(4), 'min_samples_leaf': np.int64(6), 'max_depth': np.int64(8)}",paper,FairProjection,,0.1,,,False,failed,RuntimeError('`tf.data.Dataset` only supports Python-style iteration in eager mode or within tf.function.'),,,not_completed,,2.0,500.0,cross-entropy,tf,,,,
DRUG,4,10,100777,RF,"{'n_estimators': np.int64(161), 'min_samples_split': np.int64(4), 'min_samples_leaf': np.int64(6), 'max_depth': np.int64(8)}",paper,FairProjection,,0.2,,,False,failed,RuntimeError('`tf.data.Dataset` only supports Python-style iteration in eager mode or within tf.function.'),,,not_completed,,2.0,500.0,cross-entropy,tf,,,,
DRUG,4,10,100777,RF,"{'n_estimators': np.int64(161), 'min_samples_split': np.int64(4), 'min_samples_leaf': np.int64(6), 'max_depth': np.int64(8)}",paper,FairProjection,,0.5,,,False,failed,RuntimeError('`tf.data.Dataset` only supports Python-style iteration in eager mode or within tf.function.'),,,not_completed,,2.0,500.0,cross-entropy,tf,,,,
DRUG,4,10,100777,RF,"{'n_estimators': np.int64(161), 'min_samples_split': np.int64(4), 'min_samples_leaf': np.int64(6), 'max_depth': np.int64(8)}",paper,FairProjection,,0.75,,,False,failed,RuntimeError('`tf.data.Dataset` only supports Python-style iteration in eager mode or within tf.function.'),,,not_completed,,2.0,500.0,cross-entropy,tf,,,,
DRUG,4,10,100777,RF,"{'n_estimators': np.int64(161), 'min_samples_split': np.int64(4), 'min_samples_leaf': np.int64(6), 'max_depth': np.int64(8)}",paper,Fair-transport,,0.0,0.4217506631299735,0.04349060353148243,True,completed_without_exception,optimal,,0.09577999999964959,optimal,,,,,,7.832125226148179e-10,0.5643033744845015,CLARABEL,OSQP
DRUG,4,10,100777,RF,"{'n_estimators': np.int64(161), 'min_samples_split': np.int64(4), 'min_samples_leaf': np.int64(6), 'max_depth': np.int64(8)}",paper,Fair-transport,,0.1,0.4376657824933687,0.16172713336739908,True,completed_without_exception,optimal,,0.08486729999640374,optimal,,,,,,0.10000000039386497,0.5475161912161266,CLARABEL,OSQP
DRUG,4,10,100777,RF,"{'n_estimators': np.int64(161), 'min_samples_split': np.int64(4), 'min_samples_leaf': np.int64(6), 'max_depth': np.int64(8)}",paper,Fair-transport,,0.2,0.4403183023872679,0.17242945551581218,True,completed_without_exception,optimal,,0.08361769999828539,optimal,,,,,,0.20000000000654608,0.5451871784047884,CLARABEL,OSQP
DRUG,4,10,100777,RF,"{'n_estimators': np.int64(161), 'min_samples_split': np.int64(4), 'min_samples_leaf': np.int64(6), 'max_depth': np.int64(8)}",paper,Fair-transport,,0.3,0.4376657824933687,0.17242945551581218,True,completed_without_exception,optimal,,0.09724860000278568,optimal,,,,,,0.2233589135038153,0.545172759784705,CLARABEL,OSQP
DRUG,4,10,100777,RF,"{'n_estimators': np.int64(161), 'min_samples_split': np.int64(4), 'min_samples_leaf': np.int64(6), 'max_depth': np.int64(8)}",paper,Fair-transport,,0.4,0.4376657824933687,0.17242945551581218,True,completed_without_exception,optimal,,0.09986530000242055,optimal,,,,,,0.22335891249949452,0.5451727597766358,CLARABEL,OSQP
DRUG,4,10,100777,GBM,"{'reg_lambda': 0, 'reg_alpha': 1, 'num_leaves': np.int64(40), 'n_estimators': np.int64(56), 'min_child_samples': np.int64(49), 'max_depth': np.int64(16)}",paper,Unfair,,,0.4482758620689655,0.20144211661840689,True,not_applicable,not applicable,0.0,0.0,not_applicable,,,,,,,,,
DRUG,4,10,100777,GBM,"{'reg_lambda': 0, 'reg_alpha': 1, 'num_leaves': np.int64(40), 'n_estimators': np.int64(56), 'min_child_samples': np.int64(49), 'max_depth': np.int64(16)}",paper,Our Eps-Fair,0.0,,0.38992042440318303,0.0410776131266678,True,0,Optimization terminated successfully,21.0,0.04810220000217669,completed_without_exception,,,,,,,,,
DRUG,4,10,100777,GBM,"{'reg_lambda': 0, 'reg_alpha': 1, 'num_leaves': np.int64(40), 'n_estimators': np.int64(56), 'min_child_samples': np.int64(49), 'max_depth': np.int64(16)}",paper,Our Eps-Fair,0.1,,0.4270557029177719,0.11653324249134162,True,0,Optimization terminated successfully,21.0,0.04957439999998314,completed_without_exception,,,,,,,,,
DRUG,4,10,100777,GBM,"{'reg_lambda': 0, 'reg_alpha': 1, 'num_leaves': np.int64(40), 'n_estimators': np.int64(56), 'min_child_samples': np.int64(49), 'max_depth': np.int64(16)}",paper,Our Eps-Fair,0.2,,0.4509283819628647,0.19658774768636805,True,0,Optimization terminated successfully,16.0,0.030943100002332358,completed_without_exception,,,,,,,,,
DRUG,4,10,100777,GBM,"{'reg_lambda': 0, 'reg_alpha': 1, 'num_leaves': np.int64(40), 'n_estimators': np.int64(56), 'min_child_samples': np.int64(49), 'max_depth': np.int64(16)}",paper,Our Eps-Fair,0.3,,0.4482758620689655,0.20144211661840689,True,0,Optimization terminated successfully,1.0,0.001919800000905525,completed_without_exception,,,,,,,,,
DRUG,4,10,100777,GBM,"{'reg_lambda': 0, 'reg_alpha': 1, 'num_leaves': np.int64(40), 'n_estimators': np.int64(56), 'min_child_samples': np.int64(49), 'max_depth': np.int64(16)}",paper,Our Eps-Fair,0.4,,0.4482758620689655,0.20144211661840689,True,0,Optimization terminated successfully,1.0,0.002094699997542193,completed_without_exception,,,,,,,,,
DRUG,4,10,100777,GBM,"{'reg_lambda': 0, 'reg_alpha': 1, 'num_leaves': np.int64(40), 'n_estimators': np.int64(56), 'min_child_samples': np.int64(49), 'max_depth': np.int64(16)}",paper,Our Eps-Fair,0.5,,0.4482758620689655,0.20144211661840689,True,0,Optimization terminated successfully,1.0,0.0019355000003997702,completed_without_exception,,,,,,,,,
DRUG,4,10,100777,GBM,"{'reg_lambda': 0, 'reg_alpha': 1, 'num_leaves': np.int64(40), 'n_estimators': np.int64(56), 'min_child_samples': np.int64(49), 'max_depth': np.int64(16)}",paper,FairProjection,,0.0,,,False,failed,RuntimeError('`tf.data.Dataset` only supports Python-style iteration in eager mode or within tf.function.'),,,not_completed,,2.0,500.0,cross-entropy,tf,,,,
DRUG,4,10,100777,GBM,"{'reg_lambda': 0, 'reg_alpha': 1, 'num_leaves': np.int64(40), 'n_estimators': np.int64(56), 'min_child_samples': np.int64(49), 'max_depth': np.int64(16)}",paper,FairProjection,,0.1,,,False,failed,RuntimeError('`tf.data.Dataset` only supports Python-style iteration in eager mode or within tf.function.'),,,not_completed,,2.0,500.0,cross-entropy,tf,,,,
DRUG,4,10,100777,GBM,"{'reg_lambda': 0, 'reg_alpha': 1, 'num_leaves': np.int64(40), 'n_estimators': np.int64(56), 'min_child_samples': np.int64(49), 'max_depth': np.int64(16)}",paper,FairProjection,,0.2,,,False,failed,RuntimeError('`tf.data.Dataset` only supports Python-style iteration in eager mode or within tf.function.'),,,not_completed,,2.0,500.0,cross-entropy,tf,,,,
DRUG,4,10,100777,GBM,"{'reg_lambda': 0, 'reg_alpha': 1, 'num_leaves': np.int64(40), 'n_estimators': np.int64(56), 'min_child_samples': np.int64(49), 'max_depth': np.int64(16)}",paper,FairProjection,,0.5,,,False,failed,RuntimeError('`tf.data.Dataset` only supports Python-style iteration in eager mode or within tf.function.'),,,not_completed,,2.0,500.0,cross-entropy,tf,,,,
DRUG,4,10,100777,GBM,"{'reg_lambda': 0, 'reg_alpha': 1, 'num_leaves': np.int64(40), 'n_estimators': np.int64(56), 'min_child_samples': np.int64(49), 'max_depth': np.int64(16)}",paper,FairProjection,,0.75,,,False,failed,RuntimeError('`tf.data.Dataset` only supports Python-style iteration in eager mode or within tf.function.'),,,not_completed,,2.0,500.0,cross-entropy,tf,,,,
DRUG,4,10,100777,GBM,"{'reg_lambda': 0, 'reg_alpha': 1, 'num_leaves': np.int64(40), 'n_estimators': np.int64(56), 'min_child_samples': np.int64(49), 'max_depth': np.int64(16)}",paper,Fair-transport,,0.0,0.3978779840848806,0.038920115823539436,True,completed_without_exception,optimal,,0.10584999999991851,optimal,,,,,,2.3255714576286834e-09,0.473963135280099,CLARABEL,OSQP
DRUG,4,10,100777,GBM,"{'reg_lambda': 0, 'reg_alpha': 1, 'num_leaves': np.int64(40), 'n_estimators': np.int64(56), 'min_child_samples': np.int64(49), 'max_depth': np.int64(16)}",paper,Fair-transport,,0.1,0.4217506631299735,0.11068528927496735,True,completed_without_exception,optimal,,0.0983775999993668,optimal,,,,,,0.10000000202658013,0.44623279321640924,CLARABEL,OSQP
DRUG,4,10,100777,GBM,"{'reg_lambda': 0, 'reg_alpha': 1, 'num_leaves': np.int64(40), 'n_estimators': np.int64(56), 'min_child_samples': np.int64(49), 'max_depth': np.int64(16)}",paper,Fair-transport,,0.2,0.4509283819628647,0.19658774768636805,True,completed_without_exception,optimal,,0.07191040000179783,optimal,,,,,,0.20000000040852065,0.4365551938665556,CLARABEL,OSQP
DRUG,4,10,100777,GBM,"{'reg_lambda': 0, 'reg_alpha': 1, 'num_leaves': np.int64(40), 'n_estimators': np.int64(56), 'min_child_samples': np.int64(49), 'max_depth': np.int64(16)}",paper,Fair-transport,,0.3,0.4509283819628647,0.20243570090274232,True,completed_without_exception,optimal,,0.09082190000117407,optimal,,,,,,0.2102301777814695,0.4364311302116529,CLARABEL,OSQP
DRUG,4,10,100777,GBM,"{'reg_lambda': 0, 'reg_alpha': 1, 'num_leaves': np.int64(40), 'n_estimators': np.int64(56), 'min_child_samples': np.int64(49), 'max_depth': np.int64(16)}",paper,Fair-transport,,0.4,0.44562334217506633,0.21699880769885882,True,completed_without_exception,optimal,,0.0901795999998285,optimal,,,,,,0.21023017793272902,0.43643112988385147,CLARABEL,OSQP
DRUG,4,11,110777,reglog,{},paper,Unfair,,,0.4880636604774536,0.4387668199625277,True,not_applicable,not applicable,0.0,0.0,not_applicable,,,,,,,,,
DRUG,4,11,110777,reglog,{},paper,Our Eps-Fair,0.0,,0.4509283819628647,0.12306251064554585,True,0,Optimization terminated successfully,17.0,0.041372100000444334,completed_without_exception,,,,,,,,,
DRUG,4,11,110777,reglog,{},paper,Our Eps-Fair,0.1,,0.46949602122015915,0.19267018679384543,True,0,Optimization terminated successfully,21.0,0.04302059999827179,completed_without_exception,,,,,,,,,
DRUG,4,11,110777,reglog,{},paper,Our Eps-Fair,0.2,,0.4562334217506631,0.26378243342985297,True,0,Optimization terminated successfully,10.0,0.018352400002186187,completed_without_exception,,,,,,,,,
DRUG,4,11,110777,reglog,{},paper,Our Eps-Fair,0.3,,0.47214854111405835,0.34542667347981604,True,0,Optimization terminated successfully,7.0,0.012599599998793565,completed_without_exception,,,,,,,,,
DRUG,4,11,110777,reglog,{},paper,Our Eps-Fair,0.4,,0.4880636604774536,0.4387668199625277,True,0,Optimization terminated successfully,1.0,0.001901800002087839,completed_without_exception,,,,,,,,,
DRUG,4,11,110777,reglog,{},paper,Our Eps-Fair,0.5,,0.4880636604774536,0.4387668199625277,True,0,Optimization terminated successfully,1.0,0.0019460000003164168,completed_without_exception,,,,,,,,,
DRUG,4,11,110777,reglog,{},paper,FairProjection,,0.0,,,False,failed,RuntimeError('`tf.data.Dataset` only supports Python-style iteration in eager mode or within tf.function.'),,,not_completed,,2.0,500.0,cross-entropy,tf,,,,
DRUG,4,11,110777,reglog,{},paper,FairProjection,,0.1,,,False,failed,RuntimeError('`tf.data.Dataset` only supports Python-style iteration in eager mode or within tf.function.'),,,not_completed,,2.0,500.0,cross-entropy,tf,,,,
DRUG,4,11,110777,reglog,{},paper,FairProjection,,0.2,,,False,failed,RuntimeError('`tf.data.Dataset` only supports Python-style iteration in eager mode or within tf.function.'),,,not_completed,,2.0,500.0,cross-entropy,tf,,,,
DRUG,4,11,110777,reglog,{},paper,FairProjection,,0.5,,,False,failed,RuntimeError('`tf.data.Dataset` only supports Python-style iteration in eager mode or within tf.function.'),,,not_completed,,2.0,500.0,cross-entropy,tf,,,,
DRUG,4,11,110777,reglog,{},paper,FairProjection,,0.75,,,False,failed,RuntimeError('`tf.data.Dataset` only supports Python-style iteration in eager mode or within tf.function.'),,,not_completed,,2.0,500.0,cross-entropy,tf,,,,
DRUG,4,11,110777,reglog,{},paper,Fair-transport,,0.0,0.46419098143236076,0.22770112984727192,True,completed_without_exception,optimal,,0.09591999999975087,optimal,,,,,,2.2307372976593243e-08,0.5914035031716818,CLARABEL,OSQP
DRUG,4,11,110777,reglog,{},paper,Fair-transport,,0.1,0.46684350132625996,0.23167546698461366,True,completed_without_exception,optimal,,0.09384730000238051,optimal,,,,,,0.10000000834897887,0.5726425770006504,CLARABEL,OSQP
DRUG,4,11,110777,reglog,{},paper,Fair-transport,,0.2,0.4535809018567639,0.24921932663373647,True,completed_without_exception,optimal,,0.08364560000336496,optimal,,,,,,0.2000000006115159,0.5660456051930282,CLARABEL,OSQP
DRUG,4,11,110777,reglog,{},paper,Fair-transport,,0.3,0.46684350132625996,0.32788281383069323,True,completed_without_exception,optimal,,0.0948134000027494,optimal,,,,,,0.30000000126016035,0.5632123301229844,CLARABEL,OSQP
DRUG,4,11,110777,reglog,{},paper,Fair-transport,,0.4,0.47745358090185674,0.3715721342190428,True,completed_without_exception,optimal,,0.09157689999847207,optimal,,,,,,0.37260585654454087,0.5627909180904649,CLARABEL,OSQP
DRUG,4,11,110777,RF,"{'n_estimators': np.int64(40), 'min_samples_split': np.int64(6), 'min_samples_leaf': np.int64(1), 'max_depth': np.int64(8)}",paper,Unfair,,,0.4376657824933687,0.28214954862885366,True,not_applicable,not applicable,0.0,0.0,not_applicable,,,,,,,,,
DRUG,4,11,110777,RF,"{'n_estimators': np.int64(40), 'min_samples_split': np.int64(6), 'min_samples_leaf': np.int64(1), 'max_depth': np.int64(8)}",paper,Our Eps-Fair,0.0,,0.4270557029177719,0.07471753818202462,True,0,Optimization terminated successfully,14.0,0.025701300000946503,completed_without_exception,,,,,,,,,
DRUG,4,11,110777,RF,"{'n_estimators': np.int64(40), 'min_samples_split': np.int64(6), 'min_samples_leaf': np.int64(1), 'max_depth': np.int64(8)}",paper,Our Eps-Fair,0.1,,0.4297082228116711,0.19840458752058138,True,0,Optimization terminated successfully,26.0,0.0485618999991857,completed_without_exception,,,,,,,,,
DRUG,4,11,110777,RF,"{'n_estimators': np.int64(40), 'min_samples_split': np.int64(6), 'min_samples_leaf': np.int64(1), 'max_depth': np.int64(8)}",paper,Our Eps-Fair,0.2,,0.4297082228116711,0.25594731164480783,True,0,Optimization terminated successfully,9.0,0.01695800000015879,completed_without_exception,,,,,,,,,
DRUG,4,11,110777,RF,"{'n_estimators': np.int64(40), 'min_samples_split': np.int64(6), 'min_samples_leaf': np.int64(1), 'max_depth': np.int64(8)}",paper,Our Eps-Fair,0.3,,0.4376657824933687,0.28214954862885366,True,0,Optimization terminated successfully,1.0,0.0020476999998209067,completed_without_exception,,,,,,,,,
DRUG,4,11,110777,RF,"{'n_estimators': np.int64(40), 'min_samples_split': np.int64(6), 'min_samples_leaf': np.int64(1), 'max_depth': np.int64(8)}",paper,Our Eps-Fair,0.4,,0.4376657824933687,0.28214954862885366,True,0,Optimization terminated successfully,1.0,0.0018106999996234663,completed_without_exception,,,,,,,,,
DRUG,4,11,110777,RF,"{'n_estimators': np.int64(40), 'min_samples_split': np.int64(6), 'min_samples_leaf': np.int64(1), 'max_depth': np.int64(8)}",paper,Our Eps-Fair,0.5,,0.4376657824933687,0.28214954862885366,True,0,Optimization terminated successfully,1.0,0.0020760000006703194,completed_without_exception,,,,,,,,,
DRUG,4,11,110777,RF,"{'n_estimators': np.int64(40), 'min_samples_split': np.int64(6), 'min_samples_leaf': np.int64(1), 'max_depth': np.int64(8)}",paper,FairProjection,,0.0,,,False,failed,RuntimeError('`tf.data.Dataset` only supports Python-style iteration in eager mode or within tf.function.'),,,not_completed,,2.0,500.0,cross-entropy,tf,,,,
DRUG,4,11,110777,RF,"{'n_estimators': np.int64(40), 'min_samples_split': np.int64(6), 'min_samples_leaf': np.int64(1), 'max_depth': np.int64(8)}",paper,FairProjection,,0.1,,,False,failed,RuntimeError('`tf.data.Dataset` only supports Python-style iteration in eager mode or within tf.function.'),,,not_completed,,2.0,500.0,cross-entropy,tf,,,,
DRUG,4,11,110777,RF,"{'n_estimators': np.int64(40), 'min_samples_split': np.int64(6), 'min_samples_leaf': np.int64(1), 'max_depth': np.int64(8)}",paper,FairProjection,,0.2,,,False,failed,RuntimeError('`tf.data.Dataset` only supports Python-style iteration in eager mode or within tf.function.'),,,not_completed,,2.0,500.0,cross-entropy,tf,,,,
DRUG,4,11,110777,RF,"{'n_estimators': np.int64(40), 'min_samples_split': np.int64(6), 'min_samples_leaf': np.int64(1), 'max_depth': np.int64(8)}",paper,FairProjection,,0.5,,,False,failed,RuntimeError('`tf.data.Dataset` only supports Python-style iteration in eager mode or within tf.function.'),,,not_completed,,2.0,500.0,cross-entropy,tf,,,,
DRUG,4,11,110777,RF,"{'n_estimators': np.int64(40), 'min_samples_split': np.int64(6), 'min_samples_leaf': np.int64(1), 'max_depth': np.int64(8)}",paper,FairProjection,,0.75,,,False,failed,RuntimeError('`tf.data.Dataset` only supports Python-style iteration in eager mode or within tf.function.'),,,not_completed,,2.0,500.0,cross-entropy,tf,,,,
DRUG,4,11,110777,RF,"{'n_estimators': np.int64(40), 'min_samples_split': np.int64(6), 'min_samples_leaf': np.int64(1), 'max_depth': np.int64(8)}",paper,Fair-transport,,0.0,0.4323607427055703,0.07670470675069549,True,completed_without_exception,optimal,,0.0952246999986528,optimal,,,,,,1.1917958203655488e-08,0.5525565939657405,CLARABEL,OSQP
DRUG,4,11,110777,RF,"{'n_estimators': np.int64(40), 'min_samples_split': np.int64(6), 'min_samples_leaf': np.int64(1), 'max_depth': np.int64(8)}",paper,Fair-transport,,0.1,0.4270557029177719,0.21881564753307214,True,completed_without_exception,optimal,,0.09170030000314,optimal,,,,,,0.10000000081501981,0.5349015013135001,CLARABEL,OSQP
DRUG,4,11,110777,RF,"{'n_estimators': np.int64(40), 'min_samples_split': np.int64(6), 'min_samples_leaf': np.int64(1), 'max_depth': np.int64(8)}",paper,Fair-transport,,0.2,0.4244031830238727,0.2442514052120593,True,completed_without_exception,optimal,,0.09263400000054389,optimal,,,,,,0.20000000591986933,0.5308669957536704,CLARABEL,OSQP
DRUG,4,11,110777,RF,"{'n_estimators': np.int64(40), 'min_samples_split': np.int64(6), 'min_samples_leaf': np.int64(1), 'max_depth': np.int64(8)}",paper,Fair-transport,,0.3,0.4350132625994695,0.27530801112814396,True,completed_without_exception,optimal,,0.08055900000181282,optimal,,,,,,0.2643080418001412,0.5305267924925037,CLARABEL,OSQP
DRUG,4,11,110777,RF,"{'n_estimators': np.int64(40), 'min_samples_split': np.int64(6), 'min_samples_leaf': np.int64(1), 'max_depth': np.int64(8)}",paper,Fair-transport,,0.4,0.4323607427055703,0.27144722648044056,True,completed_without_exception,optimal,,0.08163629999762634,optimal,,,,,,0.26430804170539834,0.5305267924086103,CLARABEL,OSQP
DRUG,4,11,110777,GBM,"{'reg_lambda': 2, 'reg_alpha': 0.1, 'num_leaves': np.int64(26), 'n_estimators': np.int64(53), 'min_child_samples': np.int64(65), 'max_depth': np.int64(5)}",paper,Unfair,,,0.4588859416445623,0.2529665587918015,True,not_applicable,not applicable,0.0,0.0,not_applicable,,,,,,,,,
DRUG,4,11,110777,GBM,"{'reg_lambda': 2, 'reg_alpha': 0.1, 'num_leaves': np.int64(26), 'n_estimators': np.int64(53), 'min_child_samples': np.int64(65), 'max_depth': np.int64(5)}",paper,Our Eps-Fair,0.0,,0.4509283819628647,0.16933515017316758,True,0,Optimization terminated successfully,20.0,0.04204889999891748,completed_without_exception,,,,,,,,,
DRUG,4,11,110777,GBM,"{'reg_lambda': 2, 'reg_alpha': 0.1, 'num_leaves': np.int64(26), 'n_estimators': np.int64(53), 'min_child_samples': np.int64(65), 'max_depth': np.int64(5)}",paper,Our Eps-Fair,0.1,,0.4509283819628647,0.24618179753591096,True,0,Optimization terminated successfully,12.0,0.02205129999856581,completed_without_exception,,,,,,,,,
DRUG,4,11,110777,GBM,"{'reg_lambda': 2, 'reg_alpha': 0.1, 'num_leaves': np.int64(26), 'n_estimators': np.int64(53), 'min_child_samples': np.int64(65), 'max_depth': np.int64(5)}",paper,Our Eps-Fair,0.2,,0.4482758620689655,0.2374098677113496,True,0,Optimization terminated successfully,6.0,0.0119449000012537,completed_without_exception,,,,,,,,,
DRUG,4,11,110777,GBM,"{'reg_lambda': 2, 'reg_alpha': 0.1, 'num_leaves': np.int64(26), 'n_estimators': np.int64(53), 'min_child_samples': np.int64(65), 'max_depth': np.int64(5)}",paper,Our Eps-Fair,0.3,,0.4588859416445623,0.2529665587918015,True,0,Optimization terminated successfully,1.0,0.001932499999384163,completed_without_exception,,,,,,,,,
DRUG,4,11,110777,GBM,"{'reg_lambda': 2, 'reg_alpha': 0.1, 'num_leaves': np.int64(26), 'n_estimators': np.int64(53), 'min_child_samples': np.int64(65), 'max_depth': np.int64(5)}",paper,Our Eps-Fair,0.4,,0.4588859416445623,0.2529665587918015,True,0,Optimization terminated successfully,1.0,0.001846399998612469,completed_without_exception,,,,,,,,,
DRUG,4,11,110777,GBM,"{'reg_lambda': 2, 'reg_alpha': 0.1, 'num_leaves': np.int64(26), 'n_estimators': np.int64(53), 'min_child_samples': np.int64(65), 'max_depth': np.int64(5)}",paper,Our Eps-Fair,0.5,,0.4588859416445623,0.2529665587918015,True,0,Optimization terminated successfully,1.0,0.0019945000021834858,completed_without_exception,,,,,,,,,
DRUG,4,11,110777,GBM,"{'reg_lambda': 2, 'reg_alpha': 0.1, 'num_leaves': np.int64(26), 'n_estimators': np.int64(53), 'min_child_samples': np.int64(65), 'max_depth': np.int64(5)}",paper,FairProjection,,0.0,,,False,failed,RuntimeError('`tf.data.Dataset` only supports Python-style iteration in eager mode or within tf.function.'),,,not_completed,,2.0,500.0,cross-entropy,tf,,,,
DRUG,4,11,110777,GBM,"{'reg_lambda': 2, 'reg_alpha': 0.1, 'num_leaves': np.int64(26), 'n_estimators': np.int64(53), 'min_child_samples': np.int64(65), 'max_depth': np.int64(5)}",paper,FairProjection,,0.1,,,False,failed,RuntimeError('`tf.data.Dataset` only supports Python-style iteration in eager mode or within tf.function.'),,,not_completed,,2.0,500.0,cross-entropy,tf,,,,
DRUG,4,11,110777,GBM,"{'reg_lambda': 2, 'reg_alpha': 0.1, 'num_leaves': np.int64(26), 'n_estimators': np.int64(53), 'min_child_samples': np.int64(65), 'max_depth': np.int64(5)}",paper,FairProjection,,0.2,,,False,failed,RuntimeError('`tf.data.Dataset` only supports Python-style iteration in eager mode or within tf.function.'),,,not_completed,,2.0,500.0,cross-entropy,tf,,,,
DRUG,4,11,110777,GBM,"{'reg_lambda': 2, 'reg_alpha': 0.1, 'num_leaves': np.int64(26), 'n_estimators': np.int64(53), 'min_child_samples': np.int64(65), 'max_depth': np.int64(5)}",paper,FairProjection,,0.5,,,False,failed,RuntimeError('`tf.data.Dataset` only supports Python-style iteration in eager mode or within tf.function.'),,,not_completed,,2.0,500.0,cross-entropy,tf,,,,
DRUG,4,11,110777,GBM,"{'reg_lambda': 2, 'reg_alpha': 0.1, 'num_leaves': np.int64(26), 'n_estimators': np.int64(53), 'min_child_samples': np.int64(65), 'max_depth': np.int64(5)}",paper,FairProjection,,0.75,,,False,failed,RuntimeError('`tf.data.Dataset` only supports Python-style iteration in eager mode or within tf.function.'),,,not_completed,,2.0,500.0,cross-entropy,tf,,,,
DRUG,4,11,110777,GBM,"{'reg_lambda': 2, 'reg_alpha': 0.1, 'num_leaves': np.int64(26), 'n_estimators': np.int64(53), 'min_child_samples': np.int64(65), 'max_depth': np.int64(5)}",paper,Fair-transport,,0.0,0.4482758620689655,0.19173337875432922,True,completed_without_exception,optimal,,0.10640840000269236,optimal,,,,,,1.0260828853247972e-09,0.5037407087381678,CLARABEL,OSQP
DRUG,4,11,110777,GBM,"{'reg_lambda': 2, 'reg_alpha': 0.1, 'num_leaves': np.int64(26), 'n_estimators': np.int64(53), 'min_child_samples': np.int64(65), 'max_depth': np.int64(5)}",paper,Fair-transport,,0.1,0.4350132625994695,0.25202975075228523,True,completed_without_exception,optimal,,0.09585169999991194,optimal,,,,,,0.10000000391457561,0.4825430024445802,CLARABEL,OSQP
DRUG,4,11,110777,GBM,"{'reg_lambda': 2, 'reg_alpha': 0.1, 'num_leaves': np.int64(26), 'n_estimators': np.int64(53), 'min_child_samples': np.int64(65), 'max_depth': np.int64(5)}",paper,Fair-transport,,0.2,0.44562334217506633,0.23156191449497532,True,completed_without_exception,optimal,,0.0916176999999152,optimal,,,,,,0.20000000964987258,0.47908623703235353,CLARABEL,OSQP
DRUG,4,11,110777,GBM,"{'reg_lambda': 2, 'reg_alpha': 0.1, 'num_leaves': np.int64(26), 'n_estimators': np.int64(53), 'min_child_samples': np.int64(65), 'max_depth': np.int64(5)}",paper,Fair-transport,,0.3,0.44297082228116713,0.22764435360245272,True,completed_without_exception,optimal,,0.09151789999668836,optimal,,,,,,0.27880079187694234,0.47824997451677875,CLARABEL,OSQP
DRUG,4,11,110777,GBM,"{'reg_lambda': 2, 'reg_alpha': 0.1, 'num_leaves': np.int64(26), 'n_estimators': np.int64(53), 'min_child_samples': np.int64(65), 'max_depth': np.int64(5)}",paper,Fair-transport,,0.4,0.4588859416445623,0.2529665587918015,True,completed_without_exception,optimal,,0.09311109999907785,optimal,,,,,,0.27880079380840417,0.4782499737098197,CLARABEL,OSQP
DRUG,4,12,120777,reglog,{},paper,Unfair,,,0.4509283819628647,0.34928745812751943,True,not_applicable,not applicable,0.0,0.0,not_applicable,,,,,,,,,
DRUG,4,12,120777,reglog,{},paper,Our Eps-Fair,0.0,,0.3978779840848806,0.2386873332197808,True,0,Optimization terminated successfully,22.0,0.054592199998296564,completed_without_exception,,,,,,,,,
DRUG,4,12,120777,reglog,{},paper,Our Eps-Fair,0.1,,0.4350132625994695,0.18489184125361952,True,0,Optimization terminated successfully,20.0,0.04537680000066757,completed_without_exception,,,,,,,,,
DRUG,4,12,120777,reglog,{},paper,Our Eps-Fair,0.2,,0.4562334217506631,0.28606710952137626,True,0,Optimization terminated successfully,12.0,0.021280199998727767,completed_without_exception,,,,,,,,,
DRUG,4,12,120777,reglog,{},paper,Our Eps-Fair,0.3,,0.4482758620689655,0.3337307670470675,True,0,Optimization terminated successfully,8.0,0.013460500002111075,completed_without_exception,,,,,,,,,
DRUG,4,12,120777,reglog,{},paper,Our Eps-Fair,0.4,,0.4509283819628647,0.34928745812751943,True,0,Optimization terminated successfully,1.0,0.0019390000015846454,completed_without_exception,,,,,,,,,
DRUG,4,12,120777,reglog,{},paper,Our Eps-Fair,0.5,,0.4509283819628647,0.34928745812751943,True,0,Optimization terminated successfully,1.0,0.0019256000014138408,completed_without_exception,,,,,,,,,
DRUG,4,12,120777,reglog,{},paper,FairProjection,,0.0,,,False,failed,RuntimeError('`tf.data.Dataset` only supports Python-style iteration in eager mode or within tf.function.'),,,not_completed,,2.0,500.0,cross-entropy,tf,,,,
DRUG,4,12,120777,reglog,{},paper,FairProjection,,0.1,,,False,failed,RuntimeError('`tf.data.Dataset` only supports Python-style iteration in eager mode or within tf.function.'),,,not_completed,,2.0,500.0,cross-entropy,tf,,,,
DRUG,4,12,120777,reglog,{},paper,FairProjection,,0.2,,,False,failed,RuntimeError('`tf.data.Dataset` only supports Python-style iteration in eager mode or within tf.function.'),,,not_completed,,2.0,500.0,cross-entropy,tf,,,,
DRUG,4,12,120777,reglog,{},paper,FairProjection,,0.5,,,False,failed,RuntimeError('`tf.data.Dataset` only supports Python-style iteration in eager mode or within tf.function.'),,,not_completed,,2.0,500.0,cross-entropy,tf,,,,
DRUG,4,12,120777,reglog,{},paper,FairProjection,,0.75,,,False,failed,RuntimeError('`tf.data.Dataset` only supports Python-style iteration in eager mode or within tf.function.'),,,not_completed,,2.0,500.0,cross-entropy,tf,,,,
DRUG,4,12,120777,reglog,{},paper,Fair-transport,,0.0,0.4005305039787798,0.19091012320445125,True,completed_without_exception,optimal,,0.09316929999840795,optimal,,,,,,1.0509243114631417e-08,0.5938726105274656,CLARABEL,OSQP
DRUG,4,12,120777,reglog,{},paper,Fair-transport,,0.1,0.4403183023872679,0.18003747232158068,True,completed_without_exception,optimal,,0.09590879999814206,optimal,,,,,,0.10000000028941793,0.5743423422520001,CLARABEL,OSQP
DRUG,4,12,120777,reglog,{},paper,Fair-transport,,0.2,0.4562334217506631,0.27238403451995685,True,completed_without_exception,optimal,,0.09391229999891948,optimal,,,,,,0.2000000086904245,0.565606890858844,CLARABEL,OSQP
DRUG,4,12,120777,reglog,{},paper,Fair-transport,,0.3,0.46153846153846156,0.34045875205813886,True,completed_without_exception,optimal,,0.09247119999781717,optimal,,,,,,0.2999999982209777,0.5642385239222085,CLARABEL,OSQP
DRUG,4,12,120777,reglog,{},paper,Fair-transport,,0.4,0.4535809018567639,0.3589961959915971,True,completed_without_exception,optimal,,0.07551530000637285,optimal,,,,,,0.3190395001004242,0.5642092860128822,CLARABEL,OSQP
DRUG,4,12,120777,RF,"{'n_estimators': np.int64(49), 'min_samples_split': np.int64(6), 'min_samples_leaf': np.int64(3), 'max_depth': np.int64(13)}",paper,Unfair,,,0.41379310344827586,0.19658774768636805,True,not_applicable,not applicable,0.0,0.0,not_applicable,,,,,,,,,
DRUG,4,12,120777,RF,"{'n_estimators': np.int64(49), 'min_samples_split': np.int64(6), 'min_samples_leaf': np.int64(3), 'max_depth': np.int64(13)}",paper,Our Eps-Fair,0.0,,0.3819628647214854,0.18406858570374154,True,0,Optimization terminated successfully,20.0,0.03692589999991469,completed_without_exception,,,,,,,,,
DRUG,4,12,120777,RF,"{'n_estimators': np.int64(49), 'min_samples_split': np.int64(6), 'min_samples_leaf': np.int64(3), 'max_depth': np.int64(13)}",paper,Our Eps-Fair,0.1,,0.41114058355437666,0.1353545676488957,True,0,Optimization terminated successfully,21.0,0.039271999998163665,completed_without_exception,,,,,,,,,
DRUG,4,12,120777,RF,"{'n_estimators': np.int64(49), 'min_samples_split': np.int64(6), 'min_samples_leaf': np.int64(3), 'max_depth': np.int64(13)}",paper,Our Eps-Fair,0.2,,0.41379310344827586,0.19173337875432922,True,0,Optimization terminated successfully,5.0,0.009100499999476597,completed_without_exception,,,,,,,,,
DRUG,4,12,120777,RF,"{'n_estimators': np.int64(49), 'min_samples_split': np.int64(6), 'min_samples_leaf': np.int64(3), 'max_depth': np.int64(13)}",paper,Our Eps-Fair,0.3,,0.41379310344827586,0.19658774768636805,True,0,Optimization terminated successfully,1.0,0.0019757999980356544,completed_without_exception,,,,,,,,,
DRUG,4,12,120777,RF,"{'n_estimators': np.int64(49), 'min_samples_split': np.int64(6), 'min_samples_leaf': np.int64(3), 'max_depth': np.int64(13)}",paper,Our Eps-Fair,0.4,,0.41379310344827586,0.19658774768636805,True,0,Optimization terminated successfully,1.0,0.001836100000218721,completed_without_exception,,,,,,,,,
DRUG,4,12,120777,RF,"{'n_estimators': np.int64(49), 'min_samples_split': np.int64(6), 'min_samples_leaf': np.int64(3), 'max_depth': np.int64(13)}",paper,Our Eps-Fair,0.5,,0.41379310344827586,0.19658774768636805,True,0,Optimization terminated successfully,1.0,0.002010099997278303,completed_without_exception,,,,,,,,,
DRUG,4,12,120777,RF,"{'n_estimators': np.int64(49), 'min_samples_split': np.int64(6), 'min_samples_leaf': np.int64(3), 'max_depth': np.int64(13)}",paper,FairProjection,,0.0,,,False,failed,RuntimeError('`tf.data.Dataset` only supports Python-style iteration in eager mode or within tf.function.'),,,not_completed,,2.0,500.0,cross-entropy,tf,,,,
DRUG,4,12,120777,RF,"{'n_estimators': np.int64(49), 'min_samples_split': np.int64(6), 'min_samples_leaf': np.int64(3), 'max_depth': np.int64(13)}",paper,FairProjection,,0.1,,,False,failed,RuntimeError('`tf.data.Dataset` only supports Python-style iteration in eager mode or within tf.function.'),,,not_completed,,2.0,500.0,cross-entropy,tf,,,,
DRUG,4,12,120777,RF,"{'n_estimators': np.int64(49), 'min_samples_split': np.int64(6), 'min_samples_leaf': np.int64(3), 'max_depth': np.int64(13)}",paper,FairProjection,,0.2,,,False,failed,RuntimeError('`tf.data.Dataset` only supports Python-style iteration in eager mode or within tf.function.'),,,not_completed,,2.0,500.0,cross-entropy,tf,,,,
DRUG,4,12,120777,RF,"{'n_estimators': np.int64(49), 'min_samples_split': np.int64(6), 'min_samples_leaf': np.int64(3), 'max_depth': np.int64(13)}",paper,FairProjection,,0.5,,,False,failed,RuntimeError('`tf.data.Dataset` only supports Python-style iteration in eager mode or within tf.function.'),,,not_completed,,2.0,500.0,cross-entropy,tf,,,,
DRUG,4,12,120777,RF,"{'n_estimators': np.int64(49), 'min_samples_split': np.int64(6), 'min_samples_leaf': np.int64(3), 'max_depth': np.int64(13)}",paper,FairProjection,,0.75,,,False,failed,RuntimeError('`tf.data.Dataset` only supports Python-style iteration in eager mode or within tf.function.'),,,not_completed,,2.0,500.0,cross-entropy,tf,,,,
DRUG,4,12,120777,RF,"{'n_estimators': np.int64(49), 'min_samples_split': np.int64(6), 'min_samples_leaf': np.int64(3), 'max_depth': np.int64(13)}",paper,Fair-transport,,0.0,0.376657824933687,0.16067677283824447,True,completed_without_exception,optimal,,0.09501869999803603,optimal,,,,,,1.8176801092062433e-08,0.543676846626165,CLARABEL,OSQP
DRUG,4,12,120777,RF,"{'n_estimators': np.int64(49), 'min_samples_split': np.int64(6), 'min_samples_leaf': np.int64(3), 'max_depth': np.int64(13)}",paper,Fair-transport,,0.1,0.41379310344827586,0.1353545676488957,True,completed_without_exception,optimal,,0.08281560000250465,optimal,,,,,,0.1000000005079631,0.5229994492987646,CLARABEL,OSQP
DRUG,4,12,120777,RF,"{'n_estimators': np.int64(49), 'min_samples_split': np.int64(6), 'min_samples_leaf': np.int64(3), 'max_depth': np.int64(13)}",paper,Fair-transport,,0.2,0.41379310344827586,0.19173337875432922,True,completed_without_exception,optimal,,0.0815889999976207,optimal,,,,,,0.20000000015854413,0.5188856495031384,CLARABEL,OSQP
DRUG,4,12,120777,RF,"{'n_estimators': np.int64(49), 'min_samples_split': np.int64(6), 'min_samples_leaf': np.int64(3), 'max_depth': np.int64(13)}",paper,Fair-transport,,0.3,0.41114058355437666,0.19173337875432922,True,completed_without_exception,optimal,,0.0819813999987673,optimal,,,,,,0.24856493142005734,0.5187191926869322,CLARABEL,OSQP
DRUG,4,12,120777,RF,"{'n_estimators': np.int64(49), 'min_samples_split': np.int64(6), 'min_samples_leaf': np.int64(3), 'max_depth': np.int64(13)}",paper,Fair-transport,,0.4,0.41644562334217505,0.20629648555044572,True,completed_without_exception,optimal,,0.08333879999918281,optimal,,,,,,0.24856493198643204,0.5187191926018053,CLARABEL,OSQP
DRUG,4,12,120777,GBM,"{'reg_lambda': 20, 'reg_alpha': 5, 'num_leaves': np.int64(29), 'n_estimators': np.int64(87), 'min_child_samples': np.int64(29), 'max_depth': np.int64(12)}",paper,Unfair,,,0.4323607427055703,0.2247203769942656,True,not_applicable,not applicable,0.0,0.0,not_applicable,,,,,,,,,
DRUG,4,12,120777,GBM,"{'reg_lambda': 20, 'reg_alpha': 5, 'num_leaves': np.int64(29), 'n_estimators': np.int64(87), 'min_child_samples': np.int64(29), 'max_depth': np.int64(12)}",paper,Our Eps-Fair,0.0,,0.3952254641909814,0.05850792028615226,True,0,Optimization terminated successfully,21.0,0.04356059999918216,completed_without_exception,,,,,,,,,
DRUG,4,12,120777,GBM,"{'reg_lambda': 20, 'reg_alpha': 5, 'num_leaves': np.int64(29), 'n_estimators': np.int64(87), 'min_child_samples': np.int64(29), 'max_depth': np.int64(12)}",paper,Our Eps-Fair,0.1,,0.4244031830238727,0.05459035939362972,True,0,Optimization terminated successfully,20.0,0.041059999999561114,completed_without_exception,,,,,,,,,
DRUG,4,12,120777,GBM,"{'reg_lambda': 20, 'reg_alpha': 5, 'num_leaves': np.int64(29), 'n_estimators': np.int64(87), 'min_child_samples': np.int64(29), 'max_depth': np.int64(12)}",paper,Our Eps-Fair,0.2,,0.4323607427055703,0.2247203769942656,True,0,Optimization terminated successfully,1.0,0.0020334000000730157,completed_without_exception,,,,,,,,,
DRUG,4,12,120777,GBM,"{'reg_lambda': 20, 'reg_alpha': 5, 'num_leaves': np.int64(29), 'n_estimators': np.int64(87), 'min_child_samples': np.int64(29), 'max_depth': np.int64(12)}",paper,Our Eps-Fair,0.3,,0.4323607427055703,0.2247203769942656,True,0,Optimization terminated successfully,1.0,0.002040899998974055,completed_without_exception,,,,,,,,,
DRUG,4,12,120777,GBM,"{'reg_lambda': 20, 'reg_alpha': 5, 'num_leaves': np.int64(29), 'n_estimators': np.int64(87), 'min_child_samples': np.int64(29), 'max_depth': np.int64(12)}",paper,Our Eps-Fair,0.4,,0.4323607427055703,0.2247203769942656,True,0,Optimization terminated successfully,1.0,0.003187199999956647,completed_without_exception,,,,,,,,,
DRUG,4,12,120777,GBM,"{'reg_lambda': 20, 'reg_alpha': 5, 'num_leaves': np.int64(29), 'n_estimators': np.int64(87), 'min_child_samples': np.int64(29), 'max_depth': np.int64(12)}",paper,Our Eps-Fair,0.5,,0.4323607427055703,0.2247203769942656,True,0,Optimization terminated successfully,1.0,0.0036085000028833747,completed_without_exception,,,,,,,,,
DRUG,4,12,120777,GBM,"{'reg_lambda': 20, 'reg_alpha': 5, 'num_leaves': np.int64(29), 'n_estimators': np.int64(87), 'min_child_samples': np.int64(29), 'max_depth': np.int64(12)}",paper,FairProjection,,0.0,,,False,failed,RuntimeError('`tf.data.Dataset` only supports Python-style iteration in eager mode or within tf.function.'),,,not_completed,,2.0,500.0,cross-entropy,tf,,,,
DRUG,4,12,120777,GBM,"{'reg_lambda': 20, 'reg_alpha': 5, 'num_leaves': np.int64(29), 'n_estimators': np.int64(87), 'min_child_samples': np.int64(29), 'max_depth': np.int64(12)}",paper,FairProjection,,0.1,,,False,failed,RuntimeError('`tf.data.Dataset` only supports Python-style iteration in eager mode or within tf.function.'),,,not_completed,,2.0,500.0,cross-entropy,tf,,,,
DRUG,4,12,120777,GBM,"{'reg_lambda': 20, 'reg_alpha': 5, 'num_leaves': np.int64(29), 'n_estimators': np.int64(87), 'min_child_samples': np.int64(29), 'max_depth': np.int64(12)}",paper,FairProjection,,0.2,,,False,failed,RuntimeError('`tf.data.Dataset` only supports Python-style iteration in eager mode or within tf.function.'),,,not_completed,,2.0,500.0,cross-entropy,tf,,,,
DRUG,4,12,120777,GBM,"{'reg_lambda': 20, 'reg_alpha': 5, 'num_leaves': np.int64(29), 'n_estimators': np.int64(87), 'min_child_samples': np.int64(29), 'max_depth': np.int64(12)}",paper,FairProjection,,0.5,,,False,failed,RuntimeError('`tf.data.Dataset` only supports Python-style iteration in eager mode or within tf.function.'),,,not_completed,,2.0,500.0,cross-entropy,tf,,,,
DRUG,4,12,120777,GBM,"{'reg_lambda': 20, 'reg_alpha': 5, 'num_leaves': np.int64(29), 'n_estimators': np.int64(87), 'min_child_samples': np.int64(29), 'max_depth': np.int64(12)}",paper,FairProjection,,0.75,,,False,failed,RuntimeError('`tf.data.Dataset` only supports Python-style iteration in eager mode or within tf.function.'),,,not_completed,,2.0,500.0,cross-entropy,tf,,,,
DRUG,4,12,120777,GBM,"{'reg_lambda': 20, 'reg_alpha': 5, 'num_leaves': np.int64(29), 'n_estimators': np.int64(87), 'min_child_samples': np.int64(29), 'max_depth': np.int64(12)}",paper,Fair-transport,,0.0,0.3952254641909814,0.05459035939362972,True,completed_without_exception,optimal,,0.10512949999974808,optimal,,,,,,6.779468958439949e-09,0.5244083431361001,CLARABEL,OSQP
DRUG,4,12,120777,GBM,"{'reg_lambda': 20, 'reg_alpha': 5, 'num_leaves': np.int64(29), 'n_estimators': np.int64(87), 'min_child_samples': np.int64(29), 'max_depth': np.int64(12)}",paper,Fair-transport,,0.1,0.4350132625994695,0.13524101515925735,True,completed_without_exception,optimal,,0.09703059999810648,optimal,,,,,,0.10000000368118359,0.4983907155145428,CLARABEL,OSQP
DRUG,4,12,120777,GBM,"{'reg_lambda': 20, 'reg_alpha': 5, 'num_leaves': np.int64(29), 'n_estimators': np.int64(87), 'min_child_samples': np.int64(29), 'max_depth': np.int64(12)}",paper,Fair-transport,,0.2,0.4376657824933687,0.2083404303639357,True,completed_without_exception,optimal,,0.09330129999943892,optimal,,,,,,0.1963626410349399,0.49167952095060935,CLARABEL,OSQP
DRUG,4,12,120777,GBM,"{'reg_lambda': 20, 'reg_alpha': 5, 'num_leaves': np.int64(29), 'n_estimators': np.int64(87), 'min_child_samples': np.int64(29), 'max_depth': np.int64(12)}",paper,Fair-transport,,0.3,0.4323607427055703,0.21418838358030998,True,completed_without_exception,optimal,,0.09145669999998063,optimal,,,,,,0.19636263702404794,0.4916795209899349,CLARABEL,OSQP
DRUG,4,12,120777,GBM,"{'reg_lambda': 20, 'reg_alpha': 5, 'num_leaves': np.int64(29), 'n_estimators': np.int64(87), 'min_child_samples': np.int64(29), 'max_depth': np.int64(12)}",paper,Fair-transport,,0.4,0.4376657824933687,0.2083404303639357,True,completed_without_exception,optimal,,0.093574799997441,optimal,,,,,,0.19636263565885523,0.491679521064833,CLARABEL,OSQP
DRUG,4,13,130777,reglog,{},paper,Unfair,,,0.4588859416445623,0.30923181740759664,True,not_applicable,not applicable,0.0,0.0,not_applicable,,,,,,,,,
DRUG,4,13,130777,reglog,{},paper,Our Eps-Fair,0.0,,0.41114058355437666,0.04283767671606198,True,0,Optimization terminated successfully,17.0,0.034064800001942785,completed_without_exception,,,,,,,,,
DRUG,4,13,130777,reglog,{},paper,Our Eps-Fair,0.1,,0.4535809018567639,0.1265826378243343,True,0,Optimization terminated successfully,21.0,0.048988000002282206,completed_without_exception,,,,,,,,,
DRUG,4,13,130777,reglog,{},paper,Our Eps-Fair,0.2,,0.4535809018567639,0.1652472605461875,True,0,Optimization terminated successfully,10.0,0.018648400000529364,completed_without_exception,,,,,,,,,
DRUG,4,13,130777,reglog,{},paper,Our Eps-Fair,0.3,,0.4535809018567639,0.24601146880145347,True,0,Optimization terminated successfully,6.0,0.011066399998526322,completed_without_exception,,,,,,,,,
DRUG,4,13,130777,reglog,{},paper,Our Eps-Fair,0.4,,0.4588859416445623,0.30923181740759664,True,0,Optimization terminated successfully,1.0,0.0018163000022468623,completed_without_exception,,,,,,,,,
DRUG,4,13,130777,reglog,{},paper,Our Eps-Fair,0.5,,0.4588859416445623,0.30923181740759664,True,0,Optimization terminated successfully,1.0,0.001868399998784298,completed_without_exception,,,,,,,,,
DRUG,4,13,130777,reglog,{},paper,FairProjection,,0.0,,,False,failed,RuntimeError('`tf.data.Dataset` only supports Python-style iteration in eager mode or within tf.function.'),,,not_completed,,2.0,500.0,cross-entropy,tf,,,,
DRUG,4,13,130777,reglog,{},paper,FairProjection,,0.1,,,False,failed,RuntimeError('`tf.data.Dataset` only supports Python-style iteration in eager mode or within tf.function.'),,,not_completed,,2.0,500.0,cross-entropy,tf,,,,
DRUG,4,13,130777,reglog,{},paper,FairProjection,,0.2,,,False,failed,RuntimeError('`tf.data.Dataset` only supports Python-style iteration in eager mode or within tf.function.'),,,not_completed,,2.0,500.0,cross-entropy,tf,,,,
DRUG,4,13,130777,reglog,{},paper,FairProjection,,0.5,,,False,failed,RuntimeError('`tf.data.Dataset` only supports Python-style iteration in eager mode or within tf.function.'),,,not_completed,,2.0,500.0,cross-entropy,tf,,,,
DRUG,4,13,130777,reglog,{},paper,FairProjection,,0.75,,,False,failed,RuntimeError('`tf.data.Dataset` only supports Python-style iteration in eager mode or within tf.function.'),,,not_completed,,2.0,500.0,cross-entropy,tf,,,,
DRUG,4,13,130777,reglog,{},paper,Fair-transport,,0.0,0.44297082228116713,0.14770340089706469,True,completed_without_exception,optimal,,0.09664520000296761,optimal,,,,,,2.9343464880149384e-08,0.5849131675175937,CLARABEL,OSQP
DRUG,4,13,130777,reglog,{},paper,Fair-transport,,0.1,0.4482758620689655,0.13898824731732246,True,completed_without_exception,optimal,,0.09532150000450201,optimal,,,,,,0.10000000060208838,0.5673811431980539,CLARABEL,OSQP
DRUG,4,13,130777,reglog,{},paper,Fair-transport,,0.2,0.46684350132625996,0.18963265769602,True,completed_without_exception,optimal,,0.09210859999802778,optimal,,,,,,0.20000000348273667,0.5599630874813104,CLARABEL,OSQP
DRUG,4,13,130777,reglog,{},paper,Fair-transport,,0.3,0.4588859416445623,0.25185942201782774,True,completed_without_exception,optimal,,0.08356819999971776,optimal,,,,,,0.3000000003739982,0.5570327196619942,CLARABEL,OSQP
DRUG,4,13,130777,reglog,{},paper,Fair-transport,,0.4,0.46153846153846156,0.3560154431385908,True,completed_without_exception,optimal,,0.09285859999727109,optimal,,,,,,0.3685990275512339,0.5565192735205342,CLARABEL,OSQP
DRUG,4,13,130777,RF,"{'n_estimators': np.int64(43), 'min_samples_split': np.int64(2), 'min_samples_leaf': np.int64(4), 'max_depth': np.int64(2)}",paper,Unfair,,,0.46419098143236076,0.23763697269062622,True,not_applicable,not applicable,0.0,0.0,not_applicable,,,,,,,,,
DRUG,4,13,130777,RF,"{'n_estimators': np.int64(43), 'min_samples_split': np.int64(2), 'min_samples_leaf': np.int64(4), 'max_depth': np.int64(2)}",paper,Our Eps-Fair,0.0,,0.40583554376657827,0.11079884176460567,True,0,Optimization terminated successfully,15.0,0.027184700000361772,completed_without_exception,,,,,,,,,
DRUG,4,13,130777,RF,"{'n_estimators': np.int64(43), 'min_samples_split': np.int64(2), 'min_samples_leaf': np.int64(4), 'max_depth': np.int64(2)}",paper,Our Eps-Fair,0.1,,0.4217506631299735,0.20723329358996195,True,0,Optimization terminated successfully,21.0,0.03668119999929331,completed_without_exception,,,,,,,,,
DRUG,4,13,130777,RF,"{'n_estimators': np.int64(43), 'min_samples_split': np.int64(2), 'min_samples_leaf': np.int64(4), 'max_depth': np.int64(2)}",paper,Our Eps-Fair,0.2,,0.44297082228116713,0.18968943394083915,True,0,Optimization terminated successfully,14.0,0.024899399999412708,completed_without_exception,,,,,,,,,
DRUG,4,13,130777,RF,"{'n_estimators': np.int64(43), 'min_samples_split': np.int64(2), 'min_samples_leaf': np.int64(4), 'max_depth': np.int64(2)}",paper,Our Eps-Fair,0.3,,0.46419098143236076,0.23763697269062622,True,0,Optimization terminated successfully,1.0,0.0018908000020019244,completed_without_exception,,,,,,,,,
DRUG,4,13,130777,RF,"{'n_estimators': np.int64(43), 'min_samples_split': np.int64(2), 'min_samples_leaf': np.int64(4), 'max_depth': np.int64(2)}",paper,Our Eps-Fair,0.4,,0.46419098143236076,0.23763697269062622,True,0,Optimization terminated successfully,1.0,0.0019071999995503575,completed_without_exception,,,,,,,,,
DRUG,4,13,130777,RF,"{'n_estimators': np.int64(43), 'min_samples_split': np.int64(2), 'min_samples_leaf': np.int64(4), 'max_depth': np.int64(2)}",paper,Our Eps-Fair,0.5,,0.46419098143236076,0.23763697269062622,True,0,Optimization terminated successfully,1.0,0.002057400000921916,completed_without_exception,,,,,,,,,
DRUG,4,13,130777,RF,"{'n_estimators': np.int64(43), 'min_samples_split': np.int64(2), 'min_samples_leaf': np.int64(4), 'max_depth': np.int64(2)}",paper,FairProjection,,0.0,,,False,failed,RuntimeError('`tf.data.Dataset` only supports Python-style iteration in eager mode or within tf.function.'),,,not_completed,,2.0,500.0,cross-entropy,tf,,,,
DRUG,4,13,130777,RF,"{'n_estimators': np.int64(43), 'min_samples_split': np.int64(2), 'min_samples_leaf': np.int64(4), 'max_depth': np.int64(2)}",paper,FairProjection,,0.1,,,False,failed,RuntimeError('`tf.data.Dataset` only supports Python-style iteration in eager mode or within tf.function.'),,,not_completed,,2.0,500.0,cross-entropy,tf,,,,
DRUG,4,13,130777,RF,"{'n_estimators': np.int64(43), 'min_samples_split': np.int64(2), 'min_samples_leaf': np.int64(4), 'max_depth': np.int64(2)}",paper,FairProjection,,0.2,,,False,failed,RuntimeError('`tf.data.Dataset` only supports Python-style iteration in eager mode or within tf.function.'),,,not_completed,,2.0,500.0,cross-entropy,tf,,,,
DRUG,4,13,130777,RF,"{'n_estimators': np.int64(43), 'min_samples_split': np.int64(2), 'min_samples_leaf': np.int64(4), 'max_depth': np.int64(2)}",paper,FairProjection,,0.5,,,False,failed,RuntimeError('`tf.data.Dataset` only supports Python-style iteration in eager mode or within tf.function.'),,,not_completed,,2.0,500.0,cross-entropy,tf,,,,
DRUG,4,13,130777,RF,"{'n_estimators': np.int64(43), 'min_samples_split': np.int64(2), 'min_samples_leaf': np.int64(4), 'max_depth': np.int64(2)}",paper,FairProjection,,0.75,,,False,failed,RuntimeError('`tf.data.Dataset` only supports Python-style iteration in eager mode or within tf.function.'),,,not_completed,,2.0,500.0,cross-entropy,tf,,,,
DRUG,4,13,130777,RF,"{'n_estimators': np.int64(43), 'min_samples_split': np.int64(2), 'min_samples_leaf': np.int64(4), 'max_depth': np.int64(2)}",paper,Fair-transport,,0.0,0.41379310344827586,0.1156532106966445,True,completed_without_exception,optimal,,0.09413920000224607,optimal,,,,,,2.9257907208091183e-10,0.6608934955863857,CLARABEL,OSQP
DRUG,4,13,130777,RF,"{'n_estimators': np.int64(43), 'min_samples_split': np.int64(2), 'min_samples_leaf': np.int64(4), 'max_depth': np.int64(2)}",paper,Fair-transport,,0.1,0.4244031830238727,0.1779935275080906,True,completed_without_exception,optimal,,0.09301279999999679,optimal,,,,,,0.10000000019914956,0.6558451174799457,CLARABEL,OSQP
DRUG,4,13,130777,RF,"{'n_estimators': np.int64(43), 'min_samples_split': np.int64(2), 'min_samples_leaf': np.int64(4), 'max_depth': np.int64(2)}",paper,Fair-transport,,0.2,0.4482758620689655,0.20723329358996195,True,completed_without_exception,optimal,,0.09373889999915264,optimal,,,,,,0.20000000221795655,0.6547363488560203,CLARABEL,OSQP
DRUG,4,13,130777,RF,"{'n_estimators': np.int64(43), 'min_samples_split': np.int64(2), 'min_samples_leaf': np.int64(4), 'max_depth': np.int64(2)}",paper,Fair-transport,,0.3,0.4482758620689655,0.21864531879861465,True,completed_without_exception,optimal,,0.09336760000587674,optimal,,,,,,0.27828929119841306,0.6545004341394884,CLARABEL,OSQP
DRUG,4,13,130777,RF,"{'n_estimators': np.int64(43), 'min_samples_split': np.int64(2), 'min_samples_leaf': np.int64(4), 'max_depth': np.int64(2)}",paper,Fair-transport,,0.4,0.44297082228116713,0.16723442911485836,True,completed_without_exception,optimal,,0.09454700000060257,optimal,,,,,,0.2782892767137256,0.6545004319366786,CLARABEL,OSQP
DRUG,4,13,130777,GBM,"{'reg_lambda': 0, 'reg_alpha': 0, 'num_leaves': np.int64(9), 'n_estimators': np.int64(173), 'min_child_samples': np.int64(12), 'max_depth': np.int64(10)}",paper,Unfair,,,0.4297082228116711,0.1976381082155226,True,not_applicable,not applicable,0.0,0.0,not_applicable,,,,,,,,,
DRUG,4,13,130777,GBM,"{'reg_lambda': 0, 'reg_alpha': 0, 'num_leaves': np.int64(9), 'n_estimators': np.int64(173), 'min_child_samples': np.int64(12), 'max_depth': np.int64(10)}",paper,Our Eps-Fair,0.0,,0.3978779840848806,0.06622948958155905,True,0,Optimization terminated successfully,19.0,0.0422052000030817,completed_without_exception,,,,,,,,,
DRUG,4,13,130777,GBM,"{'reg_lambda': 0, 'reg_alpha': 0, 'num_leaves': np.int64(9), 'n_estimators': np.int64(173), 'min_child_samples': np.int64(12), 'max_depth': np.int64(10)}",paper,Our Eps-Fair,0.1,,0.41644562334217505,0.17308238233123263,True,0,Optimization terminated successfully,23.0,0.046339399999851594,completed_without_exception,,,,,,,,,
DRUG,4,13,130777,GBM,"{'reg_lambda': 0, 'reg_alpha': 0, 'num_leaves': np.int64(9), 'n_estimators': np.int64(173), 'min_child_samples': np.int64(12), 'max_depth': np.int64(10)}",paper,Our Eps-Fair,0.2,,0.4297082228116711,0.17137909498665757,True,0,Optimization terminated successfully,14.0,0.027568999998038635,completed_without_exception,,,,,,,,,
DRUG,4,13,130777,GBM,"{'reg_lambda': 0, 'reg_alpha': 0, 'num_leaves': np.int64(9), 'n_estimators': np.int64(173), 'min_child_samples': np.int64(12), 'max_depth': np.int64(10)}",paper,Our Eps-Fair,0.3,,0.4297082228116711,0.1976381082155226,True,0,Optimization terminated successfully,1.0,0.001929599999130005,completed_without_exception,,,,,,,,,
DRUG,4,13,130777,GBM,"{'reg_lambda': 0, 'reg_alpha': 0, 'num_leaves': np.int64(9), 'n_estimators': np.int64(173), 'min_child_samples': np.int64(12), 'max_depth': np.int64(10)}",paper,Our Eps-Fair,0.4,,0.4297082228116711,0.1976381082155226,True,0,Optimization terminated successfully,1.0,0.001992400000744965,completed_without_exception,,,,,,,,,
DRUG,4,13,130777,GBM,"{'reg_lambda': 0, 'reg_alpha': 0, 'num_leaves': np.int64(9), 'n_estimators': np.int64(173), 'min_child_samples': np.int64(12), 'max_depth': np.int64(10)}",paper,Our Eps-Fair,0.5,,0.4297082228116711,0.1976381082155226,True,0,Optimization terminated successfully,1.0,0.0018877000002248678,completed_without_exception,,,,,,,,,
DRUG,4,13,130777,GBM,"{'reg_lambda': 0, 'reg_alpha': 0, 'num_leaves': np.int64(9), 'n_estimators': np.int64(173), 'min_child_samples': np.int64(12), 'max_depth': np.int64(10)}",paper,FairProjection,,0.0,,,False,failed,RuntimeError('`tf.data.Dataset` only supports Python-style iteration in eager mode or within tf.function.'),,,not_completed,,2.0,500.0,cross-entropy,tf,,,,
DRUG,4,13,130777,GBM,"{'reg_lambda': 0, 'reg_alpha': 0, 'num_leaves': np.int64(9), 'n_estimators': np.int64(173), 'min_child_samples': np.int64(12), 'max_depth': np.int64(10)}",paper,FairProjection,,0.1,,,False,failed,RuntimeError('`tf.data.Dataset` only supports Python-style iteration in eager mode or within tf.function.'),,,not_completed,,2.0,500.0,cross-entropy,tf,,,,
DRUG,4,13,130777,GBM,"{'reg_lambda': 0, 'reg_alpha': 0, 'num_leaves': np.int64(9), 'n_estimators': np.int64(173), 'min_child_samples': np.int64(12), 'max_depth': np.int64(10)}",paper,FairProjection,,0.2,,,False,failed,RuntimeError('`tf.data.Dataset` only supports Python-style iteration in eager mode or within tf.function.'),,,not_completed,,2.0,500.0,cross-entropy,tf,,,,
DRUG,4,13,130777,GBM,"{'reg_lambda': 0, 'reg_alpha': 0, 'num_leaves': np.int64(9), 'n_estimators': np.int64(173), 'min_child_samples': np.int64(12), 'max_depth': np.int64(10)}",paper,FairProjection,,0.5,,,False,failed,RuntimeError('`tf.data.Dataset` only supports Python-style iteration in eager mode or within tf.function.'),,,not_completed,,2.0,500.0,cross-entropy,tf,,,,
DRUG,4,13,130777,GBM,"{'reg_lambda': 0, 'reg_alpha': 0, 'num_leaves': np.int64(9), 'n_estimators': np.int64(173), 'min_child_samples': np.int64(12), 'max_depth': np.int64(10)}",paper,FairProjection,,0.75,,,False,failed,RuntimeError('`tf.data.Dataset` only supports Python-style iteration in eager mode or within tf.function.'),,,not_completed,,2.0,500.0,cross-entropy,tf,,,,
DRUG,4,13,130777,GBM,"{'reg_lambda': 0, 'reg_alpha': 0, 'num_leaves': np.int64(9), 'n_estimators': np.int64(173), 'min_child_samples': np.int64(12), 'max_depth': np.int64(10)}",paper,Fair-transport,,0.0,0.4005305039787798,0.04868562993243625,True,completed_without_exception,optimal,,0.10585189999619615,optimal,,,,,,1.3244177587967698e-08,0.41950534629089736,CLARABEL,OSQP
DRUG,4,13,130777,GBM,"{'reg_lambda': 0, 'reg_alpha': 0, 'num_leaves': np.int64(9), 'n_estimators': np.int64(173), 'min_child_samples': np.int64(12), 'max_depth': np.int64(10)}",paper,Fair-transport,,0.1,0.41379310344827586,0.1682280133991938,True,completed_without_exception,optimal,,0.08158320000075037,optimal,,,,,,0.1000000009446558,0.38723420769246253,CLARABEL,OSQP
DRUG,4,13,130777,GBM,"{'reg_lambda': 0, 'reg_alpha': 0, 'num_leaves': np.int64(9), 'n_estimators': np.int64(173), 'min_child_samples': np.int64(12), 'max_depth': np.int64(10)}",paper,Fair-transport,,0.2,0.4244031830238727,0.16751831033895417,True,completed_without_exception,optimal,,0.09226059999855352,optimal,,,,,,0.20000000273911406,0.3759380785547456,CLARABEL,OSQP
DRUG,4,13,130777,GBM,"{'reg_lambda': 0, 'reg_alpha': 0, 'num_leaves': np.int64(9), 'n_estimators': np.int64(173), 'min_child_samples': np.int64(12), 'max_depth': np.int64(10)}",paper,Fair-transport,,0.3,0.4270557029177719,0.1976381082155226,True,completed_without_exception,optimal,,0.08118459999968763,optimal,,,,,,0.27953964187100583,0.3734227618008595,CLARABEL,OSQP
DRUG,4,13,130777,GBM,"{'reg_lambda': 0, 'reg_alpha': 0, 'num_leaves': np.int64(9), 'n_estimators': np.int64(173), 'min_child_samples': np.int64(12), 'max_depth': np.int64(10)}",paper,Fair-transport,,0.4,0.4270557029177719,0.20933401464827114,True,completed_without_exception,optimal,,0.2983476999979757,optimal,,,,,,0.279539641861395,0.3734227613763922,CLARABEL,OSQP
DRUG,4,14,140777,reglog,{},paper,Unfair,,,0.46949602122015915,0.3327939590075512,True,not_applicable,not applicable,0.0,0.0,not_applicable,,,,,,,,,
DRUG,4,14,140777,reglog,{},paper,Our Eps-Fair,0.0,,0.4509283819628647,0.033015386362345994,True,0,Optimization terminated successfully,14.0,0.03544829999736976,completed_without_exception,,,,,,,,,
DRUG,4,14,140777,reglog,{},paper,Our Eps-Fair,0.1,,0.4880636604774536,0.11593709192074036,True,0,Optimization terminated successfully,15.0,0.030109299998002825,completed_without_exception,,,,,,,,,
DRUG,4,14,140777,reglog,{},paper,Our Eps-Fair,0.2,,0.46419098143236076,0.20056208482370974,True,0,Optimization terminated successfully,9.0,0.0217387000011513,completed_without_exception,,,,,,,,,
DRUG,4,14,140777,reglog,{},paper,Our Eps-Fair,0.3,,0.46949602122015915,0.3327939590075512,True,0,Optimization terminated successfully,4.0,0.008046700000704732,completed_without_exception,,,,,,,,,
DRUG,4,14,140777,reglog,{},paper,Our Eps-Fair,0.4,,0.46949602122015915,0.3327939590075512,True,0,Optimization terminated successfully,1.0,0.0019481999988784082,completed_without_exception,,,,,,,,,
DRUG,4,14,140777,reglog,{},paper,Our Eps-Fair,0.5,,0.46949602122015915,0.3327939590075512,True,0,Optimization terminated successfully,1.0,0.0019721999997273088,completed_without_exception,,,,,,,,,
DRUG,4,14,140777,reglog,{},paper,FairProjection,,0.0,,,False,failed,RuntimeError('`tf.data.Dataset` only supports Python-style iteration in eager mode or within tf.function.'),,,not_completed,,2.0,500.0,cross-entropy,tf,,,,
DRUG,4,14,140777,reglog,{},paper,FairProjection,,0.1,,,False,failed,RuntimeError('`tf.data.Dataset` only supports Python-style iteration in eager mode or within tf.function.'),,,not_completed,,2.0,500.0,cross-entropy,tf,,,,
DRUG,4,14,140777,reglog,{},paper,FairProjection,,0.2,,,False,failed,RuntimeError('`tf.data.Dataset` only supports Python-style iteration in eager mode or within tf.function.'),,,not_completed,,2.0,500.0,cross-entropy,tf,,,,
DRUG,4,14,140777,reglog,{},paper,FairProjection,,0.5,,,False,failed,RuntimeError('`tf.data.Dataset` only supports Python-style iteration in eager mode or within tf.function.'),,,not_completed,,2.0,500.0,cross-entropy,tf,,,,
DRUG,4,14,140777,reglog,{},paper,FairProjection,,0.75,,,False,failed,RuntimeError('`tf.data.Dataset` only supports Python-style iteration in eager mode or within tf.function.'),,,not_completed,,2.0,500.0,cross-entropy,tf,,,,
DRUG,4,14,140777,reglog,{},paper,Fair-transport,,0.0,0.4509283819628647,0.02921137795946177,True,completed_without_exception,optimal,,0.09497199999896111,optimal,,,,,,6.128414165029739e-10,0.5785785489693678,CLARABEL,OSQP
DRUG,4,14,140777,reglog,{},paper,Fair-transport,,0.1,0.47480106100795755,0.11559643445182538,True,completed_without_exception,optimal,,0.09943439999915427,optimal,,,,,,0.1000000097646361,0.5614687970064465,CLARABEL,OSQP
DRUG,4,14,140777,reglog,{},paper,Fair-transport,,0.2,0.493368700265252,0.1604496678589678,True,completed_without_exception,optimal,,0.09882240000297315,optimal,,,,,,0.20000000116302113,0.5559131485356089,CLARABEL,OSQP
DRUG,4,14,140777,reglog,{},paper,Fair-transport,,0.3,0.46949602122015915,0.35133140294100945,True,completed_without_exception,optimal,,0.10548649999691406,optimal,,,,,,0.3000000010933061,0.554030779762364,CLARABEL,OSQP
DRUG,4,14,140777,reglog,{},paper,Fair-transport,,0.4,0.4535809018567639,0.3871288252994947,True,completed_without_exception,optimal,,0.09817520000069635,optimal,,,,,,0.3518044777415577,0.5538624214543191,CLARABEL,OSQP
DRUG,4,14,140777,RF,"{'n_estimators': np.int64(192), 'min_samples_split': np.int64(3), 'min_samples_leaf': np.int64(5), 'max_depth': np.int64(3)}",paper,Unfair,,,0.4535809018567639,0.1771134957133935,True,not_applicable,not applicable,0.0,0.0,not_applicable,,,,,,,,,
DRUG,4,14,140777,RF,"{'n_estimators': np.int64(192), 'min_samples_split': np.int64(3), 'min_samples_leaf': np.int64(5), 'max_depth': np.int64(3)}",paper,Our Eps-Fair,0.0,,0.4562334217506631,0.045818429569068286,True,0,Optimization terminated successfully,15.0,0.02839989999847603,completed_without_exception,,,,,,,,,
DRUG,4,14,140777,RF,"{'n_estimators': np.int64(192), 'min_samples_split': np.int64(3), 'min_samples_leaf': np.int64(5), 'max_depth': np.int64(3)}",paper,Our Eps-Fair,0.1,,0.4588859416445623,0.08857094191790155,True,0,Optimization terminated successfully,20.0,0.03583810000054655,completed_without_exception,,,,,,,,,
DRUG,4,14,140777,RF,"{'n_estimators': np.int64(192), 'min_samples_split': np.int64(3), 'min_samples_leaf': np.int64(5), 'max_depth': np.int64(3)}",paper,Our Eps-Fair,0.2,,0.4562334217506631,0.17126554249701922,True,0,Optimization terminated successfully,5.0,0.00944589999926393,completed_without_exception,,,,,,,,,
DRUG,4,14,140777,RF,"{'n_estimators': np.int64(192), 'min_samples_split': np.int64(3), 'min_samples_leaf': np.int64(5), 'max_depth': np.int64(3)}",paper,Our Eps-Fair,0.3,,0.4535809018567639,0.1771134957133935,True,0,Optimization terminated successfully,1.0,0.0018297999995411374,completed_without_exception,,,,,,,,,
DRUG,4,14,140777,RF,"{'n_estimators': np.int64(192), 'min_samples_split': np.int64(3), 'min_samples_leaf': np.int64(5), 'max_depth': np.int64(3)}",paper,Our Eps-Fair,0.4,,0.4535809018567639,0.1771134957133935,True,0,Optimization terminated successfully,1.0,0.0018773000010696705,completed_without_exception,,,,,,,,,
DRUG,4,14,140777,RF,"{'n_estimators': np.int64(192), 'min_samples_split': np.int64(3), 'min_samples_leaf': np.int64(5), 'max_depth': np.int64(3)}",paper,Our Eps-Fair,0.5,,0.4535809018567639,0.1771134957133935,True,0,Optimization terminated successfully,1.0,0.0018030999999609776,completed_without_exception,,,,,,,,,
DRUG,4,14,140777,RF,"{'n_estimators': np.int64(192), 'min_samples_split': np.int64(3), 'min_samples_leaf': np.int64(5), 'max_depth': np.int64(3)}",paper,FairProjection,,0.0,,,False,failed,RuntimeError('`tf.data.Dataset` only supports Python-style iteration in eager mode or within tf.function.'),,,not_completed,,2.0,500.0,cross-entropy,tf,,,,
DRUG,4,14,140777,RF,"{'n_estimators': np.int64(192), 'min_samples_split': np.int64(3), 'min_samples_leaf': np.int64(5), 'max_depth': np.int64(3)}",paper,FairProjection,,0.1,,,False,failed,RuntimeError('`tf.data.Dataset` only supports Python-style iteration in eager mode or within tf.function.'),,,not_completed,,2.0,500.0,cross-entropy,tf,,,,
DRUG,4,14,140777,RF,"{'n_estimators': np.int64(192), 'min_samples_split': np.int64(3), 'min_samples_leaf': np.int64(5), 'max_depth': np.int64(3)}",paper,FairProjection,,0.2,,,False,failed,RuntimeError('`tf.data.Dataset` only supports Python-style iteration in eager mode or within tf.function.'),,,not_completed,,2.0,500.0,cross-entropy,tf,,,,
DRUG,4,14,140777,RF,"{'n_estimators': np.int64(192), 'min_samples_split': np.int64(3), 'min_samples_leaf': np.int64(5), 'max_depth': np.int64(3)}",paper,FairProjection,,0.5,,,False,failed,RuntimeError('`tf.data.Dataset` only supports Python-style iteration in eager mode or within tf.function.'),,,not_completed,,2.0,500.0,cross-entropy,tf,,,,
DRUG,4,14,140777,RF,"{'n_estimators': np.int64(192), 'min_samples_split': np.int64(3), 'min_samples_leaf': np.int64(5), 'max_depth': np.int64(3)}",paper,FairProjection,,0.75,,,False,failed,RuntimeError('`tf.data.Dataset` only supports Python-style iteration in eager mode or within tf.function.'),,,not_completed,,2.0,500.0,cross-entropy,tf,,,,
DRUG,4,14,140777,RF,"{'n_estimators': np.int64(192), 'min_samples_split': np.int64(3), 'min_samples_leaf': np.int64(5), 'max_depth': np.int64(3)}",paper,Fair-transport,,0.0,0.4588859416445623,0.05552716743314595,True,completed_without_exception,optimal,,0.09635089999937918,optimal,,,,,,6.47615011617475e-09,0.6253897118534751,CLARABEL,OSQP
DRUG,4,14,140777,RF,"{'n_estimators': np.int64(192), 'min_samples_split': np.int64(3), 'min_samples_leaf': np.int64(5), 'max_depth': np.int64(3)}",paper,Fair-transport,,0.1,0.46949602122015915,0.10991880996990858,True,completed_without_exception,optimal,,0.08224969999719178,optimal,,,,,,0.1000000005490258,0.6158258876351181,CLARABEL,OSQP
DRUG,4,14,140777,RF,"{'n_estimators': np.int64(192), 'min_samples_split': np.int64(3), 'min_samples_leaf': np.int64(5), 'max_depth': np.int64(3)}",paper,Fair-transport,,0.2,0.4535809018567639,0.15272809856356098,True,completed_without_exception,optimal,,0.10808150000229944,optimal,,,,,,0.2000000016041648,0.614289054045867,CLARABEL,OSQP
DRUG,4,14,140777,RF,"{'n_estimators': np.int64(192), 'min_samples_split': np.int64(3), 'min_samples_leaf': np.int64(5), 'max_depth': np.int64(3)}",paper,Fair-transport,,0.3,0.46684350132625996,0.20039175608925225,True,completed_without_exception,optimal,,0.11062139999921783,optimal,,,,,,0.24194372146525905,0.6142500936974968,CLARABEL,OSQP
DRUG,4,14,140777,RF,"{'n_estimators': np.int64(192), 'min_samples_split': np.int64(3), 'min_samples_leaf': np.int64(5), 'max_depth': np.int64(3)}",paper,Fair-transport,,0.4,0.47214854111405835,0.18968943394083915,True,completed_without_exception,optimal,,0.09256529999765917,optimal,,,,,,0.2419437253874015,0.6142500930047904,CLARABEL,OSQP
DRUG,4,14,140777,GBM,"{'reg_lambda': 0, 'reg_alpha': 5, 'num_leaves': np.int64(46), 'n_estimators': np.int64(120), 'min_child_samples': np.int64(16), 'max_depth': np.int64(8)}",paper,Unfair,,,0.47745358090185674,0.22869471413160736,True,not_applicable,not applicable,0.0,0.0,not_applicable,,,,,,,,,
DRUG,4,14,140777,GBM,"{'reg_lambda': 0, 'reg_alpha': 5, 'num_leaves': np.int64(46), 'n_estimators': np.int64(120), 'min_child_samples': np.int64(16), 'max_depth': np.int64(8)}",paper,Our Eps-Fair,0.0,,0.46419098143236076,0.10043717708510758,True,0,Optimization terminated successfully,18.0,0.04635780000171508,completed_without_exception,,,,,,,,,
DRUG,4,14,140777,GBM,"{'reg_lambda': 0, 'reg_alpha': 5, 'num_leaves': np.int64(46), 'n_estimators': np.int64(120), 'min_child_samples': np.int64(16), 'max_depth': np.int64(8)}",paper,Our Eps-Fair,0.1,,0.4827586206896552,0.18103105660591612,True,0,Optimization terminated successfully,17.0,0.03953940000064904,completed_without_exception,,,,,,,,,
DRUG,4,14,140777,GBM,"{'reg_lambda': 0, 'reg_alpha': 5, 'num_leaves': np.int64(46), 'n_estimators': np.int64(120), 'min_child_samples': np.int64(16), 'max_depth': np.int64(8)}",paper,Our Eps-Fair,0.2,,0.47745358090185674,0.22869471413160736,True,0,Optimization terminated successfully,7.0,0.012932699999510078,completed_without_exception,,,,,,,,,
DRUG,4,14,140777,GBM,"{'reg_lambda': 0, 'reg_alpha': 5, 'num_leaves': np.int64(46), 'n_estimators': np.int64(120), 'min_child_samples': np.int64(16), 'max_depth': np.int64(8)}",paper,Our Eps-Fair,0.3,,0.47745358090185674,0.22869471413160736,True,0,Optimization terminated successfully,1.0,0.0019711000022653025,completed_without_exception,,,,,,,,,
DRUG,4,14,140777,GBM,"{'reg_lambda': 0, 'reg_alpha': 5, 'num_leaves': np.int64(46), 'n_estimators': np.int64(120), 'min_child_samples': np.int64(16), 'max_depth': np.int64(8)}",paper,Our Eps-Fair,0.4,,0.47745358090185674,0.22869471413160736,True,0,Optimization terminated successfully,1.0,0.0019194000014977064,completed_without_exception,,,,,,,,,
DRUG,4,14,140777,GBM,"{'reg_lambda': 0, 'reg_alpha': 5, 'num_leaves': np.int64(46), 'n_estimators': np.int64(120), 'min_child_samples': np.int64(16), 'max_depth': np.int64(8)}",paper,Our Eps-Fair,0.5,,0.47745358090185674,0.22869471413160736,True,0,Optimization terminated successfully,1.0,0.001884499997686362,completed_without_exception,,,,,,,,,
DRUG,4,14,140777,GBM,"{'reg_lambda': 0, 'reg_alpha': 5, 'num_leaves': np.int64(46), 'n_estimators': np.int64(120), 'min_child_samples': np.int64(16), 'max_depth': np.int64(8)}",paper,FairProjection,,0.0,,,False,failed,RuntimeError('`tf.data.Dataset` only supports Python-style iteration in eager mode or within tf.function.'),,,not_completed,,2.0,500.0,cross-entropy,tf,,,,
DRUG,4,14,140777,GBM,"{'reg_lambda': 0, 'reg_alpha': 5, 'num_leaves': np.int64(46), 'n_estimators': np.int64(120), 'min_child_samples': np.int64(16), 'max_depth': np.int64(8)}",paper,FairProjection,,0.1,,,False,failed,RuntimeError('`tf.data.Dataset` only supports Python-style iteration in eager mode or within tf.function.'),,,not_completed,,2.0,500.0,cross-entropy,tf,,,,
DRUG,4,14,140777,GBM,"{'reg_lambda': 0, 'reg_alpha': 5, 'num_leaves': np.int64(46), 'n_estimators': np.int64(120), 'min_child_samples': np.int64(16), 'max_depth': np.int64(8)}",paper,FairProjection,,0.2,,,False,failed,RuntimeError('`tf.data.Dataset` only supports Python-style iteration in eager mode or within tf.function.'),,,not_completed,,2.0,500.0,cross-entropy,tf,,,,
DRUG,4,14,140777,GBM,"{'reg_lambda': 0, 'reg_alpha': 5, 'num_leaves': np.int64(46), 'n_estimators': np.int64(120), 'min_child_samples': np.int64(16), 'max_depth': np.int64(8)}",paper,FairProjection,,0.5,,,False,failed,RuntimeError('`tf.data.Dataset` only supports Python-style iteration in eager mode or within tf.function.'),,,not_completed,,2.0,500.0,cross-entropy,tf,,,,
DRUG,4,14,140777,GBM,"{'reg_lambda': 0, 'reg_alpha': 5, 'num_leaves': np.int64(46), 'n_estimators': np.int64(120), 'min_child_samples': np.int64(16), 'max_depth': np.int64(8)}",paper,FairProjection,,0.75,,,False,failed,RuntimeError('`tf.data.Dataset` only supports Python-style iteration in eager mode or within tf.function.'),,,not_completed,,2.0,500.0,cross-entropy,tf,,,,
DRUG,4,14,140777,GBM,"{'reg_lambda': 0, 'reg_alpha': 5, 'num_leaves': np.int64(46), 'n_estimators': np.int64(120), 'min_child_samples': np.int64(16), 'max_depth': np.int64(8)}",paper,Fair-transport,,0.0,0.46153846153846156,0.07803894850394594,True,completed_without_exception,optimal,,0.12159560000145575,optimal,,,,,,2.9199973272664437e-09,0.4936100569684919,CLARABEL,OSQP
DRUG,4,14,140777,GBM,"{'reg_lambda': 0, 'reg_alpha': 5, 'num_leaves': np.int64(46), 'n_estimators': np.int64(120), 'min_child_samples': np.int64(16), 'max_depth': np.int64(8)}",paper,Fair-transport,,0.1,0.48010610079575594,0.17518310338954185,True,completed_without_exception,optimal,,0.10991749999811873,optimal,,,,,,0.10000000985318158,0.4726807444717228,CLARABEL,OSQP
DRUG,4,14,140777,GBM,"{'reg_lambda': 0, 'reg_alpha': 5, 'num_leaves': np.int64(46), 'n_estimators': np.int64(120), 'min_child_samples': np.int64(16), 'max_depth': np.int64(8)}",paper,Fair-transport,,0.2,0.4827586206896552,0.267529665587918,True,completed_without_exception,optimal,,0.09623500000088825,optimal,,,,,,0.20000000044644173,0.4681031061514248,CLARABEL,OSQP
DRUG,4,14,140777,GBM,"{'reg_lambda': 0, 'reg_alpha': 5, 'num_leaves': np.int64(46), 'n_estimators': np.int64(120), 'min_child_samples': np.int64(16), 'max_depth': np.int64(8)}",paper,Fair-transport,,0.3,0.47480106100795755,0.22869471413160736,True,completed_without_exception,optimal,,0.10467830000197864,optimal,,,,,,0.22208013410627592,0.4680587309806679,CLARABEL,OSQP
DRUG,4,14,140777,GBM,"{'reg_lambda': 0, 'reg_alpha': 5, 'num_leaves': np.int64(46), 'n_estimators': np.int64(120), 'min_child_samples': np.int64(16), 'max_depth': np.int64(8)}",paper,Fair-transport,,0.4,0.47480106100795755,0.22869471413160736,True,completed_without_exception,optimal,,0.11459890000332962,optimal,,,,,,0.2220801338201601,0.46805873096084877,CLARABEL,OSQP
DRUG,4,15,150777,reglog,{},paper,Unfair,,,0.47745358090185674,0.2665360813035826,True,not_applicable,not applicable,0.0,0.0,not_applicable,,,,,,,,,
DRUG,4,15,150777,reglog,{},paper,Our Eps-Fair,0.0,,0.4217506631299735,0.0826662124567081,True,0,Optimization terminated successfully,18.0,0.04264879999755067,completed_without_exception,,,,,,,,,
DRUG,4,15,150777,reglog,{},paper,Our Eps-Fair,0.1,,0.46419098143236076,0.1450065292681542,True,0,Optimization terminated successfully,14.0,0.027808400001958944,completed_without_exception,,,,,,,,,
DRUG,4,15,150777,reglog,{},paper,Our Eps-Fair,0.2,,0.4588859416445623,0.19559416340203262,True,0,Optimization terminated successfully,10.0,0.019683499998791376,completed_without_exception,,,,,,,,,
DRUG,4,15,150777,reglog,{},paper,Our Eps-Fair,0.3,,0.47480106100795755,0.2519729745074661,True,0,Optimization terminated successfully,9.0,0.01785569999992731,completed_without_exception,,,,,,,,,
DRUG,4,15,150777,reglog,{},paper,Our Eps-Fair,0.4,,0.47745358090185674,0.2665360813035826,True,0,Optimization terminated successfully,1.0,0.002037700000073528,completed_without_exception,,,,,,,,,
DRUG,4,15,150777,reglog,{},paper,Our Eps-Fair,0.5,,0.47745358090185674,0.2665360813035826,True,0,Optimization terminated successfully,1.0,0.0018325000019103754,completed_without_exception,,,,,,,,,
DRUG,4,15,150777,reglog,{},paper,FairProjection,,0.0,,,False,failed,RuntimeError('`tf.data.Dataset` only supports Python-style iteration in eager mode or within tf.function.'),,,not_completed,,2.0,500.0,cross-entropy,tf,,,,
DRUG,4,15,150777,reglog,{},paper,FairProjection,,0.1,,,False,failed,RuntimeError('`tf.data.Dataset` only supports Python-style iteration in eager mode or within tf.function.'),,,not_completed,,2.0,500.0,cross-entropy,tf,,,,
DRUG,4,15,150777,reglog,{},paper,FairProjection,,0.2,,,False,failed,RuntimeError('`tf.data.Dataset` only supports Python-style iteration in eager mode or within tf.function.'),,,not_completed,,2.0,500.0,cross-entropy,tf,,,,
DRUG,4,15,150777,reglog,{},paper,FairProjection,,0.5,,,False,failed,RuntimeError('`tf.data.Dataset` only supports Python-style iteration in eager mode or within tf.function.'),,,not_completed,,2.0,500.0,cross-entropy,tf,,,,
DRUG,4,15,150777,reglog,{},paper,FairProjection,,0.75,,,False,failed,RuntimeError('`tf.data.Dataset` only supports Python-style iteration in eager mode or within tf.function.'),,,not_completed,,2.0,500.0,cross-entropy,tf,,,,
DRUG,4,15,150777,reglog,{},paper,Fair-transport,,0.0,0.4270557029177719,0.0758246749559984,True,completed_without_exception,optimal,,0.09728050000194344,optimal,,,,,,5.018610194085227e-09,0.5730866295939665,CLARABEL,OSQP
DRUG,4,15,150777,reglog,{},paper,Fair-transport,,0.1,0.46419098143236076,0.15255776982910352,True,completed_without_exception,optimal,,0.09620559999893885,optimal,,,,,,0.10000001020518579,0.5548691992605659,CLARABEL,OSQP
DRUG,4,15,150777,reglog,{},paper,Fair-transport,,0.2,0.47214854111405835,0.201498892863226,True,completed_without_exception,optimal,,0.09808950000297045,optimal,,,,,,0.20000000087472686,0.5497674181862653,CLARABEL,OSQP
DRUG,4,15,150777,reglog,{},paper,Fair-transport,,0.3,0.48010610079575594,0.24132742860387213,True,completed_without_exception,optimal,,0.09499200000209385,optimal,,,,,,0.3000000012443189,0.5483397440893373,CLARABEL,OSQP
DRUG,4,15,150777,reglog,{},paper,Fair-transport,,0.4,0.47745358090185674,0.2665360813035826,True,completed_without_exception,optimal,,0.07091989999753423,optimal,,,,,,0.31105427937475333,0.5483145329781531,CLARABEL,OSQP
DRUG,4,15,150777,RF,"{'n_estimators': np.int64(109), 'min_samples_split': np.int64(10), 'min_samples_leaf': np.int64(2), 'max_depth': np.int64(3)}",paper,Unfair,,,0.4376657824933687,0.19085334695963208,True,not_applicable,not applicable,0.0,0.0,not_applicable,,,,,,,,,
DRUG,4,15,150777,RF,"{'n_estimators': np.int64(109), 'min_samples_split': np.int64(10), 'min_samples_leaf': np.int64(2), 'max_depth': np.int64(3)}",paper,Our Eps-Fair,0.0,,0.44297082228116713,0.12553227729517968,True,0,Optimization terminated successfully,21.0,0.03662360000089393,completed_without_exception,,,,,,,,,
DRUG,4,15,150777,RF,"{'n_estimators': np.int64(109), 'min_samples_split': np.int64(10), 'min_samples_leaf': np.int64(2), 'max_depth': np.int64(3)}",paper,Our Eps-Fair,0.1,,0.44297082228116713,0.10021007210583091,True,0,Optimization terminated successfully,21.0,0.034917099997983314,completed_without_exception,,,,,,,,,
DRUG,4,15,150777,RF,"{'n_estimators': np.int64(109), 'min_samples_split': np.int64(10), 'min_samples_leaf': np.int64(2), 'max_depth': np.int64(3)}",paper,Our Eps-Fair,0.2,,0.4376657824933687,0.1597399647987282,True,0,Optimization terminated successfully,5.0,0.009340200002043275,completed_without_exception,,,,,,,,,
DRUG,4,15,150777,RF,"{'n_estimators': np.int64(109), 'min_samples_split': np.int64(10), 'min_samples_leaf': np.int64(2), 'max_depth': np.int64(3)}",paper,Our Eps-Fair,0.3,,0.4376657824933687,0.19085334695963208,True,0,Optimization terminated successfully,1.0,0.0020748999995703343,completed_without_exception,,,,,,,,,
DRUG,4,15,150777,RF,"{'n_estimators': np.int64(109), 'min_samples_split': np.int64(10), 'min_samples_leaf': np.int64(2), 'max_depth': np.int64(3)}",paper,Our Eps-Fair,0.4,,0.4376657824933687,0.19085334695963208,True,0,Optimization terminated successfully,1.0,0.002092299997457303,completed_without_exception,,,,,,,,,
DRUG,4,15,150777,RF,"{'n_estimators': np.int64(109), 'min_samples_split': np.int64(10), 'min_samples_leaf': np.int64(2), 'max_depth': np.int64(3)}",paper,Our Eps-Fair,0.5,,0.4376657824933687,0.19085334695963208,True,0,Optimization terminated successfully,1.0,0.0018281999982718844,completed_without_exception,,,,,,,,,
DRUG,4,15,150777,RF,"{'n_estimators': np.int64(109), 'min_samples_split': np.int64(10), 'min_samples_leaf': np.int64(2), 'max_depth': np.int64(3)}",paper,FairProjection,,0.0,,,False,failed,RuntimeError('`tf.data.Dataset` only supports Python-style iteration in eager mode or within tf.function.'),,,not_completed,,2.0,500.0,cross-entropy,tf,,,,
DRUG,4,15,150777,RF,"{'n_estimators': np.int64(109), 'min_samples_split': np.int64(10), 'min_samples_leaf': np.int64(2), 'max_depth': np.int64(3)}",paper,FairProjection,,0.1,,,False,failed,RuntimeError('`tf.data.Dataset` only supports Python-style iteration in eager mode or within tf.function.'),,,not_completed,,2.0,500.0,cross-entropy,tf,,,,
DRUG,4,15,150777,RF,"{'n_estimators': np.int64(109), 'min_samples_split': np.int64(10), 'min_samples_leaf': np.int64(2), 'max_depth': np.int64(3)}",paper,FairProjection,,0.2,,,False,failed,RuntimeError('`tf.data.Dataset` only supports Python-style iteration in eager mode or within tf.function.'),,,not_completed,,2.0,500.0,cross-entropy,tf,,,,
DRUG,4,15,150777,RF,"{'n_estimators': np.int64(109), 'min_samples_split': np.int64(10), 'min_samples_leaf': np.int64(2), 'max_depth': np.int64(3)}",paper,FairProjection,,0.5,,,False,failed,RuntimeError('`tf.data.Dataset` only supports Python-style iteration in eager mode or within tf.function.'),,,not_completed,,2.0,500.0,cross-entropy,tf,,,,
DRUG,4,15,150777,RF,"{'n_estimators': np.int64(109), 'min_samples_split': np.int64(10), 'min_samples_leaf': np.int64(2), 'max_depth': np.int64(3)}",paper,FairProjection,,0.75,,,False,failed,RuntimeError('`tf.data.Dataset` only supports Python-style iteration in eager mode or within tf.function.'),,,not_completed,,2.0,500.0,cross-entropy,tf,,,,
DRUG,4,15,150777,RF,"{'n_estimators': np.int64(109), 'min_samples_split': np.int64(10), 'min_samples_leaf': np.int64(2), 'max_depth': np.int64(3)}",paper,Fair-transport,,0.0,0.4350132625994695,0.11968432407880542,True,completed_without_exception,optimal,,0.10035509999943315,optimal,,,,,,5.294738536498755e-09,0.6286028868626776,CLARABEL,OSQP
DRUG,4,15,150777,RF,"{'n_estimators': np.int64(109), 'min_samples_split': np.int64(10), 'min_samples_leaf': np.int64(2), 'max_depth': np.int64(3)}",paper,Fair-transport,,0.1,0.44562334217506633,0.11383637086243115,True,completed_without_exception,optimal,,0.09199440000156756,optimal,,,,,,0.10000000702915693,0.6181484267491596,CLARABEL,OSQP
DRUG,4,15,150777,RF,"{'n_estimators': np.int64(109), 'min_samples_split': np.int64(10), 'min_samples_leaf': np.int64(2), 'max_depth': np.int64(3)}",paper,Fair-transport,,0.2,0.4297082228116711,0.15255776982910352,True,completed_without_exception,optimal,,0.09197169999970356,optimal,,,,,,0.19999999859590628,0.6162438155112914,CLARABEL,OSQP
DRUG,4,15,150777,RF,"{'n_estimators': np.int64(109), 'min_samples_split': np.int64(10), 'min_samples_leaf': np.int64(2), 'max_depth': np.int64(3)}",paper,Fair-transport,,0.3,0.4323607427055703,0.18599897802759324,True,completed_without_exception,optimal,,0.07200600000214763,optimal,,,,,,0.23438476740867026,0.6162142581907336,CLARABEL,OSQP
DRUG,4,15,150777,RF,"{'n_estimators': np.int64(109), 'min_samples_split': np.int64(10), 'min_samples_leaf': np.int64(2), 'max_depth': np.int64(3)}",paper,Fair-transport,,0.4,0.4376657824933687,0.15085448248452846,True,completed_without_exception,optimal,,0.09235700000135694,optimal,,,,,,0.23438468778641566,0.6162142631894082,CLARABEL,OSQP
DRUG,4,15,150777,GBM,"{'reg_lambda': 50, 'reg_alpha': 2, 'num_leaves': np.int64(46), 'n_estimators': np.int64(97), 'min_child_samples': np.int64(66), 'max_depth': np.int64(9)}",paper,Unfair,,,0.46949602122015915,0.15775279623005733,True,not_applicable,not applicable,0.0,0.0,not_applicable,,,,,,,,,
DRUG,4,15,150777,GBM,"{'reg_lambda': 50, 'reg_alpha': 2, 'num_leaves': np.int64(46), 'n_estimators': np.int64(97), 'min_child_samples': np.int64(66), 'max_depth': np.int64(9)}",paper,Our Eps-Fair,0.0,,0.4588859416445623,0.1536081303582581,True,0,Optimization terminated successfully,19.0,0.04644470000130241,completed_without_exception,,,,,,,,,
DRUG,4,15,150777,GBM,"{'reg_lambda': 50, 'reg_alpha': 2, 'num_leaves': np.int64(46), 'n_estimators': np.int64(97), 'min_child_samples': np.int64(66), 'max_depth': np.int64(9)}",paper,Our Eps-Fair,0.1,,0.46949602122015915,0.22349968773065348,True,0,Optimization terminated successfully,14.0,0.03318289999879198,completed_without_exception,,,,,,,,,
DRUG,4,15,150777,GBM,"{'reg_lambda': 50, 'reg_alpha': 2, 'num_leaves': np.int64(46), 'n_estimators': np.int64(97), 'min_child_samples': np.int64(66), 'max_depth': np.int64(9)}",paper,Our Eps-Fair,0.2,,0.47214854111405835,0.15658888321126438,True,0,Optimization terminated successfully,12.0,0.02872649999699206,completed_without_exception,,,,,,,,,
DRUG,4,15,150777,GBM,"{'reg_lambda': 50, 'reg_alpha': 2, 'num_leaves': np.int64(46), 'n_estimators': np.int64(97), 'min_child_samples': np.int64(66), 'max_depth': np.int64(9)}",paper,Our Eps-Fair,0.3,,0.46949602122015915,0.15775279623005733,True,0,Optimization terminated successfully,1.0,0.0023731000001134817,completed_without_exception,,,,,,,,,
DRUG,4,15,150777,GBM,"{'reg_lambda': 50, 'reg_alpha': 2, 'num_leaves': np.int64(46), 'n_estimators': np.int64(97), 'min_child_samples': np.int64(66), 'max_depth': np.int64(9)}",paper,Our Eps-Fair,0.4,,0.46949602122015915,0.15775279623005733,True,0,Optimization terminated successfully,1.0,0.002188800001022173,completed_without_exception,,,,,,,,,
DRUG,4,15,150777,GBM,"{'reg_lambda': 50, 'reg_alpha': 2, 'num_leaves': np.int64(46), 'n_estimators': np.int64(97), 'min_child_samples': np.int64(66), 'max_depth': np.int64(9)}",paper,Our Eps-Fair,0.5,,0.46949602122015915,0.15775279623005733,True,0,Optimization terminated successfully,1.0,0.0020973000027879607,completed_without_exception,,,,,,,,,
DRUG,4,15,150777,GBM,"{'reg_lambda': 50, 'reg_alpha': 2, 'num_leaves': np.int64(46), 'n_estimators': np.int64(97), 'min_child_samples': np.int64(66), 'max_depth': np.int64(9)}",paper,FairProjection,,0.0,,,False,failed,RuntimeError('`tf.data.Dataset` only supports Python-style iteration in eager mode or within tf.function.'),,,not_completed,,2.0,500.0,cross-entropy,tf,,,,
DRUG,4,15,150777,GBM,"{'reg_lambda': 50, 'reg_alpha': 2, 'num_leaves': np.int64(46), 'n_estimators': np.int64(97), 'min_child_samples': np.int64(66), 'max_depth': np.int64(9)}",paper,FairProjection,,0.1,,,False,failed,RuntimeError('`tf.data.Dataset` only supports Python-style iteration in eager mode or within tf.function.'),,,not_completed,,2.0,500.0,cross-entropy,tf,,,,
DRUG,4,15,150777,GBM,"{'reg_lambda': 50, 'reg_alpha': 2, 'num_leaves': np.int64(46), 'n_estimators': np.int64(97), 'min_child_samples': np.int64(66), 'max_depth': np.int64(9)}",paper,FairProjection,,0.2,,,False,failed,RuntimeError('`tf.data.Dataset` only supports Python-style iteration in eager mode or within tf.function.'),,,not_completed,,2.0,500.0,cross-entropy,tf,,,,
DRUG,4,15,150777,GBM,"{'reg_lambda': 50, 'reg_alpha': 2, 'num_leaves': np.int64(46), 'n_estimators': np.int64(97), 'min_child_samples': np.int64(66), 'max_depth': np.int64(9)}",paper,FairProjection,,0.5,,,False,failed,RuntimeError('`tf.data.Dataset` only supports Python-style iteration in eager mode or within tf.function.'),,,not_completed,,2.0,500.0,cross-entropy,tf,,,,
DRUG,4,15,150777,GBM,"{'reg_lambda': 50, 'reg_alpha': 2, 'num_leaves': np.int64(46), 'n_estimators': np.int64(97), 'min_child_samples': np.int64(66), 'max_depth': np.int64(9)}",paper,FairProjection,,0.75,,,False,failed,RuntimeError('`tf.data.Dataset` only supports Python-style iteration in eager mode or within tf.function.'),,,not_completed,,2.0,500.0,cross-entropy,tf,,,,
DRUG,4,15,150777,GBM,"{'reg_lambda': 50, 'reg_alpha': 2, 'num_leaves': np.int64(46), 'n_estimators': np.int64(97), 'min_child_samples': np.int64(66), 'max_depth': np.int64(9)}",paper,Fair-transport,,0.0,0.4562334217506631,0.15829217055583944,True,completed_without_exception,optimal,,0.1239878000014869,optimal,,,,,,9.652471322230127e-10,0.524568291165624,CLARABEL,OSQP
DRUG,4,15,150777,GBM,"{'reg_lambda': 50, 'reg_alpha': 2, 'num_leaves': np.int64(46), 'n_estimators': np.int64(97), 'min_child_samples': np.int64(66), 'max_depth': np.int64(9)}",paper,Fair-transport,,0.1,0.4588859416445623,0.2371827627320729,True,completed_without_exception,optimal,,0.09845430000132183,optimal,,,,,,0.10000000631289532,0.5052027023740207,CLARABEL,OSQP
DRUG,4,15,150777,GBM,"{'reg_lambda': 50, 'reg_alpha': 2, 'num_leaves': np.int64(46), 'n_estimators': np.int64(97), 'min_child_samples': np.int64(66), 'max_depth': np.int64(9)}",paper,Fair-transport,,0.2,0.46949602122015915,0.16243683642763865,True,completed_without_exception,optimal,,0.09407180000198423,optimal,,,,,,0.19999999925970835,0.500640626299216,CLARABEL,OSQP
DRUG,4,15,150777,GBM,"{'reg_lambda': 50, 'reg_alpha': 2, 'num_leaves': np.int64(46), 'n_estimators': np.int64(97), 'min_child_samples': np.int64(66), 'max_depth': np.int64(9)}",paper,Fair-transport,,0.3,0.46684350132625996,0.19471413160733547,True,completed_without_exception,optimal,,0.09579529999609804,optimal,,,,,,0.211480535076851,0.5006252056111034,CLARABEL,OSQP
DRUG,4,15,150777,GBM,"{'reg_lambda': 50, 'reg_alpha': 2, 'num_leaves': np.int64(46), 'n_estimators': np.int64(97), 'min_child_samples': np.int64(66), 'max_depth': np.int64(9)}",paper,Fair-transport,,0.4,0.4588859416445623,0.1888661783909612,True,completed_without_exception,optimal,,0.1050522000005003,optimal,,,,,,0.21148053465709793,0.5006252051877162,CLARABEL,OSQP
DRUG,4,16,160777,reglog,{},paper,Unfair,,,0.4588859416445623,0.3911031624368364,True,not_applicable,not applicable,0.0,0.0,not_applicable,,,,,,,,,
DRUG,4,16,160777,reglog,{},paper,Our Eps-Fair,0.0,,0.4827586206896552,0.07554079373190259,True,0,Optimization terminated successfully,23.0,0.05068109999774606,completed_without_exception,,,,,,,,,
DRUG,4,16,160777,reglog,{},paper,Our Eps-Fair,0.1,,0.48010610079575594,0.1693919264179867,True,0,Optimization terminated successfully,16.0,0.03624190000118688,completed_without_exception,,,,,,,,,
DRUG,4,16,160777,reglog,{},paper,Our Eps-Fair,0.2,,0.4827586206896552,0.24623857378073016,True,0,Optimization terminated successfully,15.0,0.028034900002239738,completed_without_exception,,,,,,,,,
DRUG,4,16,160777,reglog,{},paper,Our Eps-Fair,0.3,,0.46949602122015915,0.3337307670470675,True,0,Optimization terminated successfully,18.0,0.03191030000016326,completed_without_exception,,,,,,,,,
DRUG,4,16,160777,reglog,{},paper,Our Eps-Fair,0.4,,0.4588859416445623,0.3911031624368364,True,0,Optimization terminated successfully,1.0,0.0018404000002192333,completed_without_exception,,,,,,,,,
DRUG,4,16,160777,reglog,{},paper,Our Eps-Fair,0.5,,0.4588859416445623,0.3911031624368364,True,0,Optimization terminated successfully,1.0,0.0017609999995329417,completed_without_exception,,,,,,,,,
DRUG,4,16,160777,reglog,{},paper,FairProjection,,0.0,,,False,failed,RuntimeError('`tf.data.Dataset` only supports Python-style iteration in eager mode or within tf.function.'),,,not_completed,,2.0,500.0,cross-entropy,tf,,,,
DRUG,4,16,160777,reglog,{},paper,FairProjection,,0.1,,,False,failed,RuntimeError('`tf.data.Dataset` only supports Python-style iteration in eager mode or within tf.function.'),,,not_completed,,2.0,500.0,cross-entropy,tf,,,,
DRUG,4,16,160777,reglog,{},paper,FairProjection,,0.2,,,False,failed,RuntimeError('`tf.data.Dataset` only supports Python-style iteration in eager mode or within tf.function.'),,,not_completed,,2.0,500.0,cross-entropy,tf,,,,
DRUG,4,16,160777,reglog,{},paper,FairProjection,,0.5,,,False,failed,RuntimeError('`tf.data.Dataset` only supports Python-style iteration in eager mode or within tf.function.'),,,not_completed,,2.0,500.0,cross-entropy,tf,,,,
DRUG,4,16,160777,reglog,{},paper,FairProjection,,0.75,,,False,failed,RuntimeError('`tf.data.Dataset` only supports Python-style iteration in eager mode or within tf.function.'),,,not_completed,,2.0,500.0,cross-entropy,tf,,,,
DRUG,4,16,160777,reglog,{},paper,Fair-transport,,0.0,0.47745358090185674,0.11196275478339862,True,completed_without_exception,optimal,,0.09472249999453197,optimal,,,,,,1.4984145868535137e-09,0.5872199294407024,CLARABEL,OSQP
DRUG,4,16,160777,reglog,{},paper,Fair-transport,,0.1,0.47745358090185674,0.18108783285073524,True,completed_without_exception,optimal,,0.09746340000128839,optimal,,,,,,0.10000000262064848,0.5713525863261217,CLARABEL,OSQP
DRUG,4,16,160777,reglog,{},paper,Fair-transport,,0.2,0.4854111405835544,0.24623857378073016,True,completed_without_exception,optimal,,0.08434209999904851,optimal,,,,,,0.2000000004029972,0.5650025278324912,CLARABEL,OSQP
DRUG,4,16,160777,reglog,{},paper,Fair-transport,,0.3,0.46419098143236076,0.3571225799125646,True,completed_without_exception,optimal,,0.09648120000201743,optimal,,,,,,0.30000000378876723,0.562166882855388,CLARABEL,OSQP
DRUG,4,16,160777,reglog,{},paper,Fair-transport,,0.4,0.4562334217506631,0.40566626923295296,True,completed_without_exception,optimal,,0.09434970000074827,optimal,,,,,,0.35558406217309607,0.5617196337171642,CLARABEL,OSQP
DRUG,4,16,160777,RF,"{'n_estimators': np.int64(108), 'min_samples_split': np.int64(4), 'min_samples_leaf': np.int64(6), 'max_depth': np.int64(3)}",paper,Unfair,,,0.4854111405835544,0.26664963379322093,True,not_applicable,not applicable,0.0,0.0,not_applicable,,,,,,,,,
DRUG,4,16,160777,RF,"{'n_estimators': np.int64(108), 'min_samples_split': np.int64(4), 'min_samples_leaf': np.int64(6), 'max_depth': np.int64(3)}",paper,Our Eps-Fair,0.0,,0.46684350132625996,0.060438312610003986,True,0,Optimization terminated successfully,16.0,0.028222200002346653,completed_without_exception,,,,,,,,,
DRUG,4,16,160777,RF,"{'n_estimators': np.int64(108), 'min_samples_split': np.int64(4), 'min_samples_leaf': np.int64(6), 'max_depth': np.int64(3)}",paper,Our Eps-Fair,0.1,,0.4827586206896552,0.17214557429171634,True,0,Optimization terminated successfully,17.0,0.03258719999939785,completed_without_exception,,,,,,,,,
DRUG,4,16,160777,RF,"{'n_estimators': np.int64(108), 'min_samples_split': np.int64(4), 'min_samples_leaf': np.int64(6), 'max_depth': np.int64(3)}",paper,Our Eps-Fair,0.2,,0.493368700265252,0.24623857378073016,True,0,Optimization terminated successfully,11.0,0.02229760000045644,completed_without_exception,,,,,,,,,
DRUG,4,16,160777,RF,"{'n_estimators': np.int64(108), 'min_samples_split': np.int64(4), 'min_samples_leaf': np.int64(6), 'max_depth': np.int64(3)}",paper,Our Eps-Fair,0.3,,0.4854111405835544,0.26664963379322093,True,0,Optimization terminated successfully,1.0,0.0019090999994659796,completed_without_exception,,,,,,,,,
DRUG,4,16,160777,RF,"{'n_estimators': np.int64(108), 'min_samples_split': np.int64(4), 'min_samples_leaf': np.int64(6), 'max_depth': np.int64(3)}",paper,Our Eps-Fair,0.4,,0.4854111405835544,0.26664963379322093,True,0,Optimization terminated successfully,1.0,0.0024438000000372995,completed_without_exception,,,,,,,,,
DRUG,4,16,160777,RF,"{'n_estimators': np.int64(108), 'min_samples_split': np.int64(4), 'min_samples_leaf': np.int64(6), 'max_depth': np.int64(3)}",paper,Our Eps-Fair,0.5,,0.4854111405835544,0.26664963379322093,True,0,Optimization terminated successfully,1.0,0.002372400002059294,completed_without_exception,,,,,,,,,
DRUG,4,16,160777,RF,"{'n_estimators': np.int64(108), 'min_samples_split': np.int64(4), 'min_samples_leaf': np.int64(6), 'max_depth': np.int64(3)}",paper,FairProjection,,0.0,,,False,failed,RuntimeError('`tf.data.Dataset` only supports Python-style iteration in eager mode or within tf.function.'),,,not_completed,,2.0,500.0,cross-entropy,tf,,,,
DRUG,4,16,160777,RF,"{'n_estimators': np.int64(108), 'min_samples_split': np.int64(4), 'min_samples_leaf': np.int64(6), 'max_depth': np.int64(3)}",paper,FairProjection,,0.1,,,False,failed,RuntimeError('`tf.data.Dataset` only supports Python-style iteration in eager mode or within tf.function.'),,,not_completed,,2.0,500.0,cross-entropy,tf,,,,
DRUG,4,16,160777,RF,"{'n_estimators': np.int64(108), 'min_samples_split': np.int64(4), 'min_samples_leaf': np.int64(6), 'max_depth': np.int64(3)}",paper,FairProjection,,0.2,,,False,failed,RuntimeError('`tf.data.Dataset` only supports Python-style iteration in eager mode or within tf.function.'),,,not_completed,,2.0,500.0,cross-entropy,tf,,,,
DRUG,4,16,160777,RF,"{'n_estimators': np.int64(108), 'min_samples_split': np.int64(4), 'min_samples_leaf': np.int64(6), 'max_depth': np.int64(3)}",paper,FairProjection,,0.5,,,False,failed,RuntimeError('`tf.data.Dataset` only supports Python-style iteration in eager mode or within tf.function.'),,,not_completed,,2.0,500.0,cross-entropy,tf,,,,
DRUG,4,16,160777,RF,"{'n_estimators': np.int64(108), 'min_samples_split': np.int64(4), 'min_samples_leaf': np.int64(6), 'max_depth': np.int64(3)}",paper,FairProjection,,0.75,,,False,failed,RuntimeError('`tf.data.Dataset` only supports Python-style iteration in eager mode or within tf.function.'),,,not_completed,,2.0,500.0,cross-entropy,tf,,,,
DRUG,4,16,160777,RF,"{'n_estimators': np.int64(108), 'min_samples_split': np.int64(4), 'min_samples_leaf': np.int64(6), 'max_depth': np.int64(3)}",paper,Fair-transport,,0.0,0.47214854111405835,0.07213421904275252,True,completed_without_exception,optimal,,0.09387750000314554,optimal,,,,,,1.4607506038100126e-09,0.6321557475147006,CLARABEL,OSQP
DRUG,4,16,160777,RF,"{'n_estimators': np.int64(108), 'min_samples_split': np.int64(4), 'min_samples_leaf': np.int64(6), 'max_depth': np.int64(3)}",paper,Fair-transport,,0.1,0.493368700265252,0.15267132231874186,True,completed_without_exception,optimal,,0.09478930000477703,optimal,,,,,,0.10000001042186743,0.6248071019618269,CLARABEL,OSQP
DRUG,4,16,160777,RF,"{'n_estimators': np.int64(108), 'min_samples_split': np.int64(4), 'min_samples_leaf': np.int64(6), 'max_depth': np.int64(3)}",paper,Fair-transport,,0.2,0.493368700265252,0.21004371770851077,True,completed_without_exception,optimal,,0.09339800000088871,optimal,,,,,,0.19999999882912445,0.6239875896116507,CLARABEL,OSQP
DRUG,4,16,160777,RF,"{'n_estimators': np.int64(108), 'min_samples_split': np.int64(4), 'min_samples_leaf': np.int64(6), 'max_depth': np.int64(3)}",paper,Fair-transport,,0.3,0.5013262599469496,0.21975245557258843,True,completed_without_exception,optimal,,0.0951355999968655,optimal,,,,,,0.22335890155998148,0.6239722480330981,CLARABEL,OSQP
DRUG,4,16,160777,RF,"{'n_estimators': np.int64(108), 'min_samples_split': np.int64(4), 'min_samples_leaf': np.int64(6), 'max_depth': np.int64(3)}",paper,Fair-transport,,0.4,0.5013262599469496,0.30449100096519616,True,completed_without_exception,optimal,,0.0948181999992812,optimal,,,,,,0.22335889895970856,0.6239722477323398,CLARABEL,OSQP
DRUG,4,16,160777,GBM,"{'reg_lambda': 50, 'reg_alpha': 0, 'num_leaves': np.int64(12), 'n_estimators': np.int64(43), 'min_child_samples': np.int64(16), 'max_depth': np.int64(11)}",paper,Unfair,,,0.4880636604774536,0.24325782092772386,True,not_applicable,not applicable,0.0,0.0,not_applicable,,,,,,,,,
DRUG,4,16,160777,GBM,"{'reg_lambda': 50, 'reg_alpha': 0, 'num_leaves': np.int64(12), 'n_estimators': np.int64(43), 'min_child_samples': np.int64(16), 'max_depth': np.int64(11)}",paper,Our Eps-Fair,0.0,,0.46949602122015915,0.052546414580139644,True,0,Optimization terminated successfully,18.0,0.03873069999826839,completed_without_exception,,,,,,,,,
DRUG,4,16,160777,GBM,"{'reg_lambda': 50, 'reg_alpha': 0, 'num_leaves': np.int64(12), 'n_estimators': np.int64(43), 'min_child_samples': np.int64(16), 'max_depth': np.int64(11)}",paper,Our Eps-Fair,0.1,,0.5039787798408488,0.14969056946573556,True,0,Optimization terminated successfully,11.0,0.024602199999208096,completed_without_exception,,,,,,,,,
DRUG,4,16,160777,GBM,"{'reg_lambda': 50, 'reg_alpha': 0, 'num_leaves': np.int64(12), 'n_estimators': np.int64(43), 'min_child_samples': np.int64(16), 'max_depth': np.int64(11)}",paper,Our Eps-Fair,0.2,,0.4827586206896552,0.2335490830636462,True,0,Optimization terminated successfully,14.0,0.027893000002222834,completed_without_exception,,,,,,,,,
DRUG,4,16,160777,GBM,"{'reg_lambda': 50, 'reg_alpha': 0, 'num_leaves': np.int64(12), 'n_estimators': np.int64(43), 'min_child_samples': np.int64(16), 'max_depth': np.int64(11)}",paper,Our Eps-Fair,0.3,,0.4880636604774536,0.24325782092772386,True,0,Optimization terminated successfully,1.0,0.002120400000421796,completed_without_exception,,,,,,,,,
DRUG,4,16,160777,GBM,"{'reg_lambda': 50, 'reg_alpha': 0, 'num_leaves': np.int64(12), 'n_estimators': np.int64(43), 'min_child_samples': np.int64(16), 'max_depth': np.int64(11)}",paper,Our Eps-Fair,0.4,,0.4880636604774536,0.24325782092772386,True,0,Optimization terminated successfully,1.0,0.001850399999966612,completed_without_exception,,,,,,,,,
DRUG,4,16,160777,GBM,"{'reg_lambda': 50, 'reg_alpha': 0, 'num_leaves': np.int64(12), 'n_estimators': np.int64(43), 'min_child_samples': np.int64(16), 'max_depth': np.int64(11)}",paper,Our Eps-Fair,0.5,,0.4880636604774536,0.24325782092772386,True,0,Optimization terminated successfully,1.0,0.002100300000165589,completed_without_exception,,,,,,,,,
DRUG,4,16,160777,GBM,"{'reg_lambda': 50, 'reg_alpha': 0, 'num_leaves': np.int64(12), 'n_estimators': np.int64(43), 'min_child_samples': np.int64(16), 'max_depth': np.int64(11)}",paper,FairProjection,,0.0,,,False,failed,RuntimeError('`tf.data.Dataset` only supports Python-style iteration in eager mode or within tf.function.'),,,not_completed,,2.0,500.0,cross-entropy,tf,,,,
DRUG,4,16,160777,GBM,"{'reg_lambda': 50, 'reg_alpha': 0, 'num_leaves': np.int64(12), 'n_estimators': np.int64(43), 'min_child_samples': np.int64(16), 'max_depth': np.int64(11)}",paper,FairProjection,,0.1,,,False,failed,RuntimeError('`tf.data.Dataset` only supports Python-style iteration in eager mode or within tf.function.'),,,not_completed,,2.0,500.0,cross-entropy,tf,,,,
DRUG,4,16,160777,GBM,"{'reg_lambda': 50, 'reg_alpha': 0, 'num_leaves': np.int64(12), 'n_estimators': np.int64(43), 'min_child_samples': np.int64(16), 'max_depth': np.int64(11)}",paper,FairProjection,,0.2,,,False,failed,RuntimeError('`tf.data.Dataset` only supports Python-style iteration in eager mode or within tf.function.'),,,not_completed,,2.0,500.0,cross-entropy,tf,,,,
DRUG,4,16,160777,GBM,"{'reg_lambda': 50, 'reg_alpha': 0, 'num_leaves': np.int64(12), 'n_estimators': np.int64(43), 'min_child_samples': np.int64(16), 'max_depth': np.int64(11)}",paper,FairProjection,,0.5,,,False,failed,RuntimeError('`tf.data.Dataset` only supports Python-style iteration in eager mode or within tf.function.'),,,not_completed,,2.0,500.0,cross-entropy,tf,,,,
DRUG,4,16,160777,GBM,"{'reg_lambda': 50, 'reg_alpha': 0, 'num_leaves': np.int64(12), 'n_estimators': np.int64(43), 'min_child_samples': np.int64(16), 'max_depth': np.int64(11)}",paper,FairProjection,,0.75,,,False,failed,RuntimeError('`tf.data.Dataset` only supports Python-style iteration in eager mode or within tf.function.'),,,not_completed,,2.0,500.0,cross-entropy,tf,,,,
DRUG,4,16,160777,GBM,"{'reg_lambda': 50, 'reg_alpha': 0, 'num_leaves': np.int64(12), 'n_estimators': np.int64(43), 'min_child_samples': np.int64(16), 'max_depth': np.int64(11)}",paper,Fair-transport,,0.0,0.47214854111405835,0.052546414580139644,True,completed_without_exception,optimal,,0.11306260000128532,optimal,,,,,,4.632120242931137e-10,0.5555190730876043,CLARABEL,OSQP
DRUG,4,16,160777,GBM,"{'reg_lambda': 50, 'reg_alpha': 0, 'num_leaves': np.int64(12), 'n_estimators': np.int64(43), 'min_child_samples': np.int64(16), 'max_depth': np.int64(11)}",paper,Fair-transport,,0.1,0.5039787798408488,0.1438426162493613,True,completed_without_exception,optimal,,0.07282370000029914,optimal,,,,,,0.10000000030208281,0.544536025989859,CLARABEL,OSQP
DRUG,4,16,160777,GBM,"{'reg_lambda': 50, 'reg_alpha': 0, 'num_leaves': np.int64(12), 'n_estimators': np.int64(43), 'min_child_samples': np.int64(16), 'max_depth': np.int64(11)}",paper,Fair-transport,,0.2,0.4827586206896552,0.22869471413160736,True,completed_without_exception,optimal,,0.08123780000460101,optimal,,,,,,0.20000000061128637,0.5419046917935934,CLARABEL,OSQP
DRUG,4,16,160777,GBM,"{'reg_lambda': 50, 'reg_alpha': 0, 'num_leaves': np.int64(12), 'n_estimators': np.int64(43), 'min_child_samples': np.int64(16), 'max_depth': np.int64(11)}",paper,Fair-transport,,0.3,0.4880636604774536,0.24910577414409812,True,completed_without_exception,optimal,,0.07171379999999772,optimal,,,,,,0.20875248724405798,0.5418757866983911,CLARABEL,OSQP
DRUG,4,16,160777,GBM,"{'reg_lambda': 50, 'reg_alpha': 0, 'num_leaves': np.int64(12), 'n_estimators': np.int64(43), 'min_child_samples': np.int64(16), 'max_depth': np.int64(11)}",paper,Fair-transport,,0.4,0.4880636604774536,0.24325782092772386,True,completed_without_exception,optimal,,0.07173310000143829,optimal,,,,,,0.20875248701024027,0.5418757866243913,CLARABEL,OSQP
DRUG,4,17,170777,reglog,{},paper,Unfair,,,0.493368700265252,0.33350366206779086,True,not_applicable,not applicable,0.0,0.0,not_applicable,,,,,,,,,
DRUG,4,17,170777,reglog,{},paper,Our Eps-Fair,0.0,,0.4270557029177719,0.07693181172997215,True,0,Optimization terminated successfully,23.0,0.059631399999489076,completed_without_exception,,,,,,,,,
DRUG,4,17,170777,reglog,{},paper,Our Eps-Fair,0.1,,0.4509283819628647,0.15851927553511613,True,0,Optimization terminated successfully,22.0,0.05088899999827845,completed_without_exception,,,,,,,,,
DRUG,4,17,170777,reglog,{},paper,Our Eps-Fair,0.2,,0.46153846153846156,0.20916368591381368,True,0,Optimization terminated successfully,16.0,0.030155200001900084,completed_without_exception,,,,,,,,,
DRUG,4,17,170777,reglog,{},paper,Our Eps-Fair,0.3,,0.4907161803713528,0.28513030148185997,True,0,Optimization terminated successfully,7.0,0.012898500001028879,completed_without_exception,,,,,,,,,
DRUG,4,17,170777,reglog,{},paper,Our Eps-Fair,0.4,,0.493368700265252,0.33350366206779086,True,0,Optimization terminated successfully,1.0,0.0018748000002233312,completed_without_exception,,,,,,,,,
DRUG,4,17,170777,reglog,{},paper,Our Eps-Fair,0.5,,0.493368700265252,0.33350366206779086,True,0,Optimization terminated successfully,1.0,0.0019666000007418916,completed_without_exception,,,,,,,,,
DRUG,4,17,170777,reglog,{},paper,FairProjection,,0.0,,,False,failed,RuntimeError('`tf.data.Dataset` only supports Python-style iteration in eager mode or within tf.function.'),,,not_completed,,2.0,500.0,cross-entropy,tf,,,,
DRUG,4,17,170777,reglog,{},paper,FairProjection,,0.1,,,False,failed,RuntimeError('`tf.data.Dataset` only supports Python-style iteration in eager mode or within tf.function.'),,,not_completed,,2.0,500.0,cross-entropy,tf,,,,
DRUG,4,17,170777,reglog,{},paper,FairProjection,,0.2,,,False,failed,RuntimeError('`tf.data.Dataset` only supports Python-style iteration in eager mode or within tf.function.'),,,not_completed,,2.0,500.0,cross-entropy,tf,,,,
DRUG,4,17,170777,reglog,{},paper,FairProjection,,0.5,,,False,failed,RuntimeError('`tf.data.Dataset` only supports Python-style iteration in eager mode or within tf.function.'),,,not_completed,,2.0,500.0,cross-entropy,tf,,,,
DRUG,4,17,170777,reglog,{},paper,FairProjection,,0.75,,,False,failed,RuntimeError('`tf.data.Dataset` only supports Python-style iteration in eager mode or within tf.function.'),,,not_completed,,2.0,500.0,cross-entropy,tf,,,,
DRUG,4,17,170777,reglog,{},paper,Fair-transport,,0.0,0.4244031830238727,0.08564696530971441,True,completed_without_exception,optimal,,0.09786350000285893,optimal,,,,,,1.2681295458172315e-09,0.5764510479609147,CLARABEL,OSQP
DRUG,4,17,170777,reglog,{},paper,Fair-transport,,0.1,0.4562334217506631,0.22957474592630445,True,completed_without_exception,optimal,,0.09770879999996396,optimal,,,,,,0.1000000018259718,0.554696562377644,CLARABEL,OSQP
DRUG,4,17,170777,reglog,{},paper,Fair-transport,,0.2,0.46153846153846156,0.22085959234656222,True,completed_without_exception,optimal,,0.09639959999913117,optimal,,,,,,0.20000000104818916,0.5465210834431048,CLARABEL,OSQP
DRUG,4,17,170777,reglog,{},paper,Fair-transport,,0.3,0.5013262599469496,0.2919718389825697,True,completed_without_exception,optimal,,0.09336189999885391,optimal,,,,,,0.30000000171859015,0.542792802356264,CLARABEL,OSQP
DRUG,4,17,170777,reglog,{},paper,Fair-transport,,0.4,0.493368700265252,0.33350366206779086,True,completed_without_exception,optimal,,0.08359230000132811,optimal,,,,,,0.38940039741780785,0.5420338076367545,CLARABEL,OSQP
DRUG,4,17,170777,RF,"{'n_estimators': np.int64(18), 'min_samples_split': np.int64(4), 'min_samples_leaf': np.int64(5), 'max_depth': np.int64(14)}",paper,Unfair,,,0.506631299734748,0.22770112984727192,True,not_applicable,not applicable,0.0,0.0,not_applicable,,,,,,,,,
DRUG,4,17,170777,RF,"{'n_estimators': np.int64(18), 'min_samples_split': np.int64(4), 'min_samples_leaf': np.int64(5), 'max_depth': np.int64(14)}",paper,Our Eps-Fair,0.0,,0.46684350132625996,0.08559018906489524,True,0,Optimization terminated successfully,15.0,0.026821200000995304,completed_without_exception,,,,,,,,,
DRUG,4,17,170777,RF,"{'n_estimators': np.int64(18), 'min_samples_split': np.int64(4), 'min_samples_leaf': np.int64(5), 'max_depth': np.int64(14)}",paper,Our Eps-Fair,0.1,,0.5039787798408488,0.12834270141372847,True,0,Optimization terminated successfully,22.0,0.042970999998942716,completed_without_exception,,,,,,,,,
DRUG,4,17,170777,RF,"{'n_estimators': np.int64(18), 'min_samples_split': np.int64(4), 'min_samples_leaf': np.int64(5), 'max_depth': np.int64(14)}",paper,Our Eps-Fair,0.2,,0.5092838196286472,0.18103105660591612,True,0,Optimization terminated successfully,7.0,0.012949699997989228,completed_without_exception,,,,,,,,,
DRUG,4,17,170777,RF,"{'n_estimators': np.int64(18), 'min_samples_split': np.int64(4), 'min_samples_leaf': np.int64(5), 'max_depth': np.int64(14)}",paper,Our Eps-Fair,0.3,,0.506631299734748,0.22770112984727192,True,0,Optimization terminated successfully,1.0,0.0019456000009085983,completed_without_exception,,,,,,,,,
DRUG,4,17,170777,RF,"{'n_estimators': np.int64(18), 'min_samples_split': np.int64(4), 'min_samples_leaf': np.int64(5), 'max_depth': np.int64(14)}",paper,Our Eps-Fair,0.4,,0.506631299734748,0.22770112984727192,True,0,Optimization terminated successfully,1.0,0.0018664000017452054,completed_without_exception,,,,,,,,,
DRUG,4,17,170777,RF,"{'n_estimators': np.int64(18), 'min_samples_split': np.int64(4), 'min_samples_leaf': np.int64(5), 'max_depth': np.int64(14)}",paper,Our Eps-Fair,0.5,,0.506631299734748,0.22770112984727192,True,0,Optimization terminated successfully,1.0,0.0018496999982744455,completed_without_exception,,,,,,,,,
DRUG,4,17,170777,RF,"{'n_estimators': np.int64(18), 'min_samples_split': np.int64(4), 'min_samples_leaf': np.int64(5), 'max_depth': np.int64(14)}",paper,FairProjection,,0.0,,,False,failed,RuntimeError('`tf.data.Dataset` only supports Python-style iteration in eager mode or within tf.function.'),,,not_completed,,2.0,500.0,cross-entropy,tf,,,,
DRUG,4,17,170777,RF,"{'n_estimators': np.int64(18), 'min_samples_split': np.int64(4), 'min_samples_leaf': np.int64(5), 'max_depth': np.int64(14)}",paper,FairProjection,,0.1,,,False,failed,RuntimeError('`tf.data.Dataset` only supports Python-style iteration in eager mode or within tf.function.'),,,not_completed,,2.0,500.0,cross-entropy,tf,,,,
DRUG,4,17,170777,RF,"{'n_estimators': np.int64(18), 'min_samples_split': np.int64(4), 'min_samples_leaf': np.int64(5), 'max_depth': np.int64(14)}",paper,FairProjection,,0.2,,,False,failed,RuntimeError('`tf.data.Dataset` only supports Python-style iteration in eager mode or within tf.function.'),,,not_completed,,2.0,500.0,cross-entropy,tf,,,,
DRUG,4,17,170777,RF,"{'n_estimators': np.int64(18), 'min_samples_split': np.int64(4), 'min_samples_leaf': np.int64(5), 'max_depth': np.int64(14)}",paper,FairProjection,,0.5,,,False,failed,RuntimeError('`tf.data.Dataset` only supports Python-style iteration in eager mode or within tf.function.'),,,not_completed,,2.0,500.0,cross-entropy,tf,,,,
DRUG,4,17,170777,RF,"{'n_estimators': np.int64(18), 'min_samples_split': np.int64(4), 'min_samples_leaf': np.int64(5), 'max_depth': np.int64(14)}",paper,FairProjection,,0.75,,,False,failed,RuntimeError('`tf.data.Dataset` only supports Python-style iteration in eager mode or within tf.function.'),,,not_completed,,2.0,500.0,cross-entropy,tf,,,,
DRUG,4,17,170777,RF,"{'n_estimators': np.int64(18), 'min_samples_split': np.int64(4), 'min_samples_leaf': np.int64(5), 'max_depth': np.int64(14)}",paper,Fair-transport,,0.0,0.47214854111405835,0.09430534264463747,True,completed_without_exception,optimal,,0.09637609999845154,optimal,,,,,,2.8791589667953588e-09,0.5393226848390359,CLARABEL,OSQP
DRUG,4,17,170777,RF,"{'n_estimators': np.int64(18), 'min_samples_split': np.int64(4), 'min_samples_leaf': np.int64(5), 'max_depth': np.int64(14)}",paper,Fair-transport,,0.1,0.5092838196286472,0.12348833248168964,True,completed_without_exception,optimal,,0.09680090000256314,optimal,,,,,,0.10000000430018255,0.5195505263465428,CLARABEL,OSQP
DRUG,4,17,170777,RF,"{'n_estimators': np.int64(18), 'min_samples_split': np.int64(4), 'min_samples_leaf': np.int64(5), 'max_depth': np.int64(14)}",paper,Fair-transport,,0.2,0.5092838196286472,0.18103105660591612,True,completed_without_exception,optimal,,0.09620860000359244,optimal,,,,,,0.20000000063943046,0.5131412318972325,CLARABEL,OSQP
DRUG,4,17,170777,RF,"{'n_estimators': np.int64(18), 'min_samples_split': np.int64(4), 'min_samples_leaf': np.int64(5), 'max_depth': np.int64(14)}",paper,Fair-transport,,0.3,0.5145888594164456,0.25313688752625896,True,completed_without_exception,optimal,,0.09329959999740822,optimal,,,,,,0.23878943404183411,0.5127291088613841,CLARABEL,OSQP
DRUG,4,17,170777,RF,"{'n_estimators': np.int64(18), 'min_samples_split': np.int64(4), 'min_samples_leaf': np.int64(5), 'max_depth': np.int64(14)}",paper,Fair-transport,,0.4,0.5013262599469496,0.2335490830636462,True,completed_without_exception,optimal,,0.09255739999935031,optimal,,,,,,0.23878942981388385,0.5127291094352966,CLARABEL,OSQP
DRUG,4,17,170777,GBM,"{'reg_lambda': 10, 'reg_alpha': 20, 'num_leaves': np.int64(20), 'n_estimators': np.int64(115), 'min_child_samples': np.int64(53), 'max_depth': np.int64(10)}",paper,Unfair,,,0.4482758620689655,0.20220859592346563,True,not_applicable,not applicable,0.0,0.0,not_applicable,,,,,,,,,
DRUG,4,17,170777,GBM,"{'reg_lambda': 10, 'reg_alpha': 20, 'num_leaves': np.int64(20), 'n_estimators': np.int64(115), 'min_child_samples': np.int64(53), 'max_depth': np.int64(10)}",paper,Our Eps-Fair,0.0,,0.44297082228116713,0.04979276670641003,True,0,Optimization terminated successfully,19.0,0.04169769999862183,completed_without_exception,,,,,,,,,
DRUG,4,17,170777,GBM,"{'reg_lambda': 10, 'reg_alpha': 20, 'num_leaves': np.int64(20), 'n_estimators': np.int64(115), 'min_child_samples': np.int64(53), 'max_depth': np.int64(10)}",paper,Our Eps-Fair,0.1,,0.4562334217506631,0.13132345426673478,True,0,Optimization terminated successfully,18.0,0.03480459999991581,completed_without_exception,,,,,,,,,
DRUG,4,17,170777,GBM,"{'reg_lambda': 10, 'reg_alpha': 20, 'num_leaves': np.int64(20), 'n_estimators': np.int64(115), 'min_child_samples': np.int64(53), 'max_depth': np.int64(10)}",paper,Our Eps-Fair,0.2,,0.4509283819628647,0.16238006018281953,True,0,Optimization terminated successfully,11.0,0.02355090000128257,completed_without_exception,,,,,,,,,
DRUG,4,17,170777,GBM,"{'reg_lambda': 10, 'reg_alpha': 20, 'num_leaves': np.int64(20), 'n_estimators': np.int64(115), 'min_child_samples': np.int64(53), 'max_depth': np.int64(10)}",paper,Our Eps-Fair,0.3,,0.4482758620689655,0.20220859592346563,True,0,Optimization terminated successfully,1.0,0.0019090999994659796,completed_without_exception,,,,,,,,,
DRUG,4,17,170777,GBM,"{'reg_lambda': 10, 'reg_alpha': 20, 'num_leaves': np.int64(20), 'n_estimators': np.int64(115), 'min_child_samples': np.int64(53), 'max_depth': np.int64(10)}",paper,Our Eps-Fair,0.4,,0.4482758620689655,0.20220859592346563,True,0,Optimization terminated successfully,1.0,0.0018263999991177116,completed_without_exception,,,,,,,,,
DRUG,4,17,170777,GBM,"{'reg_lambda': 10, 'reg_alpha': 20, 'num_leaves': np.int64(20), 'n_estimators': np.int64(115), 'min_child_samples': np.int64(53), 'max_depth': np.int64(10)}",paper,Our Eps-Fair,0.5,,0.4482758620689655,0.20220859592346563,True,0,Optimization terminated successfully,1.0,0.002042800002527656,completed_without_exception,,,,,,,,,
DRUG,4,17,170777,GBM,"{'reg_lambda': 10, 'reg_alpha': 20, 'num_leaves': np.int64(20), 'n_estimators': np.int64(115), 'min_child_samples': np.int64(53), 'max_depth': np.int64(10)}",paper,FairProjection,,0.0,,,False,failed,RuntimeError('`tf.data.Dataset` only supports Python-style iteration in eager mode or within tf.function.'),,,not_completed,,2.0,500.0,cross-entropy,tf,,,,
DRUG,4,17,170777,GBM,"{'reg_lambda': 10, 'reg_alpha': 20, 'num_leaves': np.int64(20), 'n_estimators': np.int64(115), 'min_child_samples': np.int64(53), 'max_depth': np.int64(10)}",paper,FairProjection,,0.1,,,False,failed,RuntimeError('`tf.data.Dataset` only supports Python-style iteration in eager mode or within tf.function.'),,,not_completed,,2.0,500.0,cross-entropy,tf,,,,
DRUG,4,17,170777,GBM,"{'reg_lambda': 10, 'reg_alpha': 20, 'num_leaves': np.int64(20), 'n_estimators': np.int64(115), 'min_child_samples': np.int64(53), 'max_depth': np.int64(10)}",paper,FairProjection,,0.2,,,False,failed,RuntimeError('`tf.data.Dataset` only supports Python-style iteration in eager mode or within tf.function.'),,,not_completed,,2.0,500.0,cross-entropy,tf,,,,
DRUG,4,17,170777,GBM,"{'reg_lambda': 10, 'reg_alpha': 20, 'num_leaves': np.int64(20), 'n_estimators': np.int64(115), 'min_child_samples': np.int64(53), 'max_depth': np.int64(10)}",paper,FairProjection,,0.5,,,False,failed,RuntimeError('`tf.data.Dataset` only supports Python-style iteration in eager mode or within tf.function.'),,,not_completed,,2.0,500.0,cross-entropy,tf,,,,
DRUG,4,17,170777,GBM,"{'reg_lambda': 10, 'reg_alpha': 20, 'num_leaves': np.int64(20), 'n_estimators': np.int64(115), 'min_child_samples': np.int64(53), 'max_depth': np.int64(10)}",paper,FairProjection,,0.75,,,False,failed,RuntimeError('`tf.data.Dataset` only supports Python-style iteration in eager mode or within tf.function.'),,,not_completed,,2.0,500.0,cross-entropy,tf,,,,
DRUG,4,17,170777,GBM,"{'reg_lambda': 10, 'reg_alpha': 20, 'num_leaves': np.int64(20), 'n_estimators': np.int64(115), 'min_child_samples': np.int64(53), 'max_depth': np.int64(10)}",paper,Fair-transport,,0.0,0.44297082228116713,0.02049622437971954,True,completed_without_exception,optimal,,0.11051249999945867,optimal,,,,,,4.933557118391718e-09,0.5757420252580814,CLARABEL,OSQP
DRUG,4,17,170777,GBM,"{'reg_lambda': 10, 'reg_alpha': 20, 'num_leaves': np.int64(20), 'n_estimators': np.int64(115), 'min_child_samples': np.int64(53), 'max_depth': np.int64(10)}",paper,Fair-transport,,0.1,0.4562334217506631,0.10307727246919887,True,completed_without_exception,optimal,,0.09605119999832823,optimal,,,,,,0.10000000931004488,0.5620818852891869,CLARABEL,OSQP
DRUG,4,17,170777,GBM,"{'reg_lambda': 10, 'reg_alpha': 20, 'num_leaves': np.int64(20), 'n_estimators': np.int64(115), 'min_child_samples': np.int64(53), 'max_depth': np.int64(10)}",paper,Fair-transport,,0.2,0.4509283819628647,0.1866519048430137,True,completed_without_exception,optimal,,0.09450179999839747,optimal,,,,,,0.20000000304818363,0.5572486132409413,CLARABEL,OSQP
DRUG,4,17,170777,GBM,"{'reg_lambda': 10, 'reg_alpha': 20, 'num_leaves': np.int64(20), 'n_estimators': np.int64(115), 'min_child_samples': np.int64(53), 'max_depth': np.int64(10)}",paper,Fair-transport,,0.3,0.4562334217506631,0.20320218020780106,True,completed_without_exception,optimal,,0.09463770000002114,optimal,,,,,,0.23793690698361772,0.5568283627111098,CLARABEL,OSQP
DRUG,4,17,170777,GBM,"{'reg_lambda': 10, 'reg_alpha': 20, 'num_leaves': np.int64(20), 'n_estimators': np.int64(115), 'min_child_samples': np.int64(53), 'max_depth': np.int64(10)}",paper,Fair-transport,,0.4,0.46419098143236076,0.23729631522171124,True,completed_without_exception,optimal,,0.09331039999960922,optimal,,,,,,0.23793690909945825,0.5568283613508335,CLARABEL,OSQP
DRUG,4,18,180777,reglog,{},paper,Unfair,,,0.4588859416445623,0.35629932436268663,True,not_applicable,not applicable,0.0,0.0,not_applicable,,,,,,,,,
DRUG,4,18,180777,reglog,{},paper,Our Eps-Fair,0.0,,0.40318302387267907,0.08581729404417193,True,0,Optimization terminated successfully,17.0,0.05983520000154385,completed_without_exception,,,,,,,,,
DRUG,4,18,180777,reglog,{},paper,Our Eps-Fair,0.1,,0.4217506631299735,0.1557088514165673,True,0,Optimization terminated successfully,18.0,0.04736849999972037,completed_without_exception,,,,,,,,,
DRUG,4,18,180777,reglog,{},paper,Our Eps-Fair,0.2,,0.4403183023872679,0.3173508204167376,True,0,Optimization terminated successfully,12.0,0.03236280000055558,completed_without_exception,,,,,,,,,
DRUG,4,18,180777,reglog,{},paper,Our Eps-Fair,0.3,,0.4588859416445623,0.35629932436268663,True,0,Optimization terminated successfully,4.0,0.010486899998795707,completed_without_exception,,,,,,,,,
DRUG,4,18,180777,reglog,{},paper,Our Eps-Fair,0.4,,0.4588859416445623,0.35629932436268663,True,0,Optimization terminated successfully,1.0,0.0025654000019130763,completed_without_exception,,,,,,,,,
DRUG,4,18,180777,reglog,{},paper,Our Eps-Fair,0.5,,0.4588859416445623,0.35629932436268663,True,0,Optimization terminated successfully,1.0,0.002644799998961389,completed_without_exception,,,,,,,,,
DRUG,4,18,180777,reglog,{},paper,FairProjection,,0.0,,,False,failed,RuntimeError('`tf.data.Dataset` only supports Python-style iteration in eager mode or within tf.function.'),,,not_completed,,2.0,500.0,cross-entropy,tf,,,,
DRUG,4,18,180777,reglog,{},paper,FairProjection,,0.1,,,False,failed,RuntimeError('`tf.data.Dataset` only supports Python-style iteration in eager mode or within tf.function.'),,,not_completed,,2.0,500.0,cross-entropy,tf,,,,
DRUG,4,18,180777,reglog,{},paper,FairProjection,,0.2,,,False,failed,RuntimeError('`tf.data.Dataset` only supports Python-style iteration in eager mode or within tf.function.'),,,not_completed,,2.0,500.0,cross-entropy,tf,,,,
DRUG,4,18,180777,reglog,{},paper,FairProjection,,0.5,,,False,failed,RuntimeError('`tf.data.Dataset` only supports Python-style iteration in eager mode or within tf.function.'),,,not_completed,,2.0,500.0,cross-entropy,tf,,,,
DRUG,4,18,180777,reglog,{},paper,FairProjection,,0.75,,,False,failed,RuntimeError('`tf.data.Dataset` only supports Python-style iteration in eager mode or within tf.function.'),,,not_completed,,2.0,500.0,cross-entropy,tf,,,,
DRUG,4,18,180777,reglog,{},paper,Fair-transport,,0.0,0.40848806366047746,0.21319479929597454,True,completed_without_exception,optimal,,0.10822139999800129,optimal,,,,,,2.8294582565813187e-08,0.5870335439621224,CLARABEL,OSQP
DRUG,4,18,180777,reglog,{},paper,Fair-transport,,0.1,0.4376657824933687,0.19951172429455513,True,completed_without_exception,optimal,,0.10649860000194167,optimal,,,,,,0.10000000385973146,0.5681837910749065,CLARABEL,OSQP
DRUG,4,18,180777,reglog,{},paper,Fair-transport,,0.2,0.4535809018567639,0.31536365184806675,True,completed_without_exception,optimal,,0.09694110000054934,optimal,,,,,,0.20000000148291758,0.5623162333161426,CLARABEL,OSQP
DRUG,4,18,180777,reglog,{},paper,Fair-transport,,0.3,0.4588859416445623,0.35045137114631236,True,completed_without_exception,optimal,,0.09479409999767086,optimal,,,,,,0.3000000030763913,0.5610275863610921,CLARABEL,OSQP
DRUG,4,18,180777,reglog,{},paper,Fair-transport,,0.4,0.4535809018567639,0.34360983364560266,True,completed_without_exception,optimal,,0.09505320000243955,optimal,,,,,,0.3272236480987373,0.5609598975957985,CLARABEL,OSQP
DRUG,4,18,180777,RF,"{'n_estimators': np.int64(77), 'min_samples_split': np.int64(8), 'min_samples_leaf': np.int64(6), 'max_depth': np.int64(3)}",paper,Unfair,,,0.46419098143236076,0.19990915800828934,True,not_applicable,not applicable,0.0,0.0,not_applicable,,,,,,,,,
DRUG,4,18,180777,RF,"{'n_estimators': np.int64(77), 'min_samples_split': np.int64(8), 'min_samples_leaf': np.int64(6), 'max_depth': np.int64(3)}",paper,Our Eps-Fair,0.0,,0.44297082228116713,0.1151706126156816,True,0,Optimization terminated successfully,17.0,0.030668499999592314,completed_without_exception,,,,,,,,,
DRUG,4,18,180777,RF,"{'n_estimators': np.int64(77), 'min_samples_split': np.int64(8), 'min_samples_leaf': np.int64(6), 'max_depth': np.int64(3)}",paper,Our Eps-Fair,0.1,,0.46949602122015915,0.1425367626185204,True,0,Optimization terminated successfully,15.0,0.02529339999819058,completed_without_exception,,,,,,,,,
DRUG,4,18,180777,RF,"{'n_estimators': np.int64(77), 'min_samples_split': np.int64(8), 'min_samples_leaf': np.int64(6), 'max_depth': np.int64(3)}",paper,Our Eps-Fair,0.2,,0.46419098143236076,0.19990915800828934,True,0,Optimization terminated successfully,1.0,0.0019582999993872363,completed_without_exception,,,,,,,,,
DRUG,4,18,180777,RF,"{'n_estimators': np.int64(77), 'min_samples_split': np.int64(8), 'min_samples_leaf': np.int64(6), 'max_depth': np.int64(3)}",paper,Our Eps-Fair,0.3,,0.46419098143236076,0.19990915800828934,True,0,Optimization terminated successfully,1.0,0.0018793999988702126,completed_without_exception,,,,,,,,,
DRUG,4,18,180777,RF,"{'n_estimators': np.int64(77), 'min_samples_split': np.int64(8), 'min_samples_leaf': np.int64(6), 'max_depth': np.int64(3)}",paper,Our Eps-Fair,0.4,,0.46419098143236076,0.19990915800828934,True,0,Optimization terminated successfully,1.0,0.0018202999999630265,completed_without_exception,,,,,,,,,
DRUG,4,18,180777,RF,"{'n_estimators': np.int64(77), 'min_samples_split': np.int64(8), 'min_samples_leaf': np.int64(6), 'max_depth': np.int64(3)}",paper,Our Eps-Fair,0.5,,0.46419098143236076,0.19990915800828934,True,0,Optimization terminated successfully,1.0,0.001868700001068646,completed_without_exception,,,,,,,,,
DRUG,4,18,180777,RF,"{'n_estimators': np.int64(77), 'min_samples_split': np.int64(8), 'min_samples_leaf': np.int64(6), 'max_depth': np.int64(3)}",paper,FairProjection,,0.0,,,False,failed,RuntimeError('`tf.data.Dataset` only supports Python-style iteration in eager mode or within tf.function.'),,,not_completed,,2.0,500.0,cross-entropy,tf,,,,
DRUG,4,18,180777,RF,"{'n_estimators': np.int64(77), 'min_samples_split': np.int64(8), 'min_samples_leaf': np.int64(6), 'max_depth': np.int64(3)}",paper,FairProjection,,0.1,,,False,failed,RuntimeError('`tf.data.Dataset` only supports Python-style iteration in eager mode or within tf.function.'),,,not_completed,,2.0,500.0,cross-entropy,tf,,,,
DRUG,4,18,180777,RF,"{'n_estimators': np.int64(77), 'min_samples_split': np.int64(8), 'min_samples_leaf': np.int64(6), 'max_depth': np.int64(3)}",paper,FairProjection,,0.2,,,False,failed,RuntimeError('`tf.data.Dataset` only supports Python-style iteration in eager mode or within tf.function.'),,,not_completed,,2.0,500.0,cross-entropy,tf,,,,
DRUG,4,18,180777,RF,"{'n_estimators': np.int64(77), 'min_samples_split': np.int64(8), 'min_samples_leaf': np.int64(6), 'max_depth': np.int64(3)}",paper,FairProjection,,0.5,,,False,failed,RuntimeError('`tf.data.Dataset` only supports Python-style iteration in eager mode or within tf.function.'),,,not_completed,,2.0,500.0,cross-entropy,tf,,,,
DRUG,4,18,180777,RF,"{'n_estimators': np.int64(77), 'min_samples_split': np.int64(8), 'min_samples_leaf': np.int64(6), 'max_depth': np.int64(3)}",paper,FairProjection,,0.75,,,False,failed,RuntimeError('`tf.data.Dataset` only supports Python-style iteration in eager mode or within tf.function.'),,,not_completed,,2.0,500.0,cross-entropy,tf,,,,
DRUG,4,18,180777,RF,"{'n_estimators': np.int64(77), 'min_samples_split': np.int64(8), 'min_samples_leaf': np.int64(6), 'max_depth': np.int64(3)}",paper,Fair-transport,,0.0,0.44297082228116713,0.1044682904672685,True,completed_without_exception,optimal,,0.0965122000015981,optimal,,,,,,6.425407705901165e-10,0.626468495924031,CLARABEL,OSQP
DRUG,4,18,180777,RF,"{'n_estimators': np.int64(77), 'min_samples_split': np.int64(8), 'min_samples_leaf': np.int64(6), 'max_depth': np.int64(3)}",paper,Fair-transport,,0.1,0.46153846153846156,0.17651734514279227,True,completed_without_exception,optimal,,0.09466710000197054,optimal,,,,,,0.10000000163575834,0.6162326082053543,CLARABEL,OSQP
DRUG,4,18,180777,RF,"{'n_estimators': np.int64(77), 'min_samples_split': np.int64(8), 'min_samples_leaf': np.int64(6), 'max_depth': np.int64(3)}",paper,Fair-transport,,0.2,0.47745358090185674,0.16459433373076704,True,completed_without_exception,optimal,,0.09265470000173082,optimal,,,,,,0.14847984573471584,0.6152979523332014,CLARABEL,OSQP
DRUG,4,18,180777,RF,"{'n_estimators': np.int64(77), 'min_samples_split': np.int64(8), 'min_samples_leaf': np.int64(6), 'max_depth': np.int64(3)}",paper,Fair-transport,,0.3,0.4588859416445623,0.22102992108101968,True,completed_without_exception,optimal,,0.09374640000169165,optimal,,,,,,0.14847979195135885,0.6152979505581772,CLARABEL,OSQP
DRUG,4,18,180777,RF,"{'n_estimators': np.int64(77), 'min_samples_split': np.int64(8), 'min_samples_leaf': np.int64(6), 'max_depth': np.int64(3)}",paper,Fair-transport,,0.4,0.46684350132625996,0.20249247714756144,True,completed_without_exception,optimal,,0.09329480000087642,optimal,,,,,,0.14847978898478356,0.6152979505049548,CLARABEL,OSQP
DRUG,4,18,180777,GBM,"{'reg_lambda': 20, 'reg_alpha': 0, 'num_leaves': np.int64(35), 'n_estimators': np.int64(87), 'min_child_samples': np.int64(36), 'max_depth': np.int64(2)}",paper,Unfair,,,0.44562334217506633,0.2716743314597172,True,not_applicable,not applicable,0.0,0.0,not_applicable,,,,,,,,,
DRUG,4,18,180777,GBM,"{'reg_lambda': 20, 'reg_alpha': 0, 'num_leaves': np.int64(35), 'n_estimators': np.int64(87), 'min_child_samples': np.int64(36), 'max_depth': np.int64(2)}",paper,Our Eps-Fair,0.0,,0.41644562334217505,0.08879804689717824,True,0,Optimization terminated successfully,21.0,0.0399241000013717,completed_without_exception,,,,,,,,,
DRUG,4,18,180777,GBM,"{'reg_lambda': 20, 'reg_alpha': 0, 'num_leaves': np.int64(35), 'n_estimators': np.int64(87), 'min_child_samples': np.int64(36), 'max_depth': np.int64(2)}",paper,Our Eps-Fair,0.1,,0.4376657824933687,0.0999261908817351,True,0,Optimization terminated successfully,22.0,0.04901810000228579,completed_without_exception,,,,,,,,,
DRUG,4,18,180777,GBM,"{'reg_lambda': 20, 'reg_alpha': 0, 'num_leaves': np.int64(35), 'n_estimators': np.int64(87), 'min_child_samples': np.int64(36), 'max_depth': np.int64(2)}",paper,Our Eps-Fair,0.2,,0.4588859416445623,0.2133083517856129,True,0,Optimization terminated successfully,17.0,0.03052689999822178,completed_without_exception,,,,,,,,,
DRUG,4,18,180777,GBM,"{'reg_lambda': 20, 'reg_alpha': 0, 'num_leaves': np.int64(35), 'n_estimators': np.int64(87), 'min_child_samples': np.int64(36), 'max_depth': np.int64(2)}",paper,Our Eps-Fair,0.3,,0.44562334217506633,0.2716743314597172,True,0,Optimization terminated successfully,1.0,0.0019567999988794327,completed_without_exception,,,,,,,,,
DRUG,4,18,180777,GBM,"{'reg_lambda': 20, 'reg_alpha': 0, 'num_leaves': np.int64(35), 'n_estimators': np.int64(87), 'min_child_samples': np.int64(36), 'max_depth': np.int64(2)}",paper,Our Eps-Fair,0.4,,0.44562334217506633,0.2716743314597172,True,0,Optimization terminated successfully,1.0,0.0018001000025833491,completed_without_exception,,,,,,,,,
DRUG,4,18,180777,GBM,"{'reg_lambda': 20, 'reg_alpha': 0, 'num_leaves': np.int64(35), 'n_estimators': np.int64(87), 'min_child_samples': np.int64(36), 'max_depth': np.int64(2)}",paper,Our Eps-Fair,0.5,,0.44562334217506633,0.2716743314597172,True,0,Optimization terminated successfully,1.0,0.0019033999997191131,completed_without_exception,,,,,,,,,
DRUG,4,18,180777,GBM,"{'reg_lambda': 20, 'reg_alpha': 0, 'num_leaves': np.int64(35), 'n_estimators': np.int64(87), 'min_child_samples': np.int64(36), 'max_depth': np.int64(2)}",paper,FairProjection,,0.0,,,False,failed,RuntimeError('`tf.data.Dataset` only supports Python-style iteration in eager mode or within tf.function.'),,,not_completed,,2.0,500.0,cross-entropy,tf,,,,
DRUG,4,18,180777,GBM,"{'reg_lambda': 20, 'reg_alpha': 0, 'num_leaves': np.int64(35), 'n_estimators': np.int64(87), 'min_child_samples': np.int64(36), 'max_depth': np.int64(2)}",paper,FairProjection,,0.1,,,False,failed,RuntimeError('`tf.data.Dataset` only supports Python-style iteration in eager mode or within tf.function.'),,,not_completed,,2.0,500.0,cross-entropy,tf,,,,
DRUG,4,18,180777,GBM,"{'reg_lambda': 20, 'reg_alpha': 0, 'num_leaves': np.int64(35), 'n_estimators': np.int64(87), 'min_child_samples': np.int64(36), 'max_depth': np.int64(2)}",paper,FairProjection,,0.2,,,False,failed,RuntimeError('`tf.data.Dataset` only supports Python-style iteration in eager mode or within tf.function.'),,,not_completed,,2.0,500.0,cross-entropy,tf,,,,
DRUG,4,18,180777,GBM,"{'reg_lambda': 20, 'reg_alpha': 0, 'num_leaves': np.int64(35), 'n_estimators': np.int64(87), 'min_child_samples': np.int64(36), 'max_depth': np.int64(2)}",paper,FairProjection,,0.5,,,False,failed,RuntimeError('`tf.data.Dataset` only supports Python-style iteration in eager mode or within tf.function.'),,,not_completed,,2.0,500.0,cross-entropy,tf,,,,
DRUG,4,18,180777,GBM,"{'reg_lambda': 20, 'reg_alpha': 0, 'num_leaves': np.int64(35), 'n_estimators': np.int64(87), 'min_child_samples': np.int64(36), 'max_depth': np.int64(2)}",paper,FairProjection,,0.75,,,False,failed,RuntimeError('`tf.data.Dataset` only supports Python-style iteration in eager mode or within tf.function.'),,,not_completed,,2.0,500.0,cross-entropy,tf,,,,
DRUG,4,18,180777,GBM,"{'reg_lambda': 20, 'reg_alpha': 0, 'num_leaves': np.int64(35), 'n_estimators': np.int64(87), 'min_child_samples': np.int64(36), 'max_depth': np.int64(2)}",paper,Fair-transport,,0.0,0.4217506631299735,0.0771021404644297,True,completed_without_exception,optimal,,0.10545840000122553,optimal,,,,,,3.6362652888755065e-09,0.5367626756195887,CLARABEL,OSQP
DRUG,4,18,180777,GBM,"{'reg_lambda': 20, 'reg_alpha': 0, 'num_leaves': np.int64(35), 'n_estimators': np.int64(87), 'min_child_samples': np.int64(36), 'max_depth': np.int64(2)}",paper,Fair-transport,,0.1,0.44562334217506633,0.14074831090671663,True,completed_without_exception,optimal,,0.09839269999429234,optimal,,,,,,0.10000000244436694,0.5162343363580476,CLARABEL,OSQP
DRUG,4,18,180777,GBM,"{'reg_lambda': 20, 'reg_alpha': 0, 'num_leaves': np.int64(35), 'n_estimators': np.int64(87), 'min_child_samples': np.int64(36), 'max_depth': np.int64(2)}",paper,Fair-transport,,0.2,0.46419098143236076,0.22869471413160736,True,completed_without_exception,optimal,,0.09436930000083521,optimal,,,,,,0.20000000347203767,0.5105673284985057,CLARABEL,OSQP
DRUG,4,18,180777,GBM,"{'reg_lambda': 20, 'reg_alpha': 0, 'num_leaves': np.int64(35), 'n_estimators': np.int64(87), 'min_child_samples': np.int64(36), 'max_depth': np.int64(2)}",paper,Fair-transport,,0.3,0.4482758620689655,0.2872310225401692,True,completed_without_exception,optimal,,0.08260299999892595,optimal,,,,,,0.24435919149853333,0.5101776403696591,CLARABEL,OSQP
DRUG,4,18,180777,GBM,"{'reg_lambda': 20, 'reg_alpha': 0, 'num_leaves': np.int64(35), 'n_estimators': np.int64(87), 'min_child_samples': np.int64(36), 'max_depth': np.int64(2)}",paper,Fair-transport,,0.4,0.4482758620689655,0.2872310225401692,True,completed_without_exception,optimal,,0.08300639999652049,optimal,,,,,,0.24435919096532965,0.510177640408148,CLARABEL,OSQP
DRUG,4,19,190777,reglog,{},paper,Unfair,,,0.41909814323607425,0.280219156305002,True,not_applicable,not applicable,0.0,0.0,not_applicable,,,,,,,,,
DRUG,4,19,190777,reglog,{},paper,Our Eps-Fair,0.0,,0.4270557029177719,0.09518537443933461,True,0,Optimization terminated successfully,22.0,0.06334829999832436,completed_without_exception,,,,,,,,,
DRUG,4,19,190777,reglog,{},paper,Our Eps-Fair,0.1,,0.4509283819628647,0.1411457446204508,True,0,Optimization terminated successfully,19.0,0.03656760000012582,completed_without_exception,,,,,,,,,
DRUG,4,19,190777,reglog,{},paper,Our Eps-Fair,0.2,,0.4482758620689655,0.16243683642763865,True,0,Optimization terminated successfully,20.0,0.03612820000125794,completed_without_exception,,,,,,,,,
DRUG,4,19,190777,reglog,{},paper,Our Eps-Fair,0.3,,0.4270557029177719,0.23840345199568502,True,0,Optimization terminated successfully,5.0,0.00934899999992922,completed_without_exception,,,,,,,,,
DRUG,4,19,190777,reglog,{},paper,Our Eps-Fair,0.4,,0.41909814323607425,0.280219156305002,True,0,Optimization terminated successfully,1.0,0.0017915999997057952,completed_without_exception,,,,,,,,,
DRUG,4,19,190777,reglog,{},paper,Our Eps-Fair,0.5,,0.41909814323607425,0.280219156305002,True,0,Optimization terminated successfully,1.0,0.0018473999989510048,completed_without_exception,,,,,,,,,
DRUG,4,19,190777,reglog,{},paper,FairProjection,,0.0,,,False,failed,RuntimeError('`tf.data.Dataset` only supports Python-style iteration in eager mode or within tf.function.'),,,not_completed,,2.0,500.0,cross-entropy,tf,,,,
DRUG,4,19,190777,reglog,{},paper,FairProjection,,0.1,,,False,failed,RuntimeError('`tf.data.Dataset` only supports Python-style iteration in eager mode or within tf.function.'),,,not_completed,,2.0,500.0,cross-entropy,tf,,,,
DRUG,4,19,190777,reglog,{},paper,FairProjection,,0.2,,,False,failed,RuntimeError('`tf.data.Dataset` only supports Python-style iteration in eager mode or within tf.function.'),,,not_completed,,2.0,500.0,cross-entropy,tf,,,,
DRUG,4,19,190777,reglog,{},paper,FairProjection,,0.5,,,False,failed,RuntimeError('`tf.data.Dataset` only supports Python-style iteration in eager mode or within tf.function.'),,,not_completed,,2.0,500.0,cross-entropy,tf,,,,
DRUG,4,19,190777,reglog,{},paper,FairProjection,,0.75,,,False,failed,RuntimeError('`tf.data.Dataset` only supports Python-style iteration in eager mode or within tf.function.'),,,not_completed,,2.0,500.0,cross-entropy,tf,,,,
DRUG,4,19,190777,reglog,{},paper,Fair-transport,,0.0,0.4323607427055703,0.06407199227843074,True,completed_without_exception,optimal,,0.09760699999969802,optimal,,,,,,2.2679274569448182e-09,0.5747424472993415,CLARABEL,OSQP
DRUG,4,19,190777,reglog,{},paper,Fair-transport,,0.1,0.44562334217506633,0.14699369783682506,True,completed_without_exception,optimal,,0.08995750000030966,optimal,,,,,,0.10000000037374207,0.5588149398324755,CLARABEL,OSQP
DRUG,4,19,190777,reglog,{},paper,Fair-transport,,0.2,0.4482758620689655,0.16243683642763865,True,completed_without_exception,optimal,,0.09564529999988736,optimal,,,,,,0.20000000074825086,0.5545399849483057,CLARABEL,OSQP
DRUG,4,19,190777,reglog,{},paper,Fair-transport,,0.3,0.4376657824933687,0.24513143700675638,True,completed_without_exception,optimal,,0.0927205000007234,optimal,,,,,,0.3000000015197552,0.5533513439493538,CLARABEL,OSQP
DRUG,4,19,190777,reglog,{},paper,Fair-transport,,0.4,0.4217506631299735,0.2850735252370408,True,completed_without_exception,optimal,,0.08225819999643136,optimal,,,,,,0.3518044913332438,0.5531096667843209,CLARABEL,OSQP
DRUG,4,19,190777,RF,"{'n_estimators': np.int64(132), 'min_samples_split': np.int64(5), 'min_samples_leaf': np.int64(4), 'max_depth': np.int64(4)}",paper,Unfair,,,0.4562334217506631,0.19360699483336175,True,not_applicable,not applicable,0.0,0.0,not_applicable,,,,,,,,,
DRUG,4,19,190777,RF,"{'n_estimators': np.int64(132), 'min_samples_split': np.int64(5), 'min_samples_leaf': np.int64(4), 'max_depth': np.int64(4)}",paper,Our Eps-Fair,0.0,,0.4562334217506631,0.11173564980412198,True,0,Optimization terminated successfully,20.0,0.03529749999870546,completed_without_exception,,,,,,,,,
DRUG,4,19,190777,RF,"{'n_estimators': np.int64(132), 'min_samples_split': np.int64(5), 'min_samples_leaf': np.int64(4), 'max_depth': np.int64(4)}",paper,Our Eps-Fair,0.1,,0.4535809018567639,0.14009538409129624,True,0,Optimization terminated successfully,15.0,0.027396700003009755,completed_without_exception,,,,,,,,,
DRUG,4,19,190777,RF,"{'n_estimators': np.int64(132), 'min_samples_split': np.int64(5), 'min_samples_leaf': np.int64(4), 'max_depth': np.int64(4)}",paper,Our Eps-Fair,0.2,,0.4562334217506631,0.18290467268494864,True,0,Optimization terminated successfully,5.0,0.009618100000807317,completed_without_exception,,,,,,,,,
DRUG,4,19,190777,RF,"{'n_estimators': np.int64(132), 'min_samples_split': np.int64(5), 'min_samples_leaf': np.int64(4), 'max_depth': np.int64(4)}",paper,Our Eps-Fair,0.3,,0.4562334217506631,0.19360699483336175,True,0,Optimization terminated successfully,1.0,0.0017938000019057654,completed_without_exception,,,,,,,,,
DRUG,4,19,190777,RF,"{'n_estimators': np.int64(132), 'min_samples_split': np.int64(5), 'min_samples_leaf': np.int64(4), 'max_depth': np.int64(4)}",paper,Our Eps-Fair,0.4,,0.4562334217506631,0.19360699483336175,True,0,Optimization terminated successfully,1.0,0.0018457000005582813,completed_without_exception,,,,,,,,,
DRUG,4,19,190777,RF,"{'n_estimators': np.int64(132), 'min_samples_split': np.int64(5), 'min_samples_leaf': np.int64(4), 'max_depth': np.int64(4)}",paper,Our Eps-Fair,0.5,,0.4562334217506631,0.19360699483336175,True,0,Optimization terminated successfully,1.0,0.001772999999957392,completed_without_exception,,,,,,,,,
DRUG,4,19,190777,RF,"{'n_estimators': np.int64(132), 'min_samples_split': np.int64(5), 'min_samples_leaf': np.int64(4), 'max_depth': np.int64(4)}",paper,FairProjection,,0.0,,,False,failed,RuntimeError('`tf.data.Dataset` only supports Python-style iteration in eager mode or within tf.function.'),,,not_completed,,2.0,500.0,cross-entropy,tf,,,,
DRUG,4,19,190777,RF,"{'n_estimators': np.int64(132), 'min_samples_split': np.int64(5), 'min_samples_leaf': np.int64(4), 'max_depth': np.int64(4)}",paper,FairProjection,,0.1,,,False,failed,RuntimeError('`tf.data.Dataset` only supports Python-style iteration in eager mode or within tf.function.'),,,not_completed,,2.0,500.0,cross-entropy,tf,,,,
DRUG,4,19,190777,RF,"{'n_estimators': np.int64(132), 'min_samples_split': np.int64(5), 'min_samples_leaf': np.int64(4), 'max_depth': np.int64(4)}",paper,FairProjection,,0.2,,,False,failed,RuntimeError('`tf.data.Dataset` only supports Python-style iteration in eager mode or within tf.function.'),,,not_completed,,2.0,500.0,cross-entropy,tf,,,,
DRUG,4,19,190777,RF,"{'n_estimators': np.int64(132), 'min_samples_split': np.int64(5), 'min_samples_leaf': np.int64(4), 'max_depth': np.int64(4)}",paper,FairProjection,,0.5,,,False,failed,RuntimeError('`tf.data.Dataset` only supports Python-style iteration in eager mode or within tf.function.'),,,not_completed,,2.0,500.0,cross-entropy,tf,,,,
DRUG,4,19,190777,RF,"{'n_estimators': np.int64(132), 'min_samples_split': np.int64(5), 'min_samples_leaf': np.int64(4), 'max_depth': np.int64(4)}",paper,FairProjection,,0.75,,,False,failed,RuntimeError('`tf.data.Dataset` only supports Python-style iteration in eager mode or within tf.function.'),,,not_completed,,2.0,500.0,cross-entropy,tf,,,,
DRUG,4,19,190777,RF,"{'n_estimators': np.int64(132), 'min_samples_split': np.int64(5), 'min_samples_leaf': np.int64(4), 'max_depth': np.int64(4)}",paper,Fair-transport,,0.0,0.4588859416445623,0.0777550672798501,True,completed_without_exception,optimal,,0.09229040000354871,optimal,,,,,,1.0300702152354901e-08,0.5969832221577492,CLARABEL,OSQP
DRUG,4,19,190777,RF,"{'n_estimators': np.int64(132), 'min_samples_split': np.int64(5), 'min_samples_leaf': np.int64(4), 'max_depth': np.int64(4)}",paper,Fair-transport,,0.1,0.4562334217506631,0.14793050587634132,True,completed_without_exception,optimal,,0.09304369999517803,optimal,,,,,,0.10000000513273183,0.5879789674245695,CLARABEL,OSQP
DRUG,4,19,190777,RF,"{'n_estimators': np.int64(132), 'min_samples_split': np.int64(5), 'min_samples_leaf': np.int64(4), 'max_depth': np.int64(4)}",paper,Fair-transport,,0.2,0.4562334217506631,0.20232214841310397,True,completed_without_exception,optimal,,0.08129019999978482,optimal,,,,,,0.19999999855891848,0.5870377001921538,CLARABEL,OSQP
DRUG,4,19,190777,RF,"{'n_estimators': np.int64(132), 'min_samples_split': np.int64(5), 'min_samples_leaf': np.int64(4), 'max_depth': np.int64(4)}",paper,Fair-transport,,0.3,0.4562334217506631,0.18290467268494864,True,completed_without_exception,optimal,,0.08264569999664673,optimal,,,,,,0.21128161366806059,0.5870333189663501,CLARABEL,OSQP
DRUG,4,19,190777,RF,"{'n_estimators': np.int64(132), 'min_samples_split': np.int64(5), 'min_samples_leaf': np.int64(4), 'max_depth': np.int64(4)}",paper,Fair-transport,,0.4,0.4562334217506631,0.18290467268494864,True,completed_without_exception,optimal,,0.08355959999971674,optimal,,,,,,0.21128161359419795,0.5870333189615916,CLARABEL,OSQP
DRUG,4,19,190777,GBM,"{'reg_lambda': 20, 'reg_alpha': 1, 'num_leaves': np.int64(38), 'n_estimators': np.int64(83), 'min_child_samples': np.int64(22), 'max_depth': np.int64(2)}",paper,Unfair,,,0.4880636604774536,0.16161358087776073,True,not_applicable,not applicable,0.0,0.0,not_applicable,,,,,,,,,
DRUG,4,19,190777,GBM,"{'reg_lambda': 20, 'reg_alpha': 1, 'num_leaves': np.int64(38), 'n_estimators': np.int64(83), 'min_child_samples': np.int64(22), 'max_depth': np.int64(2)}",paper,Our Eps-Fair,0.0,,0.47480106100795755,0.10114688014534717,True,0,Optimization terminated successfully,13.0,0.024726399999053683,completed_without_exception,,,,,,,,,
DRUG,4,19,190777,GBM,"{'reg_lambda': 20, 'reg_alpha': 1, 'num_leaves': np.int64(38), 'n_estimators': np.int64(83), 'min_child_samples': np.int64(22), 'max_depth': np.int64(2)}",paper,Our Eps-Fair,0.1,,0.4854111405835544,0.17407596661556807,True,0,Optimization terminated successfully,14.0,0.029240100000606617,completed_without_exception,,,,,,,,,
DRUG,4,19,190777,GBM,"{'reg_lambda': 20, 'reg_alpha': 1, 'num_leaves': np.int64(38), 'n_estimators': np.int64(83), 'min_child_samples': np.int64(22), 'max_depth': np.int64(2)}",paper,Our Eps-Fair,0.2,,0.4854111405835544,0.13407710214046442,True,0,Optimization terminated successfully,8.0,0.019468500002403744,completed_without_exception,,,,,,,,,
DRUG,4,19,190777,GBM,"{'reg_lambda': 20, 'reg_alpha': 1, 'num_leaves': np.int64(38), 'n_estimators': np.int64(83), 'min_child_samples': np.int64(22), 'max_depth': np.int64(2)}",paper,Our Eps-Fair,0.3,,0.4880636604774536,0.16161358087776073,True,0,Optimization terminated successfully,1.0,0.0026666999983717687,completed_without_exception,,,,,,,,,
DRUG,4,19,190777,GBM,"{'reg_lambda': 20, 'reg_alpha': 1, 'num_leaves': np.int64(38), 'n_estimators': np.int64(83), 'min_child_samples': np.int64(22), 'max_depth': np.int64(2)}",paper,Our Eps-Fair,0.4,,0.4880636604774536,0.16161358087776073,True,0,Optimization terminated successfully,1.0,0.002039300001342781,completed_without_exception,,,,,,,,,
DRUG,4,19,190777,GBM,"{'reg_lambda': 20, 'reg_alpha': 1, 'num_leaves': np.int64(38), 'n_estimators': np.int64(83), 'min_child_samples': np.int64(22), 'max_depth': np.int64(2)}",paper,Our Eps-Fair,0.5,,0.4880636604774536,0.16161358087776073,True,0,Optimization terminated successfully,1.0,0.00202020000142511,completed_without_exception,,,,,,,,,
DRUG,4,19,190777,GBM,"{'reg_lambda': 20, 'reg_alpha': 1, 'num_leaves': np.int64(38), 'n_estimators': np.int64(83), 'min_child_samples': np.int64(22), 'max_depth': np.int64(2)}",paper,FairProjection,,0.0,,,False,failed,RuntimeError('`tf.data.Dataset` only supports Python-style iteration in eager mode or within tf.function.'),,,not_completed,,2.0,500.0,cross-entropy,tf,,,,
DRUG,4,19,190777,GBM,"{'reg_lambda': 20, 'reg_alpha': 1, 'num_leaves': np.int64(38), 'n_estimators': np.int64(83), 'min_child_samples': np.int64(22), 'max_depth': np.int64(2)}",paper,FairProjection,,0.1,,,False,failed,RuntimeError('`tf.data.Dataset` only supports Python-style iteration in eager mode or within tf.function.'),,,not_completed,,2.0,500.0,cross-entropy,tf,,,,
DRUG,4,19,190777,GBM,"{'reg_lambda': 20, 'reg_alpha': 1, 'num_leaves': np.int64(38), 'n_estimators': np.int64(83), 'min_child_samples': np.int64(22), 'max_depth': np.int64(2)}",paper,FairProjection,,0.2,,,False,failed,RuntimeError('`tf.data.Dataset` only supports Python-style iteration in eager mode or within tf.function.'),,,not_completed,,2.0,500.0,cross-entropy,tf,,,,
DRUG,4,19,190777,GBM,"{'reg_lambda': 20, 'reg_alpha': 1, 'num_leaves': np.int64(38), 'n_estimators': np.int64(83), 'min_child_samples': np.int64(22), 'max_depth': np.int64(2)}",paper,FairProjection,,0.5,,,False,failed,RuntimeError('`tf.data.Dataset` only supports Python-style iteration in eager mode or within tf.function.'),,,not_completed,,2.0,500.0,cross-entropy,tf,,,,
DRUG,4,19,190777,GBM,"{'reg_lambda': 20, 'reg_alpha': 1, 'num_leaves': np.int64(38), 'n_estimators': np.int64(83), 'min_child_samples': np.int64(22), 'max_depth': np.int64(2)}",paper,FairProjection,,0.75,,,False,failed,RuntimeError('`tf.data.Dataset` only supports Python-style iteration in eager mode or within tf.function.'),,,not_completed,,2.0,500.0,cross-entropy,tf,,,,
DRUG,4,19,190777,GBM,"{'reg_lambda': 20, 'reg_alpha': 1, 'num_leaves': np.int64(38), 'n_estimators': np.int64(83), 'min_child_samples': np.int64(22), 'max_depth': np.int64(2)}",paper,Fair-transport,,0.0,0.47745358090185674,0.11284278657809571,True,completed_without_exception,optimal,,0.10973250000097323,optimal,,,,,,5.972391747821604e-10,0.5247531973697904,CLARABEL,OSQP
DRUG,4,19,190777,GBM,"{'reg_lambda': 20, 'reg_alpha': 1, 'num_leaves': np.int64(38), 'n_estimators': np.int64(83), 'min_child_samples': np.int64(22), 'max_depth': np.int64(2)}",paper,Fair-transport,,0.1,0.4854111405835544,0.16922159768352923,True,completed_without_exception,optimal,,0.08216060000268044,optimal,,,,,,0.10000000023012698,0.5111221635952221,CLARABEL,OSQP
DRUG,4,19,190777,GBM,"{'reg_lambda': 20, 'reg_alpha': 1, 'num_leaves': np.int64(38), 'n_estimators': np.int64(83), 'min_child_samples': np.int64(22), 'max_depth': np.int64(2)}",paper,Fair-transport,,0.2,0.47480106100795755,0.13021631749276102,True,completed_without_exception,optimal,,0.11336730000039097,optimal,,,,,,0.20000000080889618,0.5084913083402365,CLARABEL,OSQP
DRUG,4,19,190777,GBM,"{'reg_lambda': 20, 'reg_alpha': 1, 'num_leaves': np.int64(38), 'n_estimators': np.int64(83), 'min_child_samples': np.int64(22), 'max_depth': np.int64(2)}",paper,Fair-transport,,0.3,0.48010610079575594,0.18588542553795495,True,completed_without_exception,optimal,,0.1026185999980953,optimal,,,,,,0.2381642521192725,0.5082040147861858,CLARABEL,OSQP
DRUG,4,19,190777,GBM,"{'reg_lambda': 20, 'reg_alpha': 1, 'num_leaves': np.int64(38), 'n_estimators': np.int64(83), 'min_child_samples': np.int64(22), 'max_depth': np.int64(2)}",paper,Fair-transport,,0.4,0.48010610079575594,0.18588542553795495,True,completed_without_exception,optimal,,0.0937859000005119,optimal,,,,,,0.2381642517795571,0.5082040147427542,CLARABEL,OSQP
DRUG,4,20,200777,reglog,{},paper,Unfair,,,0.4350132625994695,0.33086356668369954,True,not_applicable,not applicable,0.0,0.0,not_applicable,,,,,,,,,
DRUG,4,20,200777,reglog,{},paper,Our Eps-Fair,0.0,,0.41909814323607425,0.0655765627661386,True,0,Optimization terminated successfully,20.0,0.045514099998399615,completed_without_exception,,,,,,,,,
DRUG,4,20,200777,reglog,{},paper,Our Eps-Fair,0.1,,0.4535809018567639,0.18985976267529664,True,0,Optimization terminated successfully,19.0,0.039832899998145876,completed_without_exception,,,,,,,,,
DRUG,4,20,200777,reglog,{},paper,Our Eps-Fair,0.2,,0.46949602122015915,0.27448475557826607,True,0,Optimization terminated successfully,11.0,0.02280089999840129,completed_without_exception,,,,,,,,,
DRUG,4,20,200777,reglog,{},paper,Our Eps-Fair,0.3,,0.44562334217506633,0.3260091977516607,True,0,Optimization terminated successfully,15.0,0.02974210000320454,completed_without_exception,,,,,,,,,
DRUG,4,20,200777,reglog,{},paper,Our Eps-Fair,0.4,,0.4350132625994695,0.33086356668369954,True,0,Optimization terminated successfully,1.0,0.001996599999984028,completed_without_exception,,,,,,,,,
DRUG,4,20,200777,reglog,{},paper,Our Eps-Fair,0.5,,0.4350132625994695,0.33086356668369954,True,0,Optimization terminated successfully,1.0,0.0019255000006523915,completed_without_exception,,,,,,,,,
DRUG,4,20,200777,reglog,{},paper,FairProjection,,0.0,,,False,failed,RuntimeError('`tf.data.Dataset` only supports Python-style iteration in eager mode or within tf.function.'),,,not_completed,,2.0,500.0,cross-entropy,tf,,,,
DRUG,4,20,200777,reglog,{},paper,FairProjection,,0.1,,,False,failed,RuntimeError('`tf.data.Dataset` only supports Python-style iteration in eager mode or within tf.function.'),,,not_completed,,2.0,500.0,cross-entropy,tf,,,,
DRUG,4,20,200777,reglog,{},paper,FairProjection,,0.2,,,False,failed,RuntimeError('`tf.data.Dataset` only supports Python-style iteration in eager mode or within tf.function.'),,,not_completed,,2.0,500.0,cross-entropy,tf,,,,
DRUG,4,20,200777,reglog,{},paper,FairProjection,,0.5,,,False,failed,RuntimeError('`tf.data.Dataset` only supports Python-style iteration in eager mode or within tf.function.'),,,not_completed,,2.0,500.0,cross-entropy,tf,,,,
DRUG,4,20,200777,reglog,{},paper,FairProjection,,0.75,,,False,failed,RuntimeError('`tf.data.Dataset` only supports Python-style iteration in eager mode or within tf.function.'),,,not_completed,,2.0,500.0,cross-entropy,tf,,,,
DRUG,4,20,200777,reglog,{},paper,Fair-transport,,0.0,0.41644562334217505,0.08312042241526141,True,completed_without_exception,optimal,,0.0912108000011358,optimal,,,,,,4.877821202509125e-10,0.5836129276190867,CLARABEL,OSQP
DRUG,4,20,200777,reglog,{},paper,Fair-transport,,0.1,0.46419098143236076,0.17992391983194234,True,completed_without_exception,optimal,,0.10084399999686866,optimal,,,,,,0.10000001995434296,0.5699592039811956,CLARABEL,OSQP
DRUG,4,20,200777,reglog,{},paper,Fair-transport,,0.2,0.46949602122015915,0.27448475557826607,True,completed_without_exception,optimal,,0.08654089999981807,optimal,,,,,,0.20000000025203055,0.5658100896732184,CLARABEL,OSQP
DRUG,4,20,200777,reglog,{},paper,Fair-transport,,0.3,0.44562334217506633,0.33086356668369954,True,completed_without_exception,optimal,,0.1051465999953507,optimal,,,,,,0.30000000049946307,0.5642437920513811,CLARABEL,OSQP
DRUG,4,20,200777,reglog,{},paper,Fair-transport,,0.4,0.4403183023872679,0.33202747970249247,True,completed_without_exception,optimal,,0.10341300000072806,optimal,,,,,,0.3172492142874802,0.5642097253924346,CLARABEL,OSQP
DRUG,4,20,200777,RF,"{'n_estimators': np.int64(102), 'min_samples_split': np.int64(4), 'min_samples_leaf': np.int64(1), 'max_depth': np.int64(2)}",paper,Unfair,,,0.4270557029177719,0.20476352694032818,True,not_applicable,not applicable,0.0,0.0,not_applicable,,,,,,,,,
DRUG,4,20,200777,RF,"{'n_estimators': np.int64(102), 'min_samples_split': np.int64(4), 'min_samples_leaf': np.int64(1), 'max_depth': np.int64(2)}",paper,Our Eps-Fair,0.0,,0.4244031830238727,0.06517912905240447,True,0,Optimization terminated successfully,16.0,0.029354299997066846,completed_without_exception,,,,,,,,,
DRUG,4,20,200777,RF,"{'n_estimators': np.int64(102), 'min_samples_split': np.int64(4), 'min_samples_leaf': np.int64(1), 'max_depth': np.int64(2)}",paper,Our Eps-Fair,0.1,,0.4270557029177719,0.20476352694032818,True,0,Optimization terminated successfully,15.0,0.027338399999280227,completed_without_exception,,,,,,,,,
DRUG,4,20,200777,RF,"{'n_estimators': np.int64(102), 'min_samples_split': np.int64(4), 'min_samples_leaf': np.int64(1), 'max_depth': np.int64(2)}",paper,Our Eps-Fair,0.2,,0.4270557029177719,0.20476352694032818,True,0,Optimization terminated successfully,9.0,0.016351899997971486,completed_without_exception,,,,,,,,,
DRUG,4,20,200777,RF,"{'n_estimators': np.int64(102), 'min_samples_split': np.int64(4), 'min_samples_leaf': np.int64(1), 'max_depth': np.int64(2)}",paper,Our Eps-Fair,0.3,,0.4270557029177719,0.20476352694032818,True,0,Optimization terminated successfully,1.0,0.0018883999982790556,completed_without_exception,,,,,,,,,
DRUG,4,20,200777,RF,"{'n_estimators': np.int64(102), 'min_samples_split': np.int64(4), 'min_samples_leaf': np.int64(1), 'max_depth': np.int64(2)}",paper,Our Eps-Fair,0.4,,0.4270557029177719,0.20476352694032818,True,0,Optimization terminated successfully,1.0,0.001947900000232039,completed_without_exception,,,,,,,,,
DRUG,4,20,200777,RF,"{'n_estimators': np.int64(102), 'min_samples_split': np.int64(4), 'min_samples_leaf': np.int64(1), 'max_depth': np.int64(2)}",paper,Our Eps-Fair,0.5,,0.4270557029177719,0.20476352694032818,True,0,Optimization terminated successfully,1.0,0.0017618000019865576,completed_without_exception,,,,,,,,,
DRUG,4,20,200777,RF,"{'n_estimators': np.int64(102), 'min_samples_split': np.int64(4), 'min_samples_leaf': np.int64(1), 'max_depth': np.int64(2)}",paper,FairProjection,,0.0,,,False,failed,RuntimeError('`tf.data.Dataset` only supports Python-style iteration in eager mode or within tf.function.'),,,not_completed,,2.0,500.0,cross-entropy,tf,,,,
DRUG,4,20,200777,RF,"{'n_estimators': np.int64(102), 'min_samples_split': np.int64(4), 'min_samples_leaf': np.int64(1), 'max_depth': np.int64(2)}",paper,FairProjection,,0.1,,,False,failed,RuntimeError('`tf.data.Dataset` only supports Python-style iteration in eager mode or within tf.function.'),,,not_completed,,2.0,500.0,cross-entropy,tf,,,,
DRUG,4,20,200777,RF,"{'n_estimators': np.int64(102), 'min_samples_split': np.int64(4), 'min_samples_leaf': np.int64(1), 'max_depth': np.int64(2)}",paper,FairProjection,,0.2,,,False,failed,RuntimeError('`tf.data.Dataset` only supports Python-style iteration in eager mode or within tf.function.'),,,not_completed,,2.0,500.0,cross-entropy,tf,,,,
DRUG,4,20,200777,RF,"{'n_estimators': np.int64(102), 'min_samples_split': np.int64(4), 'min_samples_leaf': np.int64(1), 'max_depth': np.int64(2)}",paper,FairProjection,,0.5,,,False,failed,RuntimeError('`tf.data.Dataset` only supports Python-style iteration in eager mode or within tf.function.'),,,not_completed,,2.0,500.0,cross-entropy,tf,,,,
DRUG,4,20,200777,RF,"{'n_estimators': np.int64(102), 'min_samples_split': np.int64(4), 'min_samples_leaf': np.int64(1), 'max_depth': np.int64(2)}",paper,FairProjection,,0.75,,,False,failed,RuntimeError('`tf.data.Dataset` only supports Python-style iteration in eager mode or within tf.function.'),,,not_completed,,2.0,500.0,cross-entropy,tf,,,,
DRUG,4,20,200777,RF,"{'n_estimators': np.int64(102), 'min_samples_split': np.int64(4), 'min_samples_leaf': np.int64(1), 'max_depth': np.int64(2)}",paper,Fair-transport,,0.0,0.4270557029177719,0.10963492874581277,True,completed_without_exception,optimal,,0.0955842000003031,optimal,,,,,,2.0125503763512853e-08,0.6502191924396686,CLARABEL,OSQP
DRUG,4,20,200777,RF,"{'n_estimators': np.int64(102), 'min_samples_split': np.int64(4), 'min_samples_leaf': np.int64(1), 'max_depth': np.int64(2)}",paper,Fair-transport,,0.1,0.41909814323607425,0.22980185090558108,True,completed_without_exception,optimal,,0.09970660000180942,optimal,,,,,,0.10000000167640702,0.644605776961346,CLARABEL,OSQP
DRUG,4,20,200777,RF,"{'n_estimators': np.int64(102), 'min_samples_split': np.int64(4), 'min_samples_leaf': np.int64(1), 'max_depth': np.int64(2)}",paper,Fair-transport,,0.2,0.4297082228116711,0.21932663373644468,True,completed_without_exception,optimal,,0.07238090000100783,optimal,,,,,,0.20000000004862487,0.6438640404304905,CLARABEL,OSQP
DRUG,4,20,200777,RF,"{'n_estimators': np.int64(102), 'min_samples_split': np.int64(4), 'min_samples_leaf': np.int64(1), 'max_depth': np.int64(2)}",paper,Fair-transport,,0.3,0.44562334217506633,0.17126554249701922,True,completed_without_exception,optimal,,0.09223520000159624,optimal,,,,,,0.25066790172344183,0.6437934460043451,CLARABEL,OSQP
DRUG,4,20,200777,RF,"{'n_estimators': np.int64(102), 'min_samples_split': np.int64(4), 'min_samples_leaf': np.int64(1), 'max_depth': np.int64(2)}",paper,Fair-transport,,0.4,0.44562334217506633,0.1664111735649804,True,completed_without_exception,optimal,,0.09194399999978486,optimal,,,,,,0.25066787453735134,0.6437934458736939,CLARABEL,OSQP
DRUG,4,20,200777,GBM,"{'reg_lambda': 2, 'reg_alpha': 0.1, 'num_leaves': np.int64(31), 'n_estimators': np.int64(51), 'min_child_samples': np.int64(20), 'max_depth': np.int64(12)}",paper,Unfair,,,0.4588859416445623,0.20618293306080737,True,not_applicable,not applicable,0.0,0.0,not_applicable,,,,,,,,,
DRUG,4,20,200777,GBM,"{'reg_lambda': 2, 'reg_alpha': 0.1, 'num_leaves': np.int64(31), 'n_estimators': np.int64(51), 'min_child_samples': np.int64(20), 'max_depth': np.int64(12)}",paper,Our Eps-Fair,0.0,,0.4323607427055703,0.07261681712371543,True,0,Optimization terminated successfully,19.0,0.039431500001228414,completed_without_exception,,,,,,,,,
DRUG,4,20,200777,GBM,"{'reg_lambda': 2, 'reg_alpha': 0.1, 'num_leaves': np.int64(31), 'n_estimators': np.int64(51), 'min_child_samples': np.int64(20), 'max_depth': np.int64(12)}",paper,Our Eps-Fair,0.1,,0.4562334217506631,0.14852665644694257,True,0,Optimization terminated successfully,13.0,0.02521070000148029,completed_without_exception,,,,,,,,,
DRUG,4,20,200777,GBM,"{'reg_lambda': 2, 'reg_alpha': 0.1, 'num_leaves': np.int64(31), 'n_estimators': np.int64(51), 'min_child_samples': np.int64(20), 'max_depth': np.int64(12)}",paper,Our Eps-Fair,0.2,,0.46153846153846156,0.20618293306080737,True,0,Optimization terminated successfully,4.0,0.00932680000187247,completed_without_exception,,,,,,,,,
DRUG,4,20,200777,GBM,"{'reg_lambda': 2, 'reg_alpha': 0.1, 'num_leaves': np.int64(31), 'n_estimators': np.int64(51), 'min_child_samples': np.int64(20), 'max_depth': np.int64(12)}",paper,Our Eps-Fair,0.3,,0.4588859416445623,0.20618293306080737,True,0,Optimization terminated successfully,1.0,0.0020036999994772486,completed_without_exception,,,,,,,,,
DRUG,4,20,200777,GBM,"{'reg_lambda': 2, 'reg_alpha': 0.1, 'num_leaves': np.int64(31), 'n_estimators': np.int64(51), 'min_child_samples': np.int64(20), 'max_depth': np.int64(12)}",paper,Our Eps-Fair,0.4,,0.4588859416445623,0.20618293306080737,True,0,Optimization terminated successfully,1.0,0.001831600002333289,completed_without_exception,,,,,,,,,
DRUG,4,20,200777,GBM,"{'reg_lambda': 2, 'reg_alpha': 0.1, 'num_leaves': np.int64(31), 'n_estimators': np.int64(51), 'min_child_samples': np.int64(20), 'max_depth': np.int64(12)}",paper,Our Eps-Fair,0.5,,0.4588859416445623,0.20618293306080737,True,0,Optimization terminated successfully,1.0,0.002005399997869972,completed_without_exception,,,,,,,,,
DRUG,4,20,200777,GBM,"{'reg_lambda': 2, 'reg_alpha': 0.1, 'num_leaves': np.int64(31), 'n_estimators': np.int64(51), 'min_child_samples': np.int64(20), 'max_depth': np.int64(12)}",paper,FairProjection,,0.0,,,False,failed,RuntimeError('`tf.data.Dataset` only supports Python-style iteration in eager mode or within tf.function.'),,,not_completed,,2.0,500.0,cross-entropy,tf,,,,
DRUG,4,20,200777,GBM,"{'reg_lambda': 2, 'reg_alpha': 0.1, 'num_leaves': np.int64(31), 'n_estimators': np.int64(51), 'min_child_samples': np.int64(20), 'max_depth': np.int64(12)}",paper,FairProjection,,0.1,,,False,failed,RuntimeError('`tf.data.Dataset` only supports Python-style iteration in eager mode or within tf.function.'),,,not_completed,,2.0,500.0,cross-entropy,tf,,,,
DRUG,4,20,200777,GBM,"{'reg_lambda': 2, 'reg_alpha': 0.1, 'num_leaves': np.int64(31), 'n_estimators': np.int64(51), 'min_child_samples': np.int64(20), 'max_depth': np.int64(12)}",paper,FairProjection,,0.2,,,False,failed,RuntimeError('`tf.data.Dataset` only supports Python-style iteration in eager mode or within tf.function.'),,,not_completed,,2.0,500.0,cross-entropy,tf,,,,
DRUG,4,20,200777,GBM,"{'reg_lambda': 2, 'reg_alpha': 0.1, 'num_leaves': np.int64(31), 'n_estimators': np.int64(51), 'min_child_samples': np.int64(20), 'max_depth': np.int64(12)}",paper,FairProjection,,0.5,,,False,failed,RuntimeError('`tf.data.Dataset` only supports Python-style iteration in eager mode or within tf.function.'),,,not_completed,,2.0,500.0,cross-entropy,tf,,,,
DRUG,4,20,200777,GBM,"{'reg_lambda': 2, 'reg_alpha': 0.1, 'num_leaves': np.int64(31), 'n_estimators': np.int64(51), 'min_child_samples': np.int64(20), 'max_depth': np.int64(12)}",paper,FairProjection,,0.75,,,False,failed,RuntimeError('`tf.data.Dataset` only supports Python-style iteration in eager mode or within tf.function.'),,,not_completed,,2.0,500.0,cross-entropy,tf,,,,
DRUG,4,20,200777,GBM,"{'reg_lambda': 2, 'reg_alpha': 0.1, 'num_leaves': np.int64(31), 'n_estimators': np.int64(51), 'min_child_samples': np.int64(20), 'max_depth': np.int64(12)}",paper,Fair-transport,,0.0,0.4323607427055703,0.08717992391983193,True,completed_without_exception,optimal,,0.11552179999853252,optimal,,,,,,2.569601048607595e-08,0.4332350515290914,CLARABEL,OSQP
DRUG,4,20,200777,GBM,"{'reg_lambda': 2, 'reg_alpha': 0.1, 'num_leaves': np.int64(31), 'n_estimators': np.int64(51), 'min_child_samples': np.int64(20), 'max_depth': np.int64(12)}",paper,Fair-transport,,0.1,0.4509283819628647,0.1533810253789814,True,completed_without_exception,optimal,,0.09379120000448893,optimal,,,,,,0.10000000133324344,0.41987243826166687,CLARABEL,OSQP
DRUG,4,20,200777,GBM,"{'reg_lambda': 2, 'reg_alpha': 0.1, 'num_leaves': np.int64(31), 'n_estimators': np.int64(51), 'min_child_samples': np.int64(20), 'max_depth': np.int64(12)}",paper,Fair-transport,,0.2,0.4588859416445623,0.19278373928348377,True,completed_without_exception,optimal,,0.09557799999674899,optimal,,,,,,0.20000000133866894,0.41676954075905764,CLARABEL,OSQP
DRUG,4,20,200777,GBM,"{'reg_lambda': 2, 'reg_alpha': 0.1, 'num_leaves': np.int64(31), 'n_estimators': np.int64(51), 'min_child_samples': np.int64(20), 'max_depth': np.int64(12)}",paper,Fair-transport,,0.3,0.46153846153846156,0.20618293306080737,True,completed_without_exception,optimal,,0.07786369999666931,optimal,,,,,,0.20886615545896095,0.41674705407006923,CLARABEL,OSQP
DRUG,4,20,200777,GBM,"{'reg_lambda': 2, 'reg_alpha': 0.1, 'num_leaves': np.int64(31), 'n_estimators': np.int64(51), 'min_child_samples': np.int64(20), 'max_depth': np.int64(12)}",paper,Fair-transport,,0.4,0.46153846153846156,0.20618293306080737,True,completed_without_exception,optimal,,0.08200660000147764,optimal,,,,,,0.20886615526739113,0.41674705399767914,CLARABEL,OSQP
DRUG,4,21,210777,reglog,{},paper,Unfair,,,0.46684350132625996,0.4036791006642821,True,not_applicable,not applicable,0.0,0.0,not_applicable,,,,,,,,,
DRUG,4,21,210777,reglog,{},paper,Our Eps-Fair,0.0,,0.46684350132625996,0.06148867313915857,True,0,Optimization terminated successfully,17.0,0.03494289999798639,completed_without_exception,,,,,,,,,
DRUG,4,21,210777,reglog,{},paper,Our Eps-Fair,0.1,,0.5039787798408488,0.1567592119457219,True,0,Optimization terminated successfully,17.0,0.033520799999678275,completed_without_exception,,,,,,,,,
DRUG,4,21,210777,reglog,{},paper,Our Eps-Fair,0.2,,0.4907161803713528,0.27150400272525976,True,0,Optimization terminated successfully,9.0,0.017315500001132023,completed_without_exception,,,,,,,,,
DRUG,4,21,210777,reglog,{},paper,Our Eps-Fair,0.3,,0.46684350132625996,0.4036791006642821,True,0,Optimization terminated successfully,1.0,0.002365300002566073,completed_without_exception,,,,,,,,,
DRUG,4,21,210777,reglog,{},paper,Our Eps-Fair,0.4,,0.46684350132625996,0.4036791006642821,True,0,Optimization terminated successfully,1.0,0.0019366000014997553,completed_without_exception,,,,,,,,,
DRUG,4,21,210777,reglog,{},paper,Our Eps-Fair,0.5,,0.46684350132625996,0.4036791006642821,True,0,Optimization terminated successfully,1.0,0.001979099997697631,completed_without_exception,,,,,,,,,
DRUG,4,21,210777,reglog,{},paper,FairProjection,,0.0,,,False,failed,RuntimeError('`tf.data.Dataset` only supports Python-style iteration in eager mode or within tf.function.'),,,not_completed,,2.0,500.0,cross-entropy,tf,,,,
DRUG,4,21,210777,reglog,{},paper,FairProjection,,0.1,,,False,failed,RuntimeError('`tf.data.Dataset` only supports Python-style iteration in eager mode or within tf.function.'),,,not_completed,,2.0,500.0,cross-entropy,tf,,,,
DRUG,4,21,210777,reglog,{},paper,FairProjection,,0.2,,,False,failed,RuntimeError('`tf.data.Dataset` only supports Python-style iteration in eager mode or within tf.function.'),,,not_completed,,2.0,500.0,cross-entropy,tf,,,,
DRUG,4,21,210777,reglog,{},paper,FairProjection,,0.5,,,False,failed,RuntimeError('`tf.data.Dataset` only supports Python-style iteration in eager mode or within tf.function.'),,,not_completed,,2.0,500.0,cross-entropy,tf,,,,
DRUG,4,21,210777,reglog,{},paper,FairProjection,,0.75,,,False,failed,RuntimeError('`tf.data.Dataset` only supports Python-style iteration in eager mode or within tf.function.'),,,not_completed,,2.0,500.0,cross-entropy,tf,,,,
DRUG,4,21,210777,reglog,{},paper,Fair-transport,,0.0,0.4827586206896552,0.08084937262249475,True,completed_without_exception,optimal,,0.09553220000088913,optimal,,,,,,1.429428464483351e-09,0.5828449653577437,CLARABEL,OSQP
DRUG,4,21,210777,reglog,{},paper,Fair-transport,,0.1,0.506631299734748,0.1567592119457219,True,completed_without_exception,optimal,,0.08481120000215014,optimal,,,,,,0.10000000066221126,0.5649790857426401,CLARABEL,OSQP
DRUG,4,21,210777,reglog,{},paper,Fair-transport,,0.2,0.4907161803713528,0.2705104184409243,True,completed_without_exception,optimal,,0.08621109999876353,optimal,,,,,,0.20000000018015188,0.5592349223462216,CLARABEL,OSQP
DRUG,4,21,210777,reglog,{},paper,Fair-transport,,0.3,0.46684350132625996,0.39209674672117184,True,completed_without_exception,optimal,,0.09671560000060708,optimal,,,,,,0.2991751203371326,0.5580255052887892,CLARABEL,OSQP
DRUG,4,21,210777,reglog,{},paper,Fair-transport,,0.4,0.47214854111405835,0.31630045988758304,True,completed_without_exception,optimal,,0.09480050000274787,optimal,,,,,,0.2991757701549251,0.5580255038498582,CLARABEL,OSQP
DRUG,4,21,210777,RF,"{'n_estimators': np.int64(145), 'min_samples_split': np.int64(4), 'min_samples_leaf': np.int64(6), 'max_depth': np.int64(3)}",paper,Unfair,,,0.4907161803713528,0.25009935842843356,True,not_applicable,not applicable,0.0,0.0,not_applicable,,,,,,,,,
DRUG,4,21,210777,RF,"{'n_estimators': np.int64(145), 'min_samples_split': np.int64(4), 'min_samples_leaf': np.int64(6), 'max_depth': np.int64(3)}",paper,Our Eps-Fair,0.0,,0.4562334217506631,0.21055470391188325,True,0,Optimization terminated successfully,24.0,0.0433177999984764,completed_without_exception,,,,,,,,,
DRUG,4,21,210777,RF,"{'n_estimators': np.int64(145), 'min_samples_split': np.int64(4), 'min_samples_leaf': np.int64(6), 'max_depth': np.int64(3)}",paper,Our Eps-Fair,0.1,,0.4854111405835544,0.18103105660591612,True,0,Optimization terminated successfully,16.0,0.028672399999777554,completed_without_exception,,,,,,,,,
DRUG,4,21,210777,RF,"{'n_estimators': np.int64(145), 'min_samples_split': np.int64(4), 'min_samples_leaf': np.int64(6), 'max_depth': np.int64(3)}",paper,Our Eps-Fair,0.2,,0.4907161803713528,0.25009935842843356,True,0,Optimization terminated successfully,1.0,0.0019032000018341932,completed_without_exception,,,,,,,,,
DRUG,4,21,210777,RF,"{'n_estimators': np.int64(145), 'min_samples_split': np.int64(4), 'min_samples_leaf': np.int64(6), 'max_depth': np.int64(3)}",paper,Our Eps-Fair,0.3,,0.4907161803713528,0.25009935842843356,True,0,Optimization terminated successfully,1.0,0.0018132999975932762,completed_without_exception,,,,,,,,,
DRUG,4,21,210777,RF,"{'n_estimators': np.int64(145), 'min_samples_split': np.int64(4), 'min_samples_leaf': np.int64(6), 'max_depth': np.int64(3)}",paper,Our Eps-Fair,0.4,,0.4907161803713528,0.25009935842843356,True,0,Optimization terminated successfully,1.0,0.0017837000013969373,completed_without_exception,,,,,,,,,
DRUG,4,21,210777,RF,"{'n_estimators': np.int64(145), 'min_samples_split': np.int64(4), 'min_samples_leaf': np.int64(6), 'max_depth': np.int64(3)}",paper,Our Eps-Fair,0.5,,0.4907161803713528,0.25009935842843356,True,0,Optimization terminated successfully,1.0,0.0022074000007705763,completed_without_exception,,,,,,,,,
DRUG,4,21,210777,RF,"{'n_estimators': np.int64(145), 'min_samples_split': np.int64(4), 'min_samples_leaf': np.int64(6), 'max_depth': np.int64(3)}",paper,FairProjection,,0.0,,,False,failed,RuntimeError('`tf.data.Dataset` only supports Python-style iteration in eager mode or within tf.function.'),,,not_completed,,2.0,500.0,cross-entropy,tf,,,,
DRUG,4,21,210777,RF,"{'n_estimators': np.int64(145), 'min_samples_split': np.int64(4), 'min_samples_leaf': np.int64(6), 'max_depth': np.int64(3)}",paper,FairProjection,,0.1,,,False,failed,RuntimeError('`tf.data.Dataset` only supports Python-style iteration in eager mode or within tf.function.'),,,not_completed,,2.0,500.0,cross-entropy,tf,,,,
DRUG,4,21,210777,RF,"{'n_estimators': np.int64(145), 'min_samples_split': np.int64(4), 'min_samples_leaf': np.int64(6), 'max_depth': np.int64(3)}",paper,FairProjection,,0.2,,,False,failed,RuntimeError('`tf.data.Dataset` only supports Python-style iteration in eager mode or within tf.function.'),,,not_completed,,2.0,500.0,cross-entropy,tf,,,,
DRUG,4,21,210777,RF,"{'n_estimators': np.int64(145), 'min_samples_split': np.int64(4), 'min_samples_leaf': np.int64(6), 'max_depth': np.int64(3)}",paper,FairProjection,,0.5,,,False,failed,RuntimeError('`tf.data.Dataset` only supports Python-style iteration in eager mode or within tf.function.'),,,not_completed,,2.0,500.0,cross-entropy,tf,,,,
DRUG,4,21,210777,RF,"{'n_estimators': np.int64(145), 'min_samples_split': np.int64(4), 'min_samples_leaf': np.int64(6), 'max_depth': np.int64(3)}",paper,FairProjection,,0.75,,,False,failed,RuntimeError('`tf.data.Dataset` only supports Python-style iteration in eager mode or within tf.function.'),,,not_completed,,2.0,500.0,cross-entropy,tf,,,,
DRUG,4,21,210777,RF,"{'n_estimators': np.int64(145), 'min_samples_split': np.int64(4), 'min_samples_leaf': np.int64(6), 'max_depth': np.int64(3)}",paper,Fair-transport,,0.0,0.4880636604774536,0.1780503037529098,True,completed_without_exception,optimal,,0.34260709999944083,optimal,,,,,,2.5488702787290762e-08,0.6263494693162704,CLARABEL,OSQP
DRUG,4,21,210777,RF,"{'n_estimators': np.int64(145), 'min_samples_split': np.int64(4), 'min_samples_leaf': np.int64(6), 'max_depth': np.int64(3)}",paper,Fair-transport,,0.1,0.4907161803713528,0.23343553057400784,True,completed_without_exception,optimal,,0.09986260000005132,optimal,,,,,,0.10000001494762292,0.6154160409666951,CLARABEL,OSQP
DRUG,4,21,210777,RF,"{'n_estimators': np.int64(145), 'min_samples_split': np.int64(4), 'min_samples_leaf': np.int64(6), 'max_depth': np.int64(3)}",paper,Fair-transport,,0.2,0.5013262599469496,0.2549537273604724,True,completed_without_exception,optimal,,0.08513789999778965,optimal,,,,,,0.16663824740646568,0.6135852354854116,CLARABEL,OSQP
DRUG,4,21,210777,RF,"{'n_estimators': np.int64(145), 'min_samples_split': np.int64(4), 'min_samples_leaf': np.int64(6), 'max_depth': np.int64(3)}",paper,Fair-transport,,0.3,0.4854111405835544,0.24899222165445978,True,completed_without_exception,optimal,,0.09718900000007125,optimal,,,,,,0.16663811197447023,0.6135852413138185,CLARABEL,OSQP
DRUG,4,21,210777,RF,"{'n_estimators': np.int64(145), 'min_samples_split': np.int64(4), 'min_samples_leaf': np.int64(6), 'max_depth': np.int64(3)}",paper,Fair-transport,,0.4,0.4880636604774536,0.2499858059387952,True,completed_without_exception,optimal,,0.09184270000332617,optimal,,,,,,0.1666381280079324,0.6135852400310698,CLARABEL,OSQP
DRUG,4,21,210777,GBM,"{'reg_lambda': 50, 'reg_alpha': 5, 'num_leaves': np.int64(42), 'n_estimators': np.int64(94), 'min_child_samples': np.int64(11), 'max_depth': np.int64(7)}",paper,Unfair,,,0.4827586206896552,0.23939703628002046,True,not_applicable,not applicable,0.0,0.0,not_applicable,,,,,,,,,
DRUG,4,21,210777,GBM,"{'reg_lambda': 50, 'reg_alpha': 5, 'num_leaves': np.int64(42), 'n_estimators': np.int64(94), 'min_child_samples': np.int64(11), 'max_depth': np.int64(7)}",paper,Our Eps-Fair,0.0,,0.46419098143236076,0.08587407028899108,True,0,Optimization terminated successfully,19.0,0.035811800000374205,completed_without_exception,,,,,,,,,
DRUG,4,21,210777,GBM,"{'reg_lambda': 50, 'reg_alpha': 5, 'num_leaves': np.int64(42), 'n_estimators': np.int64(94), 'min_child_samples': np.int64(11), 'max_depth': np.int64(7)}",paper,Our Eps-Fair,0.1,,0.493368700265252,0.17413274286038719,True,0,Optimization terminated successfully,18.0,0.038623000000370666,completed_without_exception,,,,,,,,,
DRUG,4,21,210777,GBM,"{'reg_lambda': 50, 'reg_alpha': 5, 'num_leaves': np.int64(42), 'n_estimators': np.int64(94), 'min_child_samples': np.int64(11), 'max_depth': np.int64(7)}",paper,Our Eps-Fair,0.2,,0.4827586206896552,0.23939703628002046,True,0,Optimization terminated successfully,1.0,0.002110599998559337,completed_without_exception,,,,,,,,,
DRUG,4,21,210777,GBM,"{'reg_lambda': 50, 'reg_alpha': 5, 'num_leaves': np.int64(42), 'n_estimators': np.int64(94), 'min_child_samples': np.int64(11), 'max_depth': np.int64(7)}",paper,Our Eps-Fair,0.3,,0.4827586206896552,0.23939703628002046,True,0,Optimization terminated successfully,1.0,0.002425700000458164,completed_without_exception,,,,,,,,,
DRUG,4,21,210777,GBM,"{'reg_lambda': 50, 'reg_alpha': 5, 'num_leaves': np.int64(42), 'n_estimators': np.int64(94), 'min_child_samples': np.int64(11), 'max_depth': np.int64(7)}",paper,Our Eps-Fair,0.4,,0.4827586206896552,0.23939703628002046,True,0,Optimization terminated successfully,1.0,0.0021010000018577557,completed_without_exception,,,,,,,,,
DRUG,4,21,210777,GBM,"{'reg_lambda': 50, 'reg_alpha': 5, 'num_leaves': np.int64(42), 'n_estimators': np.int64(94), 'min_child_samples': np.int64(11), 'max_depth': np.int64(7)}",paper,Our Eps-Fair,0.5,,0.4827586206896552,0.23939703628002046,True,0,Optimization terminated successfully,1.0,0.0029819999981555156,completed_without_exception,,,,,,,,,
DRUG,4,21,210777,GBM,"{'reg_lambda': 50, 'reg_alpha': 5, 'num_leaves': np.int64(42), 'n_estimators': np.int64(94), 'min_child_samples': np.int64(11), 'max_depth': np.int64(7)}",paper,FairProjection,,0.0,,,False,failed,RuntimeError('`tf.data.Dataset` only supports Python-style iteration in eager mode or within tf.function.'),,,not_completed,,2.0,500.0,cross-entropy,tf,,,,
DRUG,4,21,210777,GBM,"{'reg_lambda': 50, 'reg_alpha': 5, 'num_leaves': np.int64(42), 'n_estimators': np.int64(94), 'min_child_samples': np.int64(11), 'max_depth': np.int64(7)}",paper,FairProjection,,0.1,,,False,failed,RuntimeError('`tf.data.Dataset` only supports Python-style iteration in eager mode or within tf.function.'),,,not_completed,,2.0,500.0,cross-entropy,tf,,,,
DRUG,4,21,210777,GBM,"{'reg_lambda': 50, 'reg_alpha': 5, 'num_leaves': np.int64(42), 'n_estimators': np.int64(94), 'min_child_samples': np.int64(11), 'max_depth': np.int64(7)}",paper,FairProjection,,0.2,,,False,failed,RuntimeError('`tf.data.Dataset` only supports Python-style iteration in eager mode or within tf.function.'),,,not_completed,,2.0,500.0,cross-entropy,tf,,,,
DRUG,4,21,210777,GBM,"{'reg_lambda': 50, 'reg_alpha': 5, 'num_leaves': np.int64(42), 'n_estimators': np.int64(94), 'min_child_samples': np.int64(11), 'max_depth': np.int64(7)}",paper,FairProjection,,0.5,,,False,failed,RuntimeError('`tf.data.Dataset` only supports Python-style iteration in eager mode or within tf.function.'),,,not_completed,,2.0,500.0,cross-entropy,tf,,,,
DRUG,4,21,210777,GBM,"{'reg_lambda': 50, 'reg_alpha': 5, 'num_leaves': np.int64(42), 'n_estimators': np.int64(94), 'min_child_samples': np.int64(11), 'max_depth': np.int64(7)}",paper,FairProjection,,0.75,,,False,failed,RuntimeError('`tf.data.Dataset` only supports Python-style iteration in eager mode or within tf.function.'),,,not_completed,,2.0,500.0,cross-entropy,tf,,,,
DRUG,4,21,210777,GBM,"{'reg_lambda': 50, 'reg_alpha': 5, 'num_leaves': np.int64(42), 'n_estimators': np.int64(94), 'min_child_samples': np.int64(11), 'max_depth': np.int64(7)}",paper,Fair-transport,,0.0,0.46684350132625996,0.09072843922102991,True,completed_without_exception,optimal,,0.10409839999920223,optimal,,,,,,4.837459322004634e-10,0.5219556600843265,CLARABEL,OSQP
DRUG,4,21,210777,GBM,"{'reg_lambda': 50, 'reg_alpha': 5, 'num_leaves': np.int64(42), 'n_estimators': np.int64(94), 'min_child_samples': np.int64(11), 'max_depth': np.int64(7)}",paper,Fair-transport,,0.1,0.4854111405835544,0.17717027195821267,True,completed_without_exception,optimal,,0.09598679999544402,optimal,,,,,,0.10000000694652109,0.5052615359413366,CLARABEL,OSQP
DRUG,4,21,210777,GBM,"{'reg_lambda': 50, 'reg_alpha': 5, 'num_leaves': np.int64(42), 'n_estimators': np.int64(94), 'min_child_samples': np.int64(11), 'max_depth': np.int64(7)}",paper,Fair-transport,,0.2,0.47745358090185674,0.25776415147902115,True,completed_without_exception,optimal,,0.09356840000327793,optimal,,,,,,0.18385910606187775,0.5033881347498237,CLARABEL,OSQP
DRUG,4,21,210777,GBM,"{'reg_lambda': 50, 'reg_alpha': 5, 'num_leaves': np.int64(42), 'n_estimators': np.int64(94), 'min_child_samples': np.int64(11), 'max_depth': np.int64(7)}",paper,Fair-transport,,0.3,0.4854111405835544,0.2519161982626469,True,completed_without_exception,optimal,,0.09396050000214018,optimal,,,,,,0.18385905292013224,0.5033881312513298,CLARABEL,OSQP
DRUG,4,21,210777,GBM,"{'reg_lambda': 50, 'reg_alpha': 5, 'num_leaves': np.int64(42), 'n_estimators': np.int64(94), 'min_child_samples': np.int64(11), 'max_depth': np.int64(7)}",paper,Fair-transport,,0.4,0.4827586206896552,0.24910577414409812,True,completed_without_exception,optimal,,0.09869650000109687,optimal,,,,,,0.18385905297662075,0.5033881313815641,CLARABEL,OSQP
DRUG,4,22,220777,reglog,{},paper,Unfair,,,0.4907161803713528,0.32501561346732527,True,not_applicable,not applicable,0.0,0.0,not_applicable,,,,,,,,,
DRUG,4,22,220777,reglog,{},paper,Our Eps-Fair,0.0,,0.47745358090185674,0.06611593709192073,True,0,Optimization terminated successfully,18.0,0.041023400000995025,completed_without_exception,,,,,,,,,
DRUG,4,22,220777,reglog,{},paper,Our Eps-Fair,0.1,,0.4907161803713528,0.17424629535002553,True,0,Optimization terminated successfully,15.0,0.03032600000005914,completed_without_exception,,,,,,,,,
DRUG,4,22,220777,reglog,{},paper,Our Eps-Fair,0.2,,0.4907161803713528,0.2326690512689491,True,0,Optimization terminated successfully,10.0,0.02119010000023991,completed_without_exception,,,,,,,,,
DRUG,4,22,220777,reglog,{},paper,Our Eps-Fair,0.3,,0.4986737400530504,0.3046045534548345,True,0,Optimization terminated successfully,7.0,0.013223199999629287,completed_without_exception,,,,,,,,,
DRUG,4,22,220777,reglog,{},paper,Our Eps-Fair,0.4,,0.4907161803713528,0.32501561346732527,True,0,Optimization terminated successfully,1.0,0.001979099997697631,completed_without_exception,,,,,,,,,
DRUG,4,22,220777,reglog,{},paper,Our Eps-Fair,0.5,,0.4907161803713528,0.32501561346732527,True,0,Optimization terminated successfully,1.0,0.0019317999976919964,completed_without_exception,,,,,,,,,
DRUG,4,22,220777,reglog,{},paper,FairProjection,,0.0,,,False,failed,RuntimeError('`tf.data.Dataset` only supports Python-style iteration in eager mode or within tf.function.'),,,not_completed,,2.0,500.0,cross-entropy,tf,,,,
DRUG,4,22,220777,reglog,{},paper,FairProjection,,0.1,,,False,failed,RuntimeError('`tf.data.Dataset` only supports Python-style iteration in eager mode or within tf.function.'),,,not_completed,,2.0,500.0,cross-entropy,tf,,,,
DRUG,4,22,220777,reglog,{},paper,FairProjection,,0.2,,,False,failed,RuntimeError('`tf.data.Dataset` only supports Python-style iteration in eager mode or within tf.function.'),,,not_completed,,2.0,500.0,cross-entropy,tf,,,,
DRUG,4,22,220777,reglog,{},paper,FairProjection,,0.5,,,False,failed,RuntimeError('`tf.data.Dataset` only supports Python-style iteration in eager mode or within tf.function.'),,,not_completed,,2.0,500.0,cross-entropy,tf,,,,
DRUG,4,22,220777,reglog,{},paper,FairProjection,,0.75,,,False,failed,RuntimeError('`tf.data.Dataset` only supports Python-style iteration in eager mode or within tf.function.'),,,not_completed,,2.0,500.0,cross-entropy,tf,,,,
DRUG,4,22,220777,reglog,{},paper,Fair-transport,,0.0,0.48010610079575594,0.060267983875546466,True,completed_without_exception,optimal,,0.09762700000283075,optimal,,,,,,3.3446783398449753e-09,0.5876382224799459,CLARABEL,OSQP
DRUG,4,22,220777,reglog,{},paper,Fair-transport,,0.1,0.4960212201591512,0.162550388917277,True,completed_without_exception,optimal,,0.09915129999717465,optimal,,,,,,0.10000001518818508,0.5749003618621096,CLARABEL,OSQP
DRUG,4,22,220777,reglog,{},paper,Fair-transport,,0.2,0.47745358090185674,0.22097314483620056,True,completed_without_exception,optimal,,0.0943565999987186,optimal,,,,,,0.2000000041054407,0.5696582621687162,CLARABEL,OSQP
DRUG,4,22,220777,reglog,{},paper,Fair-transport,,0.3,0.4960212201591512,0.319167660250951,True,completed_without_exception,optimal,,0.09361079999871436,optimal,,,,,,0.30000000079460865,0.5672431558037457,CLARABEL,OSQP
DRUG,4,22,220777,reglog,{},paper,Fair-transport,,0.4,0.4827586206896552,0.3076420825526599,True,completed_without_exception,optimal,,0.09319370000230265,optimal,,,,,,0.3899403123854909,0.566671343782633,CLARABEL,OSQP
DRUG,4,22,220777,RF,"{'n_estimators': np.int64(98), 'min_samples_split': np.int64(4), 'min_samples_leaf': np.int64(3), 'max_depth': np.int64(2)}",paper,Unfair,,,0.4482758620689655,0.26085845682166575,True,not_applicable,not applicable,0.0,0.0,not_applicable,,,,,,,,,
DRUG,4,22,220777,RF,"{'n_estimators': np.int64(98), 'min_samples_split': np.int64(4), 'min_samples_leaf': np.int64(3), 'max_depth': np.int64(2)}",paper,Our Eps-Fair,0.0,,0.4403183023872679,0.11094078237665361,True,0,Optimization terminated successfully,13.0,0.023874699996667914,completed_without_exception,,,,,,,,,
DRUG,4,22,220777,RF,"{'n_estimators': np.int64(98), 'min_samples_split': np.int64(4), 'min_samples_leaf': np.int64(3), 'max_depth': np.int64(2)}",paper,Our Eps-Fair,0.1,,0.4827586206896552,0.13069891557372398,True,0,Optimization terminated successfully,12.0,0.021231599999737227,completed_without_exception,,,,,,,,,
DRUG,4,22,220777,RF,"{'n_estimators': np.int64(98), 'min_samples_split': np.int64(4), 'min_samples_leaf': np.int64(3), 'max_depth': np.int64(2)}",paper,Our Eps-Fair,0.2,,0.46684350132625996,0.18236529835916654,True,0,Optimization terminated successfully,13.0,0.02269019999948796,completed_without_exception,,,,,,,,,
DRUG,4,22,220777,RF,"{'n_estimators': np.int64(98), 'min_samples_split': np.int64(4), 'min_samples_leaf': np.int64(3), 'max_depth': np.int64(2)}",paper,Our Eps-Fair,0.3,,0.4482758620689655,0.24530176574121385,True,0,Optimization terminated successfully,7.0,0.012791299999662442,completed_without_exception,,,,,,,,,
DRUG,4,22,220777,RF,"{'n_estimators': np.int64(98), 'min_samples_split': np.int64(4), 'min_samples_leaf': np.int64(3), 'max_depth': np.int64(2)}",paper,Our Eps-Fair,0.4,,0.44562334217506633,0.2560040878896269,True,0,Optimization terminated successfully,1.0,0.0017877999998745508,completed_without_exception,,,,,,,,,
DRUG,4,22,220777,RF,"{'n_estimators': np.int64(98), 'min_samples_split': np.int64(4), 'min_samples_leaf': np.int64(3), 'max_depth': np.int64(2)}",paper,Our Eps-Fair,0.5,,0.4482758620689655,0.26085845682166575,True,0,Optimization terminated successfully,1.0,0.0018850000014936086,completed_without_exception,,,,,,,,,
DRUG,4,22,220777,RF,"{'n_estimators': np.int64(98), 'min_samples_split': np.int64(4), 'min_samples_leaf': np.int64(3), 'max_depth': np.int64(2)}",paper,FairProjection,,0.0,,,False,failed,RuntimeError('`tf.data.Dataset` only supports Python-style iteration in eager mode or within tf.function.'),,,not_completed,,2.0,500.0,cross-entropy,tf,,,,
DRUG,4,22,220777,RF,"{'n_estimators': np.int64(98), 'min_samples_split': np.int64(4), 'min_samples_leaf': np.int64(3), 'max_depth': np.int64(2)}",paper,FairProjection,,0.1,,,False,failed,RuntimeError('`tf.data.Dataset` only supports Python-style iteration in eager mode or within tf.function.'),,,not_completed,,2.0,500.0,cross-entropy,tf,,,,
DRUG,4,22,220777,RF,"{'n_estimators': np.int64(98), 'min_samples_split': np.int64(4), 'min_samples_leaf': np.int64(3), 'max_depth': np.int64(2)}",paper,FairProjection,,0.2,,,False,failed,RuntimeError('`tf.data.Dataset` only supports Python-style iteration in eager mode or within tf.function.'),,,not_completed,,2.0,500.0,cross-entropy,tf,,,,
DRUG,4,22,220777,RF,"{'n_estimators': np.int64(98), 'min_samples_split': np.int64(4), 'min_samples_leaf': np.int64(3), 'max_depth': np.int64(2)}",paper,FairProjection,,0.5,,,False,failed,RuntimeError('`tf.data.Dataset` only supports Python-style iteration in eager mode or within tf.function.'),,,not_completed,,2.0,500.0,cross-entropy,tf,,,,
DRUG,4,22,220777,RF,"{'n_estimators': np.int64(98), 'min_samples_split': np.int64(4), 'min_samples_leaf': np.int64(3), 'max_depth': np.int64(2)}",paper,FairProjection,,0.75,,,False,failed,RuntimeError('`tf.data.Dataset` only supports Python-style iteration in eager mode or within tf.function.'),,,not_completed,,2.0,500.0,cross-entropy,tf,,,,
DRUG,4,22,220777,RF,"{'n_estimators': np.int64(98), 'min_samples_split': np.int64(4), 'min_samples_leaf': np.int64(3), 'max_depth': np.int64(2)}",paper,Fair-transport,,0.0,0.4509283819628647,0.10520638164991769,True,completed_without_exception,optimal,,0.0846878000011202,optimal,,,,,,3.813245413875066e-10,0.6597657730933638,CLARABEL,OSQP
DRUG,4,22,220777,RF,"{'n_estimators': np.int64(98), 'min_samples_split': np.int64(4), 'min_samples_leaf': np.int64(3), 'max_depth': np.int64(2)}",paper,Fair-transport,,0.1,0.46949602122015915,0.2228467609152331,True,completed_without_exception,optimal,,0.09656990000075893,optimal,,,,,,0.1000000074849357,0.6552840222694376,CLARABEL,OSQP
DRUG,4,22,220777,RF,"{'n_estimators': np.int64(98), 'min_samples_split': np.int64(4), 'min_samples_leaf': np.int64(3), 'max_depth': np.int64(2)}",paper,Fair-transport,,0.2,0.46419098143236076,0.18236529835916654,True,completed_without_exception,optimal,,0.07417189999978291,optimal,,,,,,0.20000000022775716,0.6539809740674469,CLARABEL,OSQP
DRUG,4,22,220777,RF,"{'n_estimators': np.int64(98), 'min_samples_split': np.int64(4), 'min_samples_leaf': np.int64(3), 'max_depth': np.int64(2)}",paper,Fair-transport,,0.3,0.46153846153846156,0.23945381252483958,True,completed_without_exception,optimal,,0.09534390000044368,optimal,,,,,,0.2999999979598433,0.6537181675937287,CLARABEL,OSQP
DRUG,4,22,220777,RF,"{'n_estimators': np.int64(98), 'min_samples_split': np.int64(4), 'min_samples_leaf': np.int64(3), 'max_depth': np.int64(2)}",paper,Fair-transport,,0.4,0.46153846153846156,0.25887128825299494,True,completed_without_exception,optimal,,0.09297290000176872,optimal,,,,,,0.3138959857902657,0.6537157560671595,CLARABEL,OSQP
DRUG,4,22,220777,GBM,"{'reg_lambda': 5, 'reg_alpha': 2, 'num_leaves': np.int64(44), 'n_estimators': np.int64(70), 'min_child_samples': np.int64(46), 'max_depth': np.int64(4)}",paper,Unfair,,,0.47480106100795755,0.259751320047692,True,not_applicable,not applicable,0.0,0.0,not_applicable,,,,,,,,,
DRUG,4,22,220777,GBM,"{'reg_lambda': 5, 'reg_alpha': 2, 'num_leaves': np.int64(44), 'n_estimators': np.int64(70), 'min_child_samples': np.int64(46), 'max_depth': np.int64(4)}",paper,Our Eps-Fair,0.0,,0.46949602122015915,0.06611593709192073,True,0,Optimization terminated successfully,22.0,0.04366450000088662,completed_without_exception,,,,,,,,,
DRUG,4,22,220777,GBM,"{'reg_lambda': 5, 'reg_alpha': 2, 'num_leaves': np.int64(44), 'n_estimators': np.int64(70), 'min_child_samples': np.int64(46), 'max_depth': np.int64(4)}",paper,Our Eps-Fair,0.1,,0.4827586206896552,0.138335320501902,True,0,Optimization terminated successfully,18.0,0.03860920000079204,completed_without_exception,,,,,,,,,
DRUG,4,22,220777,GBM,"{'reg_lambda': 5, 'reg_alpha': 2, 'num_leaves': np.int64(44), 'n_estimators': np.int64(70), 'min_child_samples': np.int64(46), 'max_depth': np.int64(4)}",paper,Our Eps-Fair,0.2,,0.4827586206896552,0.20723329358996195,True,0,Optimization terminated successfully,9.0,0.01946509999834234,completed_without_exception,,,,,,,,,
DRUG,4,22,220777,GBM,"{'reg_lambda': 5, 'reg_alpha': 2, 'num_leaves': np.int64(44), 'n_estimators': np.int64(70), 'min_child_samples': np.int64(46), 'max_depth': np.int64(4)}",paper,Our Eps-Fair,0.3,,0.47480106100795755,0.259751320047692,True,0,Optimization terminated successfully,1.0,0.0020629999999073334,completed_without_exception,,,,,,,,,
DRUG,4,22,220777,GBM,"{'reg_lambda': 5, 'reg_alpha': 2, 'num_leaves': np.int64(44), 'n_estimators': np.int64(70), 'min_child_samples': np.int64(46), 'max_depth': np.int64(4)}",paper,Our Eps-Fair,0.4,,0.47480106100795755,0.259751320047692,True,0,Optimization terminated successfully,1.0,0.0017963999998755753,completed_without_exception,,,,,,,,,
DRUG,4,22,220777,GBM,"{'reg_lambda': 5, 'reg_alpha': 2, 'num_leaves': np.int64(44), 'n_estimators': np.int64(70), 'min_child_samples': np.int64(46), 'max_depth': np.int64(4)}",paper,Our Eps-Fair,0.5,,0.47480106100795755,0.259751320047692,True,0,Optimization terminated successfully,1.0,0.0018139999992854428,completed_without_exception,,,,,,,,,
DRUG,4,22,220777,GBM,"{'reg_lambda': 5, 'reg_alpha': 2, 'num_leaves': np.int64(44), 'n_estimators': np.int64(70), 'min_child_samples': np.int64(46), 'max_depth': np.int64(4)}",paper,FairProjection,,0.0,,,False,failed,RuntimeError('`tf.data.Dataset` only supports Python-style iteration in eager mode or within tf.function.'),,,not_completed,,2.0,500.0,cross-entropy,tf,,,,
DRUG,4,22,220777,GBM,"{'reg_lambda': 5, 'reg_alpha': 2, 'num_leaves': np.int64(44), 'n_estimators': np.int64(70), 'min_child_samples': np.int64(46), 'max_depth': np.int64(4)}",paper,FairProjection,,0.1,,,False,failed,RuntimeError('`tf.data.Dataset` only supports Python-style iteration in eager mode or within tf.function.'),,,not_completed,,2.0,500.0,cross-entropy,tf,,,,
DRUG,4,22,220777,GBM,"{'reg_lambda': 5, 'reg_alpha': 2, 'num_leaves': np.int64(44), 'n_estimators': np.int64(70), 'min_child_samples': np.int64(46), 'max_depth': np.int64(4)}",paper,FairProjection,,0.2,,,False,failed,RuntimeError('`tf.data.Dataset` only supports Python-style iteration in eager mode or within tf.function.'),,,not_completed,,2.0,500.0,cross-entropy,tf,,,,
DRUG,4,22,220777,GBM,"{'reg_lambda': 5, 'reg_alpha': 2, 'num_leaves': np.int64(44), 'n_estimators': np.int64(70), 'min_child_samples': np.int64(46), 'max_depth': np.int64(4)}",paper,FairProjection,,0.5,,,False,failed,RuntimeError('`tf.data.Dataset` only supports Python-style iteration in eager mode or within tf.function.'),,,not_completed,,2.0,500.0,cross-entropy,tf,,,,
DRUG,4,22,220777,GBM,"{'reg_lambda': 5, 'reg_alpha': 2, 'num_leaves': np.int64(44), 'n_estimators': np.int64(70), 'min_child_samples': np.int64(46), 'max_depth': np.int64(4)}",paper,FairProjection,,0.75,,,False,failed,RuntimeError('`tf.data.Dataset` only supports Python-style iteration in eager mode or within tf.function.'),,,not_completed,,2.0,500.0,cross-entropy,tf,,,,
DRUG,4,22,220777,GBM,"{'reg_lambda': 5, 'reg_alpha': 2, 'num_leaves': np.int64(44), 'n_estimators': np.int64(70), 'min_child_samples': np.int64(46), 'max_depth': np.int64(4)}",paper,Fair-transport,,0.0,0.46153846153846156,0.04570487707942994,True,completed_without_exception,optimal,,0.11436429999957909,optimal,,,,,,4.447745505231637e-10,0.505254915531301,CLARABEL,OSQP
DRUG,4,22,220777,GBM,"{'reg_lambda': 5, 'reg_alpha': 2, 'num_leaves': np.int64(44), 'n_estimators': np.int64(70), 'min_child_samples': np.int64(46), 'max_depth': np.int64(4)}",paper,Fair-transport,,0.1,0.48010610079575594,0.138335320501902,True,completed_without_exception,optimal,,0.09625579999919864,optimal,,,,,,0.10000000064068784,0.48831894180673907,CLARABEL,OSQP
DRUG,4,22,220777,GBM,"{'reg_lambda': 5, 'reg_alpha': 2, 'num_leaves': np.int64(44), 'n_estimators': np.int64(70), 'min_child_samples': np.int64(46), 'max_depth': np.int64(4)}",paper,Fair-transport,,0.2,0.47480106100795755,0.23249872253449155,True,completed_without_exception,optimal,,0.0962861999978486,optimal,,,,,,0.20000000343261562,0.483352296476928,CLARABEL,OSQP
DRUG,4,22,220777,GBM,"{'reg_lambda': 5, 'reg_alpha': 2, 'num_leaves': np.int64(44), 'n_estimators': np.int64(70), 'min_child_samples': np.int64(46), 'max_depth': np.int64(4)}",paper,Fair-transport,,0.3,0.4827586206896552,0.25594731164480783,True,completed_without_exception,optimal,,0.09136299999954645,optimal,,,,,,0.24541059260454948,0.48288497861547375,CLARABEL,OSQP
DRUG,4,22,220777,GBM,"{'reg_lambda': 5, 'reg_alpha': 2, 'num_leaves': np.int64(44), 'n_estimators': np.int64(70), 'min_child_samples': np.int64(46), 'max_depth': np.int64(4)}",paper,Fair-transport,,0.4,0.47214854111405835,0.27144722648044056,True,completed_without_exception,optimal,,0.09115340000062133,optimal,,,,,,0.2454106003420026,0.48288497776560435,CLARABEL,OSQP
DRUG,4,23,230777,reglog,{},paper,Unfair,,,0.4403183023872679,0.2522000794867427,True,not_applicable,not applicable,0.0,0.0,not_applicable,,,,,,,,,
DRUG,4,23,230777,reglog,{},paper,Our Eps-Fair,0.0,,0.38726790450928383,0.06517912905240447,True,0,Optimization terminated successfully,27.0,0.05861930000173743,completed_without_exception,,,,,,,,,
DRUG,4,23,230777,reglog,{},paper,Our Eps-Fair,0.1,,0.41114058355437666,0.16343042071197408,True,0,Optimization terminated successfully,18.0,0.03916000000026543,completed_without_exception,,,,,,,,,
DRUG,4,23,230777,reglog,{},paper,Our Eps-Fair,0.2,,0.4323607427055703,0.233492306818827,True,0,Optimization terminated successfully,10.0,0.022906400001375005,completed_without_exception,,,,,,,,,
DRUG,4,23,230777,reglog,{},paper,Our Eps-Fair,0.3,,0.4403183023872679,0.2522000794867427,True,0,Optimization terminated successfully,1.0,0.0020334000000730157,completed_without_exception,,,,,,,,,
DRUG,4,23,230777,reglog,{},paper,Our Eps-Fair,0.4,,0.4403183023872679,0.2522000794867427,True,0,Optimization terminated successfully,1.0,0.0019652000009955373,completed_without_exception,,,,,,,,,
DRUG,4,23,230777,reglog,{},paper,Our Eps-Fair,0.5,,0.4403183023872679,0.2522000794867427,True,0,Optimization terminated successfully,1.0,0.0018326999997952953,completed_without_exception,,,,,,,,,
DRUG,4,23,230777,reglog,{},paper,FairProjection,,0.0,,,False,failed,RuntimeError('`tf.data.Dataset` only supports Python-style iteration in eager mode or within tf.function.'),,,not_completed,,2.0,500.0,cross-entropy,tf,,,,
DRUG,4,23,230777,reglog,{},paper,FairProjection,,0.1,,,False,failed,RuntimeError('`tf.data.Dataset` only supports Python-style iteration in eager mode or within tf.function.'),,,not_completed,,2.0,500.0,cross-entropy,tf,,,,
DRUG,4,23,230777,reglog,{},paper,FairProjection,,0.2,,,False,failed,RuntimeError('`tf.data.Dataset` only supports Python-style iteration in eager mode or within tf.function.'),,,not_completed,,2.0,500.0,cross-entropy,tf,,,,
DRUG,4,23,230777,reglog,{},paper,FairProjection,,0.5,,,False,failed,RuntimeError('`tf.data.Dataset` only supports Python-style iteration in eager mode or within tf.function.'),,,not_completed,,2.0,500.0,cross-entropy,tf,,,,
DRUG,4,23,230777,reglog,{},paper,FairProjection,,0.75,,,False,failed,RuntimeError('`tf.data.Dataset` only supports Python-style iteration in eager mode or within tf.function.'),,,not_completed,,2.0,500.0,cross-entropy,tf,,,,
DRUG,4,23,230777,reglog,{},paper,Fair-transport,,0.0,0.3952254641909814,0.04774882189292001,True,completed_without_exception,optimal,,0.10108430000036606,optimal,,,,,,1.9942919371462864e-08,0.5761870391996019,CLARABEL,OSQP
DRUG,4,23,230777,reglog,{},paper,Fair-transport,,0.1,0.41114058355437666,0.19068301822517456,True,completed_without_exception,optimal,,0.09633860000030836,optimal,,,,,,0.10000000090509656,0.5579859305716968,CLARABEL,OSQP
DRUG,4,23,230777,reglog,{},paper,Fair-transport,,0.2,0.4350132625994695,0.23150513825015612,True,completed_without_exception,optimal,,0.09564350000437116,optimal,,,,,,0.20000001155578753,0.5521560621996955,CLARABEL,OSQP
DRUG,4,23,230777,reglog,{},paper,Fair-transport,,0.3,0.4509283819628647,0.2958893998750923,True,completed_without_exception,optimal,,0.0915714000002481,optimal,,,,,,0.28479682428180364,0.5512952862158222,CLARABEL,OSQP
DRUG,4,23,230777,reglog,{},paper,Fair-transport,,0.4,0.4482758620689655,0.32203486061431896,True,completed_without_exception,optimal,,0.0949521000002278,optimal,,,,,,0.2847968192984742,0.5512952851266,CLARABEL,OSQP
DRUG,4,23,230777,RF,"{'n_estimators': np.int64(94), 'min_samples_split': np.int64(10), 'min_samples_leaf': np.int64(7), 'max_depth': np.int64(2)}",paper,Unfair,,,0.41909814323607425,0.22500425821836142,True,not_applicable,not applicable,0.0,0.0,not_applicable,,,,,,,,,
DRUG,4,23,230777,RF,"{'n_estimators': np.int64(94), 'min_samples_split': np.int64(10), 'min_samples_leaf': np.int64(7), 'max_depth': np.int64(2)}",paper,Our Eps-Fair,0.0,,0.3952254641909814,0.14716402657128258,True,0,Optimization terminated successfully,23.0,0.04195070000059786,completed_without_exception,,,,,,,,,
DRUG,4,23,230777,RF,"{'n_estimators': np.int64(94), 'min_samples_split': np.int64(10), 'min_samples_leaf': np.int64(7), 'max_depth': np.int64(2)}",paper,Our Eps-Fair,0.1,,0.3952254641909814,0.10628513030148184,True,0,Optimization terminated successfully,13.0,0.024236900000687456,completed_without_exception,,,,,,,,,
DRUG,4,23,230777,RF,"{'n_estimators': np.int64(94), 'min_samples_split': np.int64(10), 'min_samples_leaf': np.int64(7), 'max_depth': np.int64(2)}",paper,Our Eps-Fair,0.2,,0.41909814323607425,0.22500425821836142,True,0,Optimization terminated successfully,1.0,0.0017828000018198509,completed_without_exception,,,,,,,,,
DRUG,4,23,230777,RF,"{'n_estimators': np.int64(94), 'min_samples_split': np.int64(10), 'min_samples_leaf': np.int64(7), 'max_depth': np.int64(2)}",paper,Our Eps-Fair,0.3,,0.41909814323607425,0.22500425821836142,True,0,Optimization terminated successfully,1.0,0.0018676999970921315,completed_without_exception,,,,,,,,,
DRUG,4,23,230777,RF,"{'n_estimators': np.int64(94), 'min_samples_split': np.int64(10), 'min_samples_leaf': np.int64(7), 'max_depth': np.int64(2)}",paper,Our Eps-Fair,0.4,,0.41909814323607425,0.22500425821836142,True,0,Optimization terminated successfully,1.0,0.0017178000016428996,completed_without_exception,,,,,,,,,
DRUG,4,23,230777,RF,"{'n_estimators': np.int64(94), 'min_samples_split': np.int64(10), 'min_samples_leaf': np.int64(7), 'max_depth': np.int64(2)}",paper,Our Eps-Fair,0.5,,0.41909814323607425,0.22500425821836142,True,0,Optimization terminated successfully,1.0,0.0020197999983793125,completed_without_exception,,,,,,,,,
DRUG,4,23,230777,RF,"{'n_estimators': np.int64(94), 'min_samples_split': np.int64(10), 'min_samples_leaf': np.int64(7), 'max_depth': np.int64(2)}",paper,FairProjection,,0.0,,,False,failed,RuntimeError('`tf.data.Dataset` only supports Python-style iteration in eager mode or within tf.function.'),,,not_completed,,2.0,500.0,cross-entropy,tf,,,,
DRUG,4,23,230777,RF,"{'n_estimators': np.int64(94), 'min_samples_split': np.int64(10), 'min_samples_leaf': np.int64(7), 'max_depth': np.int64(2)}",paper,FairProjection,,0.1,,,False,failed,RuntimeError('`tf.data.Dataset` only supports Python-style iteration in eager mode or within tf.function.'),,,not_completed,,2.0,500.0,cross-entropy,tf,,,,
DRUG,4,23,230777,RF,"{'n_estimators': np.int64(94), 'min_samples_split': np.int64(10), 'min_samples_leaf': np.int64(7), 'max_depth': np.int64(2)}",paper,FairProjection,,0.2,,,False,failed,RuntimeError('`tf.data.Dataset` only supports Python-style iteration in eager mode or within tf.function.'),,,not_completed,,2.0,500.0,cross-entropy,tf,,,,
DRUG,4,23,230777,RF,"{'n_estimators': np.int64(94), 'min_samples_split': np.int64(10), 'min_samples_leaf': np.int64(7), 'max_depth': np.int64(2)}",paper,FairProjection,,0.5,,,False,failed,RuntimeError('`tf.data.Dataset` only supports Python-style iteration in eager mode or within tf.function.'),,,not_completed,,2.0,500.0,cross-entropy,tf,,,,
DRUG,4,23,230777,RF,"{'n_estimators': np.int64(94), 'min_samples_split': np.int64(10), 'min_samples_leaf': np.int64(7), 'max_depth': np.int64(2)}",paper,FairProjection,,0.75,,,False,failed,RuntimeError('`tf.data.Dataset` only supports Python-style iteration in eager mode or within tf.function.'),,,not_completed,,2.0,500.0,cross-entropy,tf,,,,
DRUG,4,23,230777,RF,"{'n_estimators': np.int64(94), 'min_samples_split': np.int64(10), 'min_samples_leaf': np.int64(7), 'max_depth': np.int64(2)}",paper,Fair-transport,,0.0,0.40583554376657827,0.14617044228694714,True,completed_without_exception,optimal,,0.09673110000221641,optimal,,,,,,8.740912577076543e-10,0.6538478761956373,CLARABEL,OSQP
DRUG,4,23,230777,RF,"{'n_estimators': np.int64(94), 'min_samples_split': np.int64(10), 'min_samples_leaf': np.int64(7), 'max_depth': np.int64(2)}",paper,Fair-transport,,0.1,0.40848806366047746,0.1616703571225799,True,completed_without_exception,optimal,,0.09478080000553746,optimal,,,,,,0.10000000198896727,0.6469673056819915,CLARABEL,OSQP
DRUG,4,23,230777,RF,"{'n_estimators': np.int64(94), 'min_samples_split': np.int64(10), 'min_samples_leaf': np.int64(7), 'max_depth': np.int64(2)}",paper,Fair-transport,,0.2,0.4244031830238727,0.21529552035428373,True,completed_without_exception,optimal,,0.08211369999844464,optimal,,,,,,0.16621199414432242,0.6460272509862223,CLARABEL,OSQP
DRUG,4,23,230777,RF,"{'n_estimators': np.int64(94), 'min_samples_split': np.int64(10), 'min_samples_leaf': np.int64(7), 'max_depth': np.int64(2)}",paper,Fair-transport,,0.3,0.41644562334217505,0.16851189462328958,True,completed_without_exception,optimal,,0.09467589999985648,optimal,,,,,,0.16621207043919792,0.6460272547673278,CLARABEL,OSQP
DRUG,4,23,230777,RF,"{'n_estimators': np.int64(94), 'min_samples_split': np.int64(10), 'min_samples_leaf': np.int64(7), 'max_depth': np.int64(2)}",paper,Fair-transport,,0.4,0.4244031830238727,0.2190427525123488,True,completed_without_exception,optimal,,0.09409190000224044,optimal,,,,,,0.16621203736913415,0.6460272533245857,CLARABEL,OSQP
DRUG,4,23,230777,GBM,"{'reg_lambda': 1, 'reg_alpha': 5, 'num_leaves': np.int64(32), 'n_estimators': np.int64(197), 'min_child_samples': np.int64(78), 'max_depth': np.int64(14)}",paper,Unfair,,,0.4217506631299735,0.26769999432237546,True,not_applicable,not applicable,0.0,0.0,not_applicable,,,,,,,,,
DRUG,4,23,230777,GBM,"{'reg_lambda': 1, 'reg_alpha': 5, 'num_leaves': np.int64(32), 'n_estimators': np.int64(197), 'min_child_samples': np.int64(78), 'max_depth': np.int64(14)}",paper,Our Eps-Fair,0.0,,0.40583554376657827,0.08050871515357977,True,0,Optimization terminated successfully,23.0,0.051434999997582054,completed_without_exception,,,,,,,,,
DRUG,4,23,230777,GBM,"{'reg_lambda': 1, 'reg_alpha': 5, 'num_leaves': np.int64(32), 'n_estimators': np.int64(197), 'min_child_samples': np.int64(78), 'max_depth': np.int64(14)}",paper,Our Eps-Fair,0.1,,0.41379310344827586,0.15383523533753476,True,0,Optimization terminated successfully,20.0,0.04752899999948568,completed_without_exception,,,,,,,,,
DRUG,4,23,230777,GBM,"{'reg_lambda': 1, 'reg_alpha': 5, 'num_leaves': np.int64(32), 'n_estimators': np.int64(197), 'min_child_samples': np.int64(78), 'max_depth': np.int64(14)}",paper,Our Eps-Fair,0.2,,0.4270557029177719,0.2560040878896269,True,0,Optimization terminated successfully,14.0,0.025243299998692237,completed_without_exception,,,,,,,,,
DRUG,4,23,230777,GBM,"{'reg_lambda': 1, 'reg_alpha': 5, 'num_leaves': np.int64(32), 'n_estimators': np.int64(197), 'min_child_samples': np.int64(78), 'max_depth': np.int64(14)}",paper,Our Eps-Fair,0.3,,0.4217506631299735,0.26769999432237546,True,0,Optimization terminated successfully,1.0,0.002076699998724507,completed_without_exception,,,,,,,,,
DRUG,4,23,230777,GBM,"{'reg_lambda': 1, 'reg_alpha': 5, 'num_leaves': np.int64(32), 'n_estimators': np.int64(197), 'min_child_samples': np.int64(78), 'max_depth': np.int64(14)}",paper,Our Eps-Fair,0.4,,0.4217506631299735,0.26769999432237546,True,0,Optimization terminated successfully,1.0,0.0018498999997973442,completed_without_exception,,,,,,,,,
DRUG,4,23,230777,GBM,"{'reg_lambda': 1, 'reg_alpha': 5, 'num_leaves': np.int64(32), 'n_estimators': np.int64(197), 'min_child_samples': np.int64(78), 'max_depth': np.int64(14)}",paper,Our Eps-Fair,0.5,,0.4217506631299735,0.26769999432237546,True,0,Optimization terminated successfully,1.0,0.0020266999999876134,completed_without_exception,,,,,,,,,
DRUG,4,23,230777,GBM,"{'reg_lambda': 1, 'reg_alpha': 5, 'num_leaves': np.int64(32), 'n_estimators': np.int64(197), 'min_child_samples': np.int64(78), 'max_depth': np.int64(14)}",paper,FairProjection,,0.0,,,False,failed,RuntimeError('`tf.data.Dataset` only supports Python-style iteration in eager mode or within tf.function.'),,,not_completed,,2.0,500.0,cross-entropy,tf,,,,
DRUG,4,23,230777,GBM,"{'reg_lambda': 1, 'reg_alpha': 5, 'num_leaves': np.int64(32), 'n_estimators': np.int64(197), 'min_child_samples': np.int64(78), 'max_depth': np.int64(14)}",paper,FairProjection,,0.1,,,False,failed,RuntimeError('`tf.data.Dataset` only supports Python-style iteration in eager mode or within tf.function.'),,,not_completed,,2.0,500.0,cross-entropy,tf,,,,
DRUG,4,23,230777,GBM,"{'reg_lambda': 1, 'reg_alpha': 5, 'num_leaves': np.int64(32), 'n_estimators': np.int64(197), 'min_child_samples': np.int64(78), 'max_depth': np.int64(14)}",paper,FairProjection,,0.2,,,False,failed,RuntimeError('`tf.data.Dataset` only supports Python-style iteration in eager mode or within tf.function.'),,,not_completed,,2.0,500.0,cross-entropy,tf,,,,
DRUG,4,23,230777,GBM,"{'reg_lambda': 1, 'reg_alpha': 5, 'num_leaves': np.int64(32), 'n_estimators': np.int64(197), 'min_child_samples': np.int64(78), 'max_depth': np.int64(14)}",paper,FairProjection,,0.5,,,False,failed,RuntimeError('`tf.data.Dataset` only supports Python-style iteration in eager mode or within tf.function.'),,,not_completed,,2.0,500.0,cross-entropy,tf,,,,
DRUG,4,23,230777,GBM,"{'reg_lambda': 1, 'reg_alpha': 5, 'num_leaves': np.int64(32), 'n_estimators': np.int64(197), 'min_child_samples': np.int64(78), 'max_depth': np.int64(14)}",paper,FairProjection,,0.75,,,False,failed,RuntimeError('`tf.data.Dataset` only supports Python-style iteration in eager mode or within tf.function.'),,,not_completed,,2.0,500.0,cross-entropy,tf,,,,
DRUG,4,23,230777,GBM,"{'reg_lambda': 1, 'reg_alpha': 5, 'num_leaves': np.int64(32), 'n_estimators': np.int64(197), 'min_child_samples': np.int64(78), 'max_depth': np.int64(14)}",paper,Fair-transport,,0.0,0.4005305039787798,0.09359563958439787,True,completed_without_exception,optimal,,0.10995479999837698,optimal,,,,,,3.491415864753655e-08,0.4942011359064636,CLARABEL,OSQP
DRUG,4,23,230777,GBM,"{'reg_lambda': 1, 'reg_alpha': 5, 'num_leaves': np.int64(32), 'n_estimators': np.int64(197), 'min_child_samples': np.int64(78), 'max_depth': np.int64(14)}",paper,Fair-transport,,0.1,0.41379310344827586,0.1586896042695736,True,completed_without_exception,optimal,,0.09602309999900172,optimal,,,,,,0.10000000757710897,0.4734200454438183,CLARABEL,OSQP
DRUG,4,23,230777,GBM,"{'reg_lambda': 1, 'reg_alpha': 5, 'num_leaves': np.int64(32), 'n_estimators': np.int64(197), 'min_child_samples': np.int64(78), 'max_depth': np.int64(14)}",paper,Fair-transport,,0.2,0.4270557029177719,0.2560040878896269,True,completed_without_exception,optimal,,0.09634389999700943,optimal,,,,,,0.20000000029079035,0.46967776383426657,CLARABEL,OSQP
DRUG,4,23,230777,GBM,"{'reg_lambda': 1, 'reg_alpha': 5, 'num_leaves': np.int64(32), 'n_estimators': np.int64(197), 'min_child_samples': np.int64(78), 'max_depth': np.int64(14)}",paper,Fair-transport,,0.3,0.41114058355437666,0.26185204110600124,True,completed_without_exception,optimal,,0.09374980000211508,optimal,,,,,,0.22429668047700965,0.4695539990884073,CLARABEL,OSQP
DRUG,4,23,230777,GBM,"{'reg_lambda': 1, 'reg_alpha': 5, 'num_leaves': np.int64(32), 'n_estimators': np.int64(197), 'min_child_samples': np.int64(78), 'max_depth': np.int64(14)}",paper,Fair-transport,,0.4,0.41114058355437666,0.26185204110600124,True,completed_without_exception,optimal,,0.0902572000049986,optimal,,,,,,0.22429668078085052,0.469553999200398,CLARABEL,OSQP
DRUG,4,24,240777,reglog,{},paper,Unfair,,,0.46153846153846156,0.32589564526202236,True,not_applicable,not applicable,0.0,0.0,not_applicable,,,,,,,,,
DRUG,4,24,240777,reglog,{},paper,Our Eps-Fair,0.0,,0.4403183023872679,0.07693181172997215,True,0,Optimization terminated successfully,22.0,0.08400479999909294,completed_without_exception,,,,,,,,,
DRUG,4,24,240777,reglog,{},paper,Our Eps-Fair,0.1,,0.46419098143236076,0.16453755748594787,True,0,Optimization terminated successfully,13.0,0.03417910000280244,completed_without_exception,,,,,,,,,
DRUG,4,24,240777,reglog,{},paper,Our Eps-Fair,0.2,,0.47480106100795755,0.1811446090955544,True,0,Optimization terminated successfully,9.0,0.02417030000287923,completed_without_exception,,,,,,,,,
DRUG,4,24,240777,reglog,{},paper,Our Eps-Fair,0.3,,0.46419098143236076,0.30647816953386703,True,0,Optimization terminated successfully,11.0,0.02291990000230726,completed_without_exception,,,,,,,,,
DRUG,4,24,240777,reglog,{},paper,Our Eps-Fair,0.4,,0.46153846153846156,0.32589564526202236,True,0,Optimization terminated successfully,1.0,0.002490099999704398,completed_without_exception,,,,,,,,,
DRUG,4,24,240777,reglog,{},paper,Our Eps-Fair,0.5,,0.46153846153846156,0.32589564526202236,True,0,Optimization terminated successfully,1.0,0.002550699999119388,completed_without_exception,,,,,,,,,
DRUG,4,24,240777,reglog,{},paper,FairProjection,,0.0,,,False,failed,RuntimeError('`tf.data.Dataset` only supports Python-style iteration in eager mode or within tf.function.'),,,not_completed,,2.0,500.0,cross-entropy,tf,,,,
DRUG,4,24,240777,reglog,{},paper,FairProjection,,0.1,,,False,failed,RuntimeError('`tf.data.Dataset` only supports Python-style iteration in eager mode or within tf.function.'),,,not_completed,,2.0,500.0,cross-entropy,tf,,,,
DRUG,4,24,240777,reglog,{},paper,FairProjection,,0.2,,,False,failed,RuntimeError('`tf.data.Dataset` only supports Python-style iteration in eager mode or within tf.function.'),,,not_completed,,2.0,500.0,cross-entropy,tf,,,,
DRUG,4,24,240777,reglog,{},paper,FairProjection,,0.5,,,False,failed,RuntimeError('`tf.data.Dataset` only supports Python-style iteration in eager mode or within tf.function.'),,,not_completed,,2.0,500.0,cross-entropy,tf,,,,
DRUG,4,24,240777,reglog,{},paper,FairProjection,,0.75,,,False,failed,RuntimeError('`tf.data.Dataset` only supports Python-style iteration in eager mode or within tf.function.'),,,not_completed,,2.0,500.0,cross-entropy,tf,,,,
DRUG,4,24,240777,reglog,{},paper,Fair-transport,,0.0,0.44562334217506633,0.10319082495883722,True,completed_without_exception,optimal,,0.11701689999972587,optimal,,,,,,2.5620930932390706e-09,0.5803288412819879,CLARABEL,OSQP
DRUG,4,24,240777,reglog,{},paper,Fair-transport,,0.1,0.46419098143236076,0.15255776982910352,True,completed_without_exception,optimal,,0.09895849999884376,optimal,,,,,,0.10000000205503462,0.5667418138065778,CLARABEL,OSQP
DRUG,4,24,240777,reglog,{},paper,Fair-transport,,0.2,0.47214854111405835,0.24138420484869133,True,completed_without_exception,optimal,,0.09414659999674768,optimal,,,,,,0.20000000532638856,0.5622632387608448,CLARABEL,OSQP
DRUG,4,24,240777,reglog,{},paper,Fair-transport,,0.3,0.47745358090185674,0.34431953670584226,True,completed_without_exception,optimal,,0.09705849999954808,optimal,,,,,,0.30000000126615595,0.560690763608744,CLARABEL,OSQP
DRUG,4,24,240777,reglog,{},paper,Fair-transport,,0.4,0.46684350132625996,0.3356043831261,True,completed_without_exception,optimal,,0.09622879999733414,optimal,,,,,,0.31526001440045204,0.5606626158310033,CLARABEL,OSQP
DRUG,4,24,240777,RF,"{'n_estimators': np.int64(19), 'min_samples_split': np.int64(3), 'min_samples_leaf': np.int64(6), 'max_depth': np.int64(2)}",paper,Unfair,,,0.46153846153846156,0.2630727303696133,True,not_applicable,not applicable,0.0,0.0,not_applicable,,,,,,,,,
DRUG,4,24,240777,RF,"{'n_estimators': np.int64(19), 'min_samples_split': np.int64(3), 'min_samples_leaf': np.int64(6), 'max_depth': np.int64(2)}",paper,Our Eps-Fair,0.0,,0.4270557029177719,0.06932379492420371,True,0,Optimization terminated successfully,19.0,0.03474590000041644,completed_without_exception,,,,,,,,,
DRUG,4,24,240777,RF,"{'n_estimators': np.int64(19), 'min_samples_split': np.int64(3), 'min_samples_leaf': np.int64(6), 'max_depth': np.int64(2)}",paper,Our Eps-Fair,0.1,,0.4509283819628647,0.17064100380400843,True,0,Optimization terminated successfully,11.0,0.020284499998524552,completed_without_exception,,,,,,,,,
DRUG,4,24,240777,RF,"{'n_estimators': np.int64(19), 'min_samples_split': np.int64(3), 'min_samples_leaf': np.int64(6), 'max_depth': np.int64(2)}",paper,Our Eps-Fair,0.2,,0.46153846153846156,0.2630727303696133,True,0,Optimization terminated successfully,1.0,0.0018009999985224567,completed_without_exception,,,,,,,,,
DRUG,4,24,240777,RF,"{'n_estimators': np.int64(19), 'min_samples_split': np.int64(3), 'min_samples_leaf': np.int64(6), 'max_depth': np.int64(2)}",paper,Our Eps-Fair,0.3,,0.46153846153846156,0.2630727303696133,True,0,Optimization terminated successfully,1.0,0.0018343999981880188,completed_without_exception,,,,,,,,,
DRUG,4,24,240777,RF,"{'n_estimators': np.int64(19), 'min_samples_split': np.int64(3), 'min_samples_leaf': np.int64(6), 'max_depth': np.int64(2)}",paper,Our Eps-Fair,0.4,,0.46153846153846156,0.2630727303696133,True,0,Optimization terminated successfully,1.0,0.001878200000646757,completed_without_exception,,,,,,,,,
DRUG,4,24,240777,RF,"{'n_estimators': np.int64(19), 'min_samples_split': np.int64(3), 'min_samples_leaf': np.int64(6), 'max_depth': np.int64(2)}",paper,Our Eps-Fair,0.5,,0.46153846153846156,0.2630727303696133,True,0,Optimization terminated successfully,1.0,0.0018673000013222918,completed_without_exception,,,,,,,,,
DRUG,4,24,240777,RF,"{'n_estimators': np.int64(19), 'min_samples_split': np.int64(3), 'min_samples_leaf': np.int64(6), 'max_depth': np.int64(2)}",paper,FairProjection,,0.0,,,False,failed,RuntimeError('`tf.data.Dataset` only supports Python-style iteration in eager mode or within tf.function.'),,,not_completed,,2.0,500.0,cross-entropy,tf,,,,
DRUG,4,24,240777,RF,"{'n_estimators': np.int64(19), 'min_samples_split': np.int64(3), 'min_samples_leaf': np.int64(6), 'max_depth': np.int64(2)}",paper,FairProjection,,0.1,,,False,failed,RuntimeError('`tf.data.Dataset` only supports Python-style iteration in eager mode or within tf.function.'),,,not_completed,,2.0,500.0,cross-entropy,tf,,,,
DRUG,4,24,240777,RF,"{'n_estimators': np.int64(19), 'min_samples_split': np.int64(3), 'min_samples_leaf': np.int64(6), 'max_depth': np.int64(2)}",paper,FairProjection,,0.2,,,False,failed,RuntimeError('`tf.data.Dataset` only supports Python-style iteration in eager mode or within tf.function.'),,,not_completed,,2.0,500.0,cross-entropy,tf,,,,
DRUG,4,24,240777,RF,"{'n_estimators': np.int64(19), 'min_samples_split': np.int64(3), 'min_samples_leaf': np.int64(6), 'max_depth': np.int64(2)}",paper,FairProjection,,0.5,,,False,failed,RuntimeError('`tf.data.Dataset` only supports Python-style iteration in eager mode or within tf.function.'),,,not_completed,,2.0,500.0,cross-entropy,tf,,,,
DRUG,4,24,240777,RF,"{'n_estimators': np.int64(19), 'min_samples_split': np.int64(3), 'min_samples_leaf': np.int64(6), 'max_depth': np.int64(2)}",paper,FairProjection,,0.75,,,False,failed,RuntimeError('`tf.data.Dataset` only supports Python-style iteration in eager mode or within tf.function.'),,,not_completed,,2.0,500.0,cross-entropy,tf,,,,
DRUG,4,24,240777,RF,"{'n_estimators': np.int64(19), 'min_samples_split': np.int64(3), 'min_samples_leaf': np.int64(6), 'max_depth': np.int64(2)}",paper,Fair-transport,,0.0,0.4217506631299735,0.06253903366831318,True,completed_without_exception,optimal,,0.09880779999730294,optimal,,,,,,4.217202309586554e-09,0.6537092906570059,CLARABEL,OSQP
DRUG,4,24,240777,RF,"{'n_estimators': np.int64(19), 'min_samples_split': np.int64(3), 'min_samples_leaf': np.int64(6), 'max_depth': np.int64(2)}",paper,Fair-transport,,0.1,0.4482758620689655,0.17748254130471813,True,completed_without_exception,optimal,,0.07519390000015846,optimal,,,,,,0.10000000018626731,0.6496048469715573,CLARABEL,OSQP
DRUG,4,24,240777,RF,"{'n_estimators': np.int64(19), 'min_samples_split': np.int64(3), 'min_samples_leaf': np.int64(6), 'max_depth': np.int64(2)}",paper,Fair-transport,,0.2,0.4482758620689655,0.34982683245330154,True,completed_without_exception,optimal,,0.09657150000566617,optimal,,,,,,0.16180740375949212,0.6494669588005533,CLARABEL,OSQP
DRUG,4,24,240777,RF,"{'n_estimators': np.int64(19), 'min_samples_split': np.int64(3), 'min_samples_leaf': np.int64(6), 'max_depth': np.int64(2)}",paper,Fair-transport,,0.3,0.46949602122015915,0.2737750525180264,True,completed_without_exception,optimal,,0.0927771999995457,optimal,,,,,,0.16180736187995165,0.6494669582268756,CLARABEL,OSQP
DRUG,4,24,240777,RF,"{'n_estimators': np.int64(19), 'min_samples_split': np.int64(3), 'min_samples_leaf': np.int64(6), 'max_depth': np.int64(2)}",paper,Fair-transport,,0.4,0.4588859416445623,0.2737750525180264,True,completed_without_exception,optimal,,0.09395780000340892,optimal,,,,,,0.16180735405341887,0.6494669580778404,CLARABEL,OSQP
DRUG,4,24,240777,GBM,"{'reg_lambda': 0.1, 'reg_alpha': 20, 'num_leaves': np.int64(19), 'n_estimators': np.int64(51), 'min_child_samples': np.int64(81), 'max_depth': np.int64(16)}",paper,Unfair,,,0.46153846153846156,0.29395900755124055,True,not_applicable,not applicable,0.0,0.0,not_applicable,,,,,,,,,
DRUG,4,24,240777,GBM,"{'reg_lambda': 0.1, 'reg_alpha': 20, 'num_leaves': np.int64(19), 'n_estimators': np.int64(51), 'min_child_samples': np.int64(81), 'max_depth': np.int64(16)}",paper,Our Eps-Fair,0.0,,0.4270557029177719,0.03997047635269402,True,0,Optimization terminated successfully,17.0,0.03628709999975399,completed_without_exception,,,,,,,,,
DRUG,4,24,240777,GBM,"{'reg_lambda': 0.1, 'reg_alpha': 20, 'num_leaves': np.int64(19), 'n_estimators': np.int64(51), 'min_child_samples': np.int64(81), 'max_depth': np.int64(16)}",paper,Our Eps-Fair,0.1,,0.4562334217506631,0.13126667802191566,True,0,Optimization terminated successfully,18.0,0.04021669999929145,completed_without_exception,,,,,,,,,
DRUG,4,24,240777,GBM,"{'reg_lambda': 0.1, 'reg_alpha': 20, 'num_leaves': np.int64(19), 'n_estimators': np.int64(51), 'min_child_samples': np.int64(81), 'max_depth': np.int64(16)}",paper,Our Eps-Fair,0.2,,0.4482758620689655,0.24828251859422015,True,0,Optimization terminated successfully,13.0,0.02589309999893885,completed_without_exception,,,,,,,,,
DRUG,4,24,240777,GBM,"{'reg_lambda': 0.1, 'reg_alpha': 20, 'num_leaves': np.int64(19), 'n_estimators': np.int64(51), 'min_child_samples': np.int64(81), 'max_depth': np.int64(16)}",paper,Our Eps-Fair,0.3,,0.46153846153846156,0.29395900755124055,True,0,Optimization terminated successfully,1.0,0.002043000000412576,completed_without_exception,,,,,,,,,
DRUG,4,24,240777,GBM,"{'reg_lambda': 0.1, 'reg_alpha': 20, 'num_leaves': np.int64(19), 'n_estimators': np.int64(51), 'min_child_samples': np.int64(81), 'max_depth': np.int64(16)}",paper,Our Eps-Fair,0.4,,0.46153846153846156,0.29395900755124055,True,0,Optimization terminated successfully,1.0,0.001943400002346607,completed_without_exception,,,,,,,,,
DRUG,4,24,240777,GBM,"{'reg_lambda': 0.1, 'reg_alpha': 20, 'num_leaves': np.int64(19), 'n_estimators': np.int64(51), 'min_child_samples': np.int64(81), 'max_depth': np.int64(16)}",paper,Our Eps-Fair,0.5,,0.46153846153846156,0.29395900755124055,True,0,Optimization terminated successfully,1.0,0.001895399997010827,completed_without_exception,,,,,,,,,
DRUG,4,24,240777,GBM,"{'reg_lambda': 0.1, 'reg_alpha': 20, 'num_leaves': np.int64(19), 'n_estimators': np.int64(51), 'min_child_samples': np.int64(81), 'max_depth': np.int64(16)}",paper,FairProjection,,0.0,,,False,failed,RuntimeError('`tf.data.Dataset` only supports Python-style iteration in eager mode or within tf.function.'),,,not_completed,,2.0,500.0,cross-entropy,tf,,,,
DRUG,4,24,240777,GBM,"{'reg_lambda': 0.1, 'reg_alpha': 20, 'num_leaves': np.int64(19), 'n_estimators': np.int64(51), 'min_child_samples': np.int64(81), 'max_depth': np.int64(16)}",paper,FairProjection,,0.1,,,False,failed,RuntimeError('`tf.data.Dataset` only supports Python-style iteration in eager mode or within tf.function.'),,,not_completed,,2.0,500.0,cross-entropy,tf,,,,
DRUG,4,24,240777,GBM,"{'reg_lambda': 0.1, 'reg_alpha': 20, 'num_leaves': np.int64(19), 'n_estimators': np.int64(51), 'min_child_samples': np.int64(81), 'max_depth': np.int64(16)}",paper,FairProjection,,0.2,,,False,failed,RuntimeError('`tf.data.Dataset` only supports Python-style iteration in eager mode or within tf.function.'),,,not_completed,,2.0,500.0,cross-entropy,tf,,,,
DRUG,4,24,240777,GBM,"{'reg_lambda': 0.1, 'reg_alpha': 20, 'num_leaves': np.int64(19), 'n_estimators': np.int64(51), 'min_child_samples': np.int64(81), 'max_depth': np.int64(16)}",paper,FairProjection,,0.5,,,False,failed,RuntimeError('`tf.data.Dataset` only supports Python-style iteration in eager mode or within tf.function.'),,,not_completed,,2.0,500.0,cross-entropy,tf,,,,
DRUG,4,24,240777,GBM,"{'reg_lambda': 0.1, 'reg_alpha': 20, 'num_leaves': np.int64(19), 'n_estimators': np.int64(51), 'min_child_samples': np.int64(81), 'max_depth': np.int64(16)}",paper,FairProjection,,0.75,,,False,failed,RuntimeError('`tf.data.Dataset` only supports Python-style iteration in eager mode or within tf.function.'),,,not_completed,,2.0,500.0,cross-entropy,tf,,,,
DRUG,4,24,240777,GBM,"{'reg_lambda': 0.1, 'reg_alpha': 20, 'num_leaves': np.int64(19), 'n_estimators': np.int64(51), 'min_child_samples': np.int64(81), 'max_depth': np.int64(16)}",paper,Fair-transport,,0.0,0.4297082228116711,0.03897689206835858,True,completed_without_exception,optimal,,0.12035649999961606,optimal,,,,,,1.538045135696109e-09,0.592987240711564,CLARABEL,OSQP
DRUG,4,24,240777,GBM,"{'reg_lambda': 0.1, 'reg_alpha': 20, 'num_leaves': np.int64(19), 'n_estimators': np.int64(51), 'min_child_samples': np.int64(81), 'max_depth': np.int64(16)}",paper,Fair-transport,,0.1,0.4562334217506631,0.12056435587350256,True,completed_without_exception,optimal,,0.0880168000003323,optimal,,,,,,0.10000000050518057,0.5835740684267477,CLARABEL,OSQP
DRUG,4,24,240777,GBM,"{'reg_lambda': 0.1, 'reg_alpha': 20, 'num_leaves': np.int64(19), 'n_estimators': np.int64(51), 'min_child_samples': np.int64(81), 'max_depth': np.int64(16)}",paper,Fair-transport,,0.2,0.4535809018567639,0.26769999432237546,True,completed_without_exception,optimal,,0.09238660000119125,optimal,,,,,,0.20000000166662665,0.5809681381729456,CLARABEL,OSQP
DRUG,4,24,240777,GBM,"{'reg_lambda': 0.1, 'reg_alpha': 20, 'num_leaves': np.int64(19), 'n_estimators': np.int64(51), 'min_child_samples': np.int64(81), 'max_depth': np.int64(16)}",paper,Fair-transport,,0.3,0.46419098143236076,0.2891046386192017,True,completed_without_exception,optimal,,0.0804511000023922,optimal,,,,,,0.23049161626187673,0.5808266410713617,CLARABEL,OSQP
DRUG,4,24,240777,GBM,"{'reg_lambda': 0.1, 'reg_alpha': 20, 'num_leaves': np.int64(19), 'n_estimators': np.int64(51), 'min_child_samples': np.int64(81), 'max_depth': np.int64(16)}",paper,Fair-transport,,0.4,0.46419098143236076,0.2891046386192017,True,completed_without_exception,optimal,,0.07762549999824842,optimal,,,,,,0.23049161623100667,0.5808266410400349,CLARABEL,OSQP
DRUG,4,25,250777,reglog,{},paper,Unfair,,,0.5145888594164456,0.37361607903253274,True,not_applicable,not applicable,0.0,0.0,not_applicable,,,,,,,,,
DRUG,4,25,250777,reglog,{},paper,Our Eps-Fair,0.0,,0.46684350132625996,0.06767728382444782,True,0,Optimization terminated successfully,22.0,0.06516250000277068,completed_without_exception,,,,,,,,,
DRUG,4,25,250777,reglog,{},paper,Our Eps-Fair,0.1,,0.5225464190981433,0.19769488446034178,True,0,Optimization terminated successfully,14.0,0.03505569999833824,completed_without_exception,,,,,,,,,
DRUG,4,25,250777,reglog,{},paper,Our Eps-Fair,0.2,,0.5437665782493368,0.2433713734173622,True,0,Optimization terminated successfully,10.0,0.019593600001826417,completed_without_exception,,,,,,,,,
DRUG,4,25,250777,reglog,{},paper,Our Eps-Fair,0.3,,0.5225464190981433,0.32887639811502867,True,0,Optimization terminated successfully,10.0,0.017719200001010904,completed_without_exception,,,,,,,,,
DRUG,4,25,250777,reglog,{},paper,Our Eps-Fair,0.4,,0.5145888594164456,0.37361607903253274,True,0,Optimization terminated successfully,1.0,0.0018316999994567595,completed_without_exception,,,,,,,,,
DRUG,4,25,250777,reglog,{},paper,Our Eps-Fair,0.5,,0.5145888594164456,0.37361607903253274,True,0,Optimization terminated successfully,1.0,0.001823599999625003,completed_without_exception,,,,,,,,,
DRUG,4,25,250777,reglog,{},paper,FairProjection,,0.0,,,False,failed,RuntimeError('`tf.data.Dataset` only supports Python-style iteration in eager mode or within tf.function.'),,,not_completed,,2.0,500.0,cross-entropy,tf,,,,
DRUG,4,25,250777,reglog,{},paper,FairProjection,,0.1,,,False,failed,RuntimeError('`tf.data.Dataset` only supports Python-style iteration in eager mode or within tf.function.'),,,not_completed,,2.0,500.0,cross-entropy,tf,,,,
DRUG,4,25,250777,reglog,{},paper,FairProjection,,0.2,,,False,failed,RuntimeError('`tf.data.Dataset` only supports Python-style iteration in eager mode or within tf.function.'),,,not_completed,,2.0,500.0,cross-entropy,tf,,,,
DRUG,4,25,250777,reglog,{},paper,FairProjection,,0.5,,,False,failed,RuntimeError('`tf.data.Dataset` only supports Python-style iteration in eager mode or within tf.function.'),,,not_completed,,2.0,500.0,cross-entropy,tf,,,,
DRUG,4,25,250777,reglog,{},paper,FairProjection,,0.75,,,False,failed,RuntimeError('`tf.data.Dataset` only supports Python-style iteration in eager mode or within tf.function.'),,,not_completed,,2.0,500.0,cross-entropy,tf,,,,
DRUG,4,25,250777,reglog,{},paper,Fair-transport,,0.0,0.46949602122015915,0.08939419746777946,True,completed_without_exception,optimal,,0.11260699999911594,optimal,,,,,,3.6485835741562056e-09,0.5828331647685123,CLARABEL,OSQP
DRUG,4,25,250777,reglog,{},paper,Fair-transport,,0.1,0.5251989389920424,0.21225799125645828,True,completed_without_exception,optimal,,0.09315269999933662,optimal,,,,,,0.10000000668861006,0.5648833785229679,CLARABEL,OSQP
DRUG,4,25,250777,reglog,{},paper,Fair-transport,,0.2,0.5437665782493368,0.2433713734173622,True,completed_without_exception,optimal,,0.08091060000151629,optimal,,,,,,0.2000000001385281,0.5581351877747408,CLARABEL,OSQP
DRUG,4,25,250777,reglog,{},paper,Fair-transport,,0.3,0.5278514588859416,0.32501561346732527,True,completed_without_exception,optimal,,0.07025309999880847,optimal,,,,,,0.3000000001057227,0.5561231618450186,CLARABEL,OSQP
DRUG,4,25,250777,reglog,{},paper,Fair-transport,,0.4,0.5278514588859416,0.34150911258729344,True,completed_without_exception,optimal,,0.08924509999997099,optimal,,,,,,0.35421994980706867,0.5558161846539945,CLARABEL,OSQP
DRUG,4,25,250777,RF,"{'n_estimators': np.int64(76), 'min_samples_split': np.int64(3), 'min_samples_leaf': np.int64(4), 'max_depth': np.int64(3)}",paper,Unfair,,,0.4854111405835544,0.26974393913586553,True,not_applicable,not applicable,0.0,0.0,not_applicable,,,,,,,,,
DRUG,4,25,250777,RF,"{'n_estimators': np.int64(76), 'min_samples_split': np.int64(3), 'min_samples_leaf': np.int64(4), 'max_depth': np.int64(3)}",paper,Our Eps-Fair,0.0,,0.4403183023872679,0.10574575597569974,True,0,Optimization terminated successfully,19.0,0.04058660000009695,completed_without_exception,,,,,,,,,
DRUG,4,25,250777,RF,"{'n_estimators': np.int64(76), 'min_samples_split': np.int64(3), 'min_samples_leaf': np.int64(4), 'max_depth': np.int64(3)}",paper,Our Eps-Fair,0.1,,0.4827586206896552,0.15786634871969568,True,0,Optimization terminated successfully,16.0,0.03724349999902188,completed_without_exception,,,,,,,,,
DRUG,4,25,250777,RF,"{'n_estimators': np.int64(76), 'min_samples_split': np.int64(3), 'min_samples_leaf': np.int64(4), 'max_depth': np.int64(3)}",paper,Our Eps-Fair,0.2,,0.4986737400530504,0.24149775733832962,True,0,Optimization terminated successfully,9.0,0.021889999999984866,completed_without_exception,,,,,,,,,
DRUG,4,25,250777,RF,"{'n_estimators': np.int64(76), 'min_samples_split': np.int64(3), 'min_samples_leaf': np.int64(4), 'max_depth': np.int64(3)}",paper,Our Eps-Fair,0.3,,0.4854111405835544,0.26974393913586553,True,0,Optimization terminated successfully,1.0,0.0027346999995643273,completed_without_exception,,,,,,,,,
DRUG,4,25,250777,RF,"{'n_estimators': np.int64(76), 'min_samples_split': np.int64(3), 'min_samples_leaf': np.int64(4), 'max_depth': np.int64(3)}",paper,Our Eps-Fair,0.4,,0.4854111405835544,0.26974393913586553,True,0,Optimization terminated successfully,1.0,0.0023051999996823724,completed_without_exception,,,,,,,,,
DRUG,4,25,250777,RF,"{'n_estimators': np.int64(76), 'min_samples_split': np.int64(3), 'min_samples_leaf': np.int64(4), 'max_depth': np.int64(3)}",paper,Our Eps-Fair,0.5,,0.4854111405835544,0.26974393913586553,True,0,Optimization terminated successfully,1.0,0.0024355999994440936,completed_without_exception,,,,,,,,,
DRUG,4,25,250777,RF,"{'n_estimators': np.int64(76), 'min_samples_split': np.int64(3), 'min_samples_leaf': np.int64(4), 'max_depth': np.int64(3)}",paper,FairProjection,,0.0,,,False,failed,RuntimeError('`tf.data.Dataset` only supports Python-style iteration in eager mode or within tf.function.'),,,not_completed,,2.0,500.0,cross-entropy,tf,,,,
DRUG,4,25,250777,RF,"{'n_estimators': np.int64(76), 'min_samples_split': np.int64(3), 'min_samples_leaf': np.int64(4), 'max_depth': np.int64(3)}",paper,FairProjection,,0.1,,,False,failed,RuntimeError('`tf.data.Dataset` only supports Python-style iteration in eager mode or within tf.function.'),,,not_completed,,2.0,500.0,cross-entropy,tf,,,,
DRUG,4,25,250777,RF,"{'n_estimators': np.int64(76), 'min_samples_split': np.int64(3), 'min_samples_leaf': np.int64(4), 'max_depth': np.int64(3)}",paper,FairProjection,,0.2,,,False,failed,RuntimeError('`tf.data.Dataset` only supports Python-style iteration in eager mode or within tf.function.'),,,not_completed,,2.0,500.0,cross-entropy,tf,,,,
DRUG,4,25,250777,RF,"{'n_estimators': np.int64(76), 'min_samples_split': np.int64(3), 'min_samples_leaf': np.int64(4), 'max_depth': np.int64(3)}",paper,FairProjection,,0.5,,,False,failed,RuntimeError('`tf.data.Dataset` only supports Python-style iteration in eager mode or within tf.function.'),,,not_completed,,2.0,500.0,cross-entropy,tf,,,,
DRUG,4,25,250777,RF,"{'n_estimators': np.int64(76), 'min_samples_split': np.int64(3), 'min_samples_leaf': np.int64(4), 'max_depth': np.int64(3)}",paper,FairProjection,,0.75,,,False,failed,RuntimeError('`tf.data.Dataset` only supports Python-style iteration in eager mode or within tf.function.'),,,not_completed,,2.0,500.0,cross-entropy,tf,,,,
DRUG,4,25,250777,RF,"{'n_estimators': np.int64(76), 'min_samples_split': np.int64(3), 'min_samples_leaf': np.int64(4), 'max_depth': np.int64(3)}",paper,Fair-transport,,0.0,0.493368700265252,0.18401180945892237,True,completed_without_exception,optimal,,0.09177120000094874,optimal,,,,,,2.735107457185748e-08,0.6290688802941753,CLARABEL,OSQP
DRUG,4,25,250777,RF,"{'n_estimators': np.int64(76), 'min_samples_split': np.int64(3), 'min_samples_leaf': np.int64(4), 'max_depth': np.int64(3)}",paper,Fair-transport,,0.1,0.47214854111405835,0.17441662408448305,True,completed_without_exception,optimal,,0.09257569999681436,optimal,,,,,,0.10000000089647709,0.6204069306051672,CLARABEL,OSQP
DRUG,4,25,250777,RF,"{'n_estimators': np.int64(76), 'min_samples_split': np.int64(3), 'min_samples_leaf': np.int64(4), 'max_depth': np.int64(3)}",paper,Fair-transport,,0.2,0.4854111405835544,0.23465621983761992,True,completed_without_exception,optimal,,0.09103300000424497,optimal,,,,,,0.20000000053012426,0.6187319874557643,CLARABEL,OSQP
DRUG,4,25,250777,RF,"{'n_estimators': np.int64(76), 'min_samples_split': np.int64(3), 'min_samples_leaf': np.int64(4), 'max_depth': np.int64(3)}",paper,Fair-transport,,0.3,0.4854111405835544,0.2755918923522398,True,completed_without_exception,optimal,,0.09269739999945159,optimal,,,,,,0.21548735262313518,0.6187100923308261,CLARABEL,OSQP
DRUG,4,25,250777,RF,"{'n_estimators': np.int64(76), 'min_samples_split': np.int64(3), 'min_samples_leaf': np.int64(4), 'max_depth': np.int64(3)}",paper,Fair-transport,,0.4,0.4880636604774536,0.2921421677170272,True,completed_without_exception,optimal,,0.10802239999975427,optimal,,,,,,0.21548735151204884,0.6187100926295667,CLARABEL,OSQP
DRUG,4,25,250777,GBM,"{'reg_lambda': 1, 'reg_alpha': 0.1, 'num_leaves': np.int64(25), 'n_estimators': np.int64(50), 'min_child_samples': np.int64(97), 'max_depth': np.int64(15)}",paper,Unfair,,,0.4827586206896552,0.2705671946857435,True,not_applicable,not applicable,0.0,0.0,not_applicable,,,,,,,,,
DRUG,4,25,250777,GBM,"{'reg_lambda': 1, 'reg_alpha': 0.1, 'num_leaves': np.int64(25), 'n_estimators': np.int64(50), 'min_child_samples': np.int64(97), 'max_depth': np.int64(15)}",paper,Our Eps-Fair,0.0,,0.44562334217506633,0.10429796173281097,True,0,Optimization terminated successfully,31.0,0.07487730000138981,completed_without_exception,,,,,,,,,
DRUG,4,25,250777,GBM,"{'reg_lambda': 1, 'reg_alpha': 0.1, 'num_leaves': np.int64(25), 'n_estimators': np.int64(50), 'min_child_samples': np.int64(97), 'max_depth': np.int64(15)}",paper,Our Eps-Fair,0.1,,0.47480106100795755,0.20044853233407145,True,0,Optimization terminated successfully,18.0,0.03787730000112788,completed_without_exception,,,,,,,,,
DRUG,4,25,250777,GBM,"{'reg_lambda': 1, 'reg_alpha': 0.1, 'num_leaves': np.int64(25), 'n_estimators': np.int64(50), 'min_child_samples': np.int64(97), 'max_depth': np.int64(15)}",paper,Our Eps-Fair,0.2,,0.4827586206896552,0.25986487253733037,True,0,Optimization terminated successfully,14.0,0.02504179999959888,completed_without_exception,,,,,,,,,
DRUG,4,25,250777,GBM,"{'reg_lambda': 1, 'reg_alpha': 0.1, 'num_leaves': np.int64(25), 'n_estimators': np.int64(50), 'min_child_samples': np.int64(97), 'max_depth': np.int64(15)}",paper,Our Eps-Fair,0.3,,0.4827586206896552,0.2705671946857435,True,0,Optimization terminated successfully,1.0,0.001887999998871237,completed_without_exception,,,,,,,,,
DRUG,4,25,250777,GBM,"{'reg_lambda': 1, 'reg_alpha': 0.1, 'num_leaves': np.int64(25), 'n_estimators': np.int64(50), 'min_child_samples': np.int64(97), 'max_depth': np.int64(15)}",paper,Our Eps-Fair,0.4,,0.4827586206896552,0.2705671946857435,True,0,Optimization terminated successfully,1.0,0.0017736999980115797,completed_without_exception,,,,,,,,,
DRUG,4,25,250777,GBM,"{'reg_lambda': 1, 'reg_alpha': 0.1, 'num_leaves': np.int64(25), 'n_estimators': np.int64(50), 'min_child_samples': np.int64(97), 'max_depth': np.int64(15)}",paper,Our Eps-Fair,0.5,,0.4827586206896552,0.2705671946857435,True,0,Optimization terminated successfully,1.0,0.0017441999989387114,completed_without_exception,,,,,,,,,
DRUG,4,25,250777,GBM,"{'reg_lambda': 1, 'reg_alpha': 0.1, 'num_leaves': np.int64(25), 'n_estimators': np.int64(50), 'min_child_samples': np.int64(97), 'max_depth': np.int64(15)}",paper,FairProjection,,0.0,,,False,failed,RuntimeError('`tf.data.Dataset` only supports Python-style iteration in eager mode or within tf.function.'),,,not_completed,,2.0,500.0,cross-entropy,tf,,,,
DRUG,4,25,250777,GBM,"{'reg_lambda': 1, 'reg_alpha': 0.1, 'num_leaves': np.int64(25), 'n_estimators': np.int64(50), 'min_child_samples': np.int64(97), 'max_depth': np.int64(15)}",paper,FairProjection,,0.1,,,False,failed,RuntimeError('`tf.data.Dataset` only supports Python-style iteration in eager mode or within tf.function.'),,,not_completed,,2.0,500.0,cross-entropy,tf,,,,
DRUG,4,25,250777,GBM,"{'reg_lambda': 1, 'reg_alpha': 0.1, 'num_leaves': np.int64(25), 'n_estimators': np.int64(50), 'min_child_samples': np.int64(97), 'max_depth': np.int64(15)}",paper,FairProjection,,0.2,,,False,failed,RuntimeError('`tf.data.Dataset` only supports Python-style iteration in eager mode or within tf.function.'),,,not_completed,,2.0,500.0,cross-entropy,tf,,,,
DRUG,4,25,250777,GBM,"{'reg_lambda': 1, 'reg_alpha': 0.1, 'num_leaves': np.int64(25), 'n_estimators': np.int64(50), 'min_child_samples': np.int64(97), 'max_depth': np.int64(15)}",paper,FairProjection,,0.5,,,False,failed,RuntimeError('`tf.data.Dataset` only supports Python-style iteration in eager mode or within tf.function.'),,,not_completed,,2.0,500.0,cross-entropy,tf,,,,
DRUG,4,25,250777,GBM,"{'reg_lambda': 1, 'reg_alpha': 0.1, 'num_leaves': np.int64(25), 'n_estimators': np.int64(50), 'min_child_samples': np.int64(97), 'max_depth': np.int64(15)}",paper,FairProjection,,0.75,,,False,failed,RuntimeError('`tf.data.Dataset` only supports Python-style iteration in eager mode or within tf.function.'),,,not_completed,,2.0,500.0,cross-entropy,tf,,,,
DRUG,4,25,250777,GBM,"{'reg_lambda': 1, 'reg_alpha': 0.1, 'num_leaves': np.int64(25), 'n_estimators': np.int64(50), 'min_child_samples': np.int64(97), 'max_depth': np.int64(15)}",paper,Fair-transport,,0.0,0.4482758620689655,0.10815874638051437,True,completed_without_exception,optimal,,0.12015339999925345,optimal,,,,,,6.393694185202747e-09,0.5021421200535219,CLARABEL,OSQP
DRUG,4,25,250777,GBM,"{'reg_lambda': 1, 'reg_alpha': 0.1, 'num_leaves': np.int64(25), 'n_estimators': np.int64(50), 'min_child_samples': np.int64(97), 'max_depth': np.int64(15)}",paper,Fair-transport,,0.1,0.47745358090185674,0.20044853233407145,True,completed_without_exception,optimal,,0.07684080000399263,optimal,,,,,,0.10000000026552455,0.4822189902550312,CLARABEL,OSQP
DRUG,4,25,250777,GBM,"{'reg_lambda': 1, 'reg_alpha': 0.1, 'num_leaves': np.int64(25), 'n_estimators': np.int64(50), 'min_child_samples': np.int64(97), 'max_depth': np.int64(15)}",paper,Fair-transport,,0.2,0.4854111405835544,0.24711860557542725,True,completed_without_exception,optimal,,0.09149840000100085,optimal,,,,,,0.20000000043639143,0.47818379742776684,CLARABEL,OSQP
DRUG,4,25,250777,GBM,"{'reg_lambda': 1, 'reg_alpha': 0.1, 'num_leaves': np.int64(25), 'n_estimators': np.int64(50), 'min_child_samples': np.int64(97), 'max_depth': np.int64(15)}",paper,Fair-transport,,0.3,0.47745358090185674,0.26085845682166575,True,completed_without_exception,optimal,,0.09111080000002403,optimal,,,,,,0.22250639626282806,0.4780975768027914,CLARABEL,OSQP
DRUG,4,25,250777,GBM,"{'reg_lambda': 1, 'reg_alpha': 0.1, 'num_leaves': np.int64(25), 'n_estimators': np.int64(50), 'min_child_samples': np.int64(97), 'max_depth': np.int64(15)}",paper,Fair-transport,,0.4,0.47745358090185674,0.26085845682166575,True,completed_without_exception,optimal,,0.09508160000405042,optimal,,,,,,0.22250639622276672,0.4780975768841309,CLARABEL,OSQP
DRUG,4,26,260777,reglog,{},paper,Unfair,,,0.48010610079575594,0.37531936637710783,True,not_applicable,not applicable,0.0,0.0,not_applicable,,,,,,,,,
DRUG,4,26,260777,reglog,{},paper,Our Eps-Fair,0.0,,0.4297082228116711,0.14886731391585759,True,0,Optimization terminated successfully,19.0,0.045632400000613416,completed_without_exception,,,,,,,,,
DRUG,4,26,260777,reglog,{},paper,Our Eps-Fair,0.1,,0.46153846153846156,0.2333219780843695,True,0,Optimization terminated successfully,25.0,0.054032799998822156,completed_without_exception,,,,,,,,,
DRUG,4,26,260777,reglog,{},paper,Our Eps-Fair,0.2,,0.46419098143236076,0.1712087662522001,True,0,Optimization terminated successfully,13.0,0.02310800000122981,completed_without_exception,,,,,,,,,
DRUG,4,26,260777,reglog,{},paper,Our Eps-Fair,0.3,,0.47214854111405835,0.2704536421961051,True,0,Optimization terminated successfully,11.0,0.019011399999726564,completed_without_exception,,,,,,,,,
DRUG,4,26,260777,reglog,{},paper,Our Eps-Fair,0.4,,0.48010610079575594,0.37531936637710783,True,0,Optimization terminated successfully,1.0,0.0019448999992164318,completed_without_exception,,,,,,,,,
DRUG,4,26,260777,reglog,{},paper,Our Eps-Fair,0.5,,0.48010610079575594,0.37531936637710783,True,0,Optimization terminated successfully,1.0,0.0018674000020837411,completed_without_exception,,,,,,,,,
DRUG,4,26,260777,reglog,{},paper,FairProjection,,0.0,,,False,failed,RuntimeError('`tf.data.Dataset` only supports Python-style iteration in eager mode or within tf.function.'),,,not_completed,,2.0,500.0,cross-entropy,tf,,,,
DRUG,4,26,260777,reglog,{},paper,FairProjection,,0.1,,,False,failed,RuntimeError('`tf.data.Dataset` only supports Python-style iteration in eager mode or within tf.function.'),,,not_completed,,2.0,500.0,cross-entropy,tf,,,,
DRUG,4,26,260777,reglog,{},paper,FairProjection,,0.2,,,False,failed,RuntimeError('`tf.data.Dataset` only supports Python-style iteration in eager mode or within tf.function.'),,,not_completed,,2.0,500.0,cross-entropy,tf,,,,
DRUG,4,26,260777,reglog,{},paper,FairProjection,,0.5,,,False,failed,RuntimeError('`tf.data.Dataset` only supports Python-style iteration in eager mode or within tf.function.'),,,not_completed,,2.0,500.0,cross-entropy,tf,,,,
DRUG,4,26,260777,reglog,{},paper,FairProjection,,0.75,,,False,failed,RuntimeError('`tf.data.Dataset` only supports Python-style iteration in eager mode or within tf.function.'),,,not_completed,,2.0,500.0,cross-entropy,tf,,,,
DRUG,4,26,260777,reglog,{},paper,Fair-transport,,0.0,0.4217506631299735,0.2323851700448532,True,completed_without_exception,optimal,,0.09604549999858136,optimal,,,,,,3.01598090945987e-09,0.5913165219572439,CLARABEL,OSQP
DRUG,4,26,260777,reglog,{},paper,Fair-transport,,0.1,0.46153846153846156,0.16536081303582584,True,completed_without_exception,optimal,,0.09237799999755225,optimal,,,,,,0.10000000277775636,0.5743237368205759,CLARABEL,OSQP
DRUG,4,26,260777,reglog,{},paper,Fair-transport,,0.2,0.46684350132625996,0.1711519900073809,True,completed_without_exception,optimal,,0.08141800000157673,optimal,,,,,,0.20000000091714493,0.5670357611047204,CLARABEL,OSQP
DRUG,4,26,260777,reglog,{},paper,Fair-transport,,0.3,0.47214854111405835,0.2529097825469823,True,completed_without_exception,optimal,,0.09239099999831524,optimal,,,,,,0.3000000086426482,0.5636346105319641,CLARABEL,OSQP
DRUG,4,26,260777,reglog,{},paper,Fair-transport,,0.4,0.48010610079575594,0.35876909101232046,True,completed_without_exception,optimal,,0.07862859999659122,optimal,,,,,,0.3862460921356343,0.5627877851727017,CLARABEL,OSQP
DRUG,4,26,260777,RF,"{'n_estimators': np.int64(80), 'min_samples_split': np.int64(9), 'min_samples_leaf': np.int64(5), 'max_depth': np.int64(8)}",paper,Unfair,,,0.48010610079575594,0.20243570090274232,True,not_applicable,not applicable,0.0,0.0,not_applicable,,,,,,,,,
DRUG,4,26,260777,RF,"{'n_estimators': np.int64(80), 'min_samples_split': np.int64(9), 'min_samples_leaf': np.int64(5), 'max_depth': np.int64(8)}",paper,Our Eps-Fair,0.0,,0.44297082228116713,0.10120365639016635,True,0,Optimization terminated successfully,20.0,0.035511699999915436,completed_without_exception,,,,,,,,,
DRUG,4,26,260777,RF,"{'n_estimators': np.int64(80), 'min_samples_split': np.int64(9), 'min_samples_leaf': np.int64(5), 'max_depth': np.int64(8)}",paper,Our Eps-Fair,0.1,,0.46153846153846156,0.16326009197751662,True,0,Optimization terminated successfully,17.0,0.030728300000191666,completed_without_exception,,,,,,,,,
DRUG,4,26,260777,RF,"{'n_estimators': np.int64(80), 'min_samples_split': np.int64(9), 'min_samples_leaf': np.int64(5), 'max_depth': np.int64(8)}",paper,Our Eps-Fair,0.2,,0.4827586206896552,0.18880940214614203,True,0,Optimization terminated successfully,8.0,0.013598300000012387,completed_without_exception,,,,,,,,,
DRUG,4,26,260777,RF,"{'n_estimators': np.int64(80), 'min_samples_split': np.int64(9), 'min_samples_leaf': np.int64(5), 'max_depth': np.int64(8)}",paper,Our Eps-Fair,0.3,,0.48010610079575594,0.20243570090274232,True,0,Optimization terminated successfully,1.0,0.00177590000021155,completed_without_exception,,,,,,,,,
DRUG,4,26,260777,RF,"{'n_estimators': np.int64(80), 'min_samples_split': np.int64(9), 'min_samples_leaf': np.int64(5), 'max_depth': np.int64(8)}",paper,Our Eps-Fair,0.4,,0.48010610079575594,0.20243570090274232,True,0,Optimization terminated successfully,1.0,0.0017582999971637037,completed_without_exception,,,,,,,,,
DRUG,4,26,260777,RF,"{'n_estimators': np.int64(80), 'min_samples_split': np.int64(9), 'min_samples_leaf': np.int64(5), 'max_depth': np.int64(8)}",paper,Our Eps-Fair,0.5,,0.48010610079575594,0.20243570090274232,True,0,Optimization terminated successfully,1.0,0.0017098999996960629,completed_without_exception,,,,,,,,,
DRUG,4,26,260777,RF,"{'n_estimators': np.int64(80), 'min_samples_split': np.int64(9), 'min_samples_leaf': np.int64(5), 'max_depth': np.int64(8)}",paper,FairProjection,,0.0,,,False,failed,RuntimeError('`tf.data.Dataset` only supports Python-style iteration in eager mode or within tf.function.'),,,not_completed,,2.0,500.0,cross-entropy,tf,,,,
DRUG,4,26,260777,RF,"{'n_estimators': np.int64(80), 'min_samples_split': np.int64(9), 'min_samples_leaf': np.int64(5), 'max_depth': np.int64(8)}",paper,FairProjection,,0.1,,,False,failed,RuntimeError('`tf.data.Dataset` only supports Python-style iteration in eager mode or within tf.function.'),,,not_completed,,2.0,500.0,cross-entropy,tf,,,,
DRUG,4,26,260777,RF,"{'n_estimators': np.int64(80), 'min_samples_split': np.int64(9), 'min_samples_leaf': np.int64(5), 'max_depth': np.int64(8)}",paper,FairProjection,,0.2,,,False,failed,RuntimeError('`tf.data.Dataset` only supports Python-style iteration in eager mode or within tf.function.'),,,not_completed,,2.0,500.0,cross-entropy,tf,,,,
DRUG,4,26,260777,RF,"{'n_estimators': np.int64(80), 'min_samples_split': np.int64(9), 'min_samples_leaf': np.int64(5), 'max_depth': np.int64(8)}",paper,FairProjection,,0.5,,,False,failed,RuntimeError('`tf.data.Dataset` only supports Python-style iteration in eager mode or within tf.function.'),,,not_completed,,2.0,500.0,cross-entropy,tf,,,,
DRUG,4,26,260777,RF,"{'n_estimators': np.int64(80), 'min_samples_split': np.int64(9), 'min_samples_leaf': np.int64(5), 'max_depth': np.int64(8)}",paper,FairProjection,,0.75,,,False,failed,RuntimeError('`tf.data.Dataset` only supports Python-style iteration in eager mode or within tf.function.'),,,not_completed,,2.0,500.0,cross-entropy,tf,,,,
DRUG,4,26,260777,RF,"{'n_estimators': np.int64(80), 'min_samples_split': np.int64(9), 'min_samples_leaf': np.int64(5), 'max_depth': np.int64(8)}",paper,Fair-transport,,0.0,0.4376657824933687,0.08178618066201099,True,completed_without_exception,optimal,,0.09018540000033681,optimal,,,,,,8.147184510365335e-09,0.5647425794366879,CLARABEL,OSQP
DRUG,4,26,260777,RF,"{'n_estimators': np.int64(80), 'min_samples_split': np.int64(9), 'min_samples_leaf': np.int64(5), 'max_depth': np.int64(8)}",paper,Fair-transport,,0.1,0.46684350132625996,0.17495599841026516,True,completed_without_exception,optimal,,0.09297550000337651,optimal,,,,,,0.10000000073543613,0.5512183487733129,CLARABEL,OSQP
DRUG,4,26,260777,RF,"{'n_estimators': np.int64(80), 'min_samples_split': np.int64(9), 'min_samples_leaf': np.int64(5), 'max_depth': np.int64(8)}",paper,Fair-transport,,0.2,0.4827586206896552,0.18196786464543233,True,completed_without_exception,optimal,,0.08903230000214535,optimal,,,,,,0.20000000030661091,0.5485300213981725,CLARABEL,OSQP
DRUG,4,26,260777,RF,"{'n_estimators': np.int64(80), 'min_samples_split': np.int64(9), 'min_samples_leaf': np.int64(5), 'max_depth': np.int64(8)}",paper,Fair-transport,,0.3,0.4827586206896552,0.19366377107818086,True,completed_without_exception,optimal,,0.07916130000012345,optimal,,,,,,0.23438476573326747,0.5484549688572266,CLARABEL,OSQP
DRUG,4,26,260777,RF,"{'n_estimators': np.int64(80), 'min_samples_split': np.int64(9), 'min_samples_leaf': np.int64(5), 'max_depth': np.int64(8)}",paper,Fair-transport,,0.4,0.48010610079575594,0.21214443876682,True,completed_without_exception,optimal,,0.06785920000038459,optimal,,,,,,0.23438476652164147,0.5484549687350192,CLARABEL,OSQP
DRUG,4,26,260777,GBM,"{'reg_lambda': 5, 'reg_alpha': 0.1, 'num_leaves': np.int64(29), 'n_estimators': np.int64(176), 'min_child_samples': np.int64(15), 'max_depth': np.int64(9)}",paper,Unfair,,,0.4217506631299735,0.2033157326974394,True,not_applicable,not applicable,0.0,0.0,not_applicable,,,,,,,,,
DRUG,4,26,260777,GBM,"{'reg_lambda': 5, 'reg_alpha': 0.1, 'num_leaves': np.int64(29), 'n_estimators': np.int64(176), 'min_child_samples': np.int64(15), 'max_depth': np.int64(9)}",paper,Our Eps-Fair,0.0,,0.3978779840848806,0.0770453642196105,True,0,Optimization terminated successfully,20.0,0.0399254000003566,completed_without_exception,,,,,,,,,
DRUG,4,26,260777,GBM,"{'reg_lambda': 5, 'reg_alpha': 0.1, 'num_leaves': np.int64(29), 'n_estimators': np.int64(176), 'min_child_samples': np.int64(15), 'max_depth': np.int64(9)}",paper,Our Eps-Fair,0.1,,0.41644562334217505,0.08950774995741781,True,0,Optimization terminated successfully,22.0,0.03774060000068857,completed_without_exception,,,,,,,,,
DRUG,4,26,260777,GBM,"{'reg_lambda': 5, 'reg_alpha': 0.1, 'num_leaves': np.int64(29), 'n_estimators': np.int64(176), 'min_child_samples': np.int64(15), 'max_depth': np.int64(9)}",paper,Our Eps-Fair,0.2,,0.4217506631299735,0.2033157326974394,True,0,Optimization terminated successfully,1.0,0.001933900002768496,completed_without_exception,,,,,,,,,
DRUG,4,26,260777,GBM,"{'reg_lambda': 5, 'reg_alpha': 0.1, 'num_leaves': np.int64(29), 'n_estimators': np.int64(176), 'min_child_samples': np.int64(15), 'max_depth': np.int64(9)}",paper,Our Eps-Fair,0.3,,0.4217506631299735,0.2033157326974394,True,0,Optimization terminated successfully,1.0,0.0019242000016674865,completed_without_exception,,,,,,,,,
DRUG,4,26,260777,GBM,"{'reg_lambda': 5, 'reg_alpha': 0.1, 'num_leaves': np.int64(29), 'n_estimators': np.int64(176), 'min_child_samples': np.int64(15), 'max_depth': np.int64(9)}",paper,Our Eps-Fair,0.4,,0.4217506631299735,0.2033157326974394,True,0,Optimization terminated successfully,1.0,0.002030299998295959,completed_without_exception,,,,,,,,,
DRUG,4,26,260777,GBM,"{'reg_lambda': 5, 'reg_alpha': 0.1, 'num_leaves': np.int64(29), 'n_estimators': np.int64(176), 'min_child_samples': np.int64(15), 'max_depth': np.int64(9)}",paper,Our Eps-Fair,0.5,,0.4217506631299735,0.2033157326974394,True,0,Optimization terminated successfully,1.0,0.001795000000129221,completed_without_exception,,,,,,,,,
DRUG,4,26,260777,GBM,"{'reg_lambda': 5, 'reg_alpha': 0.1, 'num_leaves': np.int64(29), 'n_estimators': np.int64(176), 'min_child_samples': np.int64(15), 'max_depth': np.int64(9)}",paper,FairProjection,,0.0,,,False,failed,RuntimeError('`tf.data.Dataset` only supports Python-style iteration in eager mode or within tf.function.'),,,not_completed,,2.0,500.0,cross-entropy,tf,,,,
DRUG,4,26,260777,GBM,"{'reg_lambda': 5, 'reg_alpha': 0.1, 'num_leaves': np.int64(29), 'n_estimators': np.int64(176), 'min_child_samples': np.int64(15), 'max_depth': np.int64(9)}",paper,FairProjection,,0.1,,,False,failed,RuntimeError('`tf.data.Dataset` only supports Python-style iteration in eager mode or within tf.function.'),,,not_completed,,2.0,500.0,cross-entropy,tf,,,,
DRUG,4,26,260777,GBM,"{'reg_lambda': 5, 'reg_alpha': 0.1, 'num_leaves': np.int64(29), 'n_estimators': np.int64(176), 'min_child_samples': np.int64(15), 'max_depth': np.int64(9)}",paper,FairProjection,,0.2,,,False,failed,RuntimeError('`tf.data.Dataset` only supports Python-style iteration in eager mode or within tf.function.'),,,not_completed,,2.0,500.0,cross-entropy,tf,,,,
DRUG,4,26,260777,GBM,"{'reg_lambda': 5, 'reg_alpha': 0.1, 'num_leaves': np.int64(29), 'n_estimators': np.int64(176), 'min_child_samples': np.int64(15), 'max_depth': np.int64(9)}",paper,FairProjection,,0.5,,,False,failed,RuntimeError('`tf.data.Dataset` only supports Python-style iteration in eager mode or within tf.function.'),,,not_completed,,2.0,500.0,cross-entropy,tf,,,,
DRUG,4,26,260777,GBM,"{'reg_lambda': 5, 'reg_alpha': 0.1, 'num_leaves': np.int64(29), 'n_estimators': np.int64(176), 'min_child_samples': np.int64(15), 'max_depth': np.int64(9)}",paper,FairProjection,,0.75,,,False,failed,RuntimeError('`tf.data.Dataset` only supports Python-style iteration in eager mode or within tf.function.'),,,not_completed,,2.0,500.0,cross-entropy,tf,,,,
DRUG,4,26,260777,GBM,"{'reg_lambda': 5, 'reg_alpha': 0.1, 'num_leaves': np.int64(29), 'n_estimators': np.int64(176), 'min_child_samples': np.int64(15), 'max_depth': np.int64(9)}",paper,Fair-transport,,0.0,0.4005305039787798,0.09944359280077214,True,completed_without_exception,optimal,,0.09633870000470779,optimal,,,,,,2.5925062929754716e-09,0.3747082893405137,CLARABEL,OSQP
DRUG,4,26,260777,GBM,"{'reg_lambda': 5, 'reg_alpha': 0.1, 'num_leaves': np.int64(29), 'n_estimators': np.int64(176), 'min_child_samples': np.int64(15), 'max_depth': np.int64(9)}",paper,Fair-transport,,0.1,0.41644562334217505,0.10120365639016635,True,completed_without_exception,optimal,,0.08259760000146343,optimal,,,,,,0.10000000064688766,0.3452555320900687,CLARABEL,OSQP
DRUG,4,26,260777,GBM,"{'reg_lambda': 5, 'reg_alpha': 0.1, 'num_leaves': np.int64(29), 'n_estimators': np.int64(176), 'min_child_samples': np.int64(15), 'max_depth': np.int64(9)}",paper,Fair-transport,,0.2,0.41909814323607425,0.19846136376540058,True,completed_without_exception,optimal,,0.08804120000058901,optimal,,,,,,0.1701051475164926,0.3422540737232621,CLARABEL,OSQP
DRUG,4,26,260777,GBM,"{'reg_lambda': 5, 'reg_alpha': 0.1, 'num_leaves': np.int64(29), 'n_estimators': np.int64(176), 'min_child_samples': np.int64(15), 'max_depth': np.int64(9)}",paper,Fair-transport,,0.3,0.41644562334217505,0.16536081303582584,True,completed_without_exception,optimal,,0.08944100000007893,optimal,,,,,,0.17010514484346156,0.3422540720533063,CLARABEL,OSQP
DRUG,4,26,260777,GBM,"{'reg_lambda': 5, 'reg_alpha': 0.1, 'num_leaves': np.int64(29), 'n_estimators': np.int64(176), 'min_child_samples': np.int64(15), 'max_depth': np.int64(9)}",paper,Fair-transport,,0.4,0.4217506631299735,0.1887526259013229,True,completed_without_exception,optimal,,0.09090629999991506,optimal,,,,,,0.17010514450182038,0.3422540718186929,CLARABEL,OSQP
DRUG,4,27,270777,reglog,{},paper,Unfair,,,0.47480106100795755,0.4105206381649918,True,not_applicable,not applicable,0.0,0.0,not_applicable,,,,,,,,,
DRUG,4,27,270777,reglog,{},paper,Our Eps-Fair,0.0,,0.44562334217506633,0.14032248907057288,True,0,Optimization terminated successfully,19.0,0.0466591000003973,completed_without_exception,,,,,,,,,
DRUG,4,27,270777,reglog,{},paper,Our Eps-Fair,0.1,,0.4588859416445623,0.24921932663373647,True,0,Optimization terminated successfully,19.0,0.05004209999970044,completed_without_exception,,,,,,,,,
DRUG,4,27,270777,reglog,{},paper,Our Eps-Fair,0.2,,0.46949602122015915,0.3619769488446034,True,0,Optimization terminated successfully,10.0,0.01894489999904181,completed_without_exception,,,,,,,,,
DRUG,4,27,270777,reglog,{},paper,Our Eps-Fair,0.3,,0.47480106100795755,0.4105206381649918,True,0,Optimization terminated successfully,1.0,0.0018094999977620319,completed_without_exception,,,,,,,,,
DRUG,4,27,270777,reglog,{},paper,Our Eps-Fair,0.4,,0.47480106100795755,0.4105206381649918,True,0,Optimization terminated successfully,1.0,0.0018407999996270519,completed_without_exception,,,,,,,,,
DRUG,4,27,270777,reglog,{},paper,Our Eps-Fair,0.5,,0.47480106100795755,0.4105206381649918,True,0,Optimization terminated successfully,1.0,0.0018799999998009298,completed_without_exception,,,,,,,,,
DRUG,4,27,270777,reglog,{},paper,FairProjection,,0.0,,,False,failed,RuntimeError('`tf.data.Dataset` only supports Python-style iteration in eager mode or within tf.function.'),,,not_completed,,2.0,500.0,cross-entropy,tf,,,,
DRUG,4,27,270777,reglog,{},paper,FairProjection,,0.1,,,False,failed,RuntimeError('`tf.data.Dataset` only supports Python-style iteration in eager mode or within tf.function.'),,,not_completed,,2.0,500.0,cross-entropy,tf,,,,
DRUG,4,27,270777,reglog,{},paper,FairProjection,,0.2,,,False,failed,RuntimeError('`tf.data.Dataset` only supports Python-style iteration in eager mode or within tf.function.'),,,not_completed,,2.0,500.0,cross-entropy,tf,,,,
DRUG,4,27,270777,reglog,{},paper,FairProjection,,0.5,,,False,failed,RuntimeError('`tf.data.Dataset` only supports Python-style iteration in eager mode or within tf.function.'),,,not_completed,,2.0,500.0,cross-entropy,tf,,,,
DRUG,4,27,270777,reglog,{},paper,FairProjection,,0.75,,,False,failed,RuntimeError('`tf.data.Dataset` only supports Python-style iteration in eager mode or within tf.function.'),,,not_completed,,2.0,500.0,cross-entropy,tf,,,,
DRUG,4,27,270777,reglog,{},paper,Fair-transport,,0.0,0.4403183023872679,0.10424118548799183,True,completed_without_exception,optimal,,0.09914080000453396,optimal,,,,,,1.4968149775196338e-09,0.5838239173373811,CLARABEL,OSQP
DRUG,4,27,270777,reglog,{},paper,Fair-transport,,0.1,0.46949602122015915,0.27922557202066656,True,completed_without_exception,optimal,,0.09977560000334051,optimal,,,,,,0.10000000604580571,0.5684842181743809,CLARABEL,OSQP
DRUG,4,27,270777,reglog,{},paper,Fair-transport,,0.2,0.46684350132625996,0.3464202577641515,True,completed_without_exception,optimal,,0.07983700000113458,optimal,,,,,,0.20000000022008327,0.5638868191233088,CLARABEL,OSQP
DRUG,4,27,270777,reglog,{},paper,Fair-transport,,0.3,0.47480106100795755,0.4250837449611083,True,completed_without_exception,optimal,,0.09052830000291578,optimal,,,,,,0.2862745994376521,0.5632917037643267,CLARABEL,OSQP
DRUG,4,27,270777,reglog,{},paper,Fair-transport,,0.4,0.47214854111405835,0.4105206381649918,True,completed_without_exception,optimal,,0.07794830000057118,optimal,,,,,,0.2862745114559659,0.563291702966015,CLARABEL,OSQP
DRUG,4,27,270777,RF,"{'n_estimators': np.int64(145), 'min_samples_split': np.int64(9), 'min_samples_leaf': np.int64(4), 'max_depth': np.int64(4)}",paper,Unfair,,,0.46684350132625996,0.2636688809402146,True,not_applicable,not applicable,0.0,0.0,not_applicable,,,,,,,,,
DRUG,4,27,270777,RF,"{'n_estimators': np.int64(145), 'min_samples_split': np.int64(9), 'min_samples_leaf': np.int64(4), 'max_depth': np.int64(4)}",paper,Our Eps-Fair,0.0,,0.46153846153846156,0.08178618066201099,True,0,Optimization terminated successfully,17.0,0.029330800000025192,completed_without_exception,,,,,,,,,
DRUG,4,27,270777,RF,"{'n_estimators': np.int64(145), 'min_samples_split': np.int64(9), 'min_samples_leaf': np.int64(4), 'max_depth': np.int64(4)}",paper,Our Eps-Fair,0.1,,0.4588859416445623,0.1771134957133935,True,0,Optimization terminated successfully,14.0,0.023858000000473112,completed_without_exception,,,,,,,,,
DRUG,4,27,270777,RF,"{'n_estimators': np.int64(145), 'min_samples_split': np.int64(9), 'min_samples_leaf': np.int64(4), 'max_depth': np.int64(4)}",paper,Our Eps-Fair,0.2,,0.46684350132625996,0.2636688809402146,True,0,Optimization terminated successfully,1.0,0.0018229000015708152,completed_without_exception,,,,,,,,,
DRUG,4,27,270777,RF,"{'n_estimators': np.int64(145), 'min_samples_split': np.int64(9), 'min_samples_leaf': np.int64(4), 'max_depth': np.int64(4)}",paper,Our Eps-Fair,0.3,,0.46684350132625996,0.2636688809402146,True,0,Optimization terminated successfully,1.0,0.0016998999999486841,completed_without_exception,,,,,,,,,
DRUG,4,27,270777,RF,"{'n_estimators': np.int64(145), 'min_samples_split': np.int64(9), 'min_samples_leaf': np.int64(4), 'max_depth': np.int64(4)}",paper,Our Eps-Fair,0.4,,0.46684350132625996,0.2636688809402146,True,0,Optimization terminated successfully,1.0,0.00174459999834653,completed_without_exception,,,,,,,,,
DRUG,4,27,270777,RF,"{'n_estimators': np.int64(145), 'min_samples_split': np.int64(9), 'min_samples_leaf': np.int64(4), 'max_depth': np.int64(4)}",paper,Our Eps-Fair,0.5,,0.46684350132625996,0.2636688809402146,True,0,Optimization terminated successfully,1.0,0.0016883999996935017,completed_without_exception,,,,,,,,,
DRUG,4,27,270777,RF,"{'n_estimators': np.int64(145), 'min_samples_split': np.int64(9), 'min_samples_leaf': np.int64(4), 'max_depth': np.int64(4)}",paper,FairProjection,,0.0,,,False,failed,RuntimeError('`tf.data.Dataset` only supports Python-style iteration in eager mode or within tf.function.'),,,not_completed,,2.0,500.0,cross-entropy,tf,,,,
DRUG,4,27,270777,RF,"{'n_estimators': np.int64(145), 'min_samples_split': np.int64(9), 'min_samples_leaf': np.int64(4), 'max_depth': np.int64(4)}",paper,FairProjection,,0.1,,,False,failed,RuntimeError('`tf.data.Dataset` only supports Python-style iteration in eager mode or within tf.function.'),,,not_completed,,2.0,500.0,cross-entropy,tf,,,,
DRUG,4,27,270777,RF,"{'n_estimators': np.int64(145), 'min_samples_split': np.int64(9), 'min_samples_leaf': np.int64(4), 'max_depth': np.int64(4)}",paper,FairProjection,,0.2,,,False,failed,RuntimeError('`tf.data.Dataset` only supports Python-style iteration in eager mode or within tf.function.'),,,not_completed,,2.0,500.0,cross-entropy,tf,,,,
DRUG,4,27,270777,RF,"{'n_estimators': np.int64(145), 'min_samples_split': np.int64(9), 'min_samples_leaf': np.int64(4), 'max_depth': np.int64(4)}",paper,FairProjection,,0.5,,,False,failed,RuntimeError('`tf.data.Dataset` only supports Python-style iteration in eager mode or within tf.function.'),,,not_completed,,2.0,500.0,cross-entropy,tf,,,,
DRUG,4,27,270777,RF,"{'n_estimators': np.int64(145), 'min_samples_split': np.int64(9), 'min_samples_leaf': np.int64(4), 'max_depth': np.int64(4)}",paper,FairProjection,,0.75,,,False,failed,RuntimeError('`tf.data.Dataset` only supports Python-style iteration in eager mode or within tf.function.'),,,not_completed,,2.0,500.0,cross-entropy,tf,,,,
DRUG,4,27,270777,RF,"{'n_estimators': np.int64(145), 'min_samples_split': np.int64(9), 'min_samples_leaf': np.int64(4), 'max_depth': np.int64(4)}",paper,Fair-transport,,0.0,0.4562334217506631,0.0903877817521149,True,completed_without_exception,optimal,,0.09165850000135833,optimal,,,,,,2.4474448578892805e-09,0.6097152930499725,CLARABEL,OSQP
DRUG,4,27,270777,RF,"{'n_estimators': np.int64(145), 'min_samples_split': np.int64(9), 'min_samples_leaf': np.int64(4), 'max_depth': np.int64(4)}",paper,Fair-transport,,0.1,0.4588859416445623,0.14986089820019302,True,completed_without_exception,optimal,,0.09257679999427637,optimal,,,,,,0.10000000156189376,0.6007730999608142,CLARABEL,OSQP
DRUG,4,27,270777,RF,"{'n_estimators': np.int64(145), 'min_samples_split': np.int64(9), 'min_samples_leaf': np.int64(4), 'max_depth': np.int64(4)}",paper,Fair-transport,,0.2,0.47214854111405835,0.2927950945324476,True,completed_without_exception,optimal,,0.09148389999973006,optimal,,,,,,0.19951695537263658,0.5997960816829536,CLARABEL,OSQP
DRUG,4,27,270777,RF,"{'n_estimators': np.int64(145), 'min_samples_split': np.int64(9), 'min_samples_leaf': np.int64(4), 'max_depth': np.int64(4)}",paper,Fair-transport,,0.3,0.46684350132625996,0.2782319877363311,True,completed_without_exception,optimal,,0.08916269999826909,optimal,,,,,,0.1995170095623902,0.5997960816135544,CLARABEL,OSQP
DRUG,4,27,270777,RF,"{'n_estimators': np.int64(145), 'min_samples_split': np.int64(9), 'min_samples_leaf': np.int64(4), 'max_depth': np.int64(4)}",paper,Fair-transport,,0.4,0.46684350132625996,0.2588145120081758,True,completed_without_exception,optimal,,0.08782419999988633,optimal,,,,,,0.19951697886915293,0.5997960811431818,CLARABEL,OSQP
DRUG,4,27,270777,GBM,"{'reg_lambda': 10, 'reg_alpha': 0, 'num_leaves': np.int64(29), 'n_estimators': np.int64(57), 'min_child_samples': np.int64(15), 'max_depth': np.int64(9)}",paper,Unfair,,,0.4403183023872679,0.2297450746607619,True,not_applicable,not applicable,0.0,0.0,not_applicable,,,,,,,,,
DRUG,4,27,270777,GBM,"{'reg_lambda': 10, 'reg_alpha': 0, 'num_leaves': np.int64(29), 'n_estimators': np.int64(57), 'min_child_samples': np.int64(15), 'max_depth': np.int64(9)}",paper,Our Eps-Fair,0.0,,0.4323607427055703,0.0740646113666042,True,0,Optimization terminated successfully,17.0,0.03767880000305013,completed_without_exception,,,,,,,,,
DRUG,4,27,270777,GBM,"{'reg_lambda': 10, 'reg_alpha': 0, 'num_leaves': np.int64(29), 'n_estimators': np.int64(57), 'min_child_samples': np.int64(15), 'max_depth': np.int64(9)}",paper,Our Eps-Fair,0.1,,0.4535809018567639,0.11974110032362459,True,0,Optimization terminated successfully,12.0,0.02147060000061174,completed_without_exception,,,,,,,,,
DRUG,4,27,270777,GBM,"{'reg_lambda': 10, 'reg_alpha': 0, 'num_leaves': np.int64(29), 'n_estimators': np.int64(57), 'min_child_samples': np.int64(15), 'max_depth': np.int64(9)}",paper,Our Eps-Fair,0.2,,0.44297082228116713,0.20243570090274232,True,0,Optimization terminated successfully,8.0,0.014510700002574595,completed_without_exception,,,,,,,,,
DRUG,4,27,270777,GBM,"{'reg_lambda': 10, 'reg_alpha': 0, 'num_leaves': np.int64(29), 'n_estimators': np.int64(57), 'min_child_samples': np.int64(15), 'max_depth': np.int64(9)}",paper,Our Eps-Fair,0.3,,0.4403183023872679,0.2297450746607619,True,0,Optimization terminated successfully,1.0,0.0018558000010671094,completed_without_exception,,,,,,,,,
DRUG,4,27,270777,GBM,"{'reg_lambda': 10, 'reg_alpha': 0, 'num_leaves': np.int64(29), 'n_estimators': np.int64(57), 'min_child_samples': np.int64(15), 'max_depth': np.int64(9)}",paper,Our Eps-Fair,0.4,,0.4403183023872679,0.2297450746607619,True,0,Optimization terminated successfully,1.0,0.0017855000005511101,completed_without_exception,,,,,,,,,
DRUG,4,27,270777,GBM,"{'reg_lambda': 10, 'reg_alpha': 0, 'num_leaves': np.int64(29), 'n_estimators': np.int64(57), 'min_child_samples': np.int64(15), 'max_depth': np.int64(9)}",paper,Our Eps-Fair,0.5,,0.4403183023872679,0.2297450746607619,True,0,Optimization terminated successfully,1.0,0.0020756999983859714,completed_without_exception,,,,,,,,,
DRUG,4,27,270777,GBM,"{'reg_lambda': 10, 'reg_alpha': 0, 'num_leaves': np.int64(29), 'n_estimators': np.int64(57), 'min_child_samples': np.int64(15), 'max_depth': np.int64(9)}",paper,FairProjection,,0.0,,,False,failed,RuntimeError('`tf.data.Dataset` only supports Python-style iteration in eager mode or within tf.function.'),,,not_completed,,2.0,500.0,cross-entropy,tf,,,,
DRUG,4,27,270777,GBM,"{'reg_lambda': 10, 'reg_alpha': 0, 'num_leaves': np.int64(29), 'n_estimators': np.int64(57), 'min_child_samples': np.int64(15), 'max_depth': np.int64(9)}",paper,FairProjection,,0.1,,,False,failed,RuntimeError('`tf.data.Dataset` only supports Python-style iteration in eager mode or within tf.function.'),,,not_completed,,2.0,500.0,cross-entropy,tf,,,,
DRUG,4,27,270777,GBM,"{'reg_lambda': 10, 'reg_alpha': 0, 'num_leaves': np.int64(29), 'n_estimators': np.int64(57), 'min_child_samples': np.int64(15), 'max_depth': np.int64(9)}",paper,FairProjection,,0.2,,,False,failed,RuntimeError('`tf.data.Dataset` only supports Python-style iteration in eager mode or within tf.function.'),,,not_completed,,2.0,500.0,cross-entropy,tf,,,,
DRUG,4,27,270777,GBM,"{'reg_lambda': 10, 'reg_alpha': 0, 'num_leaves': np.int64(29), 'n_estimators': np.int64(57), 'min_child_samples': np.int64(15), 'max_depth': np.int64(9)}",paper,FairProjection,,0.5,,,False,failed,RuntimeError('`tf.data.Dataset` only supports Python-style iteration in eager mode or within tf.function.'),,,not_completed,,2.0,500.0,cross-entropy,tf,,,,
DRUG,4,27,270777,GBM,"{'reg_lambda': 10, 'reg_alpha': 0, 'num_leaves': np.int64(29), 'n_estimators': np.int64(57), 'min_child_samples': np.int64(15), 'max_depth': np.int64(9)}",paper,FairProjection,,0.75,,,False,failed,RuntimeError('`tf.data.Dataset` only supports Python-style iteration in eager mode or within tf.function.'),,,not_completed,,2.0,500.0,cross-entropy,tf,,,,
DRUG,4,27,270777,GBM,"{'reg_lambda': 10, 'reg_alpha': 0, 'num_leaves': np.int64(29), 'n_estimators': np.int64(57), 'min_child_samples': np.int64(15), 'max_depth': np.int64(9)}",paper,Fair-transport,,0.0,0.4376657824933687,0.06137512064952022,True,completed_without_exception,optimal,,0.09627720000207773,optimal,,,,,,1.830112569822795e-08,0.4774536707940481,CLARABEL,OSQP
DRUG,4,27,270777,GBM,"{'reg_lambda': 10, 'reg_alpha': 0, 'num_leaves': np.int64(29), 'n_estimators': np.int64(57), 'min_child_samples': np.int64(15), 'max_depth': np.int64(9)}",paper,Fair-transport,,0.1,0.4535809018567639,0.11974110032362459,True,completed_without_exception,optimal,,0.09249240000281134,optimal,,,,,,0.10000000030826489,0.4631544233838299,CLARABEL,OSQP
DRUG,4,27,270777,GBM,"{'reg_lambda': 10, 'reg_alpha': 0, 'num_leaves': np.int64(29), 'n_estimators': np.int64(57), 'min_child_samples': np.int64(15), 'max_depth': np.int64(9)}",paper,Fair-transport,,0.2,0.4376657824933687,0.22185317663089765,True,completed_without_exception,optimal,,0.08924800000022515,optimal,,,,,,0.20000000301360155,0.4582139003285787,CLARABEL,OSQP
DRUG,4,27,270777,GBM,"{'reg_lambda': 10, 'reg_alpha': 0, 'num_leaves': np.int64(29), 'n_estimators': np.int64(57), 'min_child_samples': np.int64(15), 'max_depth': np.int64(9)}",paper,Fair-transport,,0.3,0.4376657824933687,0.22489070572872308,True,completed_without_exception,optimal,,0.06917889999749605,optimal,,,,,,0.265160558653717,0.4574866725030567,CLARABEL,OSQP
DRUG,4,27,270777,GBM,"{'reg_lambda': 10, 'reg_alpha': 0, 'num_leaves': np.int64(29), 'n_estimators': np.int64(57), 'min_child_samples': np.int64(15), 'max_depth': np.int64(9)}",paper,Fair-transport,,0.4,0.4376657824933687,0.22489070572872308,True,completed_without_exception,optimal,,0.06796269999904325,optimal,,,,,,0.2651605575145279,0.4574866724033973,CLARABEL,OSQP
DRUG,4,28,280777,reglog,{},paper,Unfair,,,0.4376657824933687,0.2784023164707886,True,not_applicable,not applicable,0.0,0.0,not_applicable,,,,,,,,,
DRUG,4,28,280777,reglog,{},paper,Our Eps-Fair,0.0,,0.41644562334217505,0.059047294611934364,True,0,Optimization terminated successfully,14.0,0.03424830000221846,completed_without_exception,,,,,,,,,
DRUG,4,28,280777,reglog,{},paper,Our Eps-Fair,0.1,,0.4535809018567639,0.1076477601771419,True,0,Optimization terminated successfully,19.0,0.04182529999889084,completed_without_exception,,,,,,,,,
DRUG,4,28,280777,reglog,{},paper,Our Eps-Fair,0.2,,0.44297082228116713,0.17810707999772893,True,0,Optimization terminated successfully,12.0,0.022736799997801427,completed_without_exception,,,,,,,,,
DRUG,4,28,280777,reglog,{},paper,Our Eps-Fair,0.3,,0.4350132625994695,0.2784023164707886,True,0,Optimization terminated successfully,7.0,0.01302659999782918,completed_without_exception,,,,,,,,,
DRUG,4,28,280777,reglog,{},paper,Our Eps-Fair,0.4,,0.4376657824933687,0.2784023164707886,True,0,Optimization terminated successfully,1.0,0.0019217000008211471,completed_without_exception,,,,,,,,,
DRUG,4,28,280777,reglog,{},paper,Our Eps-Fair,0.5,,0.4376657824933687,0.2784023164707886,True,0,Optimization terminated successfully,1.0,0.0018620000009832438,completed_without_exception,,,,,,,,,
DRUG,4,28,280777,reglog,{},paper,FairProjection,,0.0,,,False,failed,RuntimeError('`tf.data.Dataset` only supports Python-style iteration in eager mode or within tf.function.'),,,not_completed,,2.0,500.0,cross-entropy,tf,,,,
DRUG,4,28,280777,reglog,{},paper,FairProjection,,0.1,,,False,failed,RuntimeError('`tf.data.Dataset` only supports Python-style iteration in eager mode or within tf.function.'),,,not_completed,,2.0,500.0,cross-entropy,tf,,,,
DRUG,4,28,280777,reglog,{},paper,FairProjection,,0.2,,,False,failed,RuntimeError('`tf.data.Dataset` only supports Python-style iteration in eager mode or within tf.function.'),,,not_completed,,2.0,500.0,cross-entropy,tf,,,,
DRUG,4,28,280777,reglog,{},paper,FairProjection,,0.5,,,False,failed,RuntimeError('`tf.data.Dataset` only supports Python-style iteration in eager mode or within tf.function.'),,,not_completed,,2.0,500.0,cross-entropy,tf,,,,
DRUG,4,28,280777,reglog,{},paper,FairProjection,,0.75,,,False,failed,RuntimeError('`tf.data.Dataset` only supports Python-style iteration in eager mode or within tf.function.'),,,not_completed,,2.0,500.0,cross-entropy,tf,,,,
DRUG,4,28,280777,reglog,{},paper,Fair-transport,,0.0,0.4270557029177719,0.06875603247601203,True,completed_without_exception,optimal,,0.09601800000018557,optimal,,,,,,4.619082893952964e-10,0.586218992334973,CLARABEL,OSQP
DRUG,4,28,280777,reglog,{},paper,Fair-transport,,0.1,0.4482758620689655,0.12419803554192926,True,completed_without_exception,optimal,,0.09646060000159196,optimal,,,,,,0.10000000189926303,0.5665673957710754,CLARABEL,OSQP
DRUG,4,28,280777,reglog,{},paper,Fair-transport,,0.2,0.44562334217506633,0.18296144892976776,True,completed_without_exception,optimal,,0.0723072000000684,optimal,,,,,,0.20000000023160724,0.5580876186663281,CLARABEL,OSQP
DRUG,4,28,280777,reglog,{},paper,Fair-transport,,0.3,0.4350132625994695,0.29009822290353715,True,completed_without_exception,optimal,,0.09037110000281245,optimal,,,,,,0.3000000009700939,0.5558074402409128,CLARABEL,OSQP
DRUG,4,28,280777,reglog,{},paper,Fair-transport,,0.4,0.44562334217506633,0.2733776188042923,True,completed_without_exception,optimal,,0.08943940000244766,optimal,,,,,,0.36567212018933787,0.555536102669824,CLARABEL,OSQP
DRUG,4,28,280777,RF,"{'n_estimators': np.int64(104), 'min_samples_split': np.int64(7), 'min_samples_leaf': np.int64(2), 'max_depth': np.int64(8)}",paper,Unfair,,,0.4376657824933687,0.2160619996593425,True,not_applicable,not applicable,0.0,0.0,not_applicable,,,,,,,,,
DRUG,4,28,280777,RF,"{'n_estimators': np.int64(104), 'min_samples_split': np.int64(7), 'min_samples_leaf': np.int64(2), 'max_depth': np.int64(8)}",paper,Our Eps-Fair,0.0,,0.41114058355437666,0.09027422926247658,True,0,Optimization terminated successfully,19.0,0.033310399998299545,completed_without_exception,,,,,,,,,
DRUG,4,28,280777,RF,"{'n_estimators': np.int64(104), 'min_samples_split': np.int64(7), 'min_samples_leaf': np.int64(2), 'max_depth': np.int64(8)}",paper,Our Eps-Fair,0.1,,0.4297082228116711,0.0639584397887924,True,0,Optimization terminated successfully,19.0,0.032151199997315416,completed_without_exception,,,,,,,,,
DRUG,4,28,280777,RF,"{'n_estimators': np.int64(104), 'min_samples_split': np.int64(7), 'min_samples_leaf': np.int64(2), 'max_depth': np.int64(8)}",paper,Our Eps-Fair,0.2,,0.4297082228116711,0.14886731391585759,True,0,Optimization terminated successfully,8.0,0.01366299999790499,completed_without_exception,,,,,,,,,
DRUG,4,28,280777,RF,"{'n_estimators': np.int64(104), 'min_samples_split': np.int64(7), 'min_samples_leaf': np.int64(2), 'max_depth': np.int64(8)}",paper,Our Eps-Fair,0.3,,0.4376657824933687,0.2160619996593425,True,0,Optimization terminated successfully,1.0,0.001828399999794783,completed_without_exception,,,,,,,,,
DRUG,4,28,280777,RF,"{'n_estimators': np.int64(104), 'min_samples_split': np.int64(7), 'min_samples_leaf': np.int64(2), 'max_depth': np.int64(8)}",paper,Our Eps-Fair,0.4,,0.4376657824933687,0.2160619996593425,True,0,Optimization terminated successfully,1.0,0.0019219999994675163,completed_without_exception,,,,,,,,,
DRUG,4,28,280777,RF,"{'n_estimators': np.int64(104), 'min_samples_split': np.int64(7), 'min_samples_leaf': np.int64(2), 'max_depth': np.int64(8)}",paper,Our Eps-Fair,0.5,,0.4376657824933687,0.2160619996593425,True,0,Optimization terminated successfully,1.0,0.00171549999868148,completed_without_exception,,,,,,,,,
DRUG,4,28,280777,RF,"{'n_estimators': np.int64(104), 'min_samples_split': np.int64(7), 'min_samples_leaf': np.int64(2), 'max_depth': np.int64(8)}",paper,FairProjection,,0.0,,,False,failed,RuntimeError('`tf.data.Dataset` only supports Python-style iteration in eager mode or within tf.function.'),,,not_completed,,2.0,500.0,cross-entropy,tf,,,,
DRUG,4,28,280777,RF,"{'n_estimators': np.int64(104), 'min_samples_split': np.int64(7), 'min_samples_leaf': np.int64(2), 'max_depth': np.int64(8)}",paper,FairProjection,,0.1,,,False,failed,RuntimeError('`tf.data.Dataset` only supports Python-style iteration in eager mode or within tf.function.'),,,not_completed,,2.0,500.0,cross-entropy,tf,,,,
DRUG,4,28,280777,RF,"{'n_estimators': np.int64(104), 'min_samples_split': np.int64(7), 'min_samples_leaf': np.int64(2), 'max_depth': np.int64(8)}",paper,FairProjection,,0.2,,,False,failed,RuntimeError('`tf.data.Dataset` only supports Python-style iteration in eager mode or within tf.function.'),,,not_completed,,2.0,500.0,cross-entropy,tf,,,,
DRUG,4,28,280777,RF,"{'n_estimators': np.int64(104), 'min_samples_split': np.int64(7), 'min_samples_leaf': np.int64(2), 'max_depth': np.int64(8)}",paper,FairProjection,,0.5,,,False,failed,RuntimeError('`tf.data.Dataset` only supports Python-style iteration in eager mode or within tf.function.'),,,not_completed,,2.0,500.0,cross-entropy,tf,,,,
DRUG,4,28,280777,RF,"{'n_estimators': np.int64(104), 'min_samples_split': np.int64(7), 'min_samples_leaf': np.int64(2), 'max_depth': np.int64(8)}",paper,FairProjection,,0.75,,,False,failed,RuntimeError('`tf.data.Dataset` only supports Python-style iteration in eager mode or within tf.function.'),,,not_completed,,2.0,500.0,cross-entropy,tf,,,,
DRUG,4,28,280777,RF,"{'n_estimators': np.int64(104), 'min_samples_split': np.int64(7), 'min_samples_leaf': np.int64(2), 'max_depth': np.int64(8)}",paper,Fair-transport,,0.0,0.41909814323607425,0.08056549139839889,True,completed_without_exception,optimal,,0.09226280000075349,optimal,,,,,,1.5184385138145018e-09,0.5661259228233532,CLARABEL,OSQP
DRUG,4,28,280777,RF,"{'n_estimators': np.int64(104), 'min_samples_split': np.int64(7), 'min_samples_leaf': np.int64(2), 'max_depth': np.int64(8)}",paper,Fair-transport,,0.1,0.4350132625994695,0.07207744279793332,True,completed_without_exception,optimal,,0.09142440000141505,optimal,,,,,,0.1000000103634846,0.547753704732605,CLARABEL,OSQP
DRUG,4,28,280777,RF,"{'n_estimators': np.int64(104), 'min_samples_split': np.int64(7), 'min_samples_leaf': np.int64(2), 'max_depth': np.int64(8)}",paper,Fair-transport,,0.2,0.4350132625994695,0.14472264804405838,True,completed_without_exception,optimal,,0.08962879999671713,optimal,,,,,,0.20000000270841445,0.5438291541914663,CLARABEL,OSQP
DRUG,4,28,280777,RF,"{'n_estimators': np.int64(104), 'min_samples_split': np.int64(7), 'min_samples_leaf': np.int64(2), 'max_depth': np.int64(8)}",paper,Fair-transport,,0.3,0.44562334217506633,0.21120763072730367,True,completed_without_exception,optimal,,0.0895697999985714,optimal,,,,,,0.22671215749606735,0.5437052535165455,CLARABEL,OSQP
DRUG,4,28,280777,RF,"{'n_estimators': np.int64(104), 'min_samples_split': np.int64(7), 'min_samples_leaf': np.int64(2), 'max_depth': np.int64(8)}",paper,Fair-transport,,0.4,0.4403183023872679,0.21705558394367794,True,completed_without_exception,optimal,,0.0895643999974709,optimal,,,,,,0.22671214657680358,0.5437052516536192,CLARABEL,OSQP
DRUG,4,28,280777,GBM,"{'reg_lambda': 0, 'reg_alpha': 0, 'num_leaves': np.int64(47), 'n_estimators': np.int64(15), 'min_child_samples': np.int64(24), 'max_depth': np.int64(5)}",paper,Unfair,,,0.4376657824933687,0.20408221200249815,True,not_applicable,not applicable,0.0,0.0,not_applicable,,,,,,,,,
DRUG,4,28,280777,GBM,"{'reg_lambda': 0, 'reg_alpha': 0, 'num_leaves': np.int64(47), 'n_estimators': np.int64(15), 'min_child_samples': np.int64(24), 'max_depth': np.int64(5)}",paper,Our Eps-Fair,0.0,,0.3952254641909814,0.12238119570771588,True,0,Optimization terminated successfully,17.0,0.035448900001938455,completed_without_exception,,,,,,,,,
DRUG,4,28,280777,GBM,"{'reg_lambda': 0, 'reg_alpha': 0, 'num_leaves': np.int64(47), 'n_estimators': np.int64(15), 'min_child_samples': np.int64(24), 'max_depth': np.int64(5)}",paper,Our Eps-Fair,0.1,,0.4376657824933687,0.12916595696360644,True,0,Optimization terminated successfully,22.0,0.051362099999096245,completed_without_exception,,,,,,,,,
DRUG,4,28,280777,GBM,"{'reg_lambda': 0, 'reg_alpha': 0, 'num_leaves': np.int64(47), 'n_estimators': np.int64(15), 'min_child_samples': np.int64(24), 'max_depth': np.int64(5)}",paper,Our Eps-Fair,0.2,,0.4376657824933687,0.20408221200249815,True,0,Optimization terminated successfully,5.0,0.009769399999640882,completed_without_exception,,,,,,,,,
DRUG,4,28,280777,GBM,"{'reg_lambda': 0, 'reg_alpha': 0, 'num_leaves': np.int64(47), 'n_estimators': np.int64(15), 'min_child_samples': np.int64(24), 'max_depth': np.int64(5)}",paper,Our Eps-Fair,0.3,,0.4376657824933687,0.20408221200249815,True,0,Optimization terminated successfully,1.0,0.0019252999991294928,completed_without_exception,,,,,,,,,
DRUG,4,28,280777,GBM,"{'reg_lambda': 0, 'reg_alpha': 0, 'num_leaves': np.int64(47), 'n_estimators': np.int64(15), 'min_child_samples': np.int64(24), 'max_depth': np.int64(5)}",paper,Our Eps-Fair,0.4,,0.4376657824933687,0.20408221200249815,True,0,Optimization terminated successfully,1.0,0.001872099997854093,completed_without_exception,,,,,,,,,
DRUG,4,28,280777,GBM,"{'reg_lambda': 0, 'reg_alpha': 0, 'num_leaves': np.int64(47), 'n_estimators': np.int64(15), 'min_child_samples': np.int64(24), 'max_depth': np.int64(5)}",paper,Our Eps-Fair,0.5,,0.4376657824933687,0.20408221200249815,True,0,Optimization terminated successfully,1.0,0.0018281000011484139,completed_without_exception,,,,,,,,,
DRUG,4,28,280777,GBM,"{'reg_lambda': 0, 'reg_alpha': 0, 'num_leaves': np.int64(47), 'n_estimators': np.int64(15), 'min_child_samples': np.int64(24), 'max_depth': np.int64(5)}",paper,FairProjection,,0.0,,,False,failed,RuntimeError('`tf.data.Dataset` only supports Python-style iteration in eager mode or within tf.function.'),,,not_completed,,2.0,500.0,cross-entropy,tf,,,,
DRUG,4,28,280777,GBM,"{'reg_lambda': 0, 'reg_alpha': 0, 'num_leaves': np.int64(47), 'n_estimators': np.int64(15), 'min_child_samples': np.int64(24), 'max_depth': np.int64(5)}",paper,FairProjection,,0.1,,,False,failed,RuntimeError('`tf.data.Dataset` only supports Python-style iteration in eager mode or within tf.function.'),,,not_completed,,2.0,500.0,cross-entropy,tf,,,,
DRUG,4,28,280777,GBM,"{'reg_lambda': 0, 'reg_alpha': 0, 'num_leaves': np.int64(47), 'n_estimators': np.int64(15), 'min_child_samples': np.int64(24), 'max_depth': np.int64(5)}",paper,FairProjection,,0.2,,,False,failed,RuntimeError('`tf.data.Dataset` only supports Python-style iteration in eager mode or within tf.function.'),,,not_completed,,2.0,500.0,cross-entropy,tf,,,,
DRUG,4,28,280777,GBM,"{'reg_lambda': 0, 'reg_alpha': 0, 'num_leaves': np.int64(47), 'n_estimators': np.int64(15), 'min_child_samples': np.int64(24), 'max_depth': np.int64(5)}",paper,FairProjection,,0.5,,,False,failed,RuntimeError('`tf.data.Dataset` only supports Python-style iteration in eager mode or within tf.function.'),,,not_completed,,2.0,500.0,cross-entropy,tf,,,,
DRUG,4,28,280777,GBM,"{'reg_lambda': 0, 'reg_alpha': 0, 'num_leaves': np.int64(47), 'n_estimators': np.int64(15), 'min_child_samples': np.int64(24), 'max_depth': np.int64(5)}",paper,FairProjection,,0.75,,,False,failed,RuntimeError('`tf.data.Dataset` only supports Python-style iteration in eager mode or within tf.function.'),,,not_completed,,2.0,500.0,cross-entropy,tf,,,,
DRUG,4,28,280777,GBM,"{'reg_lambda': 0, 'reg_alpha': 0, 'num_leaves': np.int64(47), 'n_estimators': np.int64(15), 'min_child_samples': np.int64(24), 'max_depth': np.int64(5)}",paper,Fair-transport,,0.0,0.41644562334217505,0.06699596888661782,True,completed_without_exception,optimal,,0.10409760000038659,optimal,,,,,,2.2531009585824435e-08,0.5624340643394815,CLARABEL,OSQP
DRUG,4,28,280777,GBM,"{'reg_lambda': 0, 'reg_alpha': 0, 'num_leaves': np.int64(47), 'n_estimators': np.int64(15), 'min_child_samples': np.int64(24), 'max_depth': np.int64(5)}",paper,Fair-transport,,0.1,0.4376657824933687,0.12530517231590305,True,completed_without_exception,optimal,,0.09365310000066529,optimal,,,,,,0.10000000781077192,0.5474185100138155,CLARABEL,OSQP
DRUG,4,28,280777,GBM,"{'reg_lambda': 0, 'reg_alpha': 0, 'num_leaves': np.int64(47), 'n_estimators': np.int64(15), 'min_child_samples': np.int64(24), 'max_depth': np.int64(5)}",paper,Fair-transport,,0.2,0.44562334217506633,0.22349968773065348,True,completed_without_exception,optimal,,0.08966260000306647,optimal,,,,,,0.19999999091554935,0.5454727434081457,CLARABEL,OSQP
DRUG,4,28,280777,GBM,"{'reg_lambda': 0, 'reg_alpha': 0, 'num_leaves': np.int64(47), 'n_estimators': np.int64(15), 'min_child_samples': np.int64(24), 'max_depth': np.int64(5)}",paper,Fair-transport,,0.3,0.4482758620689655,0.23519559416340202,True,completed_without_exception,optimal,,0.08730629999990924,optimal,,,,,,0.2015061475645063,0.5454724271422697,CLARABEL,OSQP
DRUG,4,28,280777,GBM,"{'reg_lambda': 0, 'reg_alpha': 0, 'num_leaves': np.int64(47), 'n_estimators': np.int64(15), 'min_child_samples': np.int64(24), 'max_depth': np.int64(5)}",paper,Fair-transport,,0.4,0.4482758620689655,0.23519559416340202,True,completed_without_exception,optimal,,0.34975159999885364,optimal,,,,,,0.20150613955530822,0.5454724270082926,CLARABEL,OSQP
DRUG,4,29,290777,reglog,{},paper,Unfair,,,0.44562334217506633,0.3367115199000738,True,not_applicable,not applicable,0.0,0.0,not_applicable,,,,,,,,,
DRUG,4,29,290777,reglog,{},paper,Our Eps-Fair,0.0,,0.4217506631299735,0.10991880996990858,True,0,Optimization terminated successfully,14.0,0.051265400001284434,completed_without_exception,,,,,,,,,
DRUG,4,29,290777,reglog,{},paper,Our Eps-Fair,0.1,,0.4244031830238727,0.15272809856356098,True,0,Optimization terminated successfully,19.0,0.049380000000383006,completed_without_exception,,,,,,,,,
DRUG,4,29,290777,reglog,{},paper,Our Eps-Fair,0.2,,0.4217506631299735,0.22080281610174302,True,0,Optimization terminated successfully,8.0,0.015475899999728426,completed_without_exception,,,,,,,,,
DRUG,4,29,290777,reglog,{},paper,Our Eps-Fair,0.3,,0.4376657824933687,0.33378754329188665,True,0,Optimization terminated successfully,6.0,0.011400199997297022,completed_without_exception,,,,,,,,,
DRUG,4,29,290777,reglog,{},paper,Our Eps-Fair,0.4,,0.44562334217506633,0.3367115199000738,True,0,Optimization terminated successfully,1.0,0.0018899999995483086,completed_without_exception,,,,,,,,,
DRUG,4,29,290777,reglog,{},paper,Our Eps-Fair,0.5,,0.44562334217506633,0.3367115199000738,True,0,Optimization terminated successfully,1.0,0.0019299999985378236,completed_without_exception,,,,,,,,,
DRUG,4,29,290777,reglog,{},paper,FairProjection,,0.0,,,False,failed,RuntimeError('`tf.data.Dataset` only supports Python-style iteration in eager mode or within tf.function.'),,,not_completed,,2.0,500.0,cross-entropy,tf,,,,
DRUG,4,29,290777,reglog,{},paper,FairProjection,,0.1,,,False,failed,RuntimeError('`tf.data.Dataset` only supports Python-style iteration in eager mode or within tf.function.'),,,not_completed,,2.0,500.0,cross-entropy,tf,,,,
DRUG,4,29,290777,reglog,{},paper,FairProjection,,0.2,,,False,failed,RuntimeError('`tf.data.Dataset` only supports Python-style iteration in eager mode or within tf.function.'),,,not_completed,,2.0,500.0,cross-entropy,tf,,,,
DRUG,4,29,290777,reglog,{},paper,FairProjection,,0.5,,,False,failed,RuntimeError('`tf.data.Dataset` only supports Python-style iteration in eager mode or within tf.function.'),,,not_completed,,2.0,500.0,cross-entropy,tf,,,,
DRUG,4,29,290777,reglog,{},paper,FairProjection,,0.75,,,False,failed,RuntimeError('`tf.data.Dataset` only supports Python-style iteration in eager mode or within tf.function.'),,,not_completed,,2.0,500.0,cross-entropy,tf,,,,
DRUG,4,29,290777,reglog,{},paper,Fair-transport,,0.0,0.4217506631299735,0.10991880996990858,True,completed_without_exception,optimal,,0.09528209999916726,optimal,,,,,,1.2202909238645532e-09,0.5895481078642387,CLARABEL,OSQP
DRUG,4,29,290777,reglog,{},paper,Fair-transport,,0.1,0.41644562334217505,0.14103219213081244,True,completed_without_exception,optimal,,0.09230290000050445,optimal,,,,,,0.10000000397965167,0.5721586170232041,CLARABEL,OSQP
DRUG,4,29,290777,reglog,{},paper,Fair-transport,,0.2,0.4297082228116711,0.24535854198603307,True,completed_without_exception,optimal,,0.07950569999593426,optimal,,,,,,0.20000000053051945,0.5652897570733925,CLARABEL,OSQP
DRUG,4,29,290777,reglog,{},paper,Fair-transport,,0.3,0.4403183023872679,0.3172372679270993,True,completed_without_exception,optimal,,0.09131089999937103,optimal,,,,,,0.30000000271285143,0.5633750701180851,CLARABEL,OSQP
DRUG,4,29,290777,reglog,{},paper,Fair-transport,,0.4,0.44562334217506633,0.33378754329188665,True,completed_without_exception,optimal,,0.10335399999894435,optimal,,,,,,0.3539073021219509,0.5632548012109738,CLARABEL,OSQP
DRUG,4,29,290777,RF,"{'n_estimators': np.int64(57), 'min_samples_split': np.int64(10), 'min_samples_leaf': np.int64(1), 'max_depth': np.int64(5)}",paper,Unfair,,,0.5013262599469496,0.24828251859422015,True,not_applicable,not applicable,0.0,0.0,not_applicable,,,,,,,,,
DRUG,4,29,290777,RF,"{'n_estimators': np.int64(57), 'min_samples_split': np.int64(10), 'min_samples_leaf': np.int64(1), 'max_depth': np.int64(5)}",paper,Our Eps-Fair,0.0,,0.46419098143236076,0.11400669959688864,True,0,Optimization terminated successfully,22.0,0.04637239999647136,completed_without_exception,,,,,,,,,
DRUG,4,29,290777,RF,"{'n_estimators': np.int64(57), 'min_samples_split': np.int64(10), 'min_samples_leaf': np.int64(1), 'max_depth': np.int64(5)}",paper,Our Eps-Fair,0.1,,0.47214854111405835,0.12331800374723217,True,0,Optimization terminated successfully,21.0,0.039811599999666214,completed_without_exception,,,,,,,,,
DRUG,4,29,290777,RF,"{'n_estimators': np.int64(57), 'min_samples_split': np.int64(10), 'min_samples_leaf': np.int64(1), 'max_depth': np.int64(5)}",paper,Our Eps-Fair,0.2,,0.5013262599469496,0.1830750014194061,True,0,Optimization terminated successfully,9.0,0.0162207999965176,completed_without_exception,,,,,,,,,
DRUG,4,29,290777,RF,"{'n_estimators': np.int64(57), 'min_samples_split': np.int64(10), 'min_samples_leaf': np.int64(1), 'max_depth': np.int64(5)}",paper,Our Eps-Fair,0.3,,0.5013262599469496,0.24828251859422015,True,0,Optimization terminated successfully,1.0,0.0017784000010578893,completed_without_exception,,,,,,,,,
DRUG,4,29,290777,RF,"{'n_estimators': np.int64(57), 'min_samples_split': np.int64(10), 'min_samples_leaf': np.int64(1), 'max_depth': np.int64(5)}",paper,Our Eps-Fair,0.4,,0.5013262599469496,0.24828251859422015,True,0,Optimization terminated successfully,1.0,0.0018832999994629063,completed_without_exception,,,,,,,,,
DRUG,4,29,290777,RF,"{'n_estimators': np.int64(57), 'min_samples_split': np.int64(10), 'min_samples_leaf': np.int64(1), 'max_depth': np.int64(5)}",paper,Our Eps-Fair,0.5,,0.5013262599469496,0.24828251859422015,True,0,Optimization terminated successfully,1.0,0.0017907000001287088,completed_without_exception,,,,,,,,,
DRUG,4,29,290777,RF,"{'n_estimators': np.int64(57), 'min_samples_split': np.int64(10), 'min_samples_leaf': np.int64(1), 'max_depth': np.int64(5)}",paper,FairProjection,,0.0,,,False,failed,RuntimeError('`tf.data.Dataset` only supports Python-style iteration in eager mode or within tf.function.'),,,not_completed,,2.0,500.0,cross-entropy,tf,,,,
DRUG,4,29,290777,RF,"{'n_estimators': np.int64(57), 'min_samples_split': np.int64(10), 'min_samples_leaf': np.int64(1), 'max_depth': np.int64(5)}",paper,FairProjection,,0.1,,,False,failed,RuntimeError('`tf.data.Dataset` only supports Python-style iteration in eager mode or within tf.function.'),,,not_completed,,2.0,500.0,cross-entropy,tf,,,,
DRUG,4,29,290777,RF,"{'n_estimators': np.int64(57), 'min_samples_split': np.int64(10), 'min_samples_leaf': np.int64(1), 'max_depth': np.int64(5)}",paper,FairProjection,,0.2,,,False,failed,RuntimeError('`tf.data.Dataset` only supports Python-style iteration in eager mode or within tf.function.'),,,not_completed,,2.0,500.0,cross-entropy,tf,,,,
DRUG,4,29,290777,RF,"{'n_estimators': np.int64(57), 'min_samples_split': np.int64(10), 'min_samples_leaf': np.int64(1), 'max_depth': np.int64(5)}",paper,FairProjection,,0.5,,,False,failed,RuntimeError('`tf.data.Dataset` only supports Python-style iteration in eager mode or within tf.function.'),,,not_completed,,2.0,500.0,cross-entropy,tf,,,,
DRUG,4,29,290777,RF,"{'n_estimators': np.int64(57), 'min_samples_split': np.int64(10), 'min_samples_leaf': np.int64(1), 'max_depth': np.int64(5)}",paper,FairProjection,,0.75,,,False,failed,RuntimeError('`tf.data.Dataset` only supports Python-style iteration in eager mode or within tf.function.'),,,not_completed,,2.0,500.0,cross-entropy,tf,,,,
DRUG,4,29,290777,RF,"{'n_estimators': np.int64(57), 'min_samples_split': np.int64(10), 'min_samples_leaf': np.int64(1), 'max_depth': np.int64(5)}",paper,Fair-transport,,0.0,0.46153846153846156,0.11400669959688864,True,completed_without_exception,optimal,,0.09196199999860255,optimal,,,,,,4.953523147221972e-10,0.5907957978875507,CLARABEL,OSQP
DRUG,4,29,290777,RF,"{'n_estimators': np.int64(57), 'min_samples_split': np.int64(10), 'min_samples_leaf': np.int64(1), 'max_depth': np.int64(5)}",paper,Fair-transport,,0.1,0.46949602122015915,0.13788111054334867,True,completed_without_exception,optimal,,0.08140579999962938,optimal,,,,,,0.10000000031472295,0.5793347503465709,CLARABEL,OSQP
DRUG,4,29,290777,RF,"{'n_estimators': np.int64(57), 'min_samples_split': np.int64(10), 'min_samples_leaf': np.int64(1), 'max_depth': np.int64(5)}",paper,Fair-transport,,0.2,0.493368700265252,0.1937773235678192,True,completed_without_exception,optimal,,0.08997089999684249,optimal,,,,,,0.20000000164969522,0.5768858903120384,CLARABEL,OSQP
DRUG,4,29,290777,RF,"{'n_estimators': np.int64(57), 'min_samples_split': np.int64(10), 'min_samples_leaf': np.int64(1), 'max_depth': np.int64(5)}",paper,Fair-transport,,0.3,0.4907161803713528,0.23073865894509735,True,completed_without_exception,optimal,,0.08878770000228542,optimal,,,,,,0.24310880709578778,0.5767173251967858,CLARABEL,OSQP
DRUG,4,29,290777,RF,"{'n_estimators': np.int64(57), 'min_samples_split': np.int64(10), 'min_samples_leaf': np.int64(1), 'max_depth': np.int64(5)}",paper,Fair-transport,,0.4,0.493368700265252,0.23261227502412987,True,completed_without_exception,optimal,,0.08799989999897662,optimal,,,,,,0.2431088299171718,0.576717323175781,CLARABEL,OSQP
DRUG,4,29,290777,GBM,"{'reg_lambda': 10, 'reg_alpha': 0.1, 'num_leaves': np.int64(31), 'n_estimators': np.int64(29), 'min_child_samples': np.int64(76), 'max_depth': np.int64(14)}",paper,Unfair,,,0.4854111405835544,0.26460568897973086,True,not_applicable,not applicable,0.0,0.0,not_applicable,,,,,,,,,
DRUG,4,29,290777,GBM,"{'reg_lambda': 10, 'reg_alpha': 0.1, 'num_leaves': np.int64(31), 'n_estimators': np.int64(29), 'min_child_samples': np.int64(76), 'max_depth': np.int64(14)}",paper,Our Eps-Fair,0.0,,0.4403183023872679,0.08956452620223698,True,0,Optimization terminated successfully,23.0,0.053565999998681946,completed_without_exception,,,,,,,,,
DRUG,4,29,290777,GBM,"{'reg_lambda': 10, 'reg_alpha': 0.1, 'num_leaves': np.int64(31), 'n_estimators': np.int64(29), 'min_child_samples': np.int64(76), 'max_depth': np.int64(14)}",paper,Our Eps-Fair,0.1,,0.48010610079575594,0.11261568159881907,True,0,Optimization terminated successfully,16.0,0.0373087999978452,completed_without_exception,,,,,,,,,
DRUG,4,29,290777,GBM,"{'reg_lambda': 10, 'reg_alpha': 0.1, 'num_leaves': np.int64(31), 'n_estimators': np.int64(29), 'min_child_samples': np.int64(76), 'max_depth': np.int64(14)}",paper,Our Eps-Fair,0.2,,0.4880636604774536,0.2441946289672401,True,0,Optimization terminated successfully,10.0,0.017186299999593757,completed_without_exception,,,,,,,,,
DRUG,4,29,290777,GBM,"{'reg_lambda': 10, 'reg_alpha': 0.1, 'num_leaves': np.int64(31), 'n_estimators': np.int64(29), 'min_child_samples': np.int64(76), 'max_depth': np.int64(14)}",paper,Our Eps-Fair,0.3,,0.4854111405835544,0.26460568897973086,True,0,Optimization terminated successfully,1.0,0.0017950999972526915,completed_without_exception,,,,,,,,,
DRUG,4,29,290777,GBM,"{'reg_lambda': 10, 'reg_alpha': 0.1, 'num_leaves': np.int64(31), 'n_estimators': np.int64(29), 'min_child_samples': np.int64(76), 'max_depth': np.int64(14)}",paper,Our Eps-Fair,0.4,,0.4854111405835544,0.26460568897973086,True,0,Optimization terminated successfully,1.0,0.0017569000010553282,completed_without_exception,,,,,,,,,
DRUG,4,29,290777,GBM,"{'reg_lambda': 10, 'reg_alpha': 0.1, 'num_leaves': np.int64(31), 'n_estimators': np.int64(29), 'min_child_samples': np.int64(76), 'max_depth': np.int64(14)}",paper,Our Eps-Fair,0.5,,0.4854111405835544,0.26460568897973086,True,0,Optimization terminated successfully,1.0,0.0018571000000520144,completed_without_exception,,,,,,,,,
DRUG,4,29,290777,GBM,"{'reg_lambda': 10, 'reg_alpha': 0.1, 'num_leaves': np.int64(31), 'n_estimators': np.int64(29), 'min_child_samples': np.int64(76), 'max_depth': np.int64(14)}",paper,FairProjection,,0.0,,,False,failed,RuntimeError('`tf.data.Dataset` only supports Python-style iteration in eager mode or within tf.function.'),,,not_completed,,2.0,500.0,cross-entropy,tf,,,,
DRUG,4,29,290777,GBM,"{'reg_lambda': 10, 'reg_alpha': 0.1, 'num_leaves': np.int64(31), 'n_estimators': np.int64(29), 'min_child_samples': np.int64(76), 'max_depth': np.int64(14)}",paper,FairProjection,,0.1,,,False,failed,RuntimeError('`tf.data.Dataset` only supports Python-style iteration in eager mode or within tf.function.'),,,not_completed,,2.0,500.0,cross-entropy,tf,,,,
DRUG,4,29,290777,GBM,"{'reg_lambda': 10, 'reg_alpha': 0.1, 'num_leaves': np.int64(31), 'n_estimators': np.int64(29), 'min_child_samples': np.int64(76), 'max_depth': np.int64(14)}",paper,FairProjection,,0.2,,,False,failed,RuntimeError('`tf.data.Dataset` only supports Python-style iteration in eager mode or within tf.function.'),,,not_completed,,2.0,500.0,cross-entropy,tf,,,,
DRUG,4,29,290777,GBM,"{'reg_lambda': 10, 'reg_alpha': 0.1, 'num_leaves': np.int64(31), 'n_estimators': np.int64(29), 'min_child_samples': np.int64(76), 'max_depth': np.int64(14)}",paper,FairProjection,,0.5,,,False,failed,RuntimeError('`tf.data.Dataset` only supports Python-style iteration in eager mode or within tf.function.'),,,not_completed,,2.0,500.0,cross-entropy,tf,,,,
DRUG,4,29,290777,GBM,"{'reg_lambda': 10, 'reg_alpha': 0.1, 'num_leaves': np.int64(31), 'n_estimators': np.int64(29), 'min_child_samples': np.int64(76), 'max_depth': np.int64(14)}",paper,FairProjection,,0.75,,,False,failed,RuntimeError('`tf.data.Dataset` only supports Python-style iteration in eager mode or within tf.function.'),,,not_completed,,2.0,500.0,cross-entropy,tf,,,,
DRUG,4,29,290777,GBM,"{'reg_lambda': 10, 'reg_alpha': 0.1, 'num_leaves': np.int64(31), 'n_estimators': np.int64(29), 'min_child_samples': np.int64(76), 'max_depth': np.int64(14)}",paper,Fair-transport,,0.0,0.4376657824933687,0.10126043263498552,True,completed_without_exception,optimal,,0.12075560000084806,optimal,,,,,,1.7748697234143407e-09,0.5476567787246953,CLARABEL,OSQP
DRUG,4,29,290777,GBM,"{'reg_lambda': 10, 'reg_alpha': 0.1, 'num_leaves': np.int64(31), 'n_estimators': np.int64(29), 'min_child_samples': np.int64(76), 'max_depth': np.int64(14)}",paper,Fair-transport,,0.1,0.4827586206896552,0.09805257480270257,True,completed_without_exception,optimal,,0.0919995000003837,optimal,,,,,,0.10000000076682808,0.5312065087344973,CLARABEL,OSQP
DRUG,4,29,290777,GBM,"{'reg_lambda': 10, 'reg_alpha': 0.1, 'num_leaves': np.int64(31), 'n_estimators': np.int64(29), 'min_child_samples': np.int64(76), 'max_depth': np.int64(14)}",paper,Fair-transport,,0.2,0.493368700265252,0.259751320047692,True,completed_without_exception,optimal,,0.08894849999705912,optimal,,,,,,0.20000000057642892,0.5277052405750524,CLARABEL,OSQP
DRUG,4,29,290777,GBM,"{'reg_lambda': 10, 'reg_alpha': 0.1, 'num_leaves': np.int64(31), 'n_estimators': np.int64(29), 'min_child_samples': np.int64(76), 'max_depth': np.int64(14)}",paper,Fair-transport,,0.3,0.4854111405835544,0.2694600579117697,True,completed_without_exception,optimal,,0.08831639999698382,optimal,,,,,,0.23123046157613064,0.5276070014710934,CLARABEL,OSQP
DRUG,4,29,290777,GBM,"{'reg_lambda': 10, 'reg_alpha': 0.1, 'num_leaves': np.int64(31), 'n_estimators': np.int64(29), 'min_child_samples': np.int64(76), 'max_depth': np.int64(14)}",paper,Fair-transport,,0.4,0.4854111405835544,0.2694600579117697,True,completed_without_exception,optimal,,0.0792122000020754,optimal,,,,,,0.23123046192760188,0.5276070014324286,CLARABEL,OSQP
CRIME,5,0,1777,reglog,{},paper,Unfair,,,0.49373433583959897,0.5768411982360991,True,not_applicable,not applicable,0.0,0.0,not_applicable,,,,,,,,,
CRIME,5,0,1777,reglog,{},paper,Our Eps-Fair,0.0,,0.38095238095238093,0.06837650159663439,True,0,Optimization terminated successfully,23.0,0.0591893999990134,completed_without_exception,,,,,,,,,
CRIME,5,0,1777,reglog,{},paper,Our Eps-Fair,0.1,,0.41353383458646614,0.2009731866795073,True,0,Optimization terminated successfully,27.0,0.07128230000307667,completed_without_exception,,,,,,,,,
CRIME,5,0,1777,reglog,{},paper,Our Eps-Fair,0.2,,0.40601503759398494,0.27738354706269963,True,0,Optimization terminated successfully,20.0,0.0449882000029902,completed_without_exception,,,,,,,,,
CRIME,5,0,1777,reglog,{},paper,Our Eps-Fair,0.3,,0.42857142857142855,0.3458107354655583,True,0,Optimization terminated successfully,15.0,0.03423090000069351,completed_without_exception,,,,,,,,,
CRIME,5,0,1777,reglog,{},paper,Our Eps-Fair,0.4,,0.47619047619047616,0.43927720614324095,True,0,Optimization terminated successfully,14.0,0.03174270000090473,completed_without_exception,,,,,,,,,
CRIME,5,0,1777,reglog,{},paper,Our Eps-Fair,0.5,,0.49874686716791977,0.54473110649298,True,0,Optimization terminated successfully,9.0,0.020871000000624917,completed_without_exception,,,,,,,,,
CRIME,5,0,1777,reglog,{},paper,FairProjection,,0.0,,,False,failed,RuntimeError('`tf.data.Dataset` only supports Python-style iteration in eager mode or within tf.function.'),,,not_completed,,2.0,500.0,cross-entropy,tf,,,,
CRIME,5,0,1777,reglog,{},paper,FairProjection,,0.1,,,False,failed,RuntimeError('`tf.data.Dataset` only supports Python-style iteration in eager mode or within tf.function.'),,,not_completed,,2.0,500.0,cross-entropy,tf,,,,
CRIME,5,0,1777,reglog,{},paper,FairProjection,,0.2,,,False,failed,RuntimeError('`tf.data.Dataset` only supports Python-style iteration in eager mode or within tf.function.'),,,not_completed,,2.0,500.0,cross-entropy,tf,,,,
CRIME,5,0,1777,reglog,{},paper,FairProjection,,0.5,,,False,failed,RuntimeError('`tf.data.Dataset` only supports Python-style iteration in eager mode or within tf.function.'),,,not_completed,,2.0,500.0,cross-entropy,tf,,,,
CRIME,5,0,1777,reglog,{},paper,FairProjection,,0.75,,,False,failed,RuntimeError('`tf.data.Dataset` only supports Python-style iteration in eager mode or within tf.function.'),,,not_completed,,2.0,500.0,cross-entropy,tf,,,,
CRIME,5,0,1777,reglog,{},paper,Fair-transport,,0.0,0.41102756892230574,0.23156267423589638,True,completed_without_exception,optimal,,0.1254211999985273,optimal,,,,,,2.0938712486096023e-08,0.6236696099606519,CLARABEL,OSQP
CRIME,5,0,1777,reglog,{},paper,Fair-transport,,0.1,0.40350877192982454,0.18627401287444878,True,completed_without_exception,optimal,,0.124929699999484,optimal,,,,,,0.10000000476100807,0.5888815421710256,CLARABEL,OSQP
CRIME,5,0,1777,reglog,{},paper,Fair-transport,,0.2,0.40852130325814534,0.29441431395407774,True,completed_without_exception,optimal,,0.12440210000204388,optimal,,,,,,0.20000000218838523,0.5591000050474391,CLARABEL,OSQP
CRIME,5,0,1777,reglog,{},paper,Fair-transport,,0.3,0.41854636591478694,0.32903340260530184,True,completed_without_exception,optimal,,0.1316765999981726,optimal,,,,,,0.3000000220303791,0.5369987527969576,CLARABEL,OSQP
CRIME,5,0,1777,reglog,{},paper,Fair-transport,,0.4,0.48370927318295737,0.46137665365705305,True,completed_without_exception,optimal,,0.1283307000012428,optimal,,,,,,0.40000000267944175,0.5251486820513325,CLARABEL,OSQP
CRIME,5,0,1777,RF,"{'n_estimators': np.int64(191), 'min_samples_split': np.int64(5), 'min_samples_leaf': np.int64(1), 'max_depth': np.int64(15)}",paper,Unfair,,,0.5112781954887218,0.5053221146535557,True,not_applicable,not applicable,0.0,0.0,not_applicable,,,,,,,,,
CRIME,5,0,1777,RF,"{'n_estimators': np.int64(191), 'min_samples_split': np.int64(5), 'min_samples_leaf': np.int64(1), 'max_depth': np.int64(15)}",paper,Our Eps-Fair,0.0,,0.41353383458646614,0.12550053221146534,True,0,Optimization terminated successfully,22.0,0.04987070000061067,completed_without_exception,,,,,,,,,
CRIME,5,0,1777,RF,"{'n_estimators': np.int64(191), 'min_samples_split': np.int64(5), 'min_samples_leaf': np.int64(1), 'max_depth': np.int64(15)}",paper,Our Eps-Fair,0.1,,0.44360902255639095,0.18642607329312183,True,0,Optimization terminated successfully,21.0,0.0445371999994677,completed_without_exception,,,,,,,,,
CRIME,5,0,1777,RF,"{'n_estimators': np.int64(191), 'min_samples_split': np.int64(5), 'min_samples_leaf': np.int64(1), 'max_depth': np.int64(15)}",paper,Our Eps-Fair,0.2,,0.48120300751879697,0.26643519691824213,True,0,Optimization terminated successfully,23.0,0.0497003999989829,completed_without_exception,,,,,,,,,
CRIME,5,0,1777,RF,"{'n_estimators': np.int64(191), 'min_samples_split': np.int64(5), 'min_samples_leaf': np.int64(1), 'max_depth': np.int64(15)}",paper,Our Eps-Fair,0.3,,0.47869674185463656,0.3573419838815956,True,0,Optimization terminated successfully,19.0,0.041754000001674285,completed_without_exception,,,,,,,,,
CRIME,5,0,1777,RF,"{'n_estimators': np.int64(191), 'min_samples_split': np.int64(5), 'min_samples_leaf': np.int64(1), 'max_depth': np.int64(15)}",paper,Our Eps-Fair,0.4,,0.5087719298245614,0.43740179431294035,True,0,Optimization terminated successfully,14.0,0.029455700001562946,completed_without_exception,,,,,,,,,
CRIME,5,0,1777,RF,"{'n_estimators': np.int64(191), 'min_samples_split': np.int64(5), 'min_samples_leaf': np.int64(1), 'max_depth': np.int64(15)}",paper,Our Eps-Fair,0.5,,0.5112781954887218,0.5053221146535557,True,0,Optimization terminated successfully,1.0,0.0022250999973039143,completed_without_exception,,,,,,,,,
CRIME,5,0,1777,RF,"{'n_estimators': np.int64(191), 'min_samples_split': np.int64(5), 'min_samples_leaf': np.int64(1), 'max_depth': np.int64(15)}",paper,FairProjection,,0.0,,,False,failed,RuntimeError('`tf.data.Dataset` only supports Python-style iteration in eager mode or within tf.function.'),,,not_completed,,2.0,500.0,cross-entropy,tf,,,,
CRIME,5,0,1777,RF,"{'n_estimators': np.int64(191), 'min_samples_split': np.int64(5), 'min_samples_leaf': np.int64(1), 'max_depth': np.int64(15)}",paper,FairProjection,,0.1,,,False,failed,RuntimeError('`tf.data.Dataset` only supports Python-style iteration in eager mode or within tf.function.'),,,not_completed,,2.0,500.0,cross-entropy,tf,,,,
CRIME,5,0,1777,RF,"{'n_estimators': np.int64(191), 'min_samples_split': np.int64(5), 'min_samples_leaf': np.int64(1), 'max_depth': np.int64(15)}",paper,FairProjection,,0.2,,,False,failed,RuntimeError('`tf.data.Dataset` only supports Python-style iteration in eager mode or within tf.function.'),,,not_completed,,2.0,500.0,cross-entropy,tf,,,,
CRIME,5,0,1777,RF,"{'n_estimators': np.int64(191), 'min_samples_split': np.int64(5), 'min_samples_leaf': np.int64(1), 'max_depth': np.int64(15)}",paper,FairProjection,,0.5,,,False,failed,RuntimeError('`tf.data.Dataset` only supports Python-style iteration in eager mode or within tf.function.'),,,not_completed,,2.0,500.0,cross-entropy,tf,,,,
CRIME,5,0,1777,RF,"{'n_estimators': np.int64(191), 'min_samples_split': np.int64(5), 'min_samples_leaf': np.int64(1), 'max_depth': np.int64(15)}",paper,FairProjection,,0.75,,,False,failed,RuntimeError('`tf.data.Dataset` only supports Python-style iteration in eager mode or within tf.function.'),,,not_completed,,2.0,500.0,cross-entropy,tf,,,,
CRIME,5,0,1777,RF,"{'n_estimators': np.int64(191), 'min_samples_split': np.int64(5), 'min_samples_leaf': np.int64(1), 'max_depth': np.int64(15)}",paper,Fair-transport,,0.0,0.42355889724310775,0.11538851436970957,True,completed_without_exception,optimal,,0.12513440000111586,optimal,,,,,,5.922957235782178e-09,0.6155554028218089,CLARABEL,OSQP
CRIME,5,0,1777,RF,"{'n_estimators': np.int64(191), 'min_samples_split': np.int64(5), 'min_samples_leaf': np.int64(1), 'max_depth': np.int64(15)}",paper,Fair-transport,,0.1,0.44862155388471175,0.2066501089766334,True,completed_without_exception,optimal,,0.1263922999969509,optimal,,,,,,0.10000000160147302,0.5825153009191831,CLARABEL,OSQP
CRIME,5,0,1777,RF,"{'n_estimators': np.int64(191), 'min_samples_split': np.int64(5), 'min_samples_leaf': np.int64(1), 'max_depth': np.int64(15)}",paper,Fair-transport,,0.2,0.47869674185463656,0.26643519691824213,True,completed_without_exception,optimal,,0.12619959999938146,optimal,,,,,,0.20000000040894705,0.5546242298502503,CLARABEL,OSQP
CRIME,5,0,1777,RF,"{'n_estimators': np.int64(191), 'min_samples_split': np.int64(5), 'min_samples_leaf': np.int64(1), 'max_depth': np.int64(15)}",paper,Fair-transport,,0.3,0.47619047619047616,0.36015510162704645,True,completed_without_exception,optimal,,0.12375049999900511,optimal,,,,,,0.3000000080339504,0.5350042278110392,CLARABEL,OSQP
CRIME,5,0,1777,RF,"{'n_estimators': np.int64(191), 'min_samples_split': np.int64(5), 'min_samples_leaf': np.int64(1), 'max_depth': np.int64(15)}",paper,Fair-transport,,0.4,0.5087719298245614,0.43740179431294035,True,completed_without_exception,optimal,,0.1225324000006367,optimal,,,,,,0.4000000007492163,0.5270448406908647,CLARABEL,OSQP
CRIME,5,0,1777,GBM,"{'reg_lambda': 0.1, 'reg_alpha': 10, 'num_leaves': np.int64(45), 'n_estimators': np.int64(177), 'min_child_samples': np.int64(44), 'max_depth': np.int64(12)}",paper,Unfair,,,0.49874686716791977,0.47795123929241223,True,not_applicable,not applicable,0.0,0.0,not_applicable,,,,,,,,,
CRIME,5,0,1777,GBM,"{'reg_lambda': 0.1, 'reg_alpha': 10, 'num_leaves': np.int64(45), 'n_estimators': np.int64(177), 'min_child_samples': np.int64(44), 'max_depth': np.int64(12)}",paper,Our Eps-Fair,0.0,,0.41604010025062654,0.12861777079426226,True,0,Optimization terminated successfully,20.0,0.04341530000237981,completed_without_exception,,,,,,,,,
CRIME,5,0,1777,GBM,"{'reg_lambda': 0.1, 'reg_alpha': 10, 'num_leaves': np.int64(45), 'n_estimators': np.int64(177), 'min_child_samples': np.int64(44), 'max_depth': np.int64(12)}",paper,Our Eps-Fair,0.1,,0.44862155388471175,0.22880024329666987,True,0,Optimization terminated successfully,18.0,0.04136529999959748,completed_without_exception,,,,,,,,,
CRIME,5,0,1777,GBM,"{'reg_lambda': 0.1, 'reg_alpha': 10, 'num_leaves': np.int64(45), 'n_estimators': np.int64(177), 'min_child_samples': np.int64(44), 'max_depth': np.int64(12)}",paper,Our Eps-Fair,0.2,,0.46115288220551376,0.3114704242485681,True,0,Optimization terminated successfully,23.0,0.05379480000192416,completed_without_exception,,,,,,,,,
CRIME,5,0,1777,GBM,"{'reg_lambda': 0.1, 'reg_alpha': 10, 'num_leaves': np.int64(45), 'n_estimators': np.int64(177), 'min_child_samples': np.int64(44), 'max_depth': np.int64(12)}",paper,Our Eps-Fair,0.3,,0.47869674185463656,0.394241978812915,True,0,Optimization terminated successfully,13.0,0.029064199999993434,completed_without_exception,,,,,,,,,
CRIME,5,0,1777,GBM,"{'reg_lambda': 0.1, 'reg_alpha': 10, 'num_leaves': np.int64(45), 'n_estimators': np.int64(177), 'min_child_samples': np.int64(44), 'max_depth': np.int64(12)}",paper,Our Eps-Fair,0.4,,0.49373433583959897,0.4724263774139591,True,0,Optimization terminated successfully,12.0,0.02702570000110427,completed_without_exception,,,,,,,,,
CRIME,5,0,1777,GBM,"{'reg_lambda': 0.1, 'reg_alpha': 10, 'num_leaves': np.int64(45), 'n_estimators': np.int64(177), 'min_child_samples': np.int64(44), 'max_depth': np.int64(12)}",paper,Our Eps-Fair,0.5,,0.49874686716791977,0.47795123929241223,True,0,Optimization terminated successfully,1.0,0.0022654999993392266,completed_without_exception,,,,,,,,,
CRIME,5,0,1777,GBM,"{'reg_lambda': 0.1, 'reg_alpha': 10, 'num_leaves': np.int64(45), 'n_estimators': np.int64(177), 'min_child_samples': np.int64(44), 'max_depth': np.int64(12)}",paper,FairProjection,,0.0,,,False,failed,RuntimeError('`tf.data.Dataset` only supports Python-style iteration in eager mode or within tf.function.'),,,not_completed,,2.0,500.0,cross-entropy,tf,,,,
CRIME,5,0,1777,GBM,"{'reg_lambda': 0.1, 'reg_alpha': 10, 'num_leaves': np.int64(45), 'n_estimators': np.int64(177), 'min_child_samples': np.int64(44), 'max_depth': np.int64(12)}",paper,FairProjection,,0.1,,,False,failed,RuntimeError('`tf.data.Dataset` only supports Python-style iteration in eager mode or within tf.function.'),,,not_completed,,2.0,500.0,cross-entropy,tf,,,,
CRIME,5,0,1777,GBM,"{'reg_lambda': 0.1, 'reg_alpha': 10, 'num_leaves': np.int64(45), 'n_estimators': np.int64(177), 'min_child_samples': np.int64(44), 'max_depth': np.int64(12)}",paper,FairProjection,,0.2,,,False,failed,RuntimeError('`tf.data.Dataset` only supports Python-style iteration in eager mode or within tf.function.'),,,not_completed,,2.0,500.0,cross-entropy,tf,,,,
CRIME,5,0,1777,GBM,"{'reg_lambda': 0.1, 'reg_alpha': 10, 'num_leaves': np.int64(45), 'n_estimators': np.int64(177), 'min_child_samples': np.int64(44), 'max_depth': np.int64(12)}",paper,FairProjection,,0.5,,,False,failed,RuntimeError('`tf.data.Dataset` only supports Python-style iteration in eager mode or within tf.function.'),,,not_completed,,2.0,500.0,cross-entropy,tf,,,,
CRIME,5,0,1777,GBM,"{'reg_lambda': 0.1, 'reg_alpha': 10, 'num_leaves': np.int64(45), 'n_estimators': np.int64(177), 'min_child_samples': np.int64(44), 'max_depth': np.int64(12)}",paper,FairProjection,,0.75,,,False,failed,RuntimeError('`tf.data.Dataset` only supports Python-style iteration in eager mode or within tf.function.'),,,not_completed,,2.0,500.0,cross-entropy,tf,,,,
CRIME,5,0,1777,GBM,"{'reg_lambda': 0.1, 'reg_alpha': 10, 'num_leaves': np.int64(45), 'n_estimators': np.int64(177), 'min_child_samples': np.int64(44), 'max_depth': np.int64(12)}",paper,Fair-transport,,0.0,0.41353383458646614,0.13414263267271528,True,completed_without_exception,optimal,,0.12622540000302251,optimal,,,,,,3.5334071779580256e-10,0.591728751520493,CLARABEL,OSQP
CRIME,5,0,1777,GBM,"{'reg_lambda': 0.1, 'reg_alpha': 10, 'num_leaves': np.int64(45), 'n_estimators': np.int64(177), 'min_child_samples': np.int64(44), 'max_depth': np.int64(12)}",paper,Fair-transport,,0.1,0.44611528822055135,0.22973794921182014,True,completed_without_exception,optimal,,0.12875379999968573,optimal,,,,,,0.10000000045736704,0.5582033936501162,CLARABEL,OSQP
CRIME,5,0,1777,GBM,"{'reg_lambda': 0.1, 'reg_alpha': 10, 'num_leaves': np.int64(45), 'n_estimators': np.int64(177), 'min_child_samples': np.int64(44), 'max_depth': np.int64(12)}",paper,Fair-transport,,0.2,0.46365914786967416,0.31699528612702116,True,completed_without_exception,optimal,,0.12736910000239732,optimal,,,,,,0.20000000085544928,0.5305076869194324,CLARABEL,OSQP
CRIME,5,0,1777,GBM,"{'reg_lambda': 0.1, 'reg_alpha': 10, 'num_leaves': np.int64(45), 'n_estimators': np.int64(177), 'min_child_samples': np.int64(44), 'max_depth': np.int64(12)}",paper,Fair-transport,,0.3,0.47619047619047616,0.3776673931775559,True,completed_without_exception,optimal,,0.12774049999643466,optimal,,,,,,0.3000000071367337,0.509949704150762,CLARABEL,OSQP
CRIME,5,0,1777,GBM,"{'reg_lambda': 0.1, 'reg_alpha': 10, 'num_leaves': np.int64(45), 'n_estimators': np.int64(177), 'min_child_samples': np.int64(44), 'max_depth': np.int64(12)}",paper,Fair-transport,,0.4,0.49874686716791977,0.47795123929241223,True,completed_without_exception,optimal,,0.12994679999974323,optimal,,,,,,0.4000000014626572,0.4968064250252136,CLARABEL,OSQP
CRIME,5,1,11777,reglog,{},paper,Unfair,,,0.5012531328320802,0.5621840242669364,True,not_applicable,not applicable,0.0,0.0,not_applicable,,,,,,,,,
CRIME,5,1,11777,reglog,{},paper,Our Eps-Fair,0.0,,0.37844611528822053,0.13288675429726998,True,0,Optimization terminated successfully,17.0,0.044326300001557684,completed_without_exception,,,,,,,,,
CRIME,5,1,11777,reglog,{},paper,Our Eps-Fair,0.1,,0.41604010025062654,0.21827603640040444,True,0,Optimization terminated successfully,27.0,0.06516740000006394,completed_without_exception,,,,,,,,,
CRIME,5,1,11777,reglog,{},paper,Our Eps-Fair,0.2,,0.44862155388471175,0.28210313447927204,True,0,Optimization terminated successfully,24.0,0.05194869999832008,completed_without_exception,,,,,,,,,
CRIME,5,1,11777,reglog,{},paper,Our Eps-Fair,0.3,,0.48370927318295737,0.3649646107178969,True,0,Optimization terminated successfully,32.0,0.06897299999764073,completed_without_exception,,,,,,,,,
CRIME,5,1,11777,reglog,{},paper,Our Eps-Fair,0.4,,0.48872180451127817,0.4449443882709808,True,0,Optimization terminated successfully,7.0,0.015264199999364791,completed_without_exception,,,,,,,,,
CRIME,5,1,11777,reglog,{},paper,Our Eps-Fair,0.5,,0.49373433583959897,0.4884479271991911,True,0,Optimization terminated successfully,9.0,0.020956899999873713,completed_without_exception,,,,,,,,,
CRIME,5,1,11777,reglog,{},paper,FairProjection,,0.0,,,False,failed,RuntimeError('`tf.data.Dataset` only supports Python-style iteration in eager mode or within tf.function.'),,,not_completed,,2.0,500.0,cross-entropy,tf,,,,
CRIME,5,1,11777,reglog,{},paper,FairProjection,,0.1,,,False,failed,RuntimeError('`tf.data.Dataset` only supports Python-style iteration in eager mode or within tf.function.'),,,not_completed,,2.0,500.0,cross-entropy,tf,,,,
CRIME,5,1,11777,reglog,{},paper,FairProjection,,0.2,,,False,failed,RuntimeError('`tf.data.Dataset` only supports Python-style iteration in eager mode or within tf.function.'),,,not_completed,,2.0,500.0,cross-entropy,tf,,,,
CRIME,5,1,11777,reglog,{},paper,FairProjection,,0.5,,,False,failed,RuntimeError('`tf.data.Dataset` only supports Python-style iteration in eager mode or within tf.function.'),,,not_completed,,2.0,500.0,cross-entropy,tf,,,,
CRIME,5,1,11777,reglog,{},paper,FairProjection,,0.75,,,False,failed,RuntimeError('`tf.data.Dataset` only supports Python-style iteration in eager mode or within tf.function.'),,,not_completed,,2.0,500.0,cross-entropy,tf,,,,
CRIME,5,1,11777,reglog,{},paper,Fair-transport,,0.0,0.37593984962406013,0.1134984833164813,True,completed_without_exception,optimal,,0.12856289999763248,optimal,,,,,,4.1726711530465366e-09,0.6244098228843837,CLARABEL,OSQP
CRIME,5,1,11777,reglog,{},paper,Fair-transport,,0.1,0.40852130325814534,0.21362487360970678,True,completed_without_exception,optimal,,0.1280174999992596,optimal,,,,,,0.10000000618303256,0.5896317289189319,CLARABEL,OSQP
CRIME,5,1,11777,reglog,{},paper,Fair-transport,,0.2,0.44110275689223055,0.29062184024266935,True,completed_without_exception,optimal,,0.13324140000258922,optimal,,,,,,0.20000000235917617,0.5598506612250453,CLARABEL,OSQP
CRIME,5,1,11777,reglog,{},paper,Fair-transport,,0.3,0.48370927318295737,0.355005055611729,True,completed_without_exception,optimal,,0.12946450000163168,optimal,,,,,,0.300000002181101,0.5382603907392352,CLARABEL,OSQP
CRIME,5,1,11777,reglog,{},paper,Fair-transport,,0.4,0.49122807017543857,0.43950960566228514,True,completed_without_exception,optimal,,0.12996099999872968,optimal,,,,,,0.40000000796734764,0.5281158820587909,CLARABEL,OSQP
CRIME,5,1,11777,RF,"{'n_estimators': np.int64(173), 'min_samples_split': np.int64(4), 'min_samples_leaf': np.int64(7), 'max_depth': np.int64(11)}",paper,Unfair,,,0.47117794486215536,0.46435793731041464,True,not_applicable,not applicable,0.0,0.0,not_applicable,,,,,,,,,
CRIME,5,1,11777,RF,"{'n_estimators': np.int64(173), 'min_samples_split': np.int64(4), 'min_samples_leaf': np.int64(7), 'max_depth': np.int64(11)}",paper,Our Eps-Fair,0.0,,0.38345864661654133,0.10262891809909,True,0,Optimization terminated successfully,19.0,0.04185870000219438,completed_without_exception,,,,,,,,,
CRIME,5,1,11777,RF,"{'n_estimators': np.int64(173), 'min_samples_split': np.int64(4), 'min_samples_leaf': np.int64(7), 'max_depth': np.int64(11)}",paper,Our Eps-Fair,0.1,,0.41102756892230574,0.15154196157735086,True,0,Optimization terminated successfully,16.0,0.03545980000126292,completed_without_exception,,,,,,,,,
CRIME,5,1,11777,RF,"{'n_estimators': np.int64(173), 'min_samples_split': np.int64(4), 'min_samples_leaf': np.int64(7), 'max_depth': np.int64(11)}",paper,Our Eps-Fair,0.2,,0.45614035087719296,0.27502527805864513,True,0,Optimization terminated successfully,21.0,0.04393340000024182,completed_without_exception,,,,,,,,,
CRIME,5,1,11777,RF,"{'n_estimators': np.int64(173), 'min_samples_split': np.int64(4), 'min_samples_leaf': np.int64(7), 'max_depth': np.int64(11)}",paper,Our Eps-Fair,0.3,,0.46867167919799496,0.36122345803842265,True,0,Optimization terminated successfully,15.0,0.037384600000223145,completed_without_exception,,,,,,,,,
CRIME,5,1,11777,RF,"{'n_estimators': np.int64(173), 'min_samples_split': np.int64(4), 'min_samples_leaf': np.int64(7), 'max_depth': np.int64(11)}",paper,Our Eps-Fair,0.4,,0.47368421052631576,0.4216885743174924,True,0,Optimization terminated successfully,6.0,0.013198000000556931,completed_without_exception,,,,,,,,,
CRIME,5,1,11777,RF,"{'n_estimators': np.int64(173), 'min_samples_split': np.int64(4), 'min_samples_leaf': np.int64(7), 'max_depth': np.int64(11)}",paper,Our Eps-Fair,0.5,,0.47117794486215536,0.46435793731041464,True,0,Optimization terminated successfully,1.0,0.0023589999982505105,completed_without_exception,,,,,,,,,
CRIME,5,1,11777,RF,"{'n_estimators': np.int64(173), 'min_samples_split': np.int64(4), 'min_samples_leaf': np.int64(7), 'max_depth': np.int64(11)}",paper,FairProjection,,0.0,,,False,failed,RuntimeError('`tf.data.Dataset` only supports Python-style iteration in eager mode or within tf.function.'),,,not_completed,,2.0,500.0,cross-entropy,tf,,,,
CRIME,5,1,11777,RF,"{'n_estimators': np.int64(173), 'min_samples_split': np.int64(4), 'min_samples_leaf': np.int64(7), 'max_depth': np.int64(11)}",paper,FairProjection,,0.1,,,False,failed,RuntimeError('`tf.data.Dataset` only supports Python-style iteration in eager mode or within tf.function.'),,,not_completed,,2.0,500.0,cross-entropy,tf,,,,
CRIME,5,1,11777,RF,"{'n_estimators': np.int64(173), 'min_samples_split': np.int64(4), 'min_samples_leaf': np.int64(7), 'max_depth': np.int64(11)}",paper,FairProjection,,0.2,,,False,failed,RuntimeError('`tf.data.Dataset` only supports Python-style iteration in eager mode or within tf.function.'),,,not_completed,,2.0,500.0,cross-entropy,tf,,,,
CRIME,5,1,11777,RF,"{'n_estimators': np.int64(173), 'min_samples_split': np.int64(4), 'min_samples_leaf': np.int64(7), 'max_depth': np.int64(11)}",paper,FairProjection,,0.5,,,False,failed,RuntimeError('`tf.data.Dataset` only supports Python-style iteration in eager mode or within tf.function.'),,,not_completed,,2.0,500.0,cross-entropy,tf,,,,
CRIME,5,1,11777,RF,"{'n_estimators': np.int64(173), 'min_samples_split': np.int64(4), 'min_samples_leaf': np.int64(7), 'max_depth': np.int64(11)}",paper,FairProjection,,0.75,,,False,failed,RuntimeError('`tf.data.Dataset` only supports Python-style iteration in eager mode or within tf.function.'),,,not_completed,,2.0,500.0,cross-entropy,tf,,,,
CRIME,5,1,11777,RF,"{'n_estimators': np.int64(173), 'min_samples_split': np.int64(4), 'min_samples_leaf': np.int64(7), 'max_depth': np.int64(11)}",paper,Fair-transport,,0.0,0.37844611528822053,0.10262891809909,True,completed_without_exception,optimal,,0.12641819999771542,optimal,,,,,,3.629994083098609e-10,0.6169103347916837,CLARABEL,OSQP
CRIME,5,1,11777,RF,"{'n_estimators': np.int64(173), 'min_samples_split': np.int64(4), 'min_samples_leaf': np.int64(7), 'max_depth': np.int64(11)}",paper,Fair-transport,,0.1,0.40852130325814534,0.1608442871587462,True,completed_without_exception,optimal,,0.12672290000045905,optimal,,,,,,0.10000000286581981,0.5848193344698435,CLARABEL,OSQP
CRIME,5,1,11777,RF,"{'n_estimators': np.int64(173), 'min_samples_split': np.int64(4), 'min_samples_leaf': np.int64(7), 'max_depth': np.int64(11)}",paper,Fair-transport,,0.2,0.44611528822055135,0.2556622851365015,True,completed_without_exception,optimal,,0.1267097999989346,optimal,,,,,,0.20000000177488372,0.5572816092939549,CLARABEL,OSQP
CRIME,5,1,11777,RF,"{'n_estimators': np.int64(173), 'min_samples_split': np.int64(4), 'min_samples_leaf': np.int64(7), 'max_depth': np.int64(11)}",paper,Fair-transport,,0.3,0.47869674185463656,0.3457027300303337,True,completed_without_exception,optimal,,0.1270184999993944,optimal,,,,,,0.3000000059593681,0.5400353135625351,CLARABEL,OSQP
CRIME,5,1,11777,RF,"{'n_estimators': np.int64(173), 'min_samples_split': np.int64(4), 'min_samples_leaf': np.int64(7), 'max_depth': np.int64(11)}",paper,Fair-transport,,0.4,0.49122807017543857,0.4325328614762386,True,completed_without_exception,optimal,,0.12320100000215461,optimal,,,,,,0.4000000050036836,0.5351298738027275,CLARABEL,OSQP
CRIME,5,1,11777,GBM,"{'reg_lambda': 10, 'reg_alpha': 0.1, 'num_leaves': np.int64(39), 'n_estimators': np.int64(143), 'min_child_samples': np.int64(17), 'max_depth': np.int64(11)}",paper,Unfair,,,0.47117794486215536,0.4752275025278059,True,not_applicable,not applicable,0.0,0.0,not_applicable,,,,,,,,,
CRIME,5,1,11777,GBM,"{'reg_lambda': 10, 'reg_alpha': 0.1, 'num_leaves': np.int64(39), 'n_estimators': np.int64(143), 'min_child_samples': np.int64(17), 'max_depth': np.int64(11)}",paper,Our Eps-Fair,0.0,,0.3308270676691729,0.08164812942366029,True,0,Optimization terminated successfully,26.0,0.0644570999975258,completed_without_exception,,,,,,,,,
CRIME,5,1,11777,GBM,"{'reg_lambda': 10, 'reg_alpha': 0.1, 'num_leaves': np.int64(39), 'n_estimators': np.int64(143), 'min_child_samples': np.int64(17), 'max_depth': np.int64(11)}",paper,Our Eps-Fair,0.1,,0.38345864661654133,0.1608442871587462,True,0,Optimization terminated successfully,24.0,0.05297259999861126,completed_without_exception,,,,,,,,,
CRIME,5,1,11777,GBM,"{'reg_lambda': 10, 'reg_alpha': 0.1, 'num_leaves': np.int64(39), 'n_estimators': np.int64(143), 'min_child_samples': np.int64(17), 'max_depth': np.int64(11)}",paper,Our Eps-Fair,0.2,,0.39849624060150374,0.24780080889787662,True,0,Optimization terminated successfully,20.0,0.0423914999992121,completed_without_exception,,,,,,,,,
CRIME,5,1,11777,GBM,"{'reg_lambda': 10, 'reg_alpha': 0.1, 'num_leaves': np.int64(39), 'n_estimators': np.int64(143), 'min_child_samples': np.int64(17), 'max_depth': np.int64(11)}",paper,Our Eps-Fair,0.3,,0.44360902255639095,0.340267947421638,True,0,Optimization terminated successfully,20.0,0.04824379999990924,completed_without_exception,,,,,,,,,
CRIME,5,1,11777,GBM,"{'reg_lambda': 10, 'reg_alpha': 0.1, 'num_leaves': np.int64(39), 'n_estimators': np.int64(143), 'min_child_samples': np.int64(17), 'max_depth': np.int64(11)}",paper,Our Eps-Fair,0.4,,0.46867167919799496,0.43718402426693626,True,0,Optimization terminated successfully,8.0,0.016494100000272738,completed_without_exception,,,,,,,,,
CRIME,5,1,11777,GBM,"{'reg_lambda': 10, 'reg_alpha': 0.1, 'num_leaves': np.int64(39), 'n_estimators': np.int64(143), 'min_child_samples': np.int64(17), 'max_depth': np.int64(11)}",paper,Our Eps-Fair,0.5,,0.47117794486215536,0.4752275025278059,True,0,Optimization terminated successfully,1.0,0.0022891000007803086,completed_without_exception,,,,,,,,,
CRIME,5,1,11777,GBM,"{'reg_lambda': 10, 'reg_alpha': 0.1, 'num_leaves': np.int64(39), 'n_estimators': np.int64(143), 'min_child_samples': np.int64(17), 'max_depth': np.int64(11)}",paper,FairProjection,,0.0,,,False,failed,RuntimeError('`tf.data.Dataset` only supports Python-style iteration in eager mode or within tf.function.'),,,not_completed,,2.0,500.0,cross-entropy,tf,,,,
CRIME,5,1,11777,GBM,"{'reg_lambda': 10, 'reg_alpha': 0.1, 'num_leaves': np.int64(39), 'n_estimators': np.int64(143), 'min_child_samples': np.int64(17), 'max_depth': np.int64(11)}",paper,FairProjection,,0.1,,,False,failed,RuntimeError('`tf.data.Dataset` only supports Python-style iteration in eager mode or within tf.function.'),,,not_completed,,2.0,500.0,cross-entropy,tf,,,,
CRIME,5,1,11777,GBM,"{'reg_lambda': 10, 'reg_alpha': 0.1, 'num_leaves': np.int64(39), 'n_estimators': np.int64(143), 'min_child_samples': np.int64(17), 'max_depth': np.int64(11)}",paper,FairProjection,,0.2,,,False,failed,RuntimeError('`tf.data.Dataset` only supports Python-style iteration in eager mode or within tf.function.'),,,not_completed,,2.0,500.0,cross-entropy,tf,,,,
CRIME,5,1,11777,GBM,"{'reg_lambda': 10, 'reg_alpha': 0.1, 'num_leaves': np.int64(39), 'n_estimators': np.int64(143), 'min_child_samples': np.int64(17), 'max_depth': np.int64(11)}",paper,FairProjection,,0.5,,,False,failed,RuntimeError('`tf.data.Dataset` only supports Python-style iteration in eager mode or within tf.function.'),,,not_completed,,2.0,500.0,cross-entropy,tf,,,,
CRIME,5,1,11777,GBM,"{'reg_lambda': 10, 'reg_alpha': 0.1, 'num_leaves': np.int64(39), 'n_estimators': np.int64(143), 'min_child_samples': np.int64(17), 'max_depth': np.int64(11)}",paper,FairProjection,,0.75,,,False,failed,RuntimeError('`tf.data.Dataset` only supports Python-style iteration in eager mode or within tf.function.'),,,not_completed,,2.0,500.0,cross-entropy,tf,,,,
CRIME,5,1,11777,GBM,"{'reg_lambda': 10, 'reg_alpha': 0.1, 'num_leaves': np.int64(39), 'n_estimators': np.int64(143), 'min_child_samples': np.int64(17), 'max_depth': np.int64(11)}",paper,Fair-transport,,0.0,0.3308270676691729,0.09330131445904954,True,completed_without_exception,optimal,,0.13263659999938682,optimal,,,,,,2.337348148362395e-09,0.4678976319793607,CLARABEL,OSQP
CRIME,5,1,11777,GBM,"{'reg_lambda': 10, 'reg_alpha': 0.1, 'num_leaves': np.int64(39), 'n_estimators': np.int64(143), 'min_child_samples': np.int64(17), 'max_depth': np.int64(11)}",paper,Fair-transport,,0.1,0.38095238095238093,0.1608442871587462,True,completed_without_exception,optimal,,0.12781019999965793,optimal,,,,,,0.10000000367505302,0.41477464391335983,CLARABEL,OSQP
CRIME,5,1,11777,GBM,"{'reg_lambda': 10, 'reg_alpha': 0.1, 'num_leaves': np.int64(39), 'n_estimators': np.int64(143), 'min_child_samples': np.int64(17), 'max_depth': np.int64(11)}",paper,Fair-transport,,0.2,0.39348370927318294,0.25323559150657227,True,completed_without_exception,optimal,,0.1272938999973121,optimal,,,,,,0.20000000212898925,0.37418983251820753,CLARABEL,OSQP
CRIME,5,1,11777,GBM,"{'reg_lambda': 10, 'reg_alpha': 0.1, 'num_leaves': np.int64(39), 'n_estimators': np.int64(143), 'min_child_samples': np.int64(17), 'max_depth': np.int64(11)}",paper,Fair-transport,,0.3,0.43859649122807015,0.3293983822042467,True,completed_without_exception,optimal,,0.1296507000006386,optimal,,,,,,0.30000002047470764,0.3465019663308743,CLARABEL,OSQP
CRIME,5,1,11777,GBM,"{'reg_lambda': 10, 'reg_alpha': 0.1, 'num_leaves': np.int64(39), 'n_estimators': np.int64(143), 'min_child_samples': np.int64(17), 'max_depth': np.int64(11)}",paper,Fair-transport,,0.4,0.45864661654135336,0.44261880687563193,True,completed_without_exception,optimal,,0.1251758000034897,optimal,,,,,,0.4000000118011773,0.33443280240791584,CLARABEL,OSQP
CRIME,5,2,21777,reglog,{},paper,Unfair,,,0.47619047619047616,0.594748743718593,True,not_applicable,not applicable,0.0,0.0,not_applicable,,,,,,,,,
CRIME,5,2,21777,reglog,{},paper,Our Eps-Fair,0.0,,0.3634085213032581,0.09766331658291455,True,0,Optimization terminated successfully,36.0,0.10877279999840539,completed_without_exception,,,,,,,,,
CRIME,5,2,21777,reglog,{},paper,Our Eps-Fair,0.1,,0.39598997493734334,0.1262311557788945,True,0,Optimization terminated successfully,20.0,0.0454228000016883,completed_without_exception,,,,,,,,,
CRIME,5,2,21777,reglog,{},paper,Our Eps-Fair,0.2,,0.43859649122807015,0.22163316582914577,True,0,Optimization terminated successfully,25.0,0.05802940000285162,completed_without_exception,,,,,,,,,
CRIME,5,2,21777,reglog,{},paper,Our Eps-Fair,0.3,,0.46867167919799496,0.34718592964824124,True,0,Optimization terminated successfully,27.0,0.063216000002285,completed_without_exception,,,,,,,,,
CRIME,5,2,21777,reglog,{},paper,Our Eps-Fair,0.4,,0.47117794486215536,0.36952261306532663,True,0,Optimization terminated successfully,19.0,0.04252809999888996,completed_without_exception,,,,,,,,,
CRIME,5,2,21777,reglog,{},paper,Our Eps-Fair,0.5,,0.48120300751879697,0.43462311557788946,True,0,Optimization terminated successfully,15.0,0.03562260000035167,completed_without_exception,,,,,,,,,
CRIME,5,2,21777,reglog,{},paper,FairProjection,,0.0,,,False,failed,RuntimeError('`tf.data.Dataset` only supports Python-style iteration in eager mode or within tf.function.'),,,not_completed,,2.0,500.0,cross-entropy,tf,,,,
CRIME,5,2,21777,reglog,{},paper,FairProjection,,0.1,,,False,failed,RuntimeError('`tf.data.Dataset` only supports Python-style iteration in eager mode or within tf.function.'),,,not_completed,,2.0,500.0,cross-entropy,tf,,,,
CRIME,5,2,21777,reglog,{},paper,FairProjection,,0.2,,,False,failed,RuntimeError('`tf.data.Dataset` only supports Python-style iteration in eager mode or within tf.function.'),,,not_completed,,2.0,500.0,cross-entropy,tf,,,,
CRIME,5,2,21777,reglog,{},paper,FairProjection,,0.5,,,False,failed,RuntimeError('`tf.data.Dataset` only supports Python-style iteration in eager mode or within tf.function.'),,,not_completed,,2.0,500.0,cross-entropy,tf,,,,
CRIME,5,2,21777,reglog,{},paper,FairProjection,,0.75,,,False,failed,RuntimeError('`tf.data.Dataset` only supports Python-style iteration in eager mode or within tf.function.'),,,not_completed,,2.0,500.0,cross-entropy,tf,,,,
CRIME,5,2,21777,reglog,{},paper,Fair-transport,,0.0,0.3634085213032581,0.0975879396984925,True,completed_without_exception,optimal,,0.12565770000219345,optimal,,,,,,8.849695976032024e-10,0.6345912642764766,CLARABEL,OSQP
CRIME,5,2,21777,reglog,{},paper,Fair-transport,,0.1,0.39598997493734334,0.12125628140703515,True,completed_without_exception,optimal,,0.125472699997772,optimal,,,,,,0.1000000026398033,0.5994712251166506,CLARABEL,OSQP
CRIME,5,2,21777,reglog,{},paper,Fair-transport,,0.2,0.45112781954887216,0.2841708542713568,True,completed_without_exception,optimal,,0.12769829999888316,optimal,,,,,,0.20000000308849758,0.568179383619558,CLARABEL,OSQP
CRIME,5,2,21777,reglog,{},paper,Fair-transport,,0.3,0.46867167919799496,0.3621859296482412,True,completed_without_exception,optimal,,0.1306862000055844,optimal,,,,,,0.30000000097566637,0.5431251204646005,CLARABEL,OSQP
CRIME,5,2,21777,reglog,{},paper,Fair-transport,,0.4,0.47368421052631576,0.43221105527638193,True,completed_without_exception,optimal,,0.12476360000073328,optimal,,,,,,0.4000000074708011,0.5272277244762458,CLARABEL,OSQP
CRIME,5,2,21777,RF,"{'n_estimators': np.int64(111), 'min_samples_split': np.int64(4), 'min_samples_leaf': np.int64(2), 'max_depth': np.int64(5)}",paper,Unfair,,,0.518796992481203,0.5597236180904522,True,not_applicable,not applicable,0.0,0.0,not_applicable,,,,,,,,,
CRIME,5,2,21777,RF,"{'n_estimators': np.int64(111), 'min_samples_split': np.int64(4), 'min_samples_leaf': np.int64(2), 'max_depth': np.int64(5)}",paper,Our Eps-Fair,0.0,,0.39348370927318294,0.05738693467336686,True,0,Optimization terminated successfully,22.0,0.045540600000094855,completed_without_exception,,,,,,,,,
CRIME,5,2,21777,RF,"{'n_estimators': np.int64(111), 'min_samples_split': np.int64(4), 'min_samples_leaf': np.int64(2), 'max_depth': np.int64(5)}",paper,Our Eps-Fair,0.1,,0.42606516290726815,0.2049748743718593,True,0,Optimization terminated successfully,20.0,0.04382840000107535,completed_without_exception,,,,,,,,,
CRIME,5,2,21777,RF,"{'n_estimators': np.int64(111), 'min_samples_split': np.int64(4), 'min_samples_leaf': np.int64(2), 'max_depth': np.int64(5)}",paper,Our Eps-Fair,0.2,,0.46867167919799496,0.28,True,0,Optimization terminated successfully,23.0,0.04890710000108811,completed_without_exception,,,,,,,,,
CRIME,5,2,21777,RF,"{'n_estimators': np.int64(111), 'min_samples_split': np.int64(4), 'min_samples_leaf': np.int64(2), 'max_depth': np.int64(5)}",paper,Our Eps-Fair,0.3,,0.46115288220551376,0.37,True,0,Optimization terminated successfully,21.0,0.045381199997791555,completed_without_exception,,,,,,,,,
CRIME,5,2,21777,RF,"{'n_estimators': np.int64(111), 'min_samples_split': np.int64(4), 'min_samples_leaf': np.int64(2), 'max_depth': np.int64(5)}",paper,Our Eps-Fair,0.4,,0.47619047619047616,0.39195979899497485,True,0,Optimization terminated successfully,11.0,0.02389920000132406,completed_without_exception,,,,,,,,,
CRIME,5,2,21777,RF,"{'n_estimators': np.int64(111), 'min_samples_split': np.int64(4), 'min_samples_leaf': np.int64(2), 'max_depth': np.int64(5)}",paper,Our Eps-Fair,0.5,,0.5162907268170426,0.42954773869346735,True,0,Optimization terminated successfully,8.0,0.018057100001897197,completed_without_exception,,,,,,,,,
CRIME,5,2,21777,RF,"{'n_estimators': np.int64(111), 'min_samples_split': np.int64(4), 'min_samples_leaf': np.int64(2), 'max_depth': np.int64(5)}",paper,FairProjection,,0.0,,,False,failed,RuntimeError('`tf.data.Dataset` only supports Python-style iteration in eager mode or within tf.function.'),,,not_completed,,2.0,500.0,cross-entropy,tf,,,,
CRIME,5,2,21777,RF,"{'n_estimators': np.int64(111), 'min_samples_split': np.int64(4), 'min_samples_leaf': np.int64(2), 'max_depth': np.int64(5)}",paper,FairProjection,,0.1,,,False,failed,RuntimeError('`tf.data.Dataset` only supports Python-style iteration in eager mode or within tf.function.'),,,not_completed,,2.0,500.0,cross-entropy,tf,,,,
CRIME,5,2,21777,RF,"{'n_estimators': np.int64(111), 'min_samples_split': np.int64(4), 'min_samples_leaf': np.int64(2), 'max_depth': np.int64(5)}",paper,FairProjection,,0.2,,,False,failed,RuntimeError('`tf.data.Dataset` only supports Python-style iteration in eager mode or within tf.function.'),,,not_completed,,2.0,500.0,cross-entropy,tf,,,,
CRIME,5,2,21777,RF,"{'n_estimators': np.int64(111), 'min_samples_split': np.int64(4), 'min_samples_leaf': np.int64(2), 'max_depth': np.int64(5)}",paper,FairProjection,,0.5,,,False,failed,RuntimeError('`tf.data.Dataset` only supports Python-style iteration in eager mode or within tf.function.'),,,not_completed,,2.0,500.0,cross-entropy,tf,,,,
CRIME,5,2,21777,RF,"{'n_estimators': np.int64(111), 'min_samples_split': np.int64(4), 'min_samples_leaf': np.int64(2), 'max_depth': np.int64(5)}",paper,FairProjection,,0.75,,,False,failed,RuntimeError('`tf.data.Dataset` only supports Python-style iteration in eager mode or within tf.function.'),,,not_completed,,2.0,500.0,cross-entropy,tf,,,,
CRIME,5,2,21777,RF,"{'n_estimators': np.int64(111), 'min_samples_split': np.int64(4), 'min_samples_leaf': np.int64(2), 'max_depth': np.int64(5)}",paper,Fair-transport,,0.0,0.39348370927318294,0.06743718592964826,True,completed_without_exception,optimal,,0.1257009000000835,optimal,,,,,,1.5071890957507605e-09,0.6342326875784277,CLARABEL,OSQP
CRIME,5,2,21777,RF,"{'n_estimators': np.int64(111), 'min_samples_split': np.int64(4), 'min_samples_leaf': np.int64(2), 'max_depth': np.int64(5)}",paper,Fair-transport,,0.1,0.42857142857142855,0.2149748743718593,True,completed_without_exception,optimal,,0.12585639999815612,optimal,,,,,,0.10000000064979711,0.6047317443613289,CLARABEL,OSQP
CRIME,5,2,21777,RF,"{'n_estimators': np.int64(111), 'min_samples_split': np.int64(4), 'min_samples_leaf': np.int64(2), 'max_depth': np.int64(5)}",paper,Fair-transport,,0.2,0.45864661654135336,0.3,True,completed_without_exception,optimal,,0.12921079999796348,optimal,,,,,,0.20000000066458945,0.5796627505129088,CLARABEL,OSQP
CRIME,5,2,21777,RF,"{'n_estimators': np.int64(111), 'min_samples_split': np.int64(4), 'min_samples_leaf': np.int64(2), 'max_depth': np.int64(5)}",paper,Fair-transport,,0.3,0.46365914786967416,0.365,True,completed_without_exception,optimal,,0.1289260000012291,optimal,,,,,,0.3000000003957516,0.5599900769069112,CLARABEL,OSQP
CRIME,5,2,21777,RF,"{'n_estimators': np.int64(111), 'min_samples_split': np.int64(4), 'min_samples_leaf': np.int64(2), 'max_depth': np.int64(5)}",paper,Fair-transport,,0.4,0.47117794486215536,0.39195979899497485,True,completed_without_exception,optimal,,0.12677959999928134,optimal,,,,,,0.4000000009764844,0.5493778421881405,CLARABEL,OSQP
CRIME,5,2,21777,GBM,"{'reg_lambda': 20, 'reg_alpha': 20, 'num_leaves': np.int64(42), 'n_estimators': np.int64(40), 'min_child_samples': np.int64(26), 'max_depth': np.int64(10)}",paper,Unfair,,,0.5012531328320802,0.5247738693467336,True,not_applicable,not applicable,0.0,0.0,not_applicable,,,,,,,,,
CRIME,5,2,21777,GBM,"{'reg_lambda': 20, 'reg_alpha': 20, 'num_leaves': np.int64(42), 'n_estimators': np.int64(40), 'min_child_samples': np.int64(26), 'max_depth': np.int64(10)}",paper,Our Eps-Fair,0.0,,0.3609022556390977,0.13273869346733674,True,0,Optimization terminated successfully,20.0,0.048480499997822335,completed_without_exception,,,,,,,,,
CRIME,5,2,21777,GBM,"{'reg_lambda': 20, 'reg_alpha': 20, 'num_leaves': np.int64(42), 'n_estimators': np.int64(40), 'min_child_samples': np.int64(26), 'max_depth': np.int64(10)}",paper,Our Eps-Fair,0.1,,0.40852130325814534,0.15464824120603016,True,0,Optimization terminated successfully,21.0,0.051613499999803025,completed_without_exception,,,,,,,,,
CRIME,5,2,21777,GBM,"{'reg_lambda': 20, 'reg_alpha': 20, 'num_leaves': np.int64(42), 'n_estimators': np.int64(40), 'min_child_samples': np.int64(26), 'max_depth': np.int64(10)}",paper,Our Eps-Fair,0.2,,0.42857142857142855,0.2998743718592965,True,0,Optimization terminated successfully,20.0,0.04355569999825093,completed_without_exception,,,,,,,,,
CRIME,5,2,21777,GBM,"{'reg_lambda': 20, 'reg_alpha': 20, 'num_leaves': np.int64(42), 'n_estimators': np.int64(40), 'min_child_samples': np.int64(26), 'max_depth': np.int64(10)}",paper,Our Eps-Fair,0.3,,0.46115288220551376,0.32487437185929646,True,0,Optimization terminated successfully,19.0,0.04177940000226954,completed_without_exception,,,,,,,,,
CRIME,5,2,21777,GBM,"{'reg_lambda': 20, 'reg_alpha': 20, 'num_leaves': np.int64(42), 'n_estimators': np.int64(40), 'min_child_samples': np.int64(26), 'max_depth': np.int64(10)}",paper,Our Eps-Fair,0.4,,0.48621553884711777,0.442286432160804,True,0,Optimization terminated successfully,14.0,0.031435199998668395,completed_without_exception,,,,,,,,,
CRIME,5,2,21777,GBM,"{'reg_lambda': 20, 'reg_alpha': 20, 'num_leaves': np.int64(42), 'n_estimators': np.int64(40), 'min_child_samples': np.int64(26), 'max_depth': np.int64(10)}",paper,Our Eps-Fair,0.5,,0.48370927318295737,0.4623618090452261,True,0,Optimization terminated successfully,8.0,0.017518200002086814,completed_without_exception,,,,,,,,,
CRIME,5,2,21777,GBM,"{'reg_lambda': 20, 'reg_alpha': 20, 'num_leaves': np.int64(42), 'n_estimators': np.int64(40), 'min_child_samples': np.int64(26), 'max_depth': np.int64(10)}",paper,FairProjection,,0.0,,,False,failed,RuntimeError('`tf.data.Dataset` only supports Python-style iteration in eager mode or within tf.function.'),,,not_completed,,2.0,500.0,cross-entropy,tf,,,,
CRIME,5,2,21777,GBM,"{'reg_lambda': 20, 'reg_alpha': 20, 'num_leaves': np.int64(42), 'n_estimators': np.int64(40), 'min_child_samples': np.int64(26), 'max_depth': np.int64(10)}",paper,FairProjection,,0.1,,,False,failed,RuntimeError('`tf.data.Dataset` only supports Python-style iteration in eager mode or within tf.function.'),,,not_completed,,2.0,500.0,cross-entropy,tf,,,,
CRIME,5,2,21777,GBM,"{'reg_lambda': 20, 'reg_alpha': 20, 'num_leaves': np.int64(42), 'n_estimators': np.int64(40), 'min_child_samples': np.int64(26), 'max_depth': np.int64(10)}",paper,FairProjection,,0.2,,,False,failed,RuntimeError('`tf.data.Dataset` only supports Python-style iteration in eager mode or within tf.function.'),,,not_completed,,2.0,500.0,cross-entropy,tf,,,,
CRIME,5,2,21777,GBM,"{'reg_lambda': 20, 'reg_alpha': 20, 'num_leaves': np.int64(42), 'n_estimators': np.int64(40), 'min_child_samples': np.int64(26), 'max_depth': np.int64(10)}",paper,FairProjection,,0.5,,,False,failed,RuntimeError('`tf.data.Dataset` only supports Python-style iteration in eager mode or within tf.function.'),,,not_completed,,2.0,500.0,cross-entropy,tf,,,,
CRIME,5,2,21777,GBM,"{'reg_lambda': 20, 'reg_alpha': 20, 'num_leaves': np.int64(42), 'n_estimators': np.int64(40), 'min_child_samples': np.int64(26), 'max_depth': np.int64(10)}",paper,FairProjection,,0.75,,,False,failed,RuntimeError('`tf.data.Dataset` only supports Python-style iteration in eager mode or within tf.function.'),,,not_completed,,2.0,500.0,cross-entropy,tf,,,,
CRIME,5,2,21777,GBM,"{'reg_lambda': 20, 'reg_alpha': 20, 'num_leaves': np.int64(42), 'n_estimators': np.int64(40), 'min_child_samples': np.int64(26), 'max_depth': np.int64(10)}",paper,Fair-transport,,0.0,0.38095238095238093,0.09253768844221105,True,completed_without_exception,optimal,,0.14392059999954654,optimal,,,,,,1.8067924933973245e-09,0.6306182139608332,CLARABEL,OSQP
CRIME,5,2,21777,GBM,"{'reg_lambda': 20, 'reg_alpha': 20, 'num_leaves': np.int64(42), 'n_estimators': np.int64(40), 'min_child_samples': np.int64(26), 'max_depth': np.int64(10)}",paper,Fair-transport,,0.1,0.39598997493734334,0.15469849246231154,True,completed_without_exception,optimal,,0.1285502999999153,optimal,,,,,,0.10000000033520642,0.6026415573204552,CLARABEL,OSQP
CRIME,5,2,21777,GBM,"{'reg_lambda': 20, 'reg_alpha': 20, 'num_leaves': np.int64(42), 'n_estimators': np.int64(40), 'min_child_samples': np.int64(26), 'max_depth': np.int64(10)}",paper,Fair-transport,,0.2,0.46616541353383456,0.3446482412060301,True,completed_without_exception,optimal,,0.12957310000274447,optimal,,,,,,0.20000002191381974,0.5779840819806548,CLARABEL,OSQP
CRIME,5,2,21777,GBM,"{'reg_lambda': 20, 'reg_alpha': 20, 'num_leaves': np.int64(42), 'n_estimators': np.int64(40), 'min_child_samples': np.int64(26), 'max_depth': np.int64(10)}",paper,Fair-transport,,0.3,0.48621553884711777,0.32221105527638194,True,completed_without_exception,optimal,,0.12939490000280784,optimal,,,,,,0.3000000078807622,0.558042845418741,CLARABEL,OSQP
CRIME,5,2,21777,GBM,"{'reg_lambda': 20, 'reg_alpha': 20, 'num_leaves': np.int64(42), 'n_estimators': np.int64(40), 'min_child_samples': np.int64(26), 'max_depth': np.int64(10)}",paper,Fair-transport,,0.4,0.48872180451127817,0.4473115577889447,True,completed_without_exception,optimal,,0.1259498000035819,optimal,,,,,,0.400000009242541,0.5447677730625162,CLARABEL,OSQP
CRIME,5,3,31777,reglog,{},paper,Unfair,,,0.46616541353383456,0.4875282876540106,True,not_applicable,not applicable,0.0,0.0,not_applicable,,,,,,,,,
CRIME,5,3,31777,reglog,{},paper,Our Eps-Fair,0.0,,0.3483709273182957,0.048428463666079946,True,0,Optimization terminated successfully,22.0,0.07005779999963124,completed_without_exception,,,,,,,,,
CRIME,5,3,31777,reglog,{},paper,Our Eps-Fair,0.1,,0.40852130325814534,0.139602715614785,True,0,Optimization terminated successfully,22.0,0.04995920000146725,completed_without_exception,,,,,,,,,
CRIME,5,3,31777,reglog,{},paper,Our Eps-Fair,0.2,,0.44611528822055135,0.2825496605481519,True,0,Optimization terminated successfully,25.0,0.0536210000027495,completed_without_exception,,,,,,,,,
CRIME,5,3,31777,reglog,{},paper,Our Eps-Fair,0.3,,0.45614035087719296,0.42871511189338696,True,0,Optimization terminated successfully,30.0,0.06591889999981504,completed_without_exception,,,,,,,,,
CRIME,5,3,31777,reglog,{},paper,Our Eps-Fair,0.4,,0.47368421052631576,0.48265023887352276,True,0,Optimization terminated successfully,14.0,0.029848400001355913,completed_without_exception,,,,,,,,,
CRIME,5,3,31777,reglog,{},paper,Our Eps-Fair,0.5,,0.46616541353383456,0.4875282876540106,True,0,Optimization terminated successfully,1.0,0.002422699999442557,completed_without_exception,,,,,,,,,
CRIME,5,3,31777,reglog,{},paper,FairProjection,,0.0,,,False,failed,RuntimeError('`tf.data.Dataset` only supports Python-style iteration in eager mode or within tf.function.'),,,not_completed,,2.0,500.0,cross-entropy,tf,,,,
CRIME,5,3,31777,reglog,{},paper,FairProjection,,0.1,,,False,failed,RuntimeError('`tf.data.Dataset` only supports Python-style iteration in eager mode or within tf.function.'),,,not_completed,,2.0,500.0,cross-entropy,tf,,,,
CRIME,5,3,31777,reglog,{},paper,FairProjection,,0.2,,,False,failed,RuntimeError('`tf.data.Dataset` only supports Python-style iteration in eager mode or within tf.function.'),,,not_completed,,2.0,500.0,cross-entropy,tf,,,,
CRIME,5,3,31777,reglog,{},paper,FairProjection,,0.5,,,False,failed,RuntimeError('`tf.data.Dataset` only supports Python-style iteration in eager mode or within tf.function.'),,,not_completed,,2.0,500.0,cross-entropy,tf,,,,
CRIME,5,3,31777,reglog,{},paper,FairProjection,,0.75,,,False,failed,RuntimeError('`tf.data.Dataset` only supports Python-style iteration in eager mode or within tf.function.'),,,not_completed,,2.0,500.0,cross-entropy,tf,,,,
CRIME,5,3,31777,reglog,{},paper,Fair-transport,,0.0,0.3508771929824561,0.05873774201659543,True,completed_without_exception,optimal,,0.1263981000010972,optimal,,,,,,9.988039284536399e-10,0.6265406705548535,CLARABEL,OSQP
CRIME,5,3,31777,reglog,{},paper,Fair-transport,,0.1,0.44862155388471175,0.3240633643449837,True,completed_without_exception,optimal,,0.4025441000012506,optimal,,,,,,0.10000002659159496,0.5902677678699612,CLARABEL,OSQP
CRIME,5,3,31777,reglog,{},paper,Fair-transport,,0.2,0.45614035087719296,0.3017852652753332,True,completed_without_exception,optimal,,0.12802969999756897,optimal,,,,,,0.20000000150685396,0.5582705521833188,CLARABEL,OSQP
CRIME,5,3,31777,reglog,{},paper,Fair-transport,,0.3,0.47117794486215536,0.404048277596178,True,completed_without_exception,optimal,,0.1281498999996984,optimal,,,,,,0.300000007349881,0.5351925748973115,CLARABEL,OSQP
CRIME,5,3,31777,reglog,{},paper,Fair-transport,,0.4,0.47869674185463656,0.48265023887352276,True,completed_without_exception,optimal,,0.1099184000013338,optimal,,,,,,0.40000000024771437,0.5281253056857185,CLARABEL,OSQP
CRIME,5,3,31777,RF,"{'n_estimators': np.int64(45), 'min_samples_split': np.int64(7), 'min_samples_leaf': np.int64(8), 'max_depth': np.int64(10)}",paper,Unfair,,,0.48370927318295737,0.4332662811164194,True,not_applicable,not applicable,0.0,0.0,not_applicable,,,,,,,,,
CRIME,5,3,31777,RF,"{'n_estimators': np.int64(45), 'min_samples_split': np.int64(7), 'min_samples_leaf': np.int64(8), 'max_depth': np.int64(10)}",paper,Our Eps-Fair,0.0,,0.39849624060150374,0.0682675383454866,True,0,Optimization terminated successfully,19.0,0.04163350000089849,completed_without_exception,,,,,,,,,
CRIME,5,3,31777,RF,"{'n_estimators': np.int64(45), 'min_samples_split': np.int64(7), 'min_samples_leaf': np.int64(8), 'max_depth': np.int64(10)}",paper,Our Eps-Fair,0.1,,0.43107769423558895,0.18654764898164444,True,0,Optimization terminated successfully,25.0,0.054863800000021,completed_without_exception,,,,,,,,,
CRIME,5,3,31777,RF,"{'n_estimators': np.int64(45), 'min_samples_split': np.int64(7), 'min_samples_leaf': np.int64(8), 'max_depth': np.int64(10)}",paper,Our Eps-Fair,0.2,,0.45363408521303256,0.26359064621574047,True,0,Optimization terminated successfully,21.0,0.046254200002294965,completed_without_exception,,,,,,,,,
CRIME,5,3,31777,RF,"{'n_estimators': np.int64(45), 'min_samples_split': np.int64(7), 'min_samples_leaf': np.int64(8), 'max_depth': np.int64(10)}",paper,Our Eps-Fair,0.3,,0.47368421052631576,0.42949459391501127,True,0,Optimization terminated successfully,11.0,0.025107400000706548,completed_without_exception,,,,,,,,,
CRIME,5,3,31777,RF,"{'n_estimators': np.int64(45), 'min_samples_split': np.int64(7), 'min_samples_leaf': np.int64(8), 'max_depth': np.int64(10)}",paper,Our Eps-Fair,0.4,,0.48120300751879697,0.4129243148101584,True,0,Optimization terminated successfully,5.0,0.010820399998920038,completed_without_exception,,,,,,,,,
CRIME,5,3,31777,RF,"{'n_estimators': np.int64(45), 'min_samples_split': np.int64(7), 'min_samples_leaf': np.int64(8), 'max_depth': np.int64(10)}",paper,Our Eps-Fair,0.5,,0.48370927318295737,0.4332662811164194,True,0,Optimization terminated successfully,1.0,0.0023010000004433095,completed_without_exception,,,,,,,,,
CRIME,5,3,31777,RF,"{'n_estimators': np.int64(45), 'min_samples_split': np.int64(7), 'min_samples_leaf': np.int64(8), 'max_depth': np.int64(10)}",paper,FairProjection,,0.0,,,False,failed,RuntimeError('`tf.data.Dataset` only supports Python-style iteration in eager mode or within tf.function.'),,,not_completed,,2.0,500.0,cross-entropy,tf,,,,
CRIME,5,3,31777,RF,"{'n_estimators': np.int64(45), 'min_samples_split': np.int64(7), 'min_samples_leaf': np.int64(8), 'max_depth': np.int64(10)}",paper,FairProjection,,0.1,,,False,failed,RuntimeError('`tf.data.Dataset` only supports Python-style iteration in eager mode or within tf.function.'),,,not_completed,,2.0,500.0,cross-entropy,tf,,,,
CRIME,5,3,31777,RF,"{'n_estimators': np.int64(45), 'min_samples_split': np.int64(7), 'min_samples_leaf': np.int64(8), 'max_depth': np.int64(10)}",paper,FairProjection,,0.2,,,False,failed,RuntimeError('`tf.data.Dataset` only supports Python-style iteration in eager mode or within tf.function.'),,,not_completed,,2.0,500.0,cross-entropy,tf,,,,
CRIME,5,3,31777,RF,"{'n_estimators': np.int64(45), 'min_samples_split': np.int64(7), 'min_samples_leaf': np.int64(8), 'max_depth': np.int64(10)}",paper,FairProjection,,0.5,,,False,failed,RuntimeError('`tf.data.Dataset` only supports Python-style iteration in eager mode or within tf.function.'),,,not_completed,,2.0,500.0,cross-entropy,tf,,,,
CRIME,5,3,31777,RF,"{'n_estimators': np.int64(45), 'min_samples_split': np.int64(7), 'min_samples_leaf': np.int64(8), 'max_depth': np.int64(10)}",paper,FairProjection,,0.75,,,False,failed,RuntimeError('`tf.data.Dataset` only supports Python-style iteration in eager mode or within tf.function.'),,,not_completed,,2.0,500.0,cross-entropy,tf,,,,
CRIME,5,3,31777,RF,"{'n_estimators': np.int64(45), 'min_samples_split': np.int64(7), 'min_samples_leaf': np.int64(8), 'max_depth': np.int64(10)}",paper,Fair-transport,,0.0,0.40601503759398494,0.08888609504651751,True,completed_without_exception,optimal,,0.12603219999800785,optimal,,,,,,6.983662537152213e-10,0.6167754087215719,CLARABEL,OSQP
CRIME,5,3,31777,RF,"{'n_estimators': np.int64(45), 'min_samples_split': np.int64(7), 'min_samples_leaf': np.int64(8), 'max_depth': np.int64(10)}",paper,Fair-transport,,0.1,0.43107769423558895,0.16215740507920545,True,completed_without_exception,optimal,,0.12876690000121016,optimal,,,,,,0.10000000045269813,0.5825555980313574,CLARABEL,OSQP
CRIME,5,3,31777,RF,"{'n_estimators': np.int64(45), 'min_samples_split': np.int64(7), 'min_samples_leaf': np.int64(8), 'max_depth': np.int64(10)}",paper,Fair-transport,,0.2,0.44862155388471175,0.2481267286899673,True,completed_without_exception,optimal,,0.13037310000072466,optimal,,,,,,0.20000000081089947,0.5530343292032023,CLARABEL,OSQP
CRIME,5,3,31777,RF,"{'n_estimators': np.int64(45), 'min_samples_split': np.int64(7), 'min_samples_leaf': np.int64(8), 'max_depth': np.int64(10)}",paper,Fair-transport,,0.3,0.46365914786967416,0.37279356298717625,True,completed_without_exception,optimal,,0.12655659999654745,optimal,,,,,,0.30000000491646167,0.5347908761799302,CLARABEL,OSQP
CRIME,5,3,31777,RF,"{'n_estimators': np.int64(45), 'min_samples_split': np.int64(7), 'min_samples_leaf': np.int64(8), 'max_depth': np.int64(10)}",paper,Fair-transport,,0.4,0.47869674185463656,0.4178023635906462,True,completed_without_exception,optimal,,0.10925750000023982,optimal,,,,,,0.40000000012951503,0.5305958511656206,CLARABEL,OSQP
CRIME,5,3,31777,GBM,"{'reg_lambda': 0, 'reg_alpha': 2, 'num_leaves': np.int64(15), 'n_estimators': np.int64(28), 'min_child_samples': np.int64(87), 'max_depth': np.int64(12)}",paper,Unfair,,,0.46616541353383456,0.44362584862962035,True,not_applicable,not applicable,0.0,0.0,not_applicable,,,,,,,,,
CRIME,5,3,31777,GBM,"{'reg_lambda': 0, 'reg_alpha': 2, 'num_leaves': np.int64(15), 'n_estimators': np.int64(28), 'min_child_samples': np.int64(87), 'max_depth': np.int64(12)}",paper,Our Eps-Fair,0.0,,0.3684210526315789,0.06766406839326126,True,0,Optimization terminated successfully,22.0,0.06402990000060527,completed_without_exception,,,,,,,,,
CRIME,5,3,31777,GBM,"{'reg_lambda': 0, 'reg_alpha': 2, 'num_leaves': np.int64(15), 'n_estimators': np.int64(28), 'min_child_samples': np.int64(87), 'max_depth': np.int64(12)}",paper,Our Eps-Fair,0.1,,0.41604010025062654,0.1908725169725924,True,0,Optimization terminated successfully,27.0,0.06179689999771654,completed_without_exception,,,,,,,,,
CRIME,5,3,31777,GBM,"{'reg_lambda': 0, 'reg_alpha': 2, 'num_leaves': np.int64(15), 'n_estimators': np.int64(28), 'min_child_samples': np.int64(87), 'max_depth': np.int64(12)}",paper,Our Eps-Fair,0.2,,0.45614035087719296,0.26819210460145837,True,0,Optimization terminated successfully,22.0,0.047652900000684895,completed_without_exception,,,,,,,,,
CRIME,5,3,31777,GBM,"{'reg_lambda': 0, 'reg_alpha': 2, 'num_leaves': np.int64(15), 'n_estimators': np.int64(28), 'min_child_samples': np.int64(87), 'max_depth': np.int64(12)}",paper,Our Eps-Fair,0.3,,0.45864661654135336,0.3747799849132512,True,0,Optimization terminated successfully,24.0,0.05195290000119712,completed_without_exception,,,,,,,,,
CRIME,5,3,31777,GBM,"{'reg_lambda': 0, 'reg_alpha': 2, 'num_leaves': np.int64(15), 'n_estimators': np.int64(28), 'min_child_samples': np.int64(87), 'max_depth': np.int64(12)}",paper,Our Eps-Fair,0.4,,0.46616541353383456,0.44362584862962035,True,0,Optimization terminated successfully,13.0,0.032424799999716925,completed_without_exception,,,,,,,,,
CRIME,5,3,31777,GBM,"{'reg_lambda': 0, 'reg_alpha': 2, 'num_leaves': np.int64(15), 'n_estimators': np.int64(28), 'min_child_samples': np.int64(87), 'max_depth': np.int64(12)}",paper,Our Eps-Fair,0.5,,0.46616541353383456,0.44362584862962035,True,0,Optimization terminated successfully,1.0,0.0022306000028038397,completed_without_exception,,,,,,,,,
CRIME,5,3,31777,GBM,"{'reg_lambda': 0, 'reg_alpha': 2, 'num_leaves': np.int64(15), 'n_estimators': np.int64(28), 'min_child_samples': np.int64(87), 'max_depth': np.int64(12)}",paper,FairProjection,,0.0,,,False,failed,RuntimeError('`tf.data.Dataset` only supports Python-style iteration in eager mode or within tf.function.'),,,not_completed,,2.0,500.0,cross-entropy,tf,,,,
CRIME,5,3,31777,GBM,"{'reg_lambda': 0, 'reg_alpha': 2, 'num_leaves': np.int64(15), 'n_estimators': np.int64(28), 'min_child_samples': np.int64(87), 'max_depth': np.int64(12)}",paper,FairProjection,,0.1,,,False,failed,RuntimeError('`tf.data.Dataset` only supports Python-style iteration in eager mode or within tf.function.'),,,not_completed,,2.0,500.0,cross-entropy,tf,,,,
CRIME,5,3,31777,GBM,"{'reg_lambda': 0, 'reg_alpha': 2, 'num_leaves': np.int64(15), 'n_estimators': np.int64(28), 'min_child_samples': np.int64(87), 'max_depth': np.int64(12)}",paper,FairProjection,,0.2,,,False,failed,RuntimeError('`tf.data.Dataset` only supports Python-style iteration in eager mode or within tf.function.'),,,not_completed,,2.0,500.0,cross-entropy,tf,,,,
CRIME,5,3,31777,GBM,"{'reg_lambda': 0, 'reg_alpha': 2, 'num_leaves': np.int64(15), 'n_estimators': np.int64(28), 'min_child_samples': np.int64(87), 'max_depth': np.int64(12)}",paper,FairProjection,,0.5,,,False,failed,RuntimeError('`tf.data.Dataset` only supports Python-style iteration in eager mode or within tf.function.'),,,not_completed,,2.0,500.0,cross-entropy,tf,,,,
CRIME,5,3,31777,GBM,"{'reg_lambda': 0, 'reg_alpha': 2, 'num_leaves': np.int64(15), 'n_estimators': np.int64(28), 'min_child_samples': np.int64(87), 'max_depth': np.int64(12)}",paper,FairProjection,,0.75,,,False,failed,RuntimeError('`tf.data.Dataset` only supports Python-style iteration in eager mode or within tf.function.'),,,not_completed,,2.0,500.0,cross-entropy,tf,,,,
CRIME,5,3,31777,GBM,"{'reg_lambda': 0, 'reg_alpha': 2, 'num_leaves': np.int64(15), 'n_estimators': np.int64(28), 'min_child_samples': np.int64(87), 'max_depth': np.int64(12)}",paper,Fair-transport,,0.0,0.38345864661654133,0.12064370128237367,True,completed_without_exception,optimal,,0.13770300000032876,optimal,,,,,,1.5173291789682963e-08,0.5856836450324654,CLARABEL,OSQP
CRIME,5,3,31777,GBM,"{'reg_lambda': 0, 'reg_alpha': 2, 'num_leaves': np.int64(15), 'n_estimators': np.int64(28), 'min_child_samples': np.int64(87), 'max_depth': np.int64(12)}",paper,Fair-transport,,0.1,0.40601503759398494,0.13678652250440032,True,completed_without_exception,optimal,,0.12647230000220588,optimal,,,,,,0.10000000907249296,0.5503316298851376,CLARABEL,OSQP
CRIME,5,3,31777,GBM,"{'reg_lambda': 0, 'reg_alpha': 2, 'num_leaves': np.int64(15), 'n_estimators': np.int64(28), 'min_child_samples': np.int64(87), 'max_depth': np.int64(12)}",paper,Fair-transport,,0.2,0.45112781954887216,0.26359064621574047,True,completed_without_exception,optimal,,0.12691629999972065,optimal,,,,,,0.20000000977828036,0.5202975583139331,CLARABEL,OSQP
CRIME,5,3,31777,GBM,"{'reg_lambda': 0, 'reg_alpha': 2, 'num_leaves': np.int64(15), 'n_estimators': np.int64(28), 'min_child_samples': np.int64(87), 'max_depth': np.int64(12)}",paper,Fair-transport,,0.3,0.45614035087719296,0.38825748051294945,True,completed_without_exception,optimal,,0.12627160000192816,optimal,,,,,,0.3000000091929135,0.497800007180499,CLARABEL,OSQP
CRIME,5,3,31777,GBM,"{'reg_lambda': 0, 'reg_alpha': 2, 'num_leaves': np.int64(15), 'n_estimators': np.int64(28), 'min_child_samples': np.int64(87), 'max_depth': np.int64(12)}",paper,Fair-transport,,0.4,0.46867167919799496,0.44362584862962035,True,completed_without_exception,optimal,,0.09393599999748403,optimal,,,,,,0.400000000293266,0.48992199068611825,CLARABEL,OSQP
CRIME,5,4,41777,reglog,{},paper,Unfair,,,0.45112781954887216,0.5830392255722497,True,not_applicable,not applicable,0.0,0.0,not_applicable,,,,,,,,,
CRIME,5,4,41777,reglog,{},paper,Our Eps-Fair,0.0,,0.3558897243107769,0.0878541897751336,True,0,Optimization terminated successfully,22.0,0.060766200000216486,completed_without_exception,,,,,,,,,
CRIME,5,4,41777,reglog,{},paper,Our Eps-Fair,0.1,,0.38847117794486213,0.14878491479278005,True,0,Optimization terminated successfully,20.0,0.053099400000064634,completed_without_exception,,,,,,,,,
CRIME,5,4,41777,reglog,{},paper,Our Eps-Fair,0.2,,0.43358395989974935,0.2907129172128668,True,0,Optimization terminated successfully,24.0,0.054492700000992045,completed_without_exception,,,,,,,,,
CRIME,5,4,41777,reglog,{},paper,Our Eps-Fair,0.3,,0.45112781954887216,0.36039124735303013,True,0,Optimization terminated successfully,18.0,0.04028230000039912,completed_without_exception,,,,,,,,,
CRIME,5,4,41777,reglog,{},paper,Our Eps-Fair,0.4,,0.46616541353383456,0.42906120802662095,True,0,Optimization terminated successfully,10.0,0.02242589999877964,completed_without_exception,,,,,,,,,
CRIME,5,4,41777,reglog,{},paper,Our Eps-Fair,0.5,,0.45363408521303256,0.5060502167994353,True,0,Optimization terminated successfully,7.0,0.016138800001499476,completed_without_exception,,,,,,,,,
CRIME,5,4,41777,reglog,{},paper,FairProjection,,0.0,,,False,failed,RuntimeError('`tf.data.Dataset` only supports Python-style iteration in eager mode or within tf.function.'),,,not_completed,,2.0,500.0,cross-entropy,tf,,,,
CRIME,5,4,41777,reglog,{},paper,FairProjection,,0.1,,,False,failed,RuntimeError('`tf.data.Dataset` only supports Python-style iteration in eager mode or within tf.function.'),,,not_completed,,2.0,500.0,cross-entropy,tf,,,,
CRIME,5,4,41777,reglog,{},paper,FairProjection,,0.2,,,False,failed,RuntimeError('`tf.data.Dataset` only supports Python-style iteration in eager mode or within tf.function.'),,,not_completed,,2.0,500.0,cross-entropy,tf,,,,
CRIME,5,4,41777,reglog,{},paper,FairProjection,,0.5,,,False,failed,RuntimeError('`tf.data.Dataset` only supports Python-style iteration in eager mode or within tf.function.'),,,not_completed,,2.0,500.0,cross-entropy,tf,,,,
CRIME,5,4,41777,reglog,{},paper,FairProjection,,0.75,,,False,failed,RuntimeError('`tf.data.Dataset` only supports Python-style iteration in eager mode or within tf.function.'),,,not_completed,,2.0,500.0,cross-entropy,tf,,,,
CRIME,5,4,41777,reglog,{},paper,Fair-transport,,0.0,0.3533834586466165,0.09965211253403244,True,completed_without_exception,optimal,,0.13345159999880707,optimal,,,,,,1.115238873472535e-09,0.6174866907055617,CLARABEL,OSQP
CRIME,5,4,41777,reglog,{},paper,Fair-transport,,0.1,0.38847117794486213,0.1292477563779369,True,completed_without_exception,optimal,,0.1272772000011173,optimal,,,,,,0.1000000005560004,0.581248766030527,CLARABEL,OSQP
CRIME,5,4,41777,reglog,{},paper,Fair-transport,,0.2,0.42857142857142855,0.296032066149037,True,completed_without_exception,optimal,,0.12665840000045137,optimal,,,,,,0.20000000467833307,0.5510534070172753,CLARABEL,OSQP
CRIME,5,4,41777,reglog,{},paper,Fair-transport,,0.3,0.45614035087719296,0.35033276192396895,True,completed_without_exception,optimal,,0.12559709999914048,optimal,,,,,,0.3000000005285079,0.5312571701030396,CLARABEL,OSQP
CRIME,5,4,41777,reglog,{},paper,Fair-transport,,0.4,0.46616541353383456,0.4266915397801755,True,completed_without_exception,optimal,,0.12462569999843254,optimal,,,,,,0.4000000005543627,0.521959953920562,CLARABEL,OSQP
CRIME,5,4,41777,RF,"{'n_estimators': np.int64(151), 'min_samples_split': np.int64(10), 'min_samples_leaf': np.int64(7), 'max_depth': np.int64(14)}",paper,Unfair,,,0.5087719298245614,0.5202682262781083,True,not_applicable,not applicable,0.0,0.0,not_applicable,,,,,,,,,
CRIME,5,4,41777,RF,"{'n_estimators': np.int64(151), 'min_samples_split': np.int64(10), 'min_samples_leaf': np.int64(7), 'max_depth': np.int64(14)}",paper,Our Eps-Fair,0.0,,0.3659147869674185,0.08881214076837754,True,0,Optimization terminated successfully,17.0,0.038144000001921086,completed_without_exception,,,,,,,,,
CRIME,5,4,41777,RF,"{'n_estimators': np.int64(151), 'min_samples_split': np.int64(10), 'min_samples_leaf': np.int64(7), 'max_depth': np.int64(14)}",paper,Our Eps-Fair,0.1,,0.39348370927318294,0.16953211656751033,True,0,Optimization terminated successfully,18.0,0.038217000001168344,completed_without_exception,,,,,,,,,
CRIME,5,4,41777,RF,"{'n_estimators': np.int64(151), 'min_samples_split': np.int64(10), 'min_samples_leaf': np.int64(7), 'max_depth': np.int64(14)}",paper,Our Eps-Fair,0.2,,0.42355889724310775,0.23752142785116467,True,0,Optimization terminated successfully,18.0,0.03891949999888311,completed_without_exception,,,,,,,,,
CRIME,5,4,41777,RF,"{'n_estimators': np.int64(151), 'min_samples_split': np.int64(10), 'min_samples_leaf': np.int64(7), 'max_depth': np.int64(14)}",paper,Our Eps-Fair,0.3,,0.46616541353383456,0.35454270444690933,True,0,Optimization terminated successfully,17.0,0.036160499999823514,completed_without_exception,,,,,,,,,
CRIME,5,4,41777,RF,"{'n_estimators': np.int64(151), 'min_samples_split': np.int64(10), 'min_samples_leaf': np.int64(7), 'max_depth': np.int64(14)}",paper,Our Eps-Fair,0.4,,0.49624060150375937,0.3894070787536553,True,0,Optimization terminated successfully,10.0,0.021781200000987155,completed_without_exception,,,,,,,,,
CRIME,5,4,41777,RF,"{'n_estimators': np.int64(151), 'min_samples_split': np.int64(10), 'min_samples_leaf': np.int64(7), 'max_depth': np.int64(14)}",paper,Our Eps-Fair,0.5,,0.5087719298245614,0.5202682262781083,True,0,Optimization terminated successfully,1.0,0.002137599996785866,completed_without_exception,,,,,,,,,
CRIME,5,4,41777,RF,"{'n_estimators': np.int64(151), 'min_samples_split': np.int64(10), 'min_samples_leaf': np.int64(7), 'max_depth': np.int64(14)}",paper,FairProjection,,0.0,,,False,failed,RuntimeError('`tf.data.Dataset` only supports Python-style iteration in eager mode or within tf.function.'),,,not_completed,,2.0,500.0,cross-entropy,tf,,,,
CRIME,5,4,41777,RF,"{'n_estimators': np.int64(151), 'min_samples_split': np.int64(10), 'min_samples_leaf': np.int64(7), 'max_depth': np.int64(14)}",paper,FairProjection,,0.1,,,False,failed,RuntimeError('`tf.data.Dataset` only supports Python-style iteration in eager mode or within tf.function.'),,,not_completed,,2.0,500.0,cross-entropy,tf,,,,
CRIME,5,4,41777,RF,"{'n_estimators': np.int64(151), 'min_samples_split': np.int64(10), 'min_samples_leaf': np.int64(7), 'max_depth': np.int64(14)}",paper,FairProjection,,0.2,,,False,failed,RuntimeError('`tf.data.Dataset` only supports Python-style iteration in eager mode or within tf.function.'),,,not_completed,,2.0,500.0,cross-entropy,tf,,,,
CRIME,5,4,41777,RF,"{'n_estimators': np.int64(151), 'min_samples_split': np.int64(10), 'min_samples_leaf': np.int64(7), 'max_depth': np.int64(14)}",paper,FairProjection,,0.5,,,False,failed,RuntimeError('`tf.data.Dataset` only supports Python-style iteration in eager mode or within tf.function.'),,,not_completed,,2.0,500.0,cross-entropy,tf,,,,
CRIME,5,4,41777,RF,"{'n_estimators': np.int64(151), 'min_samples_split': np.int64(10), 'min_samples_leaf': np.int64(7), 'max_depth': np.int64(14)}",paper,FairProjection,,0.75,,,False,failed,RuntimeError('`tf.data.Dataset` only supports Python-style iteration in eager mode or within tf.function.'),,,not_completed,,2.0,500.0,cross-entropy,tf,,,,
CRIME,5,4,41777,RF,"{'n_estimators': np.int64(151), 'min_samples_split': np.int64(10), 'min_samples_leaf': np.int64(7), 'max_depth': np.int64(14)}",paper,Fair-transport,,0.0,0.3558897243107769,0.05979630936775232,True,completed_without_exception,optimal,,0.12626709999676677,optimal,,,,,,2.073363952748153e-09,0.6157932555538019,CLARABEL,OSQP
CRIME,5,4,41777,RF,"{'n_estimators': np.int64(151), 'min_samples_split': np.int64(10), 'min_samples_leaf': np.int64(7), 'max_depth': np.int64(14)}",paper,Fair-transport,,0.1,0.39849624060150374,0.17011192901078956,True,completed_without_exception,optimal,,0.1231593000011344,optimal,,,,,,0.10000000048246041,0.5825079251962674,CLARABEL,OSQP
CRIME,5,4,41777,RF,"{'n_estimators': np.int64(151), 'min_samples_split': np.int64(10), 'min_samples_leaf': np.int64(7), 'max_depth': np.int64(14)}",paper,Fair-transport,,0.2,0.45614035087719296,0.27301603307451855,True,completed_without_exception,optimal,,0.1255823999963468,optimal,,,,,,0.2000000183814042,0.5538688430552937,CLARABEL,OSQP
CRIME,5,4,41777,RF,"{'n_estimators': np.int64(151), 'min_samples_split': np.int64(10), 'min_samples_leaf': np.int64(7), 'max_depth': np.int64(14)}",paper,Fair-transport,,0.3,0.46867167919799496,0.35454270444690933,True,completed_without_exception,optimal,,0.12485390000074403,optimal,,,,,,0.30000000047843556,0.5325167860135526,CLARABEL,OSQP
CRIME,5,4,41777,RF,"{'n_estimators': np.int64(151), 'min_samples_split': np.int64(10), 'min_samples_leaf': np.int64(7), 'max_depth': np.int64(14)}",paper,Fair-transport,,0.4,0.49624060150375937,0.3835081173742059,True,completed_without_exception,optimal,,0.12414979999812203,optimal,,,,,,0.40000000146514914,0.5242913167156095,CLARABEL,OSQP
CRIME,5,4,41777,GBM,"{'reg_lambda': 20, 'reg_alpha': 0, 'num_leaves': np.int64(24), 'n_estimators': np.int64(48), 'min_child_samples': np.int64(12), 'max_depth': np.int64(2)}",paper,Unfair,,,0.49373433583959897,0.5546032066149037,True,not_applicable,not applicable,0.0,0.0,not_applicable,,,,,,,,,
CRIME,5,4,41777,GBM,"{'reg_lambda': 20, 'reg_alpha': 0, 'num_leaves': np.int64(24), 'n_estimators': np.int64(48), 'min_child_samples': np.int64(12), 'max_depth': np.int64(2)}",paper,Our Eps-Fair,0.0,,0.37343358395989973,0.05188060905515779,True,0,Optimization terminated successfully,17.0,0.04357939999681548,completed_without_exception,,,,,,,,,
CRIME,5,4,41777,GBM,"{'reg_lambda': 20, 'reg_alpha': 0, 'num_leaves': np.int64(24), 'n_estimators': np.int64(48), 'min_child_samples': np.int64(12), 'max_depth': np.int64(2)}",paper,Our Eps-Fair,0.1,,0.41604010025062654,0.12876878088131494,True,0,Optimization terminated successfully,19.0,0.04375919999802136,completed_without_exception,,,,,,,,,
CRIME,5,4,41777,GBM,"{'reg_lambda': 20, 'reg_alpha': 0, 'num_leaves': np.int64(24), 'n_estimators': np.int64(48), 'min_child_samples': np.int64(12), 'max_depth': np.int64(2)}",paper,Our Eps-Fair,0.2,,0.47117794486215536,0.2363113844912776,True,0,Optimization terminated successfully,22.0,0.050089399999706075,completed_without_exception,,,,,,,,,
CRIME,5,4,41777,GBM,"{'reg_lambda': 20, 'reg_alpha': 0, 'num_leaves': np.int64(24), 'n_estimators': np.int64(48), 'min_child_samples': np.int64(12), 'max_depth': np.int64(2)}",paper,Our Eps-Fair,0.3,,0.48370927318295737,0.33263587778562065,True,0,Optimization terminated successfully,29.0,0.06629180000163615,completed_without_exception,,,,,,,,,
CRIME,5,4,41777,GBM,"{'reg_lambda': 20, 'reg_alpha': 0, 'num_leaves': np.int64(24), 'n_estimators': np.int64(48), 'min_child_samples': np.int64(12), 'max_depth': np.int64(2)}",paper,Our Eps-Fair,0.4,,0.49122807017543857,0.4136835736613895,True,0,Optimization terminated successfully,13.0,0.02928030000111903,completed_without_exception,,,,,,,,,
CRIME,5,4,41777,GBM,"{'reg_lambda': 20, 'reg_alpha': 0, 'num_leaves': np.int64(24), 'n_estimators': np.int64(48), 'min_child_samples': np.int64(12), 'max_depth': np.int64(2)}",paper,Our Eps-Fair,0.5,,0.49624060150375937,0.47229504890591917,True,0,Optimization terminated successfully,12.0,0.026264600001013605,completed_without_exception,,,,,,,,,
CRIME,5,4,41777,GBM,"{'reg_lambda': 20, 'reg_alpha': 0, 'num_leaves': np.int64(24), 'n_estimators': np.int64(48), 'min_child_samples': np.int64(12), 'max_depth': np.int64(2)}",paper,FairProjection,,0.0,,,False,failed,RuntimeError('`tf.data.Dataset` only supports Python-style iteration in eager mode or within tf.function.'),,,not_completed,,2.0,500.0,cross-entropy,tf,,,,
CRIME,5,4,41777,GBM,"{'reg_lambda': 20, 'reg_alpha': 0, 'num_leaves': np.int64(24), 'n_estimators': np.int64(48), 'min_child_samples': np.int64(12), 'max_depth': np.int64(2)}",paper,FairProjection,,0.1,,,False,failed,RuntimeError('`tf.data.Dataset` only supports Python-style iteration in eager mode or within tf.function.'),,,not_completed,,2.0,500.0,cross-entropy,tf,,,,
CRIME,5,4,41777,GBM,"{'reg_lambda': 20, 'reg_alpha': 0, 'num_leaves': np.int64(24), 'n_estimators': np.int64(48), 'min_child_samples': np.int64(12), 'max_depth': np.int64(2)}",paper,FairProjection,,0.2,,,False,failed,RuntimeError('`tf.data.Dataset` only supports Python-style iteration in eager mode or within tf.function.'),,,not_completed,,2.0,500.0,cross-entropy,tf,,,,
CRIME,5,4,41777,GBM,"{'reg_lambda': 20, 'reg_alpha': 0, 'num_leaves': np.int64(24), 'n_estimators': np.int64(48), 'min_child_samples': np.int64(12), 'max_depth': np.int64(2)}",paper,FairProjection,,0.5,,,False,failed,RuntimeError('`tf.data.Dataset` only supports Python-style iteration in eager mode or within tf.function.'),,,not_completed,,2.0,500.0,cross-entropy,tf,,,,
CRIME,5,4,41777,GBM,"{'reg_lambda': 20, 'reg_alpha': 0, 'num_leaves': np.int64(24), 'n_estimators': np.int64(48), 'min_child_samples': np.int64(12), 'max_depth': np.int64(2)}",paper,FairProjection,,0.75,,,False,failed,RuntimeError('`tf.data.Dataset` only supports Python-style iteration in eager mode or within tf.function.'),,,not_completed,,2.0,500.0,cross-entropy,tf,,,,
CRIME,5,4,41777,GBM,"{'reg_lambda': 20, 'reg_alpha': 0, 'num_leaves': np.int64(24), 'n_estimators': np.int64(48), 'min_child_samples': np.int64(12), 'max_depth': np.int64(2)}",paper,Fair-transport,,0.0,0.37844611528822053,0.06667843097711001,True,completed_without_exception,optimal,,0.13298550000035902,optimal,,,,,,5.430635663383754e-10,0.6068476491888343,CLARABEL,OSQP
CRIME,5,4,41777,GBM,"{'reg_lambda': 20, 'reg_alpha': 0, 'num_leaves': np.int64(24), 'n_estimators': np.int64(48), 'min_child_samples': np.int64(12), 'max_depth': np.int64(2)}",paper,Fair-transport,,0.1,0.43358395989974935,0.18727941917918728,True,completed_without_exception,optimal,,0.12758770000073127,optimal,,,,,,0.10000001157562322,0.5724471206461449,CLARABEL,OSQP
CRIME,5,4,41777,GBM,"{'reg_lambda': 20, 'reg_alpha': 0, 'num_leaves': np.int64(24), 'n_estimators': np.int64(48), 'min_child_samples': np.int64(12), 'max_depth': np.int64(2)}",paper,Fair-transport,,0.2,0.47619047619047616,0.246949682363618,True,completed_without_exception,optimal,,0.12901980000242474,optimal,,,,,,0.20000000455054956,0.5424420685355994,CLARABEL,OSQP
CRIME,5,4,41777,GBM,"{'reg_lambda': 20, 'reg_alpha': 0, 'num_leaves': np.int64(24), 'n_estimators': np.int64(48), 'min_child_samples': np.int64(12), 'max_depth': np.int64(2)}",paper,Fair-transport,,0.3,0.47117794486215536,0.33243420389230616,True,completed_without_exception,optimal,,0.13180610000199522,optimal,,,,,,0.30000000574375185,0.5183735268363233,CLARABEL,OSQP
CRIME,5,4,41777,GBM,"{'reg_lambda': 20, 'reg_alpha': 0, 'num_leaves': np.int64(24), 'n_estimators': np.int64(48), 'min_child_samples': np.int64(12), 'max_depth': np.int64(2)}",paper,Fair-transport,,0.4,0.49373433583959897,0.4136835736613895,True,completed_without_exception,optimal,,0.09149190000243834,optimal,,,,,,0.40000000027808014,0.5062040102180502,CLARABEL,OSQP
CRIME,5,5,51777,reglog,{},paper,Unfair,,,0.49874686716791977,0.40290969395447007,True,not_applicable,not applicable,0.0,0.0,not_applicable,,,,,,,,,
CRIME,5,5,51777,reglog,{},paper,Our Eps-Fair,0.0,,0.3583959899749373,0.0904568068747173,True,0,Optimization terminated successfully,29.0,0.08044109999900684,completed_without_exception,,,,,,,,,
CRIME,5,5,51777,reglog,{},paper,Our Eps-Fair,0.1,,0.38596491228070173,0.1531735263078547,True,0,Optimization terminated successfully,17.0,0.04513960000258521,completed_without_exception,,,,,,,,,
CRIME,5,5,51777,reglog,{},paper,Our Eps-Fair,0.2,,0.43609022556390975,0.22320217096336498,True,0,Optimization terminated successfully,22.0,0.048504899998079054,completed_without_exception,,,,,,,,,
CRIME,5,5,51777,reglog,{},paper,Our Eps-Fair,0.3,,0.46867167919799496,0.3038594904266546,True,0,Optimization terminated successfully,15.0,0.03465480000159005,completed_without_exception,,,,,,,,,
CRIME,5,5,51777,reglog,{},paper,Our Eps-Fair,0.4,,0.49373433583959897,0.37449118046132973,True,0,Optimization terminated successfully,12.0,0.02618129999973462,completed_without_exception,,,,,,,,,
CRIME,5,5,51777,reglog,{},paper,Our Eps-Fair,0.5,,0.49874686716791977,0.40290969395447007,True,0,Optimization terminated successfully,1.0,0.002487900001142407,completed_without_exception,,,,,,,,,
CRIME,5,5,51777,reglog,{},paper,FairProjection,,0.0,,,False,failed,RuntimeError('`tf.data.Dataset` only supports Python-style iteration in eager mode or within tf.function.'),,,not_completed,,2.0,500.0,cross-entropy,tf,,,,
CRIME,5,5,51777,reglog,{},paper,FairProjection,,0.1,,,False,failed,RuntimeError('`tf.data.Dataset` only supports Python-style iteration in eager mode or within tf.function.'),,,not_completed,,2.0,500.0,cross-entropy,tf,,,,
CRIME,5,5,51777,reglog,{},paper,FairProjection,,0.2,,,False,failed,RuntimeError('`tf.data.Dataset` only supports Python-style iteration in eager mode or within tf.function.'),,,not_completed,,2.0,500.0,cross-entropy,tf,,,,
CRIME,5,5,51777,reglog,{},paper,FairProjection,,0.5,,,False,failed,RuntimeError('`tf.data.Dataset` only supports Python-style iteration in eager mode or within tf.function.'),,,not_completed,,2.0,500.0,cross-entropy,tf,,,,
CRIME,5,5,51777,reglog,{},paper,FairProjection,,0.75,,,False,failed,RuntimeError('`tf.data.Dataset` only supports Python-style iteration in eager mode or within tf.function.'),,,not_completed,,2.0,500.0,cross-entropy,tf,,,,
CRIME,5,5,51777,reglog,{},paper,Fair-transport,,0.0,0.37092731829573933,0.11352329262777025,True,completed_without_exception,optimal,,0.12879880000036792,optimal,,,,,,1.2632657753197662e-08,0.6287147658281621,CLARABEL,OSQP
CRIME,5,5,51777,reglog,{},paper,Fair-transport,,0.1,0.38345864661654133,0.1381727725011307,True,completed_without_exception,optimal,,0.1261412999992899,optimal,,,,,,0.10000000094745648,0.5922561571394551,CLARABEL,OSQP
CRIME,5,5,51777,reglog,{},paper,Fair-transport,,0.2,0.44611528822055135,0.2281772953414744,True,completed_without_exception,optimal,,0.12808769999901415,optimal,,,,,,0.20000000882400537,0.5592625499183266,CLARABEL,OSQP
CRIME,5,5,51777,reglog,{},paper,Fair-transport,,0.3,0.46867167919799496,0.3089099954771597,True,completed_without_exception,optimal,,0.12789449999763747,optimal,,,,,,0.30000000061291154,0.5321525236202191,CLARABEL,OSQP
CRIME,5,5,51777,reglog,{},paper,Fair-transport,,0.4,0.49373433583959897,0.37449118046132973,True,completed_without_exception,optimal,,0.12583370000356808,optimal,,,,,,0.40000000036269023,0.5219270135262736,CLARABEL,OSQP
CRIME,5,5,51777,RF,"{'n_estimators': np.int64(73), 'min_samples_split': np.int64(10), 'min_samples_leaf': np.int64(2), 'max_depth': np.int64(11)}",paper,Unfair,,,0.5112781954887218,0.373134328358209,True,not_applicable,not applicable,0.0,0.0,not_applicable,,,,,,,,,
CRIME,5,5,51777,RF,"{'n_estimators': np.int64(73), 'min_samples_split': np.int64(10), 'min_samples_leaf': np.int64(2), 'max_depth': np.int64(11)}",paper,Our Eps-Fair,0.0,,0.40350877192982454,0.08518015980702548,True,0,Optimization terminated successfully,20.0,0.041749300002265954,completed_without_exception,,,,,,,,,
CRIME,5,5,51777,RF,"{'n_estimators': np.int64(73), 'min_samples_split': np.int64(10), 'min_samples_leaf': np.int64(2), 'max_depth': np.int64(11)}",paper,Our Eps-Fair,0.1,,0.44611528822055135,0.09219056233981607,True,0,Optimization terminated successfully,21.0,0.04591269999946235,completed_without_exception,,,,,,,,,
CRIME,5,5,51777,RF,"{'n_estimators': np.int64(73), 'min_samples_split': np.int64(10), 'min_samples_leaf': np.int64(2), 'max_depth': np.int64(11)}",paper,Our Eps-Fair,0.2,,0.46867167919799496,0.2022463440373888,True,0,Optimization terminated successfully,20.0,0.04288920000180951,completed_without_exception,,,,,,,,,
CRIME,5,5,51777,RF,"{'n_estimators': np.int64(73), 'min_samples_split': np.int64(10), 'min_samples_leaf': np.int64(2), 'max_depth': np.int64(11)}",paper,Our Eps-Fair,0.3,,0.48370927318295737,0.3073270013568521,True,0,Optimization terminated successfully,26.0,0.05606099999931757,completed_without_exception,,,,,,,,,
CRIME,5,5,51777,RF,"{'n_estimators': np.int64(73), 'min_samples_split': np.int64(10), 'min_samples_leaf': np.int64(2), 'max_depth': np.int64(11)}",paper,Our Eps-Fair,0.4,,0.5087719298245614,0.3681592039800995,True,0,Optimization terminated successfully,10.0,0.022625599998718826,completed_without_exception,,,,,,,,,
CRIME,5,5,51777,RF,"{'n_estimators': np.int64(73), 'min_samples_split': np.int64(10), 'min_samples_leaf': np.int64(2), 'max_depth': np.int64(11)}",paper,Our Eps-Fair,0.5,,0.5112781954887218,0.373134328358209,True,0,Optimization terminated successfully,1.0,0.0023106999979063403,completed_without_exception,,,,,,,,,
CRIME,5,5,51777,RF,"{'n_estimators': np.int64(73), 'min_samples_split': np.int64(10), 'min_samples_leaf': np.int64(2), 'max_depth': np.int64(11)}",paper,FairProjection,,0.0,,,False,failed,RuntimeError('`tf.data.Dataset` only supports Python-style iteration in eager mode or within tf.function.'),,,not_completed,,2.0,500.0,cross-entropy,tf,,,,
CRIME,5,5,51777,RF,"{'n_estimators': np.int64(73), 'min_samples_split': np.int64(10), 'min_samples_leaf': np.int64(2), 'max_depth': np.int64(11)}",paper,FairProjection,,0.1,,,False,failed,RuntimeError('`tf.data.Dataset` only supports Python-style iteration in eager mode or within tf.function.'),,,not_completed,,2.0,500.0,cross-entropy,tf,,,,
CRIME,5,5,51777,RF,"{'n_estimators': np.int64(73), 'min_samples_split': np.int64(10), 'min_samples_leaf': np.int64(2), 'max_depth': np.int64(11)}",paper,FairProjection,,0.2,,,False,failed,RuntimeError('`tf.data.Dataset` only supports Python-style iteration in eager mode or within tf.function.'),,,not_completed,,2.0,500.0,cross-entropy,tf,,,,
CRIME,5,5,51777,RF,"{'n_estimators': np.int64(73), 'min_samples_split': np.int64(10), 'min_samples_leaf': np.int64(2), 'max_depth': np.int64(11)}",paper,FairProjection,,0.5,,,False,failed,RuntimeError('`tf.data.Dataset` only supports Python-style iteration in eager mode or within tf.function.'),,,not_completed,,2.0,500.0,cross-entropy,tf,,,,
CRIME,5,5,51777,RF,"{'n_estimators': np.int64(73), 'min_samples_split': np.int64(10), 'min_samples_leaf': np.int64(2), 'max_depth': np.int64(11)}",paper,FairProjection,,0.75,,,False,failed,RuntimeError('`tf.data.Dataset` only supports Python-style iteration in eager mode or within tf.function.'),,,not_completed,,2.0,500.0,cross-entropy,tf,,,,
CRIME,5,5,51777,RF,"{'n_estimators': np.int64(73), 'min_samples_split': np.int64(10), 'min_samples_leaf': np.int64(2), 'max_depth': np.int64(11)}",paper,Fair-transport,,0.0,0.41604010025062654,0.02201115633951456,True,completed_without_exception,optimal,,0.12855750000016997,optimal,,,,,,9.562581088085054e-09,0.6114187953305716,CLARABEL,OSQP
CRIME,5,5,51777,RF,"{'n_estimators': np.int64(73), 'min_samples_split': np.int64(10), 'min_samples_leaf': np.int64(2), 'max_depth': np.int64(11)}",paper,Fair-transport,,0.1,0.44360902255639095,0.1170661842303633,True,completed_without_exception,optimal,,0.1253476000019873,optimal,,,,,,0.1000000030833767,0.5755868197762759,CLARABEL,OSQP
CRIME,5,5,51777,RF,"{'n_estimators': np.int64(73), 'min_samples_split': np.int64(10), 'min_samples_leaf': np.int64(2), 'max_depth': np.int64(11)}",paper,Fair-transport,,0.2,0.47117794486215536,0.2123473541383989,True,completed_without_exception,optimal,,0.126965299998119,optimal,,,,,,0.20000000872080415,0.5437915204695309,CLARABEL,OSQP
CRIME,5,5,51777,RF,"{'n_estimators': np.int64(73), 'min_samples_split': np.int64(10), 'min_samples_leaf': np.int64(2), 'max_depth': np.int64(11)}",paper,Fair-transport,,0.3,0.48120300751879697,0.3405698778833107,True,completed_without_exception,optimal,,0.12655660000018543,optimal,,,,,,0.3000000039039473,0.5218933963911322,CLARABEL,OSQP
CRIME,5,5,51777,RF,"{'n_estimators': np.int64(73), 'min_samples_split': np.int64(10), 'min_samples_leaf': np.int64(2), 'max_depth': np.int64(11)}",paper,Fair-transport,,0.4,0.5238095238095238,0.36808382330770395,True,completed_without_exception,optimal,,0.12140679999720305,optimal,,,,,,0.40000000162374444,0.5169985918653394,CLARABEL,OSQP
CRIME,5,5,51777,GBM,"{'reg_lambda': 0.1, 'reg_alpha': 10, 'num_leaves': np.int64(23), 'n_estimators': np.int64(187), 'min_child_samples': np.int64(20), 'max_depth': np.int64(14)}",paper,Unfair,,,0.49874686716791977,0.412859942710689,True,not_applicable,not applicable,0.0,0.0,not_applicable,,,,,,,,,
CRIME,5,5,51777,GBM,"{'reg_lambda': 0.1, 'reg_alpha': 10, 'num_leaves': np.int64(23), 'n_estimators': np.int64(187), 'min_child_samples': np.int64(20), 'max_depth': np.int64(14)}",paper,Our Eps-Fair,0.0,,0.38596491228070173,0.05759083371023671,True,0,Optimization terminated successfully,23.0,0.0552903999996488,completed_without_exception,,,,,,,,,
CRIME,5,5,51777,GBM,"{'reg_lambda': 0.1, 'reg_alpha': 10, 'num_leaves': np.int64(23), 'n_estimators': np.int64(187), 'min_child_samples': np.int64(20), 'max_depth': np.int64(14)}",paper,Our Eps-Fair,0.1,,0.41854636591478694,0.1388511985526911,True,0,Optimization terminated successfully,24.0,0.06271509999714908,completed_without_exception,,,,,,,,,
CRIME,5,5,51777,GBM,"{'reg_lambda': 0.1, 'reg_alpha': 10, 'num_leaves': np.int64(23), 'n_estimators': np.int64(187), 'min_child_samples': np.int64(20), 'max_depth': np.int64(14)}",paper,Our Eps-Fair,0.2,,0.44110275689223055,0.22365445499773856,True,0,Optimization terminated successfully,29.0,0.06543530000271858,completed_without_exception,,,,,,,,,
CRIME,5,5,51777,GBM,"{'reg_lambda': 0.1, 'reg_alpha': 10, 'num_leaves': np.int64(23), 'n_estimators': np.int64(187), 'min_child_samples': np.int64(20), 'max_depth': np.int64(14)}",paper,Our Eps-Fair,0.3,,0.49624060150375937,0.3239107492838836,True,0,Optimization terminated successfully,19.0,0.04418150000128662,completed_without_exception,,,,,,,,,
CRIME,5,5,51777,GBM,"{'reg_lambda': 0.1, 'reg_alpha': 10, 'num_leaves': np.int64(23), 'n_estimators': np.int64(187), 'min_child_samples': np.int64(20), 'max_depth': np.int64(14)}",paper,Our Eps-Fair,0.4,,0.49624060150375937,0.39793456957636064,True,0,Optimization terminated successfully,6.0,0.01264420000006794,completed_without_exception,,,,,,,,,
CRIME,5,5,51777,GBM,"{'reg_lambda': 0.1, 'reg_alpha': 10, 'num_leaves': np.int64(23), 'n_estimators': np.int64(187), 'min_child_samples': np.int64(20), 'max_depth': np.int64(14)}",paper,Our Eps-Fair,0.5,,0.49874686716791977,0.412859942710689,True,0,Optimization terminated successfully,1.0,0.0022165000009408686,completed_without_exception,,,,,,,,,
CRIME,5,5,51777,GBM,"{'reg_lambda': 0.1, 'reg_alpha': 10, 'num_leaves': np.int64(23), 'n_estimators': np.int64(187), 'min_child_samples': np.int64(20), 'max_depth': np.int64(14)}",paper,FairProjection,,0.0,,,False,failed,RuntimeError('`tf.data.Dataset` only supports Python-style iteration in eager mode or within tf.function.'),,,not_completed,,2.0,500.0,cross-entropy,tf,,,,
CRIME,5,5,51777,GBM,"{'reg_lambda': 0.1, 'reg_alpha': 10, 'num_leaves': np.int64(23), 'n_estimators': np.int64(187), 'min_child_samples': np.int64(20), 'max_depth': np.int64(14)}",paper,FairProjection,,0.1,,,False,failed,RuntimeError('`tf.data.Dataset` only supports Python-style iteration in eager mode or within tf.function.'),,,not_completed,,2.0,500.0,cross-entropy,tf,,,,
CRIME,5,5,51777,GBM,"{'reg_lambda': 0.1, 'reg_alpha': 10, 'num_leaves': np.int64(23), 'n_estimators': np.int64(187), 'min_child_samples': np.int64(20), 'max_depth': np.int64(14)}",paper,FairProjection,,0.2,,,False,failed,RuntimeError('`tf.data.Dataset` only supports Python-style iteration in eager mode or within tf.function.'),,,not_completed,,2.0,500.0,cross-entropy,tf,,,,
CRIME,5,5,51777,GBM,"{'reg_lambda': 0.1, 'reg_alpha': 10, 'num_leaves': np.int64(23), 'n_estimators': np.int64(187), 'min_child_samples': np.int64(20), 'max_depth': np.int64(14)}",paper,FairProjection,,0.5,,,False,failed,RuntimeError('`tf.data.Dataset` only supports Python-style iteration in eager mode or within tf.function.'),,,not_completed,,2.0,500.0,cross-entropy,tf,,,,
CRIME,5,5,51777,GBM,"{'reg_lambda': 0.1, 'reg_alpha': 10, 'num_leaves': np.int64(23), 'n_estimators': np.int64(187), 'min_child_samples': np.int64(20), 'max_depth': np.int64(14)}",paper,FairProjection,,0.75,,,False,failed,RuntimeError('`tf.data.Dataset` only supports Python-style iteration in eager mode or within tf.function.'),,,not_completed,,2.0,500.0,cross-entropy,tf,,,,
CRIME,5,5,51777,GBM,"{'reg_lambda': 0.1, 'reg_alpha': 10, 'num_leaves': np.int64(23), 'n_estimators': np.int64(187), 'min_child_samples': np.int64(20), 'max_depth': np.int64(14)}",paper,Fair-transport,,0.0,0.39348370927318294,0.041534750489974376,True,completed_without_exception,optimal,,0.13028049999775249,optimal,,,,,,1.5669356895342545e-08,0.5704764212512907,CLARABEL,OSQP
CRIME,5,5,51777,GBM,"{'reg_lambda': 0.1, 'reg_alpha': 10, 'num_leaves': np.int64(23), 'n_estimators': np.int64(187), 'min_child_samples': np.int64(20), 'max_depth': np.int64(14)}",paper,Fair-transport,,0.1,0.41102756892230574,0.12746871702095583,True,completed_without_exception,optimal,,0.12624460000006366,optimal,,,,,,0.10000000126294023,0.5302981672042107,CLARABEL,OSQP
CRIME,5,5,51777,GBM,"{'reg_lambda': 0.1, 'reg_alpha': 10, 'num_leaves': np.int64(23), 'n_estimators': np.int64(187), 'min_child_samples': np.int64(20), 'max_depth': np.int64(14)}",paper,Fair-transport,,0.2,0.46365914786967416,0.25244987185285694,True,completed_without_exception,optimal,,0.1267755999979272,optimal,,,,,,0.2000000007450156,0.4968752704987733,CLARABEL,OSQP
CRIME,5,5,51777,GBM,"{'reg_lambda': 0.1, 'reg_alpha': 10, 'num_leaves': np.int64(23), 'n_estimators': np.int64(187), 'min_child_samples': np.int64(20), 'max_depth': np.int64(14)}",paper,Fair-transport,,0.3,0.49874686716791977,0.3239107492838836,True,completed_without_exception,optimal,,0.1278160999972897,optimal,,,,,,0.3000000104087974,0.4730528388640979,CLARABEL,OSQP
CRIME,5,5,51777,GBM,"{'reg_lambda': 0.1, 'reg_alpha': 10, 'num_leaves': np.int64(23), 'n_estimators': np.int64(187), 'min_child_samples': np.int64(20), 'max_depth': np.int64(14)}",paper,Fair-transport,,0.4,0.48872180451127817,0.3946178199909543,True,completed_without_exception,optimal,,0.1242294999974547,optimal,,,,,,0.40000000348079934,0.46571400355109616,CLARABEL,OSQP
CRIME,5,6,61777,reglog,{},paper,Unfair,,,0.5213032581453634,0.5094292180035203,True,not_applicable,not applicable,0.0,0.0,not_applicable,,,,,,,,,
CRIME,5,6,61777,reglog,{},paper,Our Eps-Fair,0.0,,0.37844611528822053,0.08594417902941914,True,0,Optimization terminated successfully,29.0,0.08420359999945504,completed_without_exception,,,,,,,,,
CRIME,5,6,61777,reglog,{},paper,Our Eps-Fair,0.1,,0.42857142857142855,0.11433241136535076,True,0,Optimization terminated successfully,20.0,0.047268199999962235,completed_without_exception,,,,,,,,,
CRIME,5,6,61777,reglog,{},paper,Our Eps-Fair,0.2,,0.48621553884711777,0.30771938647221525,True,0,Optimization terminated successfully,21.0,0.046602899998106295,completed_without_exception,,,,,,,,,
CRIME,5,6,61777,reglog,{},paper,Our Eps-Fair,0.3,,0.49624060150375937,0.36902187578576817,True,0,Optimization terminated successfully,20.0,0.04500659999757772,completed_without_exception,,,,,,,,,
CRIME,5,6,61777,reglog,{},paper,Our Eps-Fair,0.4,,0.5037593984962406,0.40211214483278857,True,0,Optimization terminated successfully,12.0,0.02659480000147596,completed_without_exception,,,,,,,,,
CRIME,5,6,61777,reglog,{},paper,Our Eps-Fair,0.5,,0.518796992481203,0.46552677897913003,True,0,Optimization terminated successfully,11.0,0.025761400000192225,completed_without_exception,,,,,,,,,
CRIME,5,6,61777,reglog,{},paper,FairProjection,,0.0,,,False,failed,RuntimeError('`tf.data.Dataset` only supports Python-style iteration in eager mode or within tf.function.'),,,not_completed,,2.0,500.0,cross-entropy,tf,,,,
CRIME,5,6,61777,reglog,{},paper,FairProjection,,0.1,,,False,failed,RuntimeError('`tf.data.Dataset` only supports Python-style iteration in eager mode or within tf.function.'),,,not_completed,,2.0,500.0,cross-entropy,tf,,,,
CRIME,5,6,61777,reglog,{},paper,FairProjection,,0.2,,,False,failed,RuntimeError('`tf.data.Dataset` only supports Python-style iteration in eager mode or within tf.function.'),,,not_completed,,2.0,500.0,cross-entropy,tf,,,,
CRIME,5,6,61777,reglog,{},paper,FairProjection,,0.5,,,False,failed,RuntimeError('`tf.data.Dataset` only supports Python-style iteration in eager mode or within tf.function.'),,,not_completed,,2.0,500.0,cross-entropy,tf,,,,
CRIME,5,6,61777,reglog,{},paper,FairProjection,,0.75,,,False,failed,RuntimeError('`tf.data.Dataset` only supports Python-style iteration in eager mode or within tf.function.'),,,not_completed,,2.0,500.0,cross-entropy,tf,,,,
CRIME,5,6,61777,reglog,{},paper,Fair-transport,,0.0,0.37343358395989973,0.11171737490570782,True,completed_without_exception,optimal,,0.12811279999732506,optimal,,,,,,2.3114549163594234e-09,0.6398517031171224,CLARABEL,OSQP
CRIME,5,6,61777,reglog,{},paper,Fair-transport,,0.1,0.43859649122807015,0.14498365602212726,True,completed_without_exception,optimal,,0.15810719999717548,optimal,,,,,,0.10000000088443889,0.6045794584072268,CLARABEL,OSQP
CRIME,5,6,61777,reglog,{},paper,Fair-transport,,0.2,0.48370927318295737,0.3180286648227307,True,completed_without_exception,optimal,,0.13930400000026566,optimal,,,,,,0.20000000360218312,0.5733351327456233,CLARABEL,OSQP
CRIME,5,6,61777,reglog,{},paper,Fair-transport,,0.3,0.49874686716791977,0.31830525521750064,True,completed_without_exception,optimal,,0.12909319999744184,optimal,,,,,,0.30000001091904027,0.5476769665286121,CLARABEL,OSQP
CRIME,5,6,61777,reglog,{},paper,Fair-transport,,0.4,0.5087719298245614,0.416746291174252,True,completed_without_exception,optimal,,0.12691609999819775,optimal,,,,,,0.4000000007691947,0.5306469210070593,CLARABEL,OSQP
CRIME,5,6,61777,RF,"{'n_estimators': np.int64(51), 'min_samples_split': np.int64(4), 'min_samples_leaf': np.int64(5), 'max_depth': np.int64(12)}",paper,Unfair,,,0.5388471177944862,0.4809906965049032,True,not_applicable,not applicable,0.0,0.0,not_applicable,,,,,,,,,
CRIME,5,6,61777,RF,"{'n_estimators': np.int64(51), 'min_samples_split': np.int64(4), 'min_samples_leaf': np.int64(5), 'max_depth': np.int64(12)}",paper,Our Eps-Fair,0.0,,0.39598997493734334,0.024918280110636126,True,0,Optimization terminated successfully,17.0,0.037727899998571957,completed_without_exception,,,,,,,,,
CRIME,5,6,61777,RF,"{'n_estimators': np.int64(51), 'min_samples_split': np.int64(4), 'min_samples_leaf': np.int64(5), 'max_depth': np.int64(12)}",paper,Our Eps-Fair,0.1,,0.44862155388471175,0.11134020618556706,True,0,Optimization terminated successfully,30.0,0.07289929999751621,completed_without_exception,,,,,,,,,
CRIME,5,6,61777,RF,"{'n_estimators': np.int64(51), 'min_samples_split': np.int64(4), 'min_samples_leaf': np.int64(5), 'max_depth': np.int64(12)}",paper,Our Eps-Fair,0.2,,0.47368421052631576,0.24508423434749815,True,0,Optimization terminated successfully,19.0,0.05316279999897233,completed_without_exception,,,,,,,,,
CRIME,5,6,61777,RF,"{'n_estimators': np.int64(51), 'min_samples_split': np.int64(4), 'min_samples_leaf': np.int64(5), 'max_depth': np.int64(12)}",paper,Our Eps-Fair,0.3,,0.5162907268170426,0.36198139300980636,True,0,Optimization terminated successfully,20.0,0.05486440000095172,completed_without_exception,,,,,,,,,
CRIME,5,6,61777,RF,"{'n_estimators': np.int64(51), 'min_samples_split': np.int64(4), 'min_samples_leaf': np.int64(5), 'max_depth': np.int64(12)}",paper,Our Eps-Fair,0.4,,0.5137844611528822,0.4270555695247674,True,0,Optimization terminated successfully,15.0,0.038243200000579236,completed_without_exception,,,,,,,,,
CRIME,5,6,61777,RF,"{'n_estimators': np.int64(51), 'min_samples_split': np.int64(4), 'min_samples_leaf': np.int64(5), 'max_depth': np.int64(12)}",paper,Our Eps-Fair,0.5,,0.5388471177944862,0.4809906965049032,True,0,Optimization terminated successfully,1.0,0.0023326000009546988,completed_without_exception,,,,,,,,,
CRIME,5,6,61777,RF,"{'n_estimators': np.int64(51), 'min_samples_split': np.int64(4), 'min_samples_leaf': np.int64(5), 'max_depth': np.int64(12)}",paper,FairProjection,,0.0,,,False,failed,RuntimeError('`tf.data.Dataset` only supports Python-style iteration in eager mode or within tf.function.'),,,not_completed,,2.0,500.0,cross-entropy,tf,,,,
CRIME,5,6,61777,RF,"{'n_estimators': np.int64(51), 'min_samples_split': np.int64(4), 'min_samples_leaf': np.int64(5), 'max_depth': np.int64(12)}",paper,FairProjection,,0.1,,,False,failed,RuntimeError('`tf.data.Dataset` only supports Python-style iteration in eager mode or within tf.function.'),,,not_completed,,2.0,500.0,cross-entropy,tf,,,,
CRIME,5,6,61777,RF,"{'n_estimators': np.int64(51), 'min_samples_split': np.int64(4), 'min_samples_leaf': np.int64(5), 'max_depth': np.int64(12)}",paper,FairProjection,,0.2,,,False,failed,RuntimeError('`tf.data.Dataset` only supports Python-style iteration in eager mode or within tf.function.'),,,not_completed,,2.0,500.0,cross-entropy,tf,,,,
CRIME,5,6,61777,RF,"{'n_estimators': np.int64(51), 'min_samples_split': np.int64(4), 'min_samples_leaf': np.int64(5), 'max_depth': np.int64(12)}",paper,FairProjection,,0.5,,,False,failed,RuntimeError('`tf.data.Dataset` only supports Python-style iteration in eager mode or within tf.function.'),,,not_completed,,2.0,500.0,cross-entropy,tf,,,,
CRIME,5,6,61777,RF,"{'n_estimators': np.int64(51), 'min_samples_split': np.int64(4), 'min_samples_leaf': np.int64(5), 'max_depth': np.int64(12)}",paper,FairProjection,,0.75,,,False,failed,RuntimeError('`tf.data.Dataset` only supports Python-style iteration in eager mode or within tf.function.'),,,not_completed,,2.0,500.0,cross-entropy,tf,,,,
CRIME,5,6,61777,RF,"{'n_estimators': np.int64(51), 'min_samples_split': np.int64(4), 'min_samples_leaf': np.int64(5), 'max_depth': np.int64(12)}",paper,Fair-transport,,0.0,0.39348370927318294,0.03296454614030675,True,completed_without_exception,optimal,,0.1273031999990053,optimal,,,,,,4.1557281504900345e-09,0.619565684256918,CLARABEL,OSQP
CRIME,5,6,61777,RF,"{'n_estimators': np.int64(51), 'min_samples_split': np.int64(4), 'min_samples_leaf': np.int64(5), 'max_depth': np.int64(12)}",paper,Fair-transport,,0.1,0.43859649122807015,0.08750314307266782,True,completed_without_exception,optimal,,0.12274669999897014,optimal,,,,,,0.10000000104940737,0.5859289858307914,CLARABEL,OSQP
CRIME,5,6,61777,RF,"{'n_estimators': np.int64(51), 'min_samples_split': np.int64(4), 'min_samples_leaf': np.int64(5), 'max_depth': np.int64(12)}",paper,Fair-transport,,0.2,0.48370927318295737,0.25567010309278354,True,completed_without_exception,optimal,,0.12851140000202577,optimal,,,,,,0.20000000257773148,0.5568277083428644,CLARABEL,OSQP
CRIME,5,6,61777,RF,"{'n_estimators': np.int64(51), 'min_samples_split': np.int64(4), 'min_samples_leaf': np.int64(5), 'max_depth': np.int64(12)}",paper,Fair-transport,,0.3,0.518796992481203,0.3622579834045763,True,completed_without_exception,optimal,,0.1246357000018179,optimal,,,,,,0.3000000032232027,0.5344097969714146,CLARABEL,OSQP
CRIME,5,6,61777,RF,"{'n_estimators': np.int64(51), 'min_samples_split': np.int64(4), 'min_samples_leaf': np.int64(5), 'max_depth': np.int64(12)}",paper,Fair-transport,,0.4,0.518796992481203,0.4270555695247674,True,completed_without_exception,optimal,,0.12205720000201836,optimal,,,,,,0.40000000123068064,0.5239419049189745,CLARABEL,OSQP
CRIME,5,6,61777,GBM,"{'reg_lambda': 5, 'reg_alpha': 10, 'num_leaves': np.int64(41), 'n_estimators': np.int64(119), 'min_child_samples': np.int64(70), 'max_depth': np.int64(8)}",paper,Unfair,,,0.5213032581453634,0.4566004526024642,True,not_applicable,not applicable,0.0,0.0,not_applicable,,,,,,,,,
CRIME,5,6,61777,GBM,"{'reg_lambda': 5, 'reg_alpha': 10, 'num_leaves': np.int64(41), 'n_estimators': np.int64(119), 'min_child_samples': np.int64(70), 'max_depth': np.int64(8)}",paper,Our Eps-Fair,0.0,,0.40601503759398494,0.05390998239879308,True,0,Optimization terminated successfully,24.0,0.05876200000056997,completed_without_exception,,,,,,,,,
CRIME,5,6,61777,GBM,"{'reg_lambda': 5, 'reg_alpha': 10, 'num_leaves': np.int64(41), 'n_estimators': np.int64(119), 'min_child_samples': np.int64(70), 'max_depth': np.int64(8)}",paper,Our Eps-Fair,0.1,,0.43107769423558895,0.12464168971586624,True,0,Optimization terminated successfully,19.0,0.043000000001484295,completed_without_exception,,,,,,,,,
CRIME,5,6,61777,GBM,"{'reg_lambda': 5, 'reg_alpha': 10, 'num_leaves': np.int64(41), 'n_estimators': np.int64(119), 'min_child_samples': np.int64(70), 'max_depth': np.int64(8)}",paper,Our Eps-Fair,0.2,,0.46115288220551376,0.23045008800603473,True,0,Optimization terminated successfully,23.0,0.05084100000021863,completed_without_exception,,,,,,,,,
CRIME,5,6,61777,GBM,"{'reg_lambda': 5, 'reg_alpha': 10, 'num_leaves': np.int64(41), 'n_estimators': np.int64(119), 'min_child_samples': np.int64(70), 'max_depth': np.int64(8)}",paper,Our Eps-Fair,0.3,,0.49624060150375937,0.35926577822479255,True,0,Optimization terminated successfully,23.0,0.05138819999774569,completed_without_exception,,,,,,,,,
CRIME,5,6,61777,GBM,"{'reg_lambda': 5, 'reg_alpha': 10, 'num_leaves': np.int64(41), 'n_estimators': np.int64(119), 'min_child_samples': np.int64(70), 'max_depth': np.int64(8)}",paper,Our Eps-Fair,0.4,,0.5388471177944862,0.39778727684184056,True,0,Optimization terminated successfully,17.0,0.03885620000073686,completed_without_exception,,,,,,,,,
CRIME,5,6,61777,GBM,"{'reg_lambda': 5, 'reg_alpha': 10, 'num_leaves': np.int64(41), 'n_estimators': np.int64(119), 'min_child_samples': np.int64(70), 'max_depth': np.int64(8)}",paper,Our Eps-Fair,0.5,,0.5263157894736842,0.4566004526024642,True,0,Optimization terminated successfully,12.0,0.03228070000113803,completed_without_exception,,,,,,,,,
CRIME,5,6,61777,GBM,"{'reg_lambda': 5, 'reg_alpha': 10, 'num_leaves': np.int64(41), 'n_estimators': np.int64(119), 'min_child_samples': np.int64(70), 'max_depth': np.int64(8)}",paper,FairProjection,,0.0,,,False,failed,RuntimeError('`tf.data.Dataset` only supports Python-style iteration in eager mode or within tf.function.'),,,not_completed,,2.0,500.0,cross-entropy,tf,,,,
CRIME,5,6,61777,GBM,"{'reg_lambda': 5, 'reg_alpha': 10, 'num_leaves': np.int64(41), 'n_estimators': np.int64(119), 'min_child_samples': np.int64(70), 'max_depth': np.int64(8)}",paper,FairProjection,,0.1,,,False,failed,RuntimeError('`tf.data.Dataset` only supports Python-style iteration in eager mode or within tf.function.'),,,not_completed,,2.0,500.0,cross-entropy,tf,,,,
CRIME,5,6,61777,GBM,"{'reg_lambda': 5, 'reg_alpha': 10, 'num_leaves': np.int64(41), 'n_estimators': np.int64(119), 'min_child_samples': np.int64(70), 'max_depth': np.int64(8)}",paper,FairProjection,,0.2,,,False,failed,RuntimeError('`tf.data.Dataset` only supports Python-style iteration in eager mode or within tf.function.'),,,not_completed,,2.0,500.0,cross-entropy,tf,,,,
CRIME,5,6,61777,GBM,"{'reg_lambda': 5, 'reg_alpha': 10, 'num_leaves': np.int64(41), 'n_estimators': np.int64(119), 'min_child_samples': np.int64(70), 'max_depth': np.int64(8)}",paper,FairProjection,,0.5,,,False,failed,RuntimeError('`tf.data.Dataset` only supports Python-style iteration in eager mode or within tf.function.'),,,not_completed,,2.0,500.0,cross-entropy,tf,,,,
CRIME,5,6,61777,GBM,"{'reg_lambda': 5, 'reg_alpha': 10, 'num_leaves': np.int64(41), 'n_estimators': np.int64(119), 'min_child_samples': np.int64(70), 'max_depth': np.int64(8)}",paper,FairProjection,,0.75,,,False,failed,RuntimeError('`tf.data.Dataset` only supports Python-style iteration in eager mode or within tf.function.'),,,not_completed,,2.0,500.0,cross-entropy,tf,,,,
CRIME,5,6,61777,GBM,"{'reg_lambda': 5, 'reg_alpha': 10, 'num_leaves': np.int64(41), 'n_estimators': np.int64(119), 'min_child_samples': np.int64(70), 'max_depth': np.int64(8)}",paper,Fair-transport,,0.0,0.40100250626566414,0.0837314558712598,True,completed_without_exception,optimal,,0.155683200002386,optimal,,,,,,9.798969358154608e-09,0.5952457893097631,CLARABEL,OSQP
CRIME,5,6,61777,GBM,"{'reg_lambda': 5, 'reg_alpha': 10, 'num_leaves': np.int64(41), 'n_estimators': np.int64(119), 'min_child_samples': np.int64(70), 'max_depth': np.int64(8)}",paper,Fair-transport,,0.1,0.46365914786967416,0.2622076942418909,True,completed_without_exception,optimal,,0.4341089999979886,optimal,,,,,,0.1000000235948888,0.5588354731691636,CLARABEL,OSQP
CRIME,5,6,61777,GBM,"{'reg_lambda': 5, 'reg_alpha': 10, 'num_leaves': np.int64(41), 'n_estimators': np.int64(119), 'min_child_samples': np.int64(70), 'max_depth': np.int64(8)}",paper,Fair-transport,,0.2,0.45864661654135336,0.25106864470706564,True,completed_without_exception,optimal,,0.12641179999991436,optimal,,,,,,0.20000000427695577,0.5269284084756327,CLARABEL,OSQP
CRIME,5,6,61777,GBM,"{'reg_lambda': 5, 'reg_alpha': 10, 'num_leaves': np.int64(41), 'n_estimators': np.int64(119), 'min_child_samples': np.int64(70), 'max_depth': np.int64(8)}",paper,Fair-transport,,0.3,0.49624060150375937,0.39534825245159666,True,completed_without_exception,optimal,,0.12793489999967278,optimal,,,,,,0.3000000014019812,0.5007798428358626,CLARABEL,OSQP
CRIME,5,6,61777,GBM,"{'reg_lambda': 5, 'reg_alpha': 10, 'num_leaves': np.int64(41), 'n_estimators': np.int64(119), 'min_child_samples': np.int64(70), 'max_depth': np.int64(8)}",paper,Fair-transport,,0.4,0.5413533834586466,0.4270555695247674,True,completed_without_exception,optimal,,0.14701659999991534,optimal,,,,,,0.40000000317473766,0.48632441664014103,CLARABEL,OSQP
CRIME,5,7,71777,reglog,{},paper,Unfair,,,0.49624060150375937,0.5184279520016134,True,not_applicable,not applicable,0.0,0.0,not_applicable,,,,,,,,,
CRIME,5,7,71777,reglog,{},paper,Our Eps-Fair,0.0,,0.3383458646616541,0.07792175052939398,True,0,Optimization terminated successfully,21.0,0.09908189999987371,completed_without_exception,,,,,,,,,
CRIME,5,7,71777,reglog,{},paper,Our Eps-Fair,0.1,,0.37844611528822053,0.11855904003226783,True,0,Optimization terminated successfully,19.0,0.06544900000153575,completed_without_exception,,,,,,,,,
CRIME,5,7,71777,reglog,{},paper,Our Eps-Fair,0.2,,0.42606516290726815,0.22179086417263286,True,0,Optimization terminated successfully,40.0,0.12288369999805582,completed_without_exception,,,,,,,,,
CRIME,5,7,71777,reglog,{},paper,Our Eps-Fair,0.3,,0.46115288220551376,0.3739790259150953,True,0,Optimization terminated successfully,28.0,0.07534939999823109,completed_without_exception,,,,,,,,,
CRIME,5,7,71777,reglog,{},paper,Our Eps-Fair,0.4,,0.47368421052631576,0.3906171221135424,True,0,Optimization terminated successfully,21.0,0.06331869999849005,completed_without_exception,,,,,,,,,
CRIME,5,7,71777,reglog,{},paper,Our Eps-Fair,0.5,,0.48872180451127817,0.45623676515075123,True,0,Optimization terminated successfully,10.0,0.029470299999957206,completed_without_exception,,,,,,,,,
CRIME,5,7,71777,reglog,{},paper,FairProjection,,0.0,,,False,failed,RuntimeError('`tf.data.Dataset` only supports Python-style iteration in eager mode or within tf.function.'),,,not_completed,,2.0,500.0,cross-entropy,tf,,,,
CRIME,5,7,71777,reglog,{},paper,FairProjection,,0.1,,,False,failed,RuntimeError('`tf.data.Dataset` only supports Python-style iteration in eager mode or within tf.function.'),,,not_completed,,2.0,500.0,cross-entropy,tf,,,,
CRIME,5,7,71777,reglog,{},paper,FairProjection,,0.2,,,False,failed,RuntimeError('`tf.data.Dataset` only supports Python-style iteration in eager mode or within tf.function.'),,,not_completed,,2.0,500.0,cross-entropy,tf,,,,
CRIME,5,7,71777,reglog,{},paper,FairProjection,,0.5,,,False,failed,RuntimeError('`tf.data.Dataset` only supports Python-style iteration in eager mode or within tf.function.'),,,not_completed,,2.0,500.0,cross-entropy,tf,,,,
CRIME,5,7,71777,reglog,{},paper,FairProjection,,0.75,,,False,failed,RuntimeError('`tf.data.Dataset` only supports Python-style iteration in eager mode or within tf.function.'),,,not_completed,,2.0,500.0,cross-entropy,tf,,,,
CRIME,5,7,71777,reglog,{},paper,Fair-transport,,0.0,0.3558897243107769,0.08608954320863163,True,completed_without_exception,optimal,,0.18078500000046915,optimal,,,,,,1.1681000555707755e-08,0.6240022747138559,CLARABEL,OSQP
CRIME,5,7,71777,reglog,{},paper,Fair-transport,,0.1,0.37343358395989973,0.10514772612685287,True,completed_without_exception,optimal,,0.15577290000510402,optimal,,,,,,0.10000000317306901,0.587702857726853,CLARABEL,OSQP
CRIME,5,7,71777,reglog,{},paper,Fair-transport,,0.2,0.42355889724310775,0.24664717152364624,True,completed_without_exception,optimal,,0.15205860000060056,optimal,,,,,,0.20000000203953663,0.5561008587469668,CLARABEL,OSQP
CRIME,5,7,71777,reglog,{},paper,Fair-transport,,0.3,0.44862155388471175,0.3751386508016537,True,completed_without_exception,optimal,,0.14664800000173273,optimal,,,,,,0.3000000052991257,0.5303786502726902,CLARABEL,OSQP
CRIME,5,7,71777,reglog,{},paper,Fair-transport,,0.4,0.46867167919799496,0.4012554199858829,True,completed_without_exception,optimal,,0.17338679999738815,optimal,,,,,,0.4000000007633494,0.514741844493517,CLARABEL,OSQP
CRIME,5,7,71777,RF,"{'n_estimators': np.int64(34), 'min_samples_split': np.int64(9), 'min_samples_leaf': np.int64(7), 'max_depth': np.int64(12)}",paper,Unfair,,,0.49122807017543857,0.4657154381365332,True,not_applicable,not applicable,0.0,0.0,not_applicable,,,,,,,,,
CRIME,5,7,71777,RF,"{'n_estimators': np.int64(34), 'min_samples_split': np.int64(9), 'min_samples_leaf': np.int64(7), 'max_depth': np.int64(12)}",paper,Our Eps-Fair,0.0,,0.3233082706766917,0.09249268932136734,True,0,Optimization terminated successfully,28.0,0.07274350000079721,completed_without_exception,,,,,,,,,
CRIME,5,7,71777,RF,"{'n_estimators': np.int64(34), 'min_samples_split': np.int64(9), 'min_samples_leaf': np.int64(7), 'max_depth': np.int64(12)}",paper,Our Eps-Fair,0.1,,0.3583959899749373,0.07603105777957044,True,0,Optimization terminated successfully,32.0,0.08387650000076974,completed_without_exception,,,,,,,,,
CRIME,5,7,71777,RF,"{'n_estimators': np.int64(34), 'min_samples_split': np.int64(9), 'min_samples_leaf': np.int64(7), 'max_depth': np.int64(12)}",paper,Our Eps-Fair,0.2,,0.40852130325814534,0.17580921649692446,True,0,Optimization terminated successfully,16.0,0.042186900001979666,completed_without_exception,,,,,,,,,
CRIME,5,7,71777,RF,"{'n_estimators': np.int64(34), 'min_samples_split': np.int64(9), 'min_samples_leaf': np.int64(7), 'max_depth': np.int64(12)}",paper,Our Eps-Fair,0.3,,0.46365914786967416,0.3313249974790763,True,0,Optimization terminated successfully,19.0,0.04557089999798336,completed_without_exception,,,,,,,,,
CRIME,5,7,71777,RF,"{'n_estimators': np.int64(34), 'min_samples_split': np.int64(9), 'min_samples_leaf': np.int64(7), 'max_depth': np.int64(12)}",paper,Our Eps-Fair,0.4,,0.48621553884711777,0.41073409297166485,True,0,Optimization terminated successfully,7.0,0.01721910000196658,completed_without_exception,,,,,,,,,
CRIME,5,7,71777,RF,"{'n_estimators': np.int64(34), 'min_samples_split': np.int64(9), 'min_samples_leaf': np.int64(7), 'max_depth': np.int64(12)}",paper,Our Eps-Fair,0.5,,0.49122807017543857,0.4657154381365332,True,0,Optimization terminated successfully,1.0,0.002498800000466872,completed_without_exception,,,,,,,,,
CRIME,5,7,71777,RF,"{'n_estimators': np.int64(34), 'min_samples_split': np.int64(9), 'min_samples_leaf': np.int64(7), 'max_depth': np.int64(12)}",paper,FairProjection,,0.0,,,False,failed,RuntimeError('`tf.data.Dataset` only supports Python-style iteration in eager mode or within tf.function.'),,,not_completed,,2.0,500.0,cross-entropy,tf,,,,
CRIME,5,7,71777,RF,"{'n_estimators': np.int64(34), 'min_samples_split': np.int64(9), 'min_samples_leaf': np.int64(7), 'max_depth': np.int64(12)}",paper,FairProjection,,0.1,,,False,failed,RuntimeError('`tf.data.Dataset` only supports Python-style iteration in eager mode or within tf.function.'),,,not_completed,,2.0,500.0,cross-entropy,tf,,,,
CRIME,5,7,71777,RF,"{'n_estimators': np.int64(34), 'min_samples_split': np.int64(9), 'min_samples_leaf': np.int64(7), 'max_depth': np.int64(12)}",paper,FairProjection,,0.2,,,False,failed,RuntimeError('`tf.data.Dataset` only supports Python-style iteration in eager mode or within tf.function.'),,,not_completed,,2.0,500.0,cross-entropy,tf,,,,
CRIME,5,7,71777,RF,"{'n_estimators': np.int64(34), 'min_samples_split': np.int64(9), 'min_samples_leaf': np.int64(7), 'max_depth': np.int64(12)}",paper,FairProjection,,0.5,,,False,failed,RuntimeError('`tf.data.Dataset` only supports Python-style iteration in eager mode or within tf.function.'),,,not_completed,,2.0,500.0,cross-entropy,tf,,,,
CRIME,5,7,71777,RF,"{'n_estimators': np.int64(34), 'min_samples_split': np.int64(9), 'min_samples_leaf': np.int64(7), 'max_depth': np.int64(12)}",paper,FairProjection,,0.75,,,False,failed,RuntimeError('`tf.data.Dataset` only supports Python-style iteration in eager mode or within tf.function.'),,,not_completed,,2.0,500.0,cross-entropy,tf,,,,
CRIME,5,7,71777,RF,"{'n_estimators': np.int64(34), 'min_samples_split': np.int64(9), 'min_samples_leaf': np.int64(7), 'max_depth': np.int64(12)}",paper,Fair-transport,,0.0,0.3182957393483709,0.09155994756478775,True,completed_without_exception,optimal,,0.14002880000407458,optimal,,,,,,2.778853425144945e-09,0.6106297637135814,CLARABEL,OSQP
CRIME,5,7,71777,RF,"{'n_estimators': np.int64(34), 'min_samples_split': np.int64(9), 'min_samples_leaf': np.int64(7), 'max_depth': np.int64(12)}",paper,Fair-transport,,0.1,0.41102756892230574,0.2649238681052738,True,completed_without_exception,optimal,,0.1313904000016919,optimal,,,,,,0.10000002564222404,0.5751360178097595,CLARABEL,OSQP
CRIME,5,7,71777,RF,"{'n_estimators': np.int64(34), 'min_samples_split': np.int64(9), 'min_samples_leaf': np.int64(7), 'max_depth': np.int64(12)}",paper,Fair-transport,,0.2,0.40852130325814534,0.17928809115659977,True,completed_without_exception,optimal,,0.13562870000168914,optimal,,,,,,0.20000000036503196,0.543755847934698,CLARABEL,OSQP
CRIME,5,7,71777,RF,"{'n_estimators': np.int64(34), 'min_samples_split': np.int64(9), 'min_samples_leaf': np.int64(7), 'max_depth': np.int64(12)}",paper,Fair-transport,,0.3,0.46365914786967416,0.34017343954825047,True,completed_without_exception,optimal,,0.12875780000103987,optimal,,,,,,0.3000000020665526,0.5194545961768945,CLARABEL,OSQP
CRIME,5,7,71777,RF,"{'n_estimators': np.int64(34), 'min_samples_split': np.int64(9), 'min_samples_leaf': np.int64(7), 'max_depth': np.int64(12)}",paper,Fair-transport,,0.4,0.48120300751879697,0.41073409297166485,True,completed_without_exception,optimal,,0.11609559999851626,optimal,,,,,,0.4000000004886309,0.5095409754524067,CLARABEL,OSQP
CRIME,5,7,71777,GBM,"{'reg_lambda': 0.1, 'reg_alpha': 10, 'num_leaves': np.int64(45), 'n_estimators': np.int64(91), 'min_child_samples': np.int64(69), 'max_depth': np.int64(3)}",paper,Unfair,,,0.49373433583959897,0.44733790460824846,True,not_applicable,not applicable,0.0,0.0,not_applicable,,,,,,,,,
CRIME,5,7,71777,GBM,"{'reg_lambda': 0.1, 'reg_alpha': 10, 'num_leaves': np.int64(45), 'n_estimators': np.int64(91), 'min_child_samples': np.int64(69), 'max_depth': np.int64(3)}",paper,Our Eps-Fair,0.0,,0.37092731829573933,0.05949379852778057,True,0,Optimization terminated successfully,22.0,0.05713069999910658,completed_without_exception,,,,,,,,,
CRIME,5,7,71777,GBM,"{'reg_lambda': 0.1, 'reg_alpha': 10, 'num_leaves': np.int64(45), 'n_estimators': np.int64(91), 'min_child_samples': np.int64(69), 'max_depth': np.int64(3)}",paper,Our Eps-Fair,0.1,,0.39348370927318294,0.11603811636583644,True,0,Optimization terminated successfully,22.0,0.05602759999965201,completed_without_exception,,,,,,,,,
CRIME,5,7,71777,GBM,"{'reg_lambda': 0.1, 'reg_alpha': 10, 'num_leaves': np.int64(45), 'n_estimators': np.int64(91), 'min_child_samples': np.int64(69), 'max_depth': np.int64(3)}",paper,Our Eps-Fair,0.2,,0.43859649122807015,0.2478067964102047,True,0,Optimization terminated successfully,23.0,0.05256739999822457,completed_without_exception,,,,,,,,,
CRIME,5,7,71777,GBM,"{'reg_lambda': 0.1, 'reg_alpha': 10, 'num_leaves': np.int64(45), 'n_estimators': np.int64(91), 'min_child_samples': np.int64(69), 'max_depth': np.int64(3)}",paper,Our Eps-Fair,0.3,,0.45864661654135336,0.32063628113340725,True,0,Optimization terminated successfully,16.0,0.036437400001887,completed_without_exception,,,,,,,,,
CRIME,5,7,71777,GBM,"{'reg_lambda': 0.1, 'reg_alpha': 10, 'num_leaves': np.int64(45), 'n_estimators': np.int64(91), 'min_child_samples': np.int64(69), 'max_depth': np.int64(3)}",paper,Our Eps-Fair,0.4,,0.48120300751879697,0.3851467177573863,True,0,Optimization terminated successfully,9.0,0.021713699999963865,completed_without_exception,,,,,,,,,
CRIME,5,7,71777,GBM,"{'reg_lambda': 0.1, 'reg_alpha': 10, 'num_leaves': np.int64(45), 'n_estimators': np.int64(91), 'min_child_samples': np.int64(69), 'max_depth': np.int64(3)}",paper,Our Eps-Fair,0.5,,0.49373433583959897,0.44733790460824846,True,0,Optimization terminated successfully,1.0,0.002353299998503644,completed_without_exception,,,,,,,,,
CRIME,5,7,71777,GBM,"{'reg_lambda': 0.1, 'reg_alpha': 10, 'num_leaves': np.int64(45), 'n_estimators': np.int64(91), 'min_child_samples': np.int64(69), 'max_depth': np.int64(3)}",paper,FairProjection,,0.0,,,False,failed,RuntimeError('`tf.data.Dataset` only supports Python-style iteration in eager mode or within tf.function.'),,,not_completed,,2.0,500.0,cross-entropy,tf,,,,
CRIME,5,7,71777,GBM,"{'reg_lambda': 0.1, 'reg_alpha': 10, 'num_leaves': np.int64(45), 'n_estimators': np.int64(91), 'min_child_samples': np.int64(69), 'max_depth': np.int64(3)}",paper,FairProjection,,0.1,,,False,failed,RuntimeError('`tf.data.Dataset` only supports Python-style iteration in eager mode or within tf.function.'),,,not_completed,,2.0,500.0,cross-entropy,tf,,,,
CRIME,5,7,71777,GBM,"{'reg_lambda': 0.1, 'reg_alpha': 10, 'num_leaves': np.int64(45), 'n_estimators': np.int64(91), 'min_child_samples': np.int64(69), 'max_depth': np.int64(3)}",paper,FairProjection,,0.2,,,False,failed,RuntimeError('`tf.data.Dataset` only supports Python-style iteration in eager mode or within tf.function.'),,,not_completed,,2.0,500.0,cross-entropy,tf,,,,
CRIME,5,7,71777,GBM,"{'reg_lambda': 0.1, 'reg_alpha': 10, 'num_leaves': np.int64(45), 'n_estimators': np.int64(91), 'min_child_samples': np.int64(69), 'max_depth': np.int64(3)}",paper,FairProjection,,0.5,,,False,failed,RuntimeError('`tf.data.Dataset` only supports Python-style iteration in eager mode or within tf.function.'),,,not_completed,,2.0,500.0,cross-entropy,tf,,,,
CRIME,5,7,71777,GBM,"{'reg_lambda': 0.1, 'reg_alpha': 10, 'num_leaves': np.int64(45), 'n_estimators': np.int64(91), 'min_child_samples': np.int64(69), 'max_depth': np.int64(3)}",paper,FairProjection,,0.75,,,False,failed,RuntimeError('`tf.data.Dataset` only supports Python-style iteration in eager mode or within tf.function.'),,,not_completed,,2.0,500.0,cross-entropy,tf,,,,
CRIME,5,7,71777,GBM,"{'reg_lambda': 0.1, 'reg_alpha': 10, 'num_leaves': np.int64(45), 'n_estimators': np.int64(91), 'min_child_samples': np.int64(69), 'max_depth': np.int64(3)}",paper,Fair-transport,,0.0,0.39598997493734334,0.08876172229504892,True,completed_without_exception,optimal,,0.150789999999688,optimal,,,,,,1.3550460808975373e-08,0.5868904789618467,CLARABEL,OSQP
CRIME,5,7,71777,GBM,"{'reg_lambda': 0.1, 'reg_alpha': 10, 'num_leaves': np.int64(45), 'n_estimators': np.int64(91), 'min_child_samples': np.int64(69), 'max_depth': np.int64(3)}",paper,Fair-transport,,0.1,0.39348370927318294,0.11603811636583644,True,completed_without_exception,optimal,,0.14750009999988833,optimal,,,,,,0.10000000113340929,0.5501679018437186,CLARABEL,OSQP
CRIME,5,7,71777,GBM,"{'reg_lambda': 0.1, 'reg_alpha': 10, 'num_leaves': np.int64(45), 'n_estimators': np.int64(91), 'min_child_samples': np.int64(69), 'max_depth': np.int64(3)}",paper,Fair-transport,,0.2,0.43358395989974935,0.22768982555208228,True,completed_without_exception,optimal,,0.14982269999745768,optimal,,,,,,0.2000000019248081,0.5186948899270067,CLARABEL,OSQP
CRIME,5,7,71777,GBM,"{'reg_lambda': 0.1, 'reg_alpha': 10, 'num_leaves': np.int64(45), 'n_estimators': np.int64(91), 'min_child_samples': np.int64(69), 'max_depth': np.int64(3)}",paper,Fair-transport,,0.3,0.45864661654135336,0.32063628113340725,True,completed_without_exception,optimal,,0.1339332999996259,optimal,,,,,,0.30000000153449413,0.49298564350924184,CLARABEL,OSQP
CRIME,5,7,71777,GBM,"{'reg_lambda': 0.1, 'reg_alpha': 10, 'num_leaves': np.int64(45), 'n_estimators': np.int64(91), 'min_child_samples': np.int64(69), 'max_depth': np.int64(3)}",paper,Fair-transport,,0.4,0.48120300751879697,0.3953564586064334,True,completed_without_exception,optimal,,0.13329819999853498,optimal,,,,,,0.40000000062338864,0.47733546103465574,CLARABEL,OSQP
CRIME,5,8,81777,reglog,{},paper,Unfair,,,0.49373433583959897,0.6051612254137533,True,not_applicable,not applicable,0.0,0.0,not_applicable,,,,,,,,,
CRIME,5,8,81777,reglog,{},paper,Our Eps-Fair,0.0,,0.38345864661654133,0.06753357814779418,True,0,Optimization terminated successfully,18.0,0.04540239999914775,completed_without_exception,,,,,,,,,
CRIME,5,8,81777,reglog,{},paper,Our Eps-Fair,0.1,,0.42606516290726815,0.16781528245887617,True,0,Optimization terminated successfully,25.0,0.05978790000153822,completed_without_exception,,,,,,,,,
CRIME,5,8,81777,reglog,{},paper,Our Eps-Fair,0.2,,0.47117794486215536,0.3031339604607878,True,0,Optimization terminated successfully,32.0,0.06977469999765162,completed_without_exception,,,,,,,,,
CRIME,5,8,81777,reglog,{},paper,Our Eps-Fair,0.3,,0.48872180451127817,0.4057799688113084,True,0,Optimization terminated successfully,14.0,0.030089600000792416,completed_without_exception,,,,,,,,,
CRIME,5,8,81777,reglog,{},paper,Our Eps-Fair,0.4,,0.49624060150375937,0.4773378942602747,True,0,Optimization terminated successfully,9.0,0.019144899997627363,completed_without_exception,,,,,,,,,
CRIME,5,8,81777,reglog,{},paper,Our Eps-Fair,0.5,,0.5012531328320802,0.507419890336536,True,0,Optimization terminated successfully,5.0,0.011279999998805579,completed_without_exception,,,,,,,,,
CRIME,5,8,81777,reglog,{},paper,FairProjection,,0.0,,,False,failed,RuntimeError('`tf.data.Dataset` only supports Python-style iteration in eager mode or within tf.function.'),,,not_completed,,2.0,500.0,cross-entropy,tf,,,,
CRIME,5,8,81777,reglog,{},paper,FairProjection,,0.1,,,False,failed,RuntimeError('`tf.data.Dataset` only supports Python-style iteration in eager mode or within tf.function.'),,,not_completed,,2.0,500.0,cross-entropy,tf,,,,
CRIME,5,8,81777,reglog,{},paper,FairProjection,,0.2,,,False,failed,RuntimeError('`tf.data.Dataset` only supports Python-style iteration in eager mode or within tf.function.'),,,not_completed,,2.0,500.0,cross-entropy,tf,,,,
CRIME,5,8,81777,reglog,{},paper,FairProjection,,0.5,,,False,failed,RuntimeError('`tf.data.Dataset` only supports Python-style iteration in eager mode or within tf.function.'),,,not_completed,,2.0,500.0,cross-entropy,tf,,,,
CRIME,5,8,81777,reglog,{},paper,FairProjection,,0.75,,,False,failed,RuntimeError('`tf.data.Dataset` only supports Python-style iteration in eager mode or within tf.function.'),,,not_completed,,2.0,500.0,cross-entropy,tf,,,,
CRIME,5,8,81777,reglog,{},paper,Fair-transport,,0.0,0.37593984962406013,0.06753357814779418,True,completed_without_exception,optimal,,0.134142899998551,optimal,,,,,,5.659006485636553e-09,0.6109710645605311,CLARABEL,OSQP
CRIME,5,8,81777,reglog,{},paper,Fair-transport,,0.1,0.46115288220551376,0.3131696765430857,True,completed_without_exception,optimal,,0.13162569999985863,optimal,,,,,,0.10000002474824027,0.5750777550814298,CLARABEL,OSQP
CRIME,5,8,81777,reglog,{},paper,Fair-transport,,0.2,0.48120300751879697,0.3079883293928266,True,completed_without_exception,optimal,,0.13033630000063567,optimal,,,,,,0.2000000029617435,0.5456921730718944,CLARABEL,OSQP
CRIME,5,8,81777,reglog,{},paper,Fair-transport,,0.3,0.48120300751879697,0.40059862166104937,True,completed_without_exception,optimal,,0.12783260000287555,optimal,,,,,,0.3000000020857627,0.5252160151783217,CLARABEL,OSQP
CRIME,5,8,81777,reglog,{},paper,Fair-transport,,0.4,0.49624060150375937,0.4825192414105337,True,completed_without_exception,optimal,,0.12742710000020452,optimal,,,,,,0.40000000121231605,0.5134545905753762,CLARABEL,OSQP
CRIME,5,8,81777,RF,"{'n_estimators': np.int64(135), 'min_samples_split': np.int64(7), 'min_samples_leaf': np.int64(8), 'max_depth': np.int64(15)}",paper,Unfair,,,0.5463659147869674,0.5268373660646913,True,not_applicable,not applicable,0.0,0.0,not_applicable,,,,,,,,,
CRIME,5,8,81777,RF,"{'n_estimators': np.int64(135), 'min_samples_split': np.int64(7), 'min_samples_leaf': np.int64(8), 'max_depth': np.int64(15)}",paper,Our Eps-Fair,0.0,,0.44110275689223055,0.11891946274963527,True,0,Optimization terminated successfully,23.0,0.05043930000101682,completed_without_exception,,,,,,,,,
CRIME,5,8,81777,RF,"{'n_estimators': np.int64(135), 'min_samples_split': np.int64(7), 'min_samples_leaf': np.int64(8), 'max_depth': np.int64(15)}",paper,Our Eps-Fair,0.1,,0.48120300751879697,0.22740077468685546,True,0,Optimization terminated successfully,31.0,0.07210679999843705,completed_without_exception,,,,,,,,,
CRIME,5,8,81777,RF,"{'n_estimators': np.int64(135), 'min_samples_split': np.int64(7), 'min_samples_leaf': np.int64(8), 'max_depth': np.int64(15)}",paper,Our Eps-Fair,0.2,,0.49373433583959897,0.32260174053020774,True,0,Optimization terminated successfully,35.0,0.07761030000256142,completed_without_exception,,,,,,,,,
CRIME,5,8,81777,RF,"{'n_estimators': np.int64(135), 'min_samples_split': np.int64(7), 'min_samples_leaf': np.int64(8), 'max_depth': np.int64(15)}",paper,Our Eps-Fair,0.3,,0.531328320802005,0.40708788168418936,True,0,Optimization terminated successfully,20.0,0.04829729999983101,completed_without_exception,,,,,,,,,
CRIME,5,8,81777,RF,"{'n_estimators': np.int64(135), 'min_samples_split': np.int64(7), 'min_samples_leaf': np.int64(8), 'max_depth': np.int64(15)}",paper,Our Eps-Fair,0.4,,0.531328320802005,0.49871723929775136,True,0,Optimization terminated successfully,12.0,0.02729399999952875,completed_without_exception,,,,,,,,,
CRIME,5,8,81777,RF,"{'n_estimators': np.int64(135), 'min_samples_split': np.int64(7), 'min_samples_leaf': np.int64(8), 'max_depth': np.int64(15)}",paper,Our Eps-Fair,0.5,,0.5463659147869674,0.5219829971326525,True,0,Optimization terminated successfully,6.0,0.014548799998010509,completed_without_exception,,,,,,,,,
CRIME,5,8,81777,RF,"{'n_estimators': np.int64(135), 'min_samples_split': np.int64(7), 'min_samples_leaf': np.int64(8), 'max_depth': np.int64(15)}",paper,FairProjection,,0.0,,,False,failed,RuntimeError('`tf.data.Dataset` only supports Python-style iteration in eager mode or within tf.function.'),,,not_completed,,2.0,500.0,cross-entropy,tf,,,,
CRIME,5,8,81777,RF,"{'n_estimators': np.int64(135), 'min_samples_split': np.int64(7), 'min_samples_leaf': np.int64(8), 'max_depth': np.int64(15)}",paper,FairProjection,,0.1,,,False,failed,RuntimeError('`tf.data.Dataset` only supports Python-style iteration in eager mode or within tf.function.'),,,not_completed,,2.0,500.0,cross-entropy,tf,,,,
CRIME,5,8,81777,RF,"{'n_estimators': np.int64(135), 'min_samples_split': np.int64(7), 'min_samples_leaf': np.int64(8), 'max_depth': np.int64(15)}",paper,FairProjection,,0.2,,,False,failed,RuntimeError('`tf.data.Dataset` only supports Python-style iteration in eager mode or within tf.function.'),,,not_completed,,2.0,500.0,cross-entropy,tf,,,,
CRIME,5,8,81777,RF,"{'n_estimators': np.int64(135), 'min_samples_split': np.int64(7), 'min_samples_leaf': np.int64(8), 'max_depth': np.int64(15)}",paper,FairProjection,,0.5,,,False,failed,RuntimeError('`tf.data.Dataset` only supports Python-style iteration in eager mode or within tf.function.'),,,not_completed,,2.0,500.0,cross-entropy,tf,,,,
CRIME,5,8,81777,RF,"{'n_estimators': np.int64(135), 'min_samples_split': np.int64(7), 'min_samples_leaf': np.int64(8), 'max_depth': np.int64(15)}",paper,FairProjection,,0.75,,,False,failed,RuntimeError('`tf.data.Dataset` only supports Python-style iteration in eager mode or within tf.function.'),,,not_completed,,2.0,500.0,cross-entropy,tf,,,,
CRIME,5,8,81777,RF,"{'n_estimators': np.int64(135), 'min_samples_split': np.int64(7), 'min_samples_leaf': np.int64(8), 'max_depth': np.int64(15)}",paper,Fair-transport,,0.0,0.45112781954887216,0.1393178731324513,True,completed_without_exception,optimal,,0.12799509999967995,optimal,,,,,,6.734785340523075e-09,0.6090817975133405,CLARABEL,OSQP
CRIME,5,8,81777,RF,"{'n_estimators': np.int64(135), 'min_samples_split': np.int64(7), 'min_samples_leaf': np.int64(8), 'max_depth': np.int64(15)}",paper,Fair-transport,,0.1,0.506265664160401,0.2688767040595603,True,completed_without_exception,optimal,,0.12979509999786387,optimal,,,,,,0.10000000925981722,0.5771237813744328,CLARABEL,OSQP
CRIME,5,8,81777,RF,"{'n_estimators': np.int64(135), 'min_samples_split': np.int64(7), 'min_samples_leaf': np.int64(8), 'max_depth': np.int64(15)}",paper,Fair-transport,,0.2,0.5012531328320802,0.3177473715981689,True,completed_without_exception,optimal,,0.12768769999820506,optimal,,,,,,0.2000000055208898,0.5513336369911529,CLARABEL,OSQP
CRIME,5,8,81777,RF,"{'n_estimators': np.int64(135), 'min_samples_split': np.int64(7), 'min_samples_leaf': np.int64(8), 'max_depth': np.int64(15)}",paper,Fair-transport,,0.3,0.531328320802005,0.40708788168418936,True,completed_without_exception,optimal,,0.11037779999969644,optimal,,,,,,0.3000000010980033,0.5347576615107299,CLARABEL,OSQP
CRIME,5,8,81777,RF,"{'n_estimators': np.int64(135), 'min_samples_split': np.int64(7), 'min_samples_leaf': np.int64(8), 'max_depth': np.int64(15)}",paper,Fair-transport,,0.4,0.5288220551378446,0.49871723929775136,True,completed_without_exception,optimal,,0.1237100999969698,optimal,,,,,,0.4000000006012867,0.5269715802319178,CLARABEL,OSQP
CRIME,5,8,81777,GBM,"{'reg_lambda': 50, 'reg_alpha': 10, 'num_leaves': np.int64(30), 'n_estimators': np.int64(159), 'min_child_samples': np.int64(100), 'max_depth': np.int64(15)}",paper,Unfair,,,0.5112781954887218,0.5145882589667489,True,not_applicable,not applicable,0.0,0.0,not_applicable,,,,,,,,,
CRIME,5,8,81777,GBM,"{'reg_lambda': 50, 'reg_alpha': 10, 'num_leaves': np.int64(30), 'n_estimators': np.int64(159), 'min_child_samples': np.int64(100), 'max_depth': np.int64(15)}",paper,Our Eps-Fair,0.0,,0.43107769423558895,0.12254137532069018,True,0,Optimization terminated successfully,24.0,0.07238189999770839,completed_without_exception,,,,,,,,,
CRIME,5,8,81777,GBM,"{'reg_lambda': 50, 'reg_alpha': 10, 'num_leaves': np.int64(30), 'n_estimators': np.int64(159), 'min_child_samples': np.int64(100), 'max_depth': np.int64(15)}",paper,Our Eps-Fair,0.1,,0.47117794486215536,0.19666482217415365,True,0,Optimization terminated successfully,29.0,0.07086440000057337,completed_without_exception,,,,,,,,,
CRIME,5,8,81777,GBM,"{'reg_lambda': 50, 'reg_alpha': 10, 'num_leaves': np.int64(30), 'n_estimators': np.int64(159), 'min_child_samples': np.int64(100), 'max_depth': np.int64(15)}",paper,Our Eps-Fair,0.2,,0.49624060150375937,0.29151365762865333,True,0,Optimization terminated successfully,26.0,0.061966699999175034,completed_without_exception,,,,,,,,,
CRIME,5,8,81777,GBM,"{'reg_lambda': 50, 'reg_alpha': 10, 'num_leaves': np.int64(30), 'n_estimators': np.int64(159), 'min_child_samples': np.int64(100), 'max_depth': np.int64(15)}",paper,Our Eps-Fair,0.3,,0.5112781954887218,0.3763267770008552,True,0,Optimization terminated successfully,13.0,0.03074879999985569,completed_without_exception,,,,,,,,,
CRIME,5,8,81777,GBM,"{'reg_lambda': 50, 'reg_alpha': 10, 'num_leaves': np.int64(30), 'n_estimators': np.int64(159), 'min_child_samples': np.int64(100), 'max_depth': np.int64(15)}",paper,Our Eps-Fair,0.4,,0.531328320802005,0.45792041853211934,True,0,Optimization terminated successfully,19.0,0.0449808999983361,completed_without_exception,,,,,,,,,
CRIME,5,8,81777,GBM,"{'reg_lambda': 50, 'reg_alpha': 10, 'num_leaves': np.int64(30), 'n_estimators': np.int64(159), 'min_child_samples': np.int64(100), 'max_depth': np.int64(15)}",paper,Our Eps-Fair,0.5,,0.5112781954887218,0.5145882589667489,True,0,Optimization terminated successfully,1.0,0.0021885999994992744,completed_without_exception,,,,,,,,,
CRIME,5,8,81777,GBM,"{'reg_lambda': 50, 'reg_alpha': 10, 'num_leaves': np.int64(30), 'n_estimators': np.int64(159), 'min_child_samples': np.int64(100), 'max_depth': np.int64(15)}",paper,FairProjection,,0.0,,,False,failed,RuntimeError('`tf.data.Dataset` only supports Python-style iteration in eager mode or within tf.function.'),,,not_completed,,2.0,500.0,cross-entropy,tf,,,,
CRIME,5,8,81777,GBM,"{'reg_lambda': 50, 'reg_alpha': 10, 'num_leaves': np.int64(30), 'n_estimators': np.int64(159), 'min_child_samples': np.int64(100), 'max_depth': np.int64(15)}",paper,FairProjection,,0.1,,,False,failed,RuntimeError('`tf.data.Dataset` only supports Python-style iteration in eager mode or within tf.function.'),,,not_completed,,2.0,500.0,cross-entropy,tf,,,,
CRIME,5,8,81777,GBM,"{'reg_lambda': 50, 'reg_alpha': 10, 'num_leaves': np.int64(30), 'n_estimators': np.int64(159), 'min_child_samples': np.int64(100), 'max_depth': np.int64(15)}",paper,FairProjection,,0.2,,,False,failed,RuntimeError('`tf.data.Dataset` only supports Python-style iteration in eager mode or within tf.function.'),,,not_completed,,2.0,500.0,cross-entropy,tf,,,,
CRIME,5,8,81777,GBM,"{'reg_lambda': 50, 'reg_alpha': 10, 'num_leaves': np.int64(30), 'n_estimators': np.int64(159), 'min_child_samples': np.int64(100), 'max_depth': np.int64(15)}",paper,FairProjection,,0.5,,,False,failed,RuntimeError('`tf.data.Dataset` only supports Python-style iteration in eager mode or within tf.function.'),,,not_completed,,2.0,500.0,cross-entropy,tf,,,,
CRIME,5,8,81777,GBM,"{'reg_lambda': 50, 'reg_alpha': 10, 'num_leaves': np.int64(30), 'n_estimators': np.int64(159), 'min_child_samples': np.int64(100), 'max_depth': np.int64(15)}",paper,FairProjection,,0.75,,,False,failed,RuntimeError('`tf.data.Dataset` only supports Python-style iteration in eager mode or within tf.function.'),,,not_completed,,2.0,500.0,cross-entropy,tf,,,,
CRIME,5,8,81777,GBM,"{'reg_lambda': 50, 'reg_alpha': 10, 'num_leaves': np.int64(30), 'n_estimators': np.int64(159), 'min_child_samples': np.int64(100), 'max_depth': np.int64(15)}",paper,Fair-transport,,0.0,0.43609022556390975,0.1325770914029881,True,completed_without_exception,optimal,,0.14549049999914132,optimal,,,,,,1.0398535921218865e-09,0.5793732455816353,CLARABEL,OSQP
CRIME,5,8,81777,GBM,"{'reg_lambda': 50, 'reg_alpha': 10, 'num_leaves': np.int64(30), 'n_estimators': np.int64(159), 'min_child_samples': np.int64(100), 'max_depth': np.int64(15)}",paper,Fair-transport,,0.1,0.518796992481203,0.3611097137682982,True,completed_without_exception,optimal,,0.13491589999830467,optimal,,,,,,0.10000003036176189,0.5449452350860341,CLARABEL,OSQP
CRIME,5,8,81777,GBM,"{'reg_lambda': 50, 'reg_alpha': 10, 'num_leaves': np.int64(30), 'n_estimators': np.int64(159), 'min_child_samples': np.int64(100), 'max_depth': np.int64(15)}",paper,Fair-transport,,0.2,0.48370927318295737,0.26042557472709893,True,completed_without_exception,optimal,,0.1279114999997546,optimal,,,,,,0.20000000928543832,0.5154284794422715,CLARABEL,OSQP
CRIME,5,8,81777,GBM,"{'reg_lambda': 50, 'reg_alpha': 10, 'num_leaves': np.int64(30), 'n_estimators': np.int64(159), 'min_child_samples': np.int64(100), 'max_depth': np.int64(15)}",paper,Fair-transport,,0.3,0.5213032581453634,0.37179938628703657,True,completed_without_exception,optimal,,0.1276170999990427,optimal,,,,,,0.3000000008183278,0.49255995742136954,CLARABEL,OSQP
CRIME,5,8,81777,GBM,"{'reg_lambda': 50, 'reg_alpha': 10, 'num_leaves': np.int64(30), 'n_estimators': np.int64(159), 'min_child_samples': np.int64(100), 'max_depth': np.int64(15)}",paper,Fair-transport,,0.4,0.5162907268170426,0.4838271542834147,True,completed_without_exception,optimal,,0.12685309999869787,optimal,,,,,,0.40000000653050927,0.47851316960599255,CLARABEL,OSQP
CRIME,5,9,91777,reglog,{},paper,Unfair,,,0.45614035087719296,0.4201318968989126,True,not_applicable,not applicable,0.0,0.0,not_applicable,,,,,,,,,
CRIME,5,9,91777,reglog,{},paper,Our Eps-Fair,0.0,,0.3583959899749373,0.0644381796214257,True,0,Optimization terminated successfully,26.0,0.07727240000167512,completed_without_exception,,,,,,,,,
CRIME,5,9,91777,reglog,{},paper,Our Eps-Fair,0.1,,0.41102756892230574,0.1380134917438582,True,0,Optimization terminated successfully,20.0,0.052726800000527874,completed_without_exception,,,,,,,,,
CRIME,5,9,91777,reglog,{},paper,Our Eps-Fair,0.2,,0.44360902255639095,0.24597261377366086,True,0,Optimization terminated successfully,29.0,0.06979270000010729,completed_without_exception,,,,,,,,,
CRIME,5,9,91777,reglog,{},paper,Our Eps-Fair,0.3,,0.46115288220551376,0.3590163109142167,True,0,Optimization terminated successfully,25.0,0.061018000000331085,completed_without_exception,,,,,,,,,
CRIME,5,9,91777,reglog,{},paper,Our Eps-Fair,0.4,,0.46365914786967416,0.3999949657672171,True,0,Optimization terminated successfully,10.0,0.026252799998474075,completed_without_exception,,,,,,,,,
CRIME,5,9,91777,reglog,{},paper,Our Eps-Fair,0.5,,0.45614035087719296,0.4201318968989126,True,0,Optimization terminated successfully,1.0,0.0026093999986187555,completed_without_exception,,,,,,,,,
CRIME,5,9,91777,reglog,{},paper,FairProjection,,0.0,,,False,failed,RuntimeError('`tf.data.Dataset` only supports Python-style iteration in eager mode or within tf.function.'),,,not_completed,,2.0,500.0,cross-entropy,tf,,,,
CRIME,5,9,91777,reglog,{},paper,FairProjection,,0.1,,,False,failed,RuntimeError('`tf.data.Dataset` only supports Python-style iteration in eager mode or within tf.function.'),,,not_completed,,2.0,500.0,cross-entropy,tf,,,,
CRIME,5,9,91777,reglog,{},paper,FairProjection,,0.2,,,False,failed,RuntimeError('`tf.data.Dataset` only supports Python-style iteration in eager mode or within tf.function.'),,,not_completed,,2.0,500.0,cross-entropy,tf,,,,
CRIME,5,9,91777,reglog,{},paper,FairProjection,,0.5,,,False,failed,RuntimeError('`tf.data.Dataset` only supports Python-style iteration in eager mode or within tf.function.'),,,not_completed,,2.0,500.0,cross-entropy,tf,,,,
CRIME,5,9,91777,reglog,{},paper,FairProjection,,0.75,,,False,failed,RuntimeError('`tf.data.Dataset` only supports Python-style iteration in eager mode or within tf.function.'),,,not_completed,,2.0,500.0,cross-entropy,tf,,,,
CRIME,5,9,91777,reglog,{},paper,Fair-transport,,0.0,0.3483709273182957,0.06151832460732984,True,completed_without_exception,optimal,,0.12873389999731444,optimal,,,,,,3.2312585385163572e-09,0.6192530791695856,CLARABEL,OSQP
CRIME,5,9,91777,reglog,{},paper,Fair-transport,,0.1,0.41854636591478694,0.1314941602899718,True,completed_without_exception,optimal,,0.1265875999997661,optimal,,,,,,0.10000000743588935,0.5814248635972654,CLARABEL,OSQP
CRIME,5,9,91777,reglog,{},paper,Fair-transport,,0.2,0.44862155388471175,0.23139850986709626,True,completed_without_exception,optimal,,0.12964739999733865,optimal,,,,,,0.20000001879266183,0.5489589635636224,CLARABEL,OSQP
CRIME,5,9,91777,reglog,{},paper,Fair-transport,,0.3,0.45864661654135336,0.3590163109142167,True,completed_without_exception,optimal,,0.1308123999988311,optimal,,,,,,0.300000000389493,0.5255596391407996,CLARABEL,OSQP
CRIME,5,9,91777,reglog,{},paper,Fair-transport,,0.4,0.46616541353383456,0.39518727345952476,True,completed_without_exception,optimal,,0.12469290000080946,optimal,,,,,,0.4000000015659118,0.5170597778656764,CLARABEL,OSQP
CRIME,5,9,91777,RF,"{'n_estimators': np.int64(173), 'min_samples_split': np.int64(6), 'min_samples_leaf': np.int64(8), 'max_depth': np.int64(6)}",paper,Unfair,,,0.48872180451127817,0.39438179621425695,True,not_applicable,not applicable,0.0,0.0,not_applicable,,,,,,,,,
CRIME,5,9,91777,RF,"{'n_estimators': np.int64(173), 'min_samples_split': np.int64(6), 'min_samples_leaf': np.int64(8), 'max_depth': np.int64(6)}",paper,Our Eps-Fair,0.0,,0.38095238095238093,0.03503826016915022,True,0,Optimization terminated successfully,18.0,0.03940290000173263,completed_without_exception,,,,,,,,,
CRIME,5,9,91777,RF,"{'n_estimators': np.int64(173), 'min_samples_split': np.int64(6), 'min_samples_leaf': np.int64(8), 'max_depth': np.int64(6)}",paper,Our Eps-Fair,0.1,,0.41353383458646614,0.1391210229561015,True,0,Optimization terminated successfully,36.0,0.08001700000022538,completed_without_exception,,,,,,,,,
CRIME,5,9,91777,RF,"{'n_estimators': np.int64(173), 'min_samples_split': np.int64(6), 'min_samples_leaf': np.int64(8), 'max_depth': np.int64(6)}",paper,Our Eps-Fair,0.2,,0.44611528822055135,0.25234091824405963,True,0,Optimization terminated successfully,31.0,0.07097990000329446,completed_without_exception,,,,,,,,,
CRIME,5,9,91777,RF,"{'n_estimators': np.int64(173), 'min_samples_split': np.int64(6), 'min_samples_leaf': np.int64(8), 'max_depth': np.int64(6)}",paper,Our Eps-Fair,0.3,,0.48872180451127817,0.39209122029802657,True,0,Optimization terminated successfully,24.0,0.05482579999807058,completed_without_exception,,,,,,,,,
CRIME,5,9,91777,RF,"{'n_estimators': np.int64(173), 'min_samples_split': np.int64(6), 'min_samples_leaf': np.int64(8), 'max_depth': np.int64(6)}",paper,Our Eps-Fair,0.4,,0.49874686716791977,0.37724023358840114,True,0,Optimization terminated successfully,8.0,0.01730939999833936,completed_without_exception,,,,,,,,,
CRIME,5,9,91777,RF,"{'n_estimators': np.int64(173), 'min_samples_split': np.int64(6), 'min_samples_leaf': np.int64(8), 'max_depth': np.int64(6)}",paper,Our Eps-Fair,0.5,,0.48872180451127817,0.39438179621425695,True,0,Optimization terminated successfully,1.0,0.002466500001901295,completed_without_exception,,,,,,,,,
CRIME,5,9,91777,RF,"{'n_estimators': np.int64(173), 'min_samples_split': np.int64(6), 'min_samples_leaf': np.int64(8), 'max_depth': np.int64(6)}",paper,FairProjection,,0.0,,,False,failed,RuntimeError('`tf.data.Dataset` only supports Python-style iteration in eager mode or within tf.function.'),,,not_completed,,2.0,500.0,cross-entropy,tf,,,,
CRIME,5,9,91777,RF,"{'n_estimators': np.int64(173), 'min_samples_split': np.int64(6), 'min_samples_leaf': np.int64(8), 'max_depth': np.int64(6)}",paper,FairProjection,,0.1,,,False,failed,RuntimeError('`tf.data.Dataset` only supports Python-style iteration in eager mode or within tf.function.'),,,not_completed,,2.0,500.0,cross-entropy,tf,,,,
CRIME,5,9,91777,RF,"{'n_estimators': np.int64(173), 'min_samples_split': np.int64(6), 'min_samples_leaf': np.int64(8), 'max_depth': np.int64(6)}",paper,FairProjection,,0.2,,,False,failed,RuntimeError('`tf.data.Dataset` only supports Python-style iteration in eager mode or within tf.function.'),,,not_completed,,2.0,500.0,cross-entropy,tf,,,,
CRIME,5,9,91777,RF,"{'n_estimators': np.int64(173), 'min_samples_split': np.int64(6), 'min_samples_leaf': np.int64(8), 'max_depth': np.int64(6)}",paper,FairProjection,,0.5,,,False,failed,RuntimeError('`tf.data.Dataset` only supports Python-style iteration in eager mode or within tf.function.'),,,not_completed,,2.0,500.0,cross-entropy,tf,,,,
CRIME,5,9,91777,RF,"{'n_estimators': np.int64(173), 'min_samples_split': np.int64(6), 'min_samples_leaf': np.int64(8), 'max_depth': np.int64(6)}",paper,FairProjection,,0.75,,,False,failed,RuntimeError('`tf.data.Dataset` only supports Python-style iteration in eager mode or within tf.function.'),,,not_completed,,2.0,500.0,cross-entropy,tf,,,,
CRIME,5,9,91777,RF,"{'n_estimators': np.int64(173), 'min_samples_split': np.int64(6), 'min_samples_leaf': np.int64(8), 'max_depth': np.int64(6)}",paper,Fair-transport,,0.0,0.43107769423558895,0.2306937172774869,True,completed_without_exception,optimal,,0.1285972000005131,optimal,,,,,,1.5349311155432588e-08,0.6261486218373333,CLARABEL,OSQP
CRIME,5,9,91777,RF,"{'n_estimators': np.int64(173), 'min_samples_split': np.int64(6), 'min_samples_leaf': np.int64(8), 'max_depth': np.int64(6)}",paper,Fair-transport,,0.1,0.44110275689223055,0.26082360048328634,True,completed_without_exception,optimal,,0.12689229999887175,optimal,,,,,,0.10000001931192104,0.5906926783275668,CLARABEL,OSQP
CRIME,5,9,91777,RF,"{'n_estimators': np.int64(173), 'min_samples_split': np.int64(6), 'min_samples_leaf': np.int64(8), 'max_depth': np.int64(6)}",paper,Fair-transport,,0.2,0.44611528822055135,0.25234091824405963,True,completed_without_exception,optimal,,0.12764709999828483,optimal,,,,,,0.20000000339078705,0.5605556025539963,CLARABEL,OSQP
CRIME,5,9,91777,RF,"{'n_estimators': np.int64(173), 'min_samples_split': np.int64(6), 'min_samples_leaf': np.int64(8), 'max_depth': np.int64(6)}",paper,Fair-transport,,0.3,0.48621553884711777,0.39209122029802657,True,completed_without_exception,optimal,,0.1257229999973788,optimal,,,,,,0.30000000091041323,0.5412145587263884,CLARABEL,OSQP
CRIME,5,9,91777,RF,"{'n_estimators': np.int64(173), 'min_samples_split': np.int64(6), 'min_samples_leaf': np.int64(8), 'max_depth': np.int64(6)}",paper,Fair-transport,,0.4,0.49874686716791977,0.37724023358840114,True,completed_without_exception,optimal,,0.09685000000172295,optimal,,,,,,0.4000000001983403,0.535475062055732,CLARABEL,OSQP
CRIME,5,9,91777,GBM,"{'reg_lambda': 0.1, 'reg_alpha': 10, 'num_leaves': np.int64(41), 'n_estimators': np.int64(93), 'min_child_samples': np.int64(59), 'max_depth': np.int64(5)}",paper,Unfair,,,0.49373433583959897,0.441930124848973,True,not_applicable,not applicable,0.0,0.0,not_applicable,,,,,,,,,
CRIME,5,9,91777,GBM,"{'reg_lambda': 0.1, 'reg_alpha': 10, 'num_leaves': np.int64(41), 'n_estimators': np.int64(93), 'min_child_samples': np.int64(59), 'max_depth': np.int64(5)}",paper,Our Eps-Fair,0.0,,0.37844611528822053,0.05509967780910191,True,0,Optimization terminated successfully,20.0,0.05866020000030403,completed_without_exception,,,,,,,,,
CRIME,5,9,91777,GBM,"{'reg_lambda': 0.1, 'reg_alpha': 10, 'num_leaves': np.int64(41), 'n_estimators': np.int64(93), 'min_child_samples': np.int64(59), 'max_depth': np.int64(5)}",paper,Our Eps-Fair,0.1,,0.42857142857142855,0.17267418445428917,True,0,Optimization terminated successfully,25.0,0.06275199999799952,completed_without_exception,,,,,,,,,
CRIME,5,9,91777,GBM,"{'reg_lambda': 0.1, 'reg_alpha': 10, 'num_leaves': np.int64(41), 'n_estimators': np.int64(93), 'min_child_samples': np.int64(59), 'max_depth': np.int64(5)}",paper,Our Eps-Fair,0.2,,0.45864661654135336,0.27129480467176803,True,0,Optimization terminated successfully,22.0,0.04828599999746075,completed_without_exception,,,,,,,,,
CRIME,5,9,91777,GBM,"{'reg_lambda': 0.1, 'reg_alpha': 10, 'num_leaves': np.int64(41), 'n_estimators': np.int64(93), 'min_child_samples': np.int64(59), 'max_depth': np.int64(5)}",paper,Our Eps-Fair,0.3,,0.48872180451127817,0.3703433346757954,True,0,Optimization terminated successfully,23.0,0.052187000001140404,completed_without_exception,,,,,,,,,
CRIME,5,9,91777,GBM,"{'reg_lambda': 0.1, 'reg_alpha': 10, 'num_leaves': np.int64(41), 'n_estimators': np.int64(93), 'min_child_samples': np.int64(59), 'max_depth': np.int64(5)}",paper,Our Eps-Fair,0.4,,0.48621553884711777,0.38204792589609343,True,0,Optimization terminated successfully,9.0,0.018793899998854613,completed_without_exception,,,,,,,,,
CRIME,5,9,91777,GBM,"{'reg_lambda': 0.1, 'reg_alpha': 10, 'num_leaves': np.int64(41), 'n_estimators': np.int64(93), 'min_child_samples': np.int64(59), 'max_depth': np.int64(5)}",paper,Our Eps-Fair,0.5,,0.49373433583959897,0.441930124848973,True,0,Optimization terminated successfully,1.0,0.0021314000005077105,completed_without_exception,,,,,,,,,
CRIME,5,9,91777,GBM,"{'reg_lambda': 0.1, 'reg_alpha': 10, 'num_leaves': np.int64(41), 'n_estimators': np.int64(93), 'min_child_samples': np.int64(59), 'max_depth': np.int64(5)}",paper,FairProjection,,0.0,,,False,failed,RuntimeError('`tf.data.Dataset` only supports Python-style iteration in eager mode or within tf.function.'),,,not_completed,,2.0,500.0,cross-entropy,tf,,,,
CRIME,5,9,91777,GBM,"{'reg_lambda': 0.1, 'reg_alpha': 10, 'num_leaves': np.int64(41), 'n_estimators': np.int64(93), 'min_child_samples': np.int64(59), 'max_depth': np.int64(5)}",paper,FairProjection,,0.1,,,False,failed,RuntimeError('`tf.data.Dataset` only supports Python-style iteration in eager mode or within tf.function.'),,,not_completed,,2.0,500.0,cross-entropy,tf,,,,
CRIME,5,9,91777,GBM,"{'reg_lambda': 0.1, 'reg_alpha': 10, 'num_leaves': np.int64(41), 'n_estimators': np.int64(93), 'min_child_samples': np.int64(59), 'max_depth': np.int64(5)}",paper,FairProjection,,0.2,,,False,failed,RuntimeError('`tf.data.Dataset` only supports Python-style iteration in eager mode or within tf.function.'),,,not_completed,,2.0,500.0,cross-entropy,tf,,,,
CRIME,5,9,91777,GBM,"{'reg_lambda': 0.1, 'reg_alpha': 10, 'num_leaves': np.int64(41), 'n_estimators': np.int64(93), 'min_child_samples': np.int64(59), 'max_depth': np.int64(5)}",paper,FairProjection,,0.5,,,False,failed,RuntimeError('`tf.data.Dataset` only supports Python-style iteration in eager mode or within tf.function.'),,,not_completed,,2.0,500.0,cross-entropy,tf,,,,
CRIME,5,9,91777,GBM,"{'reg_lambda': 0.1, 'reg_alpha': 10, 'num_leaves': np.int64(41), 'n_estimators': np.int64(93), 'min_child_samples': np.int64(59), 'max_depth': np.int64(5)}",paper,FairProjection,,0.75,,,False,failed,RuntimeError('`tf.data.Dataset` only supports Python-style iteration in eager mode or within tf.function.'),,,not_completed,,2.0,500.0,cross-entropy,tf,,,,
CRIME,5,9,91777,GBM,"{'reg_lambda': 0.1, 'reg_alpha': 10, 'num_leaves': np.int64(41), 'n_estimators': np.int64(93), 'min_child_samples': np.int64(59), 'max_depth': np.int64(5)}",paper,Fair-transport,,0.0,0.3684210526315789,0.08694120016109544,True,completed_without_exception,optimal,,0.13862739999967744,optimal,,,,,,5.9095011661902674e-09,0.583077640981683,CLARABEL,OSQP
CRIME,5,9,91777,GBM,"{'reg_lambda': 0.1, 'reg_alpha': 10, 'num_leaves': np.int64(41), 'n_estimators': np.int64(93), 'min_child_samples': np.int64(59), 'max_depth': np.int64(5)}",paper,Fair-transport,,0.1,0.42105263157894735,0.17267418445428917,True,completed_without_exception,optimal,,0.1287549000007857,optimal,,,,,,0.10000000941985948,0.5435897933908755,CLARABEL,OSQP
CRIME,5,9,91777,GBM,"{'reg_lambda': 0.1, 'reg_alpha': 10, 'num_leaves': np.int64(41), 'n_estimators': np.int64(93), 'min_child_samples': np.int64(59), 'max_depth': np.int64(5)}",paper,Fair-transport,,0.2,0.46365914786967416,0.2861457913813935,True,completed_without_exception,optimal,,0.12773039999956382,optimal,,,,,,0.20000000054727657,0.5091331093276663,CLARABEL,OSQP
CRIME,5,9,91777,GBM,"{'reg_lambda': 0.1, 'reg_alpha': 10, 'num_leaves': np.int64(41), 'n_estimators': np.int64(93), 'min_child_samples': np.int64(59), 'max_depth': np.int64(5)}",paper,Fair-transport,,0.3,0.48872180451127817,0.3598721304873137,True,completed_without_exception,optimal,,0.12802480000027572,optimal,,,,,,0.30000000067894933,0.4835330021012154,CLARABEL,OSQP
CRIME,5,9,91777,GBM,"{'reg_lambda': 0.1, 'reg_alpha': 10, 'num_leaves': np.int64(41), 'n_estimators': np.int64(93), 'min_child_samples': np.int64(59), 'max_depth': np.int64(5)}",paper,Fair-transport,,0.4,0.48621553884711777,0.3864277084172372,True,completed_without_exception,optimal,,0.12770460000319872,optimal,,,,,,0.40000001267575747,0.4733690728602498,CLARABEL,OSQP
CRIME,5,10,101777,reglog,{},paper,Unfair,,,0.5363408521303258,0.6134422110552764,True,not_applicable,not applicable,0.0,0.0,not_applicable,,,,,,,,,
CRIME,5,10,101777,reglog,{},paper,Our Eps-Fair,0.0,,0.3558897243107769,0.0337185929648241,True,0,Optimization terminated successfully,26.0,0.0666218000005756,completed_without_exception,,,,,,,,,
CRIME,5,10,101777,reglog,{},paper,Our Eps-Fair,0.1,,0.41353383458646614,0.22447236180904523,True,0,Optimization terminated successfully,27.0,0.06242680000286782,completed_without_exception,,,,,,,,,
CRIME,5,10,101777,reglog,{},paper,Our Eps-Fair,0.2,,0.43107769423558895,0.2746984924623116,True,0,Optimization terminated successfully,14.0,0.03171370000200113,completed_without_exception,,,,,,,,,
CRIME,5,10,101777,reglog,{},paper,Our Eps-Fair,0.3,,0.46115288220551376,0.3748994974874372,True,0,Optimization terminated successfully,16.0,0.035420000000158325,completed_without_exception,,,,,,,,,
CRIME,5,10,101777,reglog,{},paper,Our Eps-Fair,0.4,,0.48621553884711777,0.4299246231155779,True,0,Optimization terminated successfully,8.0,0.017411799999536015,completed_without_exception,,,,,,,,,
CRIME,5,10,101777,reglog,{},paper,Our Eps-Fair,0.5,,0.5087719298245614,0.44776381909547736,True,0,Optimization terminated successfully,12.0,0.02710319999823696,completed_without_exception,,,,,,,,,
CRIME,5,10,101777,reglog,{},paper,FairProjection,,0.0,,,False,failed,RuntimeError('`tf.data.Dataset` only supports Python-style iteration in eager mode or within tf.function.'),,,not_completed,,2.0,500.0,cross-entropy,tf,,,,
CRIME,5,10,101777,reglog,{},paper,FairProjection,,0.1,,,False,failed,RuntimeError('`tf.data.Dataset` only supports Python-style iteration in eager mode or within tf.function.'),,,not_completed,,2.0,500.0,cross-entropy,tf,,,,
CRIME,5,10,101777,reglog,{},paper,FairProjection,,0.2,,,False,failed,RuntimeError('`tf.data.Dataset` only supports Python-style iteration in eager mode or within tf.function.'),,,not_completed,,2.0,500.0,cross-entropy,tf,,,,
CRIME,5,10,101777,reglog,{},paper,FairProjection,,0.5,,,False,failed,RuntimeError('`tf.data.Dataset` only supports Python-style iteration in eager mode or within tf.function.'),,,not_completed,,2.0,500.0,cross-entropy,tf,,,,
CRIME,5,10,101777,reglog,{},paper,FairProjection,,0.75,,,False,failed,RuntimeError('`tf.data.Dataset` only supports Python-style iteration in eager mode or within tf.function.'),,,not_completed,,2.0,500.0,cross-entropy,tf,,,,
CRIME,5,10,101777,reglog,{},paper,Fair-transport,,0.0,0.38596491228070173,0.11412060301507534,True,completed_without_exception,optimal,,0.12444719999984954,optimal,,,,,,8.847137855649834e-09,0.6195148099092926,CLARABEL,OSQP
CRIME,5,10,101777,reglog,{},paper,Fair-transport,,0.1,0.41102756892230574,0.22447236180904523,True,completed_without_exception,optimal,,0.1267477000001236,optimal,,,,,,0.10000000138335091,0.5845013560263906,CLARABEL,OSQP
CRIME,5,10,101777,reglog,{},paper,Fair-transport,,0.2,0.41854636591478694,0.2796984924623116,True,completed_without_exception,optimal,,0.12869689999934053,optimal,,,,,,0.2000000147443323,0.5535341285587557,CLARABEL,OSQP
CRIME,5,10,101777,reglog,{},paper,Fair-transport,,0.3,0.46115288220551376,0.3748994974874372,True,completed_without_exception,optimal,,0.12515999999595806,optimal,,,,,,0.30000000030806817,0.5311151545389088,CLARABEL,OSQP
CRIME,5,10,101777,reglog,{},paper,Fair-transport,,0.4,0.49122807017543857,0.4449246231155779,True,completed_without_exception,optimal,,0.12433840000085183,optimal,,,,,,0.40000000041972184,0.5199713498104105,CLARABEL,OSQP
CRIME,5,10,101777,RF,"{'n_estimators': np.int64(168), 'min_samples_split': np.int64(5), 'min_samples_leaf': np.int64(4), 'max_depth': np.int64(9)}",paper,Unfair,,,0.5538847117794486,0.6033668341708542,True,not_applicable,not applicable,0.0,0.0,not_applicable,,,,,,,,,
CRIME,5,10,101777,RF,"{'n_estimators': np.int64(168), 'min_samples_split': np.int64(5), 'min_samples_leaf': np.int64(4), 'max_depth': np.int64(9)}",paper,Our Eps-Fair,0.0,,0.3508771929824561,0.09211055276381908,True,0,Optimization terminated successfully,25.0,0.05560930000137887,completed_without_exception,,,,,,,,,
CRIME,5,10,101777,RF,"{'n_estimators': np.int64(168), 'min_samples_split': np.int64(5), 'min_samples_leaf': np.int64(4), 'max_depth': np.int64(9)}",paper,Our Eps-Fair,0.1,,0.38596491228070173,0.08042713567839195,True,0,Optimization terminated successfully,23.0,0.05194090000077267,completed_without_exception,,,,,,,,,
CRIME,5,10,101777,RF,"{'n_estimators': np.int64(168), 'min_samples_split': np.int64(5), 'min_samples_leaf': np.int64(4), 'max_depth': np.int64(9)}",paper,Our Eps-Fair,0.2,,0.43358395989974935,0.2242964824120603,True,0,Optimization terminated successfully,33.0,0.07504150000022491,completed_without_exception,,,,,,,,,
CRIME,5,10,101777,RF,"{'n_estimators': np.int64(168), 'min_samples_split': np.int64(5), 'min_samples_leaf': np.int64(4), 'max_depth': np.int64(9)}",paper,Our Eps-Fair,0.3,,0.48120300751879697,0.3799246231155779,True,0,Optimization terminated successfully,17.0,0.038451399999757996,completed_without_exception,,,,,,,,,
CRIME,5,10,101777,RF,"{'n_estimators': np.int64(168), 'min_samples_split': np.int64(5), 'min_samples_leaf': np.int64(4), 'max_depth': np.int64(9)}",paper,Our Eps-Fair,0.4,,0.5137844611528822,0.4449748743718593,True,0,Optimization terminated successfully,6.0,0.0133116000033624,completed_without_exception,,,,,,,,,
CRIME,5,10,101777,RF,"{'n_estimators': np.int64(168), 'min_samples_split': np.int64(5), 'min_samples_leaf': np.int64(4), 'max_depth': np.int64(9)}",paper,Our Eps-Fair,0.5,,0.5413533834586466,0.5631909547738694,True,0,Optimization terminated successfully,7.0,0.015375200000562472,completed_without_exception,,,,,,,,,
CRIME,5,10,101777,RF,"{'n_estimators': np.int64(168), 'min_samples_split': np.int64(5), 'min_samples_leaf': np.int64(4), 'max_depth': np.int64(9)}",paper,FairProjection,,0.0,,,False,failed,RuntimeError('`tf.data.Dataset` only supports Python-style iteration in eager mode or within tf.function.'),,,not_completed,,2.0,500.0,cross-entropy,tf,,,,
CRIME,5,10,101777,RF,"{'n_estimators': np.int64(168), 'min_samples_split': np.int64(5), 'min_samples_leaf': np.int64(4), 'max_depth': np.int64(9)}",paper,FairProjection,,0.1,,,False,failed,RuntimeError('`tf.data.Dataset` only supports Python-style iteration in eager mode or within tf.function.'),,,not_completed,,2.0,500.0,cross-entropy,tf,,,,
CRIME,5,10,101777,RF,"{'n_estimators': np.int64(168), 'min_samples_split': np.int64(5), 'min_samples_leaf': np.int64(4), 'max_depth': np.int64(9)}",paper,FairProjection,,0.2,,,False,failed,RuntimeError('`tf.data.Dataset` only supports Python-style iteration in eager mode or within tf.function.'),,,not_completed,,2.0,500.0,cross-entropy,tf,,,,
CRIME,5,10,101777,RF,"{'n_estimators': np.int64(168), 'min_samples_split': np.int64(5), 'min_samples_leaf': np.int64(4), 'max_depth': np.int64(9)}",paper,FairProjection,,0.5,,,False,failed,RuntimeError('`tf.data.Dataset` only supports Python-style iteration in eager mode or within tf.function.'),,,not_completed,,2.0,500.0,cross-entropy,tf,,,,
CRIME,5,10,101777,RF,"{'n_estimators': np.int64(168), 'min_samples_split': np.int64(5), 'min_samples_leaf': np.int64(4), 'max_depth': np.int64(9)}",paper,FairProjection,,0.75,,,False,failed,RuntimeError('`tf.data.Dataset` only supports Python-style iteration in eager mode or within tf.function.'),,,not_completed,,2.0,500.0,cross-entropy,tf,,,,
CRIME,5,10,101777,RF,"{'n_estimators': np.int64(168), 'min_samples_split': np.int64(5), 'min_samples_leaf': np.int64(4), 'max_depth': np.int64(9)}",paper,Fair-transport,,0.0,0.3558897243107769,0.056934673366834165,True,completed_without_exception,optimal,,0.12302179999824148,optimal,,,,,,1.0965248153915752e-09,0.606446232073837,CLARABEL,OSQP
CRIME,5,10,101777,RF,"{'n_estimators': np.int64(168), 'min_samples_split': np.int64(5), 'min_samples_leaf': np.int64(4), 'max_depth': np.int64(9)}",paper,Fair-transport,,0.1,0.37844611528822053,0.07037688442211054,True,completed_without_exception,optimal,,0.12477009999929578,optimal,,,,,,0.10000000036706214,0.5720559785578806,CLARABEL,OSQP
CRIME,5,10,101777,RF,"{'n_estimators': np.int64(168), 'min_samples_split': np.int64(5), 'min_samples_leaf': np.int64(4), 'max_depth': np.int64(9)}",paper,Fair-transport,,0.2,0.43107769423558895,0.2192713567839196,True,completed_without_exception,optimal,,0.1251946999982465,optimal,,,,,,0.2000000004283003,0.5423813052685458,CLARABEL,OSQP
CRIME,5,10,101777,RF,"{'n_estimators': np.int64(168), 'min_samples_split': np.int64(5), 'min_samples_leaf': np.int64(4), 'max_depth': np.int64(9)}",paper,Fair-transport,,0.3,0.47869674185463656,0.3799246231155779,True,completed_without_exception,optimal,,0.12432099999932689,optimal,,,,,,0.30000000122875414,0.5217961668165115,CLARABEL,OSQP
CRIME,5,10,101777,RF,"{'n_estimators': np.int64(168), 'min_samples_split': np.int64(5), 'min_samples_leaf': np.int64(4), 'max_depth': np.int64(9)}",paper,Fair-transport,,0.4,0.5112781954887218,0.45,True,completed_without_exception,optimal,,0.3798127000009117,optimal,,,,,,0.4000000001644177,0.5136967963191447,CLARABEL,OSQP
CRIME,5,10,101777,GBM,"{'reg_lambda': 50, 'reg_alpha': 0, 'num_leaves': np.int64(12), 'n_estimators': np.int64(126), 'min_child_samples': np.int64(67), 'max_depth': np.int64(13)}",paper,Unfair,,,0.506265664160401,0.5529899497487437,True,not_applicable,not applicable,0.0,0.0,not_applicable,,,,,,,,,
CRIME,5,10,101777,GBM,"{'reg_lambda': 50, 'reg_alpha': 0, 'num_leaves': np.int64(12), 'n_estimators': np.int64(126), 'min_child_samples': np.int64(67), 'max_depth': np.int64(13)}",paper,Our Eps-Fair,0.0,,0.38596491228070173,0.10108040201005024,True,0,Optimization terminated successfully,20.0,0.044602299996768124,completed_without_exception,,,,,,,,,
CRIME,5,10,101777,GBM,"{'reg_lambda': 50, 'reg_alpha': 0, 'num_leaves': np.int64(12), 'n_estimators': np.int64(126), 'min_child_samples': np.int64(67), 'max_depth': np.int64(13)}",paper,Our Eps-Fair,0.1,,0.40601503759398494,0.18917085427135677,True,0,Optimization terminated successfully,22.0,0.05866819999937434,completed_without_exception,,,,,,,,,
CRIME,5,10,101777,GBM,"{'reg_lambda': 50, 'reg_alpha': 0, 'num_leaves': np.int64(12), 'n_estimators': np.int64(126), 'min_child_samples': np.int64(67), 'max_depth': np.int64(13)}",paper,Our Eps-Fair,0.2,,0.43859649122807015,0.31462311557788947,True,0,Optimization terminated successfully,26.0,0.056786400000419235,completed_without_exception,,,,,,,,,
CRIME,5,10,101777,GBM,"{'reg_lambda': 50, 'reg_alpha': 0, 'num_leaves': np.int64(12), 'n_estimators': np.int64(126), 'min_child_samples': np.int64(67), 'max_depth': np.int64(13)}",paper,Our Eps-Fair,0.3,,0.47117794486215536,0.40992462311557787,True,0,Optimization terminated successfully,10.0,0.02185809999718913,completed_without_exception,,,,,,,,,
CRIME,5,10,101777,GBM,"{'reg_lambda': 50, 'reg_alpha': 0, 'num_leaves': np.int64(12), 'n_estimators': np.int64(126), 'min_child_samples': np.int64(67), 'max_depth': np.int64(13)}",paper,Our Eps-Fair,0.4,,0.48872180451127817,0.43758793969849247,True,0,Optimization terminated successfully,13.0,0.029346599996642908,completed_without_exception,,,,,,,,,
CRIME,5,10,101777,GBM,"{'reg_lambda': 50, 'reg_alpha': 0, 'num_leaves': np.int64(12), 'n_estimators': np.int64(126), 'min_child_samples': np.int64(67), 'max_depth': np.int64(13)}",paper,Our Eps-Fair,0.5,,0.5037593984962406,0.5228894472361808,True,0,Optimization terminated successfully,4.0,0.009388200000103097,completed_without_exception,,,,,,,,,
CRIME,5,10,101777,GBM,"{'reg_lambda': 50, 'reg_alpha': 0, 'num_leaves': np.int64(12), 'n_estimators': np.int64(126), 'min_child_samples': np.int64(67), 'max_depth': np.int64(13)}",paper,FairProjection,,0.0,,,False,failed,RuntimeError('`tf.data.Dataset` only supports Python-style iteration in eager mode or within tf.function.'),,,not_completed,,2.0,500.0,cross-entropy,tf,,,,
CRIME,5,10,101777,GBM,"{'reg_lambda': 50, 'reg_alpha': 0, 'num_leaves': np.int64(12), 'n_estimators': np.int64(126), 'min_child_samples': np.int64(67), 'max_depth': np.int64(13)}",paper,FairProjection,,0.1,,,False,failed,RuntimeError('`tf.data.Dataset` only supports Python-style iteration in eager mode or within tf.function.'),,,not_completed,,2.0,500.0,cross-entropy,tf,,,,
CRIME,5,10,101777,GBM,"{'reg_lambda': 50, 'reg_alpha': 0, 'num_leaves': np.int64(12), 'n_estimators': np.int64(126), 'min_child_samples': np.int64(67), 'max_depth': np.int64(13)}",paper,FairProjection,,0.2,,,False,failed,RuntimeError('`tf.data.Dataset` only supports Python-style iteration in eager mode or within tf.function.'),,,not_completed,,2.0,500.0,cross-entropy,tf,,,,
CRIME,5,10,101777,GBM,"{'reg_lambda': 50, 'reg_alpha': 0, 'num_leaves': np.int64(12), 'n_estimators': np.int64(126), 'min_child_samples': np.int64(67), 'max_depth': np.int64(13)}",paper,FairProjection,,0.5,,,False,failed,RuntimeError('`tf.data.Dataset` only supports Python-style iteration in eager mode or within tf.function.'),,,not_completed,,2.0,500.0,cross-entropy,tf,,,,
CRIME,5,10,101777,GBM,"{'reg_lambda': 50, 'reg_alpha': 0, 'num_leaves': np.int64(12), 'n_estimators': np.int64(126), 'min_child_samples': np.int64(67), 'max_depth': np.int64(13)}",paper,FairProjection,,0.75,,,False,failed,RuntimeError('`tf.data.Dataset` only supports Python-style iteration in eager mode or within tf.function.'),,,not_completed,,2.0,500.0,cross-entropy,tf,,,,
CRIME,5,10,101777,GBM,"{'reg_lambda': 50, 'reg_alpha': 0, 'num_leaves': np.int64(12), 'n_estimators': np.int64(126), 'min_child_samples': np.int64(67), 'max_depth': np.int64(13)}",paper,Fair-transport,,0.0,0.38596491228070173,0.11618090452261307,True,completed_without_exception,optimal,,0.14176969999971334,optimal,,,,,,2.5597769459650976e-09,0.5491579830793394,CLARABEL,OSQP
CRIME,5,10,101777,GBM,"{'reg_lambda': 50, 'reg_alpha': 0, 'num_leaves': np.int64(12), 'n_estimators': np.int64(126), 'min_child_samples': np.int64(67), 'max_depth': np.int64(13)}",paper,Fair-transport,,0.1,0.39598997493734334,0.14899497487437183,True,completed_without_exception,optimal,,0.12699990000328398,optimal,,,,,,0.10000001453624541,0.5081192088823889,CLARABEL,OSQP
CRIME,5,10,101777,GBM,"{'reg_lambda': 50, 'reg_alpha': 0, 'num_leaves': np.int64(12), 'n_estimators': np.int64(126), 'min_child_samples': np.int64(67), 'max_depth': np.int64(13)}",paper,Fair-transport,,0.2,0.43609022556390975,0.33467336683417087,True,completed_without_exception,optimal,,0.12661819999993895,optimal,,,,,,0.2000000014702269,0.47378683311956854,CLARABEL,OSQP
CRIME,5,10,101777,GBM,"{'reg_lambda': 50, 'reg_alpha': 0, 'num_leaves': np.int64(12), 'n_estimators': np.int64(126), 'min_child_samples': np.int64(67), 'max_depth': np.int64(13)}",paper,Fair-transport,,0.3,0.46115288220551376,0.40492462311557786,True,completed_without_exception,optimal,,0.12489730000015697,optimal,,,,,,0.30000000703864077,0.45035353839364467,CLARABEL,OSQP
CRIME,5,10,101777,GBM,"{'reg_lambda': 50, 'reg_alpha': 0, 'num_leaves': np.int64(12), 'n_estimators': np.int64(126), 'min_child_samples': np.int64(67), 'max_depth': np.int64(13)}",paper,Fair-transport,,0.4,0.47619047619047616,0.4299246231155779,True,completed_without_exception,optimal,,0.1271984999984852,optimal,,,,,,0.40000000913177725,0.4386997606635922,CLARABEL,OSQP
CRIME,5,11,111777,reglog,{},paper,Unfair,,,0.48370927318295737,0.4985540334855404,True,not_applicable,not applicable,0.0,0.0,not_applicable,,,,,,,,,
CRIME,5,11,111777,reglog,{},paper,Our Eps-Fair,0.0,,0.3609022556390977,0.04581430745814308,True,0,Optimization terminated successfully,17.0,0.04212489999918034,completed_without_exception,,,,,,,,,
CRIME,5,11,111777,reglog,{},paper,Our Eps-Fair,0.1,,0.39348370927318294,0.1269406392694064,True,0,Optimization terminated successfully,28.0,0.0686225999997987,completed_without_exception,,,,,,,,,
CRIME,5,11,111777,reglog,{},paper,Our Eps-Fair,0.2,,0.41353383458646614,0.19680365296803654,True,0,Optimization terminated successfully,28.0,0.062472599998727674,completed_without_exception,,,,,,,,,
CRIME,5,11,111777,reglog,{},paper,Our Eps-Fair,0.3,,0.45864661654135336,0.3140791476407915,True,0,Optimization terminated successfully,28.0,0.06464540000160923,completed_without_exception,,,,,,,,,
CRIME,5,11,111777,reglog,{},paper,Our Eps-Fair,0.4,,0.47368421052631576,0.3519786910197869,True,0,Optimization terminated successfully,10.0,0.023465300000680145,completed_without_exception,,,,,,,,,
CRIME,5,11,111777,reglog,{},paper,Our Eps-Fair,0.5,,0.47869674185463656,0.4342465753424658,True,0,Optimization terminated successfully,8.0,0.01927870000145049,completed_without_exception,,,,,,,,,
CRIME,5,11,111777,reglog,{},paper,FairProjection,,0.0,,,False,failed,RuntimeError('`tf.data.Dataset` only supports Python-style iteration in eager mode or within tf.function.'),,,not_completed,,2.0,500.0,cross-entropy,tf,,,,
CRIME,5,11,111777,reglog,{},paper,FairProjection,,0.1,,,False,failed,RuntimeError('`tf.data.Dataset` only supports Python-style iteration in eager mode or within tf.function.'),,,not_completed,,2.0,500.0,cross-entropy,tf,,,,
CRIME,5,11,111777,reglog,{},paper,FairProjection,,0.2,,,False,failed,RuntimeError('`tf.data.Dataset` only supports Python-style iteration in eager mode or within tf.function.'),,,not_completed,,2.0,500.0,cross-entropy,tf,,,,
CRIME,5,11,111777,reglog,{},paper,FairProjection,,0.5,,,False,failed,RuntimeError('`tf.data.Dataset` only supports Python-style iteration in eager mode or within tf.function.'),,,not_completed,,2.0,500.0,cross-entropy,tf,,,,
CRIME,5,11,111777,reglog,{},paper,FairProjection,,0.75,,,False,failed,RuntimeError('`tf.data.Dataset` only supports Python-style iteration in eager mode or within tf.function.'),,,not_completed,,2.0,500.0,cross-entropy,tf,,,,
CRIME,5,11,111777,reglog,{},paper,Fair-transport,,0.0,0.39849624060150374,0.16430745814307457,True,completed_without_exception,optimal,,0.12939710000136984,optimal,,,,,,1.4753557098234893e-08,0.6083121613427275,CLARABEL,OSQP
CRIME,5,11,111777,reglog,{},paper,Fair-transport,,0.1,0.39598997493734334,0.11324200913242011,True,completed_without_exception,optimal,,0.12693149999904563,optimal,,,,,,0.10000000041585222,0.570905914123409,CLARABEL,OSQP
CRIME,5,11,111777,reglog,{},paper,Fair-transport,,0.2,0.40852130325814534,0.23013698630136986,True,completed_without_exception,optimal,,0.12730799999917508,optimal,,,,,,0.20000000232041448,0.5375002103540236,CLARABEL,OSQP
CRIME,5,11,111777,reglog,{},paper,Fair-transport,,0.3,0.45864661654135336,0.34185692541856927,True,completed_without_exception,optimal,,0.1285154000033799,optimal,,,,,,0.30000000075614186,0.5104106752106977,CLARABEL,OSQP
CRIME,5,11,111777,reglog,{},paper,Fair-transport,,0.4,0.46365914786967416,0.36864535768645357,True,completed_without_exception,optimal,,0.14252289999785717,optimal,,,,,,0.40000000607274705,0.4956082084839968,CLARABEL,OSQP
CRIME,5,11,111777,RF,"{'n_estimators': np.int64(82), 'min_samples_split': np.int64(7), 'min_samples_leaf': np.int64(4), 'max_depth': np.int64(12)}",paper,Unfair,,,0.49122807017543857,0.4656012176560122,True,not_applicable,not applicable,0.0,0.0,not_applicable,,,,,,,,,
CRIME,5,11,111777,RF,"{'n_estimators': np.int64(82), 'min_samples_split': np.int64(7), 'min_samples_leaf': np.int64(4), 'max_depth': np.int64(12)}",paper,Our Eps-Fair,0.0,,0.37844611528822053,0.07617960426179604,True,0,Optimization terminated successfully,21.0,0.057127500000206055,completed_without_exception,,,,,,,,,
CRIME,5,11,111777,RF,"{'n_estimators': np.int64(82), 'min_samples_split': np.int64(7), 'min_samples_leaf': np.int64(4), 'max_depth': np.int64(12)}",paper,Our Eps-Fair,0.1,,0.39598997493734334,0.09596651445966514,True,0,Optimization terminated successfully,29.0,0.09096460000000661,completed_without_exception,,,,,,,,,
CRIME,5,11,111777,RF,"{'n_estimators': np.int64(82), 'min_samples_split': np.int64(7), 'min_samples_leaf': np.int64(4), 'max_depth': np.int64(12)}",paper,Our Eps-Fair,0.2,,0.43358395989974935,0.20449010654490105,True,0,Optimization terminated successfully,31.0,0.08244130000093719,completed_without_exception,,,,,,,,,
CRIME,5,11,111777,RF,"{'n_estimators': np.int64(82), 'min_samples_split': np.int64(7), 'min_samples_leaf': np.int64(4), 'max_depth': np.int64(12)}",paper,Our Eps-Fair,0.3,,0.45112781954887216,0.32298325722983257,True,0,Optimization terminated successfully,15.0,0.0362213000007614,completed_without_exception,,,,,,,,,
CRIME,5,11,111777,RF,"{'n_estimators': np.int64(82), 'min_samples_split': np.int64(7), 'min_samples_leaf': np.int64(4), 'max_depth': np.int64(12)}",paper,Our Eps-Fair,0.4,,0.47619047619047616,0.3523592085235921,True,0,Optimization terminated successfully,16.0,0.03994860000238987,completed_without_exception,,,,,,,,,
CRIME,5,11,111777,RF,"{'n_estimators': np.int64(82), 'min_samples_split': np.int64(7), 'min_samples_leaf': np.int64(4), 'max_depth': np.int64(12)}",paper,Our Eps-Fair,0.5,,0.48872180451127817,0.4225266362252663,True,0,Optimization terminated successfully,5.0,0.01188700000056997,completed_without_exception,,,,,,,,,
CRIME,5,11,111777,RF,"{'n_estimators': np.int64(82), 'min_samples_split': np.int64(7), 'min_samples_leaf': np.int64(4), 'max_depth': np.int64(12)}",paper,FairProjection,,0.0,,,False,failed,RuntimeError('`tf.data.Dataset` only supports Python-style iteration in eager mode or within tf.function.'),,,not_completed,,2.0,500.0,cross-entropy,tf,,,,
CRIME,5,11,111777,RF,"{'n_estimators': np.int64(82), 'min_samples_split': np.int64(7), 'min_samples_leaf': np.int64(4), 'max_depth': np.int64(12)}",paper,FairProjection,,0.1,,,False,failed,RuntimeError('`tf.data.Dataset` only supports Python-style iteration in eager mode or within tf.function.'),,,not_completed,,2.0,500.0,cross-entropy,tf,,,,
CRIME,5,11,111777,RF,"{'n_estimators': np.int64(82), 'min_samples_split': np.int64(7), 'min_samples_leaf': np.int64(4), 'max_depth': np.int64(12)}",paper,FairProjection,,0.2,,,False,failed,RuntimeError('`tf.data.Dataset` only supports Python-style iteration in eager mode or within tf.function.'),,,not_completed,,2.0,500.0,cross-entropy,tf,,,,
CRIME,5,11,111777,RF,"{'n_estimators': np.int64(82), 'min_samples_split': np.int64(7), 'min_samples_leaf': np.int64(4), 'max_depth': np.int64(12)}",paper,FairProjection,,0.5,,,False,failed,RuntimeError('`tf.data.Dataset` only supports Python-style iteration in eager mode or within tf.function.'),,,not_completed,,2.0,500.0,cross-entropy,tf,,,,
CRIME,5,11,111777,RF,"{'n_estimators': np.int64(82), 'min_samples_split': np.int64(7), 'min_samples_leaf': np.int64(4), 'max_depth': np.int64(12)}",paper,FairProjection,,0.75,,,False,failed,RuntimeError('`tf.data.Dataset` only supports Python-style iteration in eager mode or within tf.function.'),,,not_completed,,2.0,500.0,cross-entropy,tf,,,,
CRIME,5,11,111777,RF,"{'n_estimators': np.int64(82), 'min_samples_split': np.int64(7), 'min_samples_leaf': np.int64(4), 'max_depth': np.int64(12)}",paper,Fair-transport,,0.0,0.41604010025062654,0.1561643835616438,True,completed_without_exception,optimal,,0.15096640000410844,optimal,,,,,,1.827732570847118e-08,0.5910347177391552,CLARABEL,OSQP
CRIME,5,11,111777,RF,"{'n_estimators': np.int64(82), 'min_samples_split': np.int64(7), 'min_samples_leaf': np.int64(4), 'max_depth': np.int64(12)}",paper,Fair-transport,,0.1,0.39849624060150374,0.10768645357686454,True,completed_without_exception,optimal,,0.12438050000127987,optimal,,,,,,0.10000000210764648,0.5552530707002377,CLARABEL,OSQP
CRIME,5,11,111777,RF,"{'n_estimators': np.int64(82), 'min_samples_split': np.int64(7), 'min_samples_leaf': np.int64(4), 'max_depth': np.int64(12)}",paper,Fair-transport,,0.2,0.44360902255639095,0.18744292237442922,True,completed_without_exception,optimal,,0.12709250000261818,optimal,,,,,,0.20000001049262414,0.5247757219123232,CLARABEL,OSQP
CRIME,5,11,111777,RF,"{'n_estimators': np.int64(82), 'min_samples_split': np.int64(7), 'min_samples_leaf': np.int64(4), 'max_depth': np.int64(12)}",paper,Fair-transport,,0.3,0.45112781954887216,0.29162861491628617,True,completed_without_exception,optimal,,0.12604929999724845,optimal,,,,,,0.30000000712277763,0.501883560659033,CLARABEL,OSQP
CRIME,5,11,111777,RF,"{'n_estimators': np.int64(82), 'min_samples_split': np.int64(7), 'min_samples_leaf': np.int64(4), 'max_depth': np.int64(12)}",paper,Fair-transport,,0.4,0.48370927318295737,0.3569254185692542,True,completed_without_exception,optimal,,0.12918290000015986,optimal,,,,,,0.40000000333970853,0.4900273826193929,CLARABEL,OSQP
CRIME,5,11,111777,GBM,"{'reg_lambda': 10, 'reg_alpha': 1, 'num_leaves': np.int64(15), 'n_estimators': np.int64(110), 'min_child_samples': np.int64(67), 'max_depth': np.int64(13)}",paper,Unfair,,,0.46365914786967416,0.4163622526636225,True,not_applicable,not applicable,0.0,0.0,not_applicable,,,,,,,,,
CRIME,5,11,111777,GBM,"{'reg_lambda': 10, 'reg_alpha': 1, 'num_leaves': np.int64(15), 'n_estimators': np.int64(110), 'min_child_samples': np.int64(67), 'max_depth': np.int64(13)}",paper,Our Eps-Fair,0.0,,0.3533834586466165,0.11278538812785388,True,0,Optimization terminated successfully,23.0,0.06519509999998263,completed_without_exception,,,,,,,,,
CRIME,5,11,111777,GBM,"{'reg_lambda': 10, 'reg_alpha': 1, 'num_leaves': np.int64(15), 'n_estimators': np.int64(110), 'min_child_samples': np.int64(67), 'max_depth': np.int64(13)}",paper,Our Eps-Fair,0.1,,0.37343358395989973,0.18782343987823438,True,0,Optimization terminated successfully,27.0,0.07261099999959697,completed_without_exception,,,,,,,,,
CRIME,5,11,111777,GBM,"{'reg_lambda': 10, 'reg_alpha': 1, 'num_leaves': np.int64(15), 'n_estimators': np.int64(110), 'min_child_samples': np.int64(67), 'max_depth': np.int64(13)}",paper,Our Eps-Fair,0.2,,0.40350877192982454,0.2517503805175038,True,0,Optimization terminated successfully,19.0,0.043148000000655884,completed_without_exception,,,,,,,,,
CRIME,5,11,111777,GBM,"{'reg_lambda': 10, 'reg_alpha': 1, 'num_leaves': np.int64(15), 'n_estimators': np.int64(110), 'min_child_samples': np.int64(67), 'max_depth': np.int64(13)}",paper,Our Eps-Fair,0.3,,0.42606516290726815,0.31027397260273976,True,0,Optimization terminated successfully,12.0,0.02682460000141873,completed_without_exception,,,,,,,,,
CRIME,5,11,111777,GBM,"{'reg_lambda': 10, 'reg_alpha': 1, 'num_leaves': np.int64(15), 'n_estimators': np.int64(110), 'min_child_samples': np.int64(67), 'max_depth': np.int64(13)}",paper,Our Eps-Fair,0.4,,0.45363408521303256,0.31643835616438354,True,0,Optimization terminated successfully,12.0,0.02724129999842262,completed_without_exception,,,,,,,,,
CRIME,5,11,111777,GBM,"{'reg_lambda': 10, 'reg_alpha': 1, 'num_leaves': np.int64(15), 'n_estimators': np.int64(110), 'min_child_samples': np.int64(67), 'max_depth': np.int64(13)}",paper,Our Eps-Fair,0.5,,0.46365914786967416,0.4163622526636225,True,0,Optimization terminated successfully,11.0,0.024356099998840364,completed_without_exception,,,,,,,,,
CRIME,5,11,111777,GBM,"{'reg_lambda': 10, 'reg_alpha': 1, 'num_leaves': np.int64(15), 'n_estimators': np.int64(110), 'min_child_samples': np.int64(67), 'max_depth': np.int64(13)}",paper,FairProjection,,0.0,,,False,failed,RuntimeError('`tf.data.Dataset` only supports Python-style iteration in eager mode or within tf.function.'),,,not_completed,,2.0,500.0,cross-entropy,tf,,,,
CRIME,5,11,111777,GBM,"{'reg_lambda': 10, 'reg_alpha': 1, 'num_leaves': np.int64(15), 'n_estimators': np.int64(110), 'min_child_samples': np.int64(67), 'max_depth': np.int64(13)}",paper,FairProjection,,0.1,,,False,failed,RuntimeError('`tf.data.Dataset` only supports Python-style iteration in eager mode or within tf.function.'),,,not_completed,,2.0,500.0,cross-entropy,tf,,,,
CRIME,5,11,111777,GBM,"{'reg_lambda': 10, 'reg_alpha': 1, 'num_leaves': np.int64(15), 'n_estimators': np.int64(110), 'min_child_samples': np.int64(67), 'max_depth': np.int64(13)}",paper,FairProjection,,0.2,,,False,failed,RuntimeError('`tf.data.Dataset` only supports Python-style iteration in eager mode or within tf.function.'),,,not_completed,,2.0,500.0,cross-entropy,tf,,,,
CRIME,5,11,111777,GBM,"{'reg_lambda': 10, 'reg_alpha': 1, 'num_leaves': np.int64(15), 'n_estimators': np.int64(110), 'min_child_samples': np.int64(67), 'max_depth': np.int64(13)}",paper,FairProjection,,0.5,,,False,failed,RuntimeError('`tf.data.Dataset` only supports Python-style iteration in eager mode or within tf.function.'),,,not_completed,,2.0,500.0,cross-entropy,tf,,,,
CRIME,5,11,111777,GBM,"{'reg_lambda': 10, 'reg_alpha': 1, 'num_leaves': np.int64(15), 'n_estimators': np.int64(110), 'min_child_samples': np.int64(67), 'max_depth': np.int64(13)}",paper,FairProjection,,0.75,,,False,failed,RuntimeError('`tf.data.Dataset` only supports Python-style iteration in eager mode or within tf.function.'),,,not_completed,,2.0,500.0,cross-entropy,tf,,,,
CRIME,5,11,111777,GBM,"{'reg_lambda': 10, 'reg_alpha': 1, 'num_leaves': np.int64(15), 'n_estimators': np.int64(110), 'min_child_samples': np.int64(67), 'max_depth': np.int64(13)}",paper,Fair-transport,,0.0,0.3508771929824561,0.11179604261796042,True,completed_without_exception,optimal,,0.12855360000321525,optimal,,,,,,1.2713923802643023e-09,0.510612097324245,CLARABEL,OSQP
CRIME,5,11,111777,GBM,"{'reg_lambda': 10, 'reg_alpha': 1, 'num_leaves': np.int64(15), 'n_estimators': np.int64(110), 'min_child_samples': np.int64(67), 'max_depth': np.int64(13)}",paper,Fair-transport,,0.1,0.40100250626566414,0.19140030441400302,True,completed_without_exception,optimal,,0.12776839999787626,optimal,,,,,,0.100000018994855,0.4668772946826459,CLARABEL,OSQP
CRIME,5,11,111777,GBM,"{'reg_lambda': 10, 'reg_alpha': 1, 'num_leaves': np.int64(15), 'n_estimators': np.int64(110), 'min_child_samples': np.int64(67), 'max_depth': np.int64(13)}",paper,Fair-transport,,0.2,0.39849624060150374,0.2563165905631659,True,completed_without_exception,optimal,,0.12498550000600517,optimal,,,,,,0.20000000140699398,0.43089666469565474,CLARABEL,OSQP
CRIME,5,11,111777,GBM,"{'reg_lambda': 10, 'reg_alpha': 1, 'num_leaves': np.int64(15), 'n_estimators': np.int64(110), 'min_child_samples': np.int64(67), 'max_depth': np.int64(13)}",paper,Fair-transport,,0.3,0.43609022556390975,0.29360730593607304,True,completed_without_exception,optimal,,0.1289174000012281,optimal,,,,,,0.30000001288893635,0.40207075745229187,CLARABEL,OSQP
CRIME,5,11,111777,GBM,"{'reg_lambda': 10, 'reg_alpha': 1, 'num_leaves': np.int64(15), 'n_estimators': np.int64(110), 'min_child_samples': np.int64(67), 'max_depth': np.int64(13)}",paper,Fair-transport,,0.4,0.45614035087719296,0.32754946727549467,True,completed_without_exception,optimal,,0.11535659999935888,optimal,,,,,,0.40000000050868695,0.38111359936444755,CLARABEL,OSQP
CRIME,5,12,121777,reglog,{},paper,Unfair,,,0.47117794486215536,0.4675125628140703,True,not_applicable,not applicable,0.0,0.0,not_applicable,,,,,,,,,
CRIME,5,12,121777,reglog,{},paper,Our Eps-Fair,0.0,,0.3609022556390977,0.16143216080402012,True,0,Optimization terminated successfully,22.0,0.05790479999996023,completed_without_exception,,,,,,,,,
CRIME,5,12,121777,reglog,{},paper,Our Eps-Fair,0.1,,0.38596491228070173,0.21949748743718595,True,0,Optimization terminated successfully,18.0,0.042683399999077665,completed_without_exception,,,,,,,,,
CRIME,5,12,121777,reglog,{},paper,Our Eps-Fair,0.2,,0.39598997493734334,0.25467336683417086,True,0,Optimization terminated successfully,23.0,0.05191700000068522,completed_without_exception,,,,,,,,,
CRIME,5,12,121777,reglog,{},paper,Our Eps-Fair,0.3,,0.44110275689223055,0.34484924623115576,True,0,Optimization terminated successfully,18.0,0.04498049999892828,completed_without_exception,,,,,,,,,
CRIME,5,12,121777,reglog,{},paper,Our Eps-Fair,0.4,,0.46365914786967416,0.4249497487437186,True,0,Optimization terminated successfully,8.0,0.01833930000066175,completed_without_exception,,,,,,,,,
CRIME,5,12,121777,reglog,{},paper,Our Eps-Fair,0.5,,0.47117794486215536,0.4675125628140703,True,0,Optimization terminated successfully,1.0,0.0026714000014180783,completed_without_exception,,,,,,,,,
CRIME,5,12,121777,reglog,{},paper,FairProjection,,0.0,,,False,failed,RuntimeError('`tf.data.Dataset` only supports Python-style iteration in eager mode or within tf.function.'),,,not_completed,,2.0,500.0,cross-entropy,tf,,,,
CRIME,5,12,121777,reglog,{},paper,FairProjection,,0.1,,,False,failed,RuntimeError('`tf.data.Dataset` only supports Python-style iteration in eager mode or within tf.function.'),,,not_completed,,2.0,500.0,cross-entropy,tf,,,,
CRIME,5,12,121777,reglog,{},paper,FairProjection,,0.2,,,False,failed,RuntimeError('`tf.data.Dataset` only supports Python-style iteration in eager mode or within tf.function.'),,,not_completed,,2.0,500.0,cross-entropy,tf,,,,
CRIME,5,12,121777,reglog,{},paper,FairProjection,,0.5,,,False,failed,RuntimeError('`tf.data.Dataset` only supports Python-style iteration in eager mode or within tf.function.'),,,not_completed,,2.0,500.0,cross-entropy,tf,,,,
CRIME,5,12,121777,reglog,{},paper,FairProjection,,0.75,,,False,failed,RuntimeError('`tf.data.Dataset` only supports Python-style iteration in eager mode or within tf.function.'),,,not_completed,,2.0,500.0,cross-entropy,tf,,,,
CRIME,5,12,121777,reglog,{},paper,Fair-transport,,0.0,0.3634085213032581,0.1815326633165829,True,completed_without_exception,optimal,,0.12808099999529077,optimal,,,,,,5.784314416334979e-10,0.6350950785596535,CLARABEL,OSQP
CRIME,5,12,121777,reglog,{},paper,Fair-transport,,0.1,0.39097744360902253,0.21947236180904522,True,completed_without_exception,optimal,,0.1313962000022002,optimal,,,,,,0.10000000169084872,0.5976134191054879,CLARABEL,OSQP
CRIME,5,12,121777,reglog,{},paper,Fair-transport,,0.2,0.42105263157894735,0.2798241206030151,True,completed_without_exception,optimal,,0.12685780000174418,optimal,,,,,,0.2000000290803332,0.5640327004884764,CLARABEL,OSQP
CRIME,5,12,121777,reglog,{},paper,Fair-transport,,0.3,0.44862155388471175,0.34984924623115576,True,completed_without_exception,optimal,,0.1280198999993445,optimal,,,,,,0.3000000019300171,0.5388444942753648,CLARABEL,OSQP
CRIME,5,12,121777,reglog,{},paper,Fair-transport,,0.4,0.46867167919799496,0.4199246231155779,True,completed_without_exception,optimal,,0.12147339999864926,optimal,,,,,,0.4000000004577924,0.5314011114205841,CLARABEL,OSQP
CRIME,5,12,121777,RF,"{'n_estimators': np.int64(160), 'min_samples_split': np.int64(5), 'min_samples_leaf': np.int64(8), 'max_depth': np.int64(9)}",paper,Unfair,,,0.5012531328320802,0.4199497487437186,True,not_applicable,not applicable,0.0,0.0,not_applicable,,,,,,,,,
CRIME,5,12,121777,RF,"{'n_estimators': np.int64(160), 'min_samples_split': np.int64(5), 'min_samples_leaf': np.int64(8), 'max_depth': np.int64(9)}",paper,Our Eps-Fair,0.0,,0.40601503759398494,0.09374371859296482,True,0,Optimization terminated successfully,25.0,0.055842500001745066,completed_without_exception,,,,,,,,,
CRIME,5,12,121777,RF,"{'n_estimators': np.int64(160), 'min_samples_split': np.int64(5), 'min_samples_leaf': np.int64(8), 'max_depth': np.int64(9)}",paper,Our Eps-Fair,0.1,,0.44110275689223055,0.19417085427135677,True,0,Optimization terminated successfully,24.0,0.052624799998739036,completed_without_exception,,,,,,,,,
CRIME,5,12,121777,RF,"{'n_estimators': np.int64(160), 'min_samples_split': np.int64(5), 'min_samples_leaf': np.int64(8), 'max_depth': np.int64(9)}",paper,Our Eps-Fair,0.2,,0.46616541353383456,0.2895979899497487,True,0,Optimization terminated successfully,17.0,0.038810099998954684,completed_without_exception,,,,,,,,,
CRIME,5,12,121777,RF,"{'n_estimators': np.int64(160), 'min_samples_split': np.int64(5), 'min_samples_leaf': np.int64(8), 'max_depth': np.int64(9)}",paper,Our Eps-Fair,0.3,,0.49874686716791977,0.40492462311557786,True,0,Optimization terminated successfully,24.0,0.05550320000111242,completed_without_exception,,,,,,,,,
CRIME,5,12,121777,RF,"{'n_estimators': np.int64(160), 'min_samples_split': np.int64(5), 'min_samples_leaf': np.int64(8), 'max_depth': np.int64(9)}",paper,Our Eps-Fair,0.4,,0.5012531328320802,0.4199497487437186,True,0,Optimization terminated successfully,1.0,0.002241499998490326,completed_without_exception,,,,,,,,,
CRIME,5,12,121777,RF,"{'n_estimators': np.int64(160), 'min_samples_split': np.int64(5), 'min_samples_leaf': np.int64(8), 'max_depth': np.int64(9)}",paper,Our Eps-Fair,0.5,,0.5012531328320802,0.4199497487437186,True,0,Optimization terminated successfully,1.0,0.002514399999199668,completed_without_exception,,,,,,,,,
CRIME,5,12,121777,RF,"{'n_estimators': np.int64(160), 'min_samples_split': np.int64(5), 'min_samples_leaf': np.int64(8), 'max_depth': np.int64(9)}",paper,FairProjection,,0.0,,,False,failed,RuntimeError('`tf.data.Dataset` only supports Python-style iteration in eager mode or within tf.function.'),,,not_completed,,2.0,500.0,cross-entropy,tf,,,,
CRIME,5,12,121777,RF,"{'n_estimators': np.int64(160), 'min_samples_split': np.int64(5), 'min_samples_leaf': np.int64(8), 'max_depth': np.int64(9)}",paper,FairProjection,,0.1,,,False,failed,RuntimeError('`tf.data.Dataset` only supports Python-style iteration in eager mode or within tf.function.'),,,not_completed,,2.0,500.0,cross-entropy,tf,,,,
CRIME,5,12,121777,RF,"{'n_estimators': np.int64(160), 'min_samples_split': np.int64(5), 'min_samples_leaf': np.int64(8), 'max_depth': np.int64(9)}",paper,FairProjection,,0.2,,,False,failed,RuntimeError('`tf.data.Dataset` only supports Python-style iteration in eager mode or within tf.function.'),,,not_completed,,2.0,500.0,cross-entropy,tf,,,,
CRIME,5,12,121777,RF,"{'n_estimators': np.int64(160), 'min_samples_split': np.int64(5), 'min_samples_leaf': np.int64(8), 'max_depth': np.int64(9)}",paper,FairProjection,,0.5,,,False,failed,RuntimeError('`tf.data.Dataset` only supports Python-style iteration in eager mode or within tf.function.'),,,not_completed,,2.0,500.0,cross-entropy,tf,,,,
CRIME,5,12,121777,RF,"{'n_estimators': np.int64(160), 'min_samples_split': np.int64(5), 'min_samples_leaf': np.int64(8), 'max_depth': np.int64(9)}",paper,FairProjection,,0.75,,,False,failed,RuntimeError('`tf.data.Dataset` only supports Python-style iteration in eager mode or within tf.function.'),,,not_completed,,2.0,500.0,cross-entropy,tf,,,,
CRIME,5,12,121777,RF,"{'n_estimators': np.int64(160), 'min_samples_split': np.int64(5), 'min_samples_leaf': np.int64(8), 'max_depth': np.int64(9)}",paper,Fair-transport,,0.0,0.41102756892230574,0.11881909547738692,True,completed_without_exception,optimal,,0.1270394999992277,optimal,,,,,,1.6506403466287622e-09,0.6378813647341885,CLARABEL,OSQP
CRIME,5,12,121777,RF,"{'n_estimators': np.int64(160), 'min_samples_split': np.int64(5), 'min_samples_leaf': np.int64(8), 'max_depth': np.int64(9)}",paper,Fair-transport,,0.1,0.44862155388471175,0.19922110552763816,True,completed_without_exception,optimal,,0.12537499999962165,optimal,,,,,,0.10000000237536172,0.6029371388494612,CLARABEL,OSQP
CRIME,5,12,121777,RF,"{'n_estimators': np.int64(160), 'min_samples_split': np.int64(5), 'min_samples_leaf': np.int64(8), 'max_depth': np.int64(9)}",paper,Fair-transport,,0.2,0.49624060150375937,0.30969849246231157,True,completed_without_exception,optimal,,0.1321100999994087,optimal,,,,,,0.2000000195715393,0.5719917047536397,CLARABEL,OSQP
CRIME,5,12,121777,RF,"{'n_estimators': np.int64(160), 'min_samples_split': np.int64(5), 'min_samples_leaf': np.int64(8), 'max_depth': np.int64(9)}",paper,Fair-transport,,0.3,0.48370927318295737,0.4349246231155779,True,completed_without_exception,optimal,,0.12681130000055418,optimal,,,,,,0.3000000048654666,0.5519246013716457,CLARABEL,OSQP
CRIME,5,12,121777,RF,"{'n_estimators': np.int64(160), 'min_samples_split': np.int64(5), 'min_samples_leaf': np.int64(8), 'max_depth': np.int64(9)}",paper,Fair-transport,,0.4,0.49874686716791977,0.4149246231155779,True,completed_without_exception,optimal,,0.10555720000411384,optimal,,,,,,0.3662361178078593,0.5500032566506514,CLARABEL,OSQP
CRIME,5,12,121777,GBM,"{'reg_lambda': 1, 'reg_alpha': 20, 'num_leaves': np.int64(31), 'n_estimators': np.int64(76), 'min_child_samples': np.int64(90), 'max_depth': np.int64(6)}",paper,Unfair,,,0.48872180451127817,0.4349497487437186,True,not_applicable,not applicable,0.0,0.0,not_applicable,,,,,,,,,
CRIME,5,12,121777,GBM,"{'reg_lambda': 1, 'reg_alpha': 20, 'num_leaves': np.int64(31), 'n_estimators': np.int64(76), 'min_child_samples': np.int64(90), 'max_depth': np.int64(6)}",paper,Our Eps-Fair,0.0,,0.39849624060150374,0.05844221105527636,True,0,Optimization terminated successfully,21.0,0.059252999999444,completed_without_exception,,,,,,,,,
CRIME,5,12,121777,GBM,"{'reg_lambda': 1, 'reg_alpha': 20, 'num_leaves': np.int64(31), 'n_estimators': np.int64(76), 'min_child_samples': np.int64(90), 'max_depth': np.int64(6)}",paper,Our Eps-Fair,0.1,,0.43609022556390975,0.14442211055276383,True,0,Optimization terminated successfully,24.0,0.057572699999582255,completed_without_exception,,,,,,,,,
CRIME,5,12,121777,GBM,"{'reg_lambda': 1, 'reg_alpha': 20, 'num_leaves': np.int64(31), 'n_estimators': np.int64(76), 'min_child_samples': np.int64(90), 'max_depth': np.int64(6)}",paper,Our Eps-Fair,0.2,,0.48621553884711777,0.244321608040201,True,0,Optimization terminated successfully,15.0,0.035889099999621976,completed_without_exception,,,,,,,,,
CRIME,5,12,121777,GBM,"{'reg_lambda': 1, 'reg_alpha': 20, 'num_leaves': np.int64(31), 'n_estimators': np.int64(76), 'min_child_samples': np.int64(90), 'max_depth': np.int64(6)}",paper,Our Eps-Fair,0.3,,0.506265664160401,0.3597236180904522,True,0,Optimization terminated successfully,25.0,0.05559640000137733,completed_without_exception,,,,,,,,,
CRIME,5,12,121777,GBM,"{'reg_lambda': 1, 'reg_alpha': 20, 'num_leaves': np.int64(31), 'n_estimators': np.int64(76), 'min_child_samples': np.int64(90), 'max_depth': np.int64(6)}",paper,Our Eps-Fair,0.4,,0.49122807017543857,0.4349497487437186,True,0,Optimization terminated successfully,6.0,0.013599299996712944,completed_without_exception,,,,,,,,,
CRIME,5,12,121777,GBM,"{'reg_lambda': 1, 'reg_alpha': 20, 'num_leaves': np.int64(31), 'n_estimators': np.int64(76), 'min_child_samples': np.int64(90), 'max_depth': np.int64(6)}",paper,Our Eps-Fair,0.5,,0.48872180451127817,0.4349497487437186,True,0,Optimization terminated successfully,1.0,0.0024016999996092636,completed_without_exception,,,,,,,,,
CRIME,5,12,121777,GBM,"{'reg_lambda': 1, 'reg_alpha': 20, 'num_leaves': np.int64(31), 'n_estimators': np.int64(76), 'min_child_samples': np.int64(90), 'max_depth': np.int64(6)}",paper,FairProjection,,0.0,,,False,failed,RuntimeError('`tf.data.Dataset` only supports Python-style iteration in eager mode or within tf.function.'),,,not_completed,,2.0,500.0,cross-entropy,tf,,,,
CRIME,5,12,121777,GBM,"{'reg_lambda': 1, 'reg_alpha': 20, 'num_leaves': np.int64(31), 'n_estimators': np.int64(76), 'min_child_samples': np.int64(90), 'max_depth': np.int64(6)}",paper,FairProjection,,0.1,,,False,failed,RuntimeError('`tf.data.Dataset` only supports Python-style iteration in eager mode or within tf.function.'),,,not_completed,,2.0,500.0,cross-entropy,tf,,,,
CRIME,5,12,121777,GBM,"{'reg_lambda': 1, 'reg_alpha': 20, 'num_leaves': np.int64(31), 'n_estimators': np.int64(76), 'min_child_samples': np.int64(90), 'max_depth': np.int64(6)}",paper,FairProjection,,0.2,,,False,failed,RuntimeError('`tf.data.Dataset` only supports Python-style iteration in eager mode or within tf.function.'),,,not_completed,,2.0,500.0,cross-entropy,tf,,,,
CRIME,5,12,121777,GBM,"{'reg_lambda': 1, 'reg_alpha': 20, 'num_leaves': np.int64(31), 'n_estimators': np.int64(76), 'min_child_samples': np.int64(90), 'max_depth': np.int64(6)}",paper,FairProjection,,0.5,,,False,failed,RuntimeError('`tf.data.Dataset` only supports Python-style iteration in eager mode or within tf.function.'),,,not_completed,,2.0,500.0,cross-entropy,tf,,,,
CRIME,5,12,121777,GBM,"{'reg_lambda': 1, 'reg_alpha': 20, 'num_leaves': np.int64(31), 'n_estimators': np.int64(76), 'min_child_samples': np.int64(90), 'max_depth': np.int64(6)}",paper,FairProjection,,0.75,,,False,failed,RuntimeError('`tf.data.Dataset` only supports Python-style iteration in eager mode or within tf.function.'),,,not_completed,,2.0,500.0,cross-entropy,tf,,,,
CRIME,5,12,121777,GBM,"{'reg_lambda': 1, 'reg_alpha': 20, 'num_leaves': np.int64(31), 'n_estimators': np.int64(76), 'min_child_samples': np.int64(90), 'max_depth': np.int64(6)}",paper,Fair-transport,,0.0,0.48370927318295737,0.30969849246231157,True,completed_without_exception,optimal,,0.13467660000242176,optimal,,,,,,2.3273245053356817e-08,0.6363194363753429,CLARABEL,OSQP
CRIME,5,12,121777,GBM,"{'reg_lambda': 1, 'reg_alpha': 20, 'num_leaves': np.int64(31), 'n_estimators': np.int64(76), 'min_child_samples': np.int64(90), 'max_depth': np.int64(6)}",paper,Fair-transport,,0.1,0.43358395989974935,0.15947236180904523,True,completed_without_exception,optimal,,0.1246776999978465,optimal,,,,,,0.1000000027007302,0.6040357404568903,CLARABEL,OSQP
CRIME,5,12,121777,GBM,"{'reg_lambda': 1, 'reg_alpha': 20, 'num_leaves': np.int64(31), 'n_estimators': np.int64(76), 'min_child_samples': np.int64(90), 'max_depth': np.int64(6)}",paper,Fair-transport,,0.2,0.48872180451127817,0.26937185929648244,True,completed_without_exception,optimal,,0.12601999999969848,optimal,,,,,,0.20000000098429815,0.5756241207215831,CLARABEL,OSQP
CRIME,5,12,121777,GBM,"{'reg_lambda': 1, 'reg_alpha': 20, 'num_leaves': np.int64(31), 'n_estimators': np.int64(76), 'min_child_samples': np.int64(90), 'max_depth': np.int64(6)}",paper,Fair-transport,,0.3,0.506265664160401,0.3597236180904522,True,completed_without_exception,optimal,,0.12828090000039083,optimal,,,,,,0.30000000026980667,0.5533216649303953,CLARABEL,OSQP
CRIME,5,12,121777,GBM,"{'reg_lambda': 1, 'reg_alpha': 20, 'num_leaves': np.int64(31), 'n_estimators': np.int64(76), 'min_child_samples': np.int64(90), 'max_depth': np.int64(6)}",paper,Fair-transport,,0.4,0.49373433583959897,0.4349497487437186,True,completed_without_exception,optimal,,0.10672869999689283,optimal,,,,,,0.40000000038177286,0.5470112987208584,CLARABEL,OSQP
CRIME,5,13,131777,reglog,{},paper,Unfair,,,0.46115288220551376,0.525039402104835,True,not_applicable,not applicable,0.0,0.0,not_applicable,,,,,,,,,
CRIME,5,13,131777,reglog,{},paper,Our Eps-Fair,0.0,,0.3182957393483709,0.10061518124968227,True,0,Optimization terminated successfully,18.0,0.07620129999850178,completed_without_exception,,,,,,,,,
CRIME,5,13,131777,reglog,{},paper,Our Eps-Fair,0.1,,0.3634085213032581,0.11607097463012864,True,0,Optimization terminated successfully,22.0,0.06547770000179298,completed_without_exception,,,,,,,,,
CRIME,5,13,131777,reglog,{},paper,Our Eps-Fair,0.2,,0.38596491228070173,0.21546596166556511,True,0,Optimization terminated successfully,19.0,0.04849770000146236,completed_without_exception,,,,,,,,,
CRIME,5,13,131777,reglog,{},paper,Our Eps-Fair,0.3,,0.44110275689223055,0.25827444201535416,True,0,Optimization terminated successfully,16.0,0.04141589999926509,completed_without_exception,,,,,,,,,
CRIME,5,13,131777,reglog,{},paper,Our Eps-Fair,0.4,,0.44611528822055135,0.3669734099344146,True,0,Optimization terminated successfully,3.0,0.007641600001079496,completed_without_exception,,,,,,,,,
CRIME,5,13,131777,reglog,{},paper,Our Eps-Fair,0.5,,0.45864661654135336,0.520514515227007,True,0,Optimization terminated successfully,9.0,0.023302500001591397,completed_without_exception,,,,,,,,,
CRIME,5,13,131777,reglog,{},paper,FairProjection,,0.0,,,False,failed,RuntimeError('`tf.data.Dataset` only supports Python-style iteration in eager mode or within tf.function.'),,,not_completed,,2.0,500.0,cross-entropy,tf,,,,
CRIME,5,13,131777,reglog,{},paper,FairProjection,,0.1,,,False,failed,RuntimeError('`tf.data.Dataset` only supports Python-style iteration in eager mode or within tf.function.'),,,not_completed,,2.0,500.0,cross-entropy,tf,,,,
CRIME,5,13,131777,reglog,{},paper,FairProjection,,0.2,,,False,failed,RuntimeError('`tf.data.Dataset` only supports Python-style iteration in eager mode or within tf.function.'),,,not_completed,,2.0,500.0,cross-entropy,tf,,,,
CRIME,5,13,131777,reglog,{},paper,FairProjection,,0.5,,,False,failed,RuntimeError('`tf.data.Dataset` only supports Python-style iteration in eager mode or within tf.function.'),,,not_completed,,2.0,500.0,cross-entropy,tf,,,,
CRIME,5,13,131777,reglog,{},paper,FairProjection,,0.75,,,False,failed,RuntimeError('`tf.data.Dataset` only supports Python-style iteration in eager mode or within tf.function.'),,,not_completed,,2.0,500.0,cross-entropy,tf,,,,
CRIME,5,13,131777,reglog,{},paper,Fair-transport,,0.0,0.3208020050125313,0.08922670191672175,True,completed_without_exception,optimal,,0.12564230000134557,optimal,,,,,,5.2414760864927246e-09,0.6252163649274279,CLARABEL,OSQP
CRIME,5,13,131777,reglog,{},paper,Fair-transport,,0.1,0.3583959899749373,0.11045299710203875,True,completed_without_exception,optimal,,0.1259133000021393,optimal,,,,,,0.10000000872244938,0.5882448610023356,CLARABEL,OSQP
CRIME,5,13,131777,reglog,{},paper,Fair-transport,,0.2,0.39849624060150374,0.26867151354923996,True,completed_without_exception,optimal,,0.12758910000047763,optimal,,,,,,0.2000000259418955,0.5558258705587671,CLARABEL,OSQP
CRIME,5,13,131777,reglog,{},paper,Fair-transport,,0.3,0.43609022556390975,0.25946921551680313,True,completed_without_exception,optimal,,0.1292671999981394,optimal,,,,,,0.3000000102679742,0.5307548024469837,CLARABEL,OSQP
CRIME,5,13,131777,reglog,{},paper,Fair-transport,,0.4,0.44862155388471175,0.3838273425186842,True,completed_without_exception,optimal,,0.09566420000192011,optimal,,,,,,0.4000000001453219,0.5212000628037228,CLARABEL,OSQP
CRIME,5,13,131777,RF,"{'n_estimators': np.int64(142), 'min_samples_split': np.int64(3), 'min_samples_leaf': np.int64(5), 'max_depth': np.int64(9)}",paper,Unfair,,,0.49373433583959897,0.40520616198078196,True,not_applicable,not applicable,0.0,0.0,not_applicable,,,,,,,,,
CRIME,5,13,131777,RF,"{'n_estimators': np.int64(142), 'min_samples_split': np.int64(3), 'min_samples_leaf': np.int64(5), 'max_depth': np.int64(9)}",paper,Our Eps-Fair,0.0,,0.3533834586466165,0.1037927703492806,True,0,Optimization terminated successfully,27.0,0.0582799999974668,completed_without_exception,,,,,,,,,
CRIME,5,13,131777,RF,"{'n_estimators': np.int64(142), 'min_samples_split': np.int64(3), 'min_samples_leaf': np.int64(5), 'max_depth': np.int64(9)}",paper,Our Eps-Fair,0.1,,0.38596491228070173,0.08765061772332094,True,0,Optimization terminated successfully,20.0,0.04383930000039982,completed_without_exception,,,,,,,,,
CRIME,5,13,131777,RF,"{'n_estimators': np.int64(142), 'min_samples_split': np.int64(3), 'min_samples_leaf': np.int64(5), 'max_depth': np.int64(9)}",paper,Our Eps-Fair,0.2,,0.42355889724310775,0.15654074940261326,True,0,Optimization terminated successfully,21.0,0.04509689999758848,completed_without_exception,,,,,,,,,
CRIME,5,13,131777,RF,"{'n_estimators': np.int64(142), 'min_samples_split': np.int64(3), 'min_samples_leaf': np.int64(5), 'max_depth': np.int64(9)}",paper,Our Eps-Fair,0.3,,0.46867167919799496,0.3083786669378209,True,0,Optimization terminated successfully,21.0,0.047769199998583645,completed_without_exception,,,,,,,,,
CRIME,5,13,131777,RF,"{'n_estimators': np.int64(142), 'min_samples_split': np.int64(3), 'min_samples_leaf': np.int64(5), 'max_depth': np.int64(9)}",paper,Our Eps-Fair,0.4,,0.49373433583959897,0.39163150134729774,True,0,Optimization terminated successfully,8.0,0.018732900000031805,completed_without_exception,,,,,,,,,
CRIME,5,13,131777,RF,"{'n_estimators': np.int64(142), 'min_samples_split': np.int64(3), 'min_samples_leaf': np.int64(5), 'max_depth': np.int64(9)}",paper,Our Eps-Fair,0.5,,0.49373433583959897,0.40520616198078196,True,0,Optimization terminated successfully,1.0,0.0021683000013581477,completed_without_exception,,,,,,,,,
CRIME,5,13,131777,RF,"{'n_estimators': np.int64(142), 'min_samples_split': np.int64(3), 'min_samples_leaf': np.int64(5), 'max_depth': np.int64(9)}",paper,FairProjection,,0.0,,,False,failed,RuntimeError('`tf.data.Dataset` only supports Python-style iteration in eager mode or within tf.function.'),,,not_completed,,2.0,500.0,cross-entropy,tf,,,,
CRIME,5,13,131777,RF,"{'n_estimators': np.int64(142), 'min_samples_split': np.int64(3), 'min_samples_leaf': np.int64(5), 'max_depth': np.int64(9)}",paper,FairProjection,,0.1,,,False,failed,RuntimeError('`tf.data.Dataset` only supports Python-style iteration in eager mode or within tf.function.'),,,not_completed,,2.0,500.0,cross-entropy,tf,,,,
CRIME,5,13,131777,RF,"{'n_estimators': np.int64(142), 'min_samples_split': np.int64(3), 'min_samples_leaf': np.int64(5), 'max_depth': np.int64(9)}",paper,FairProjection,,0.2,,,False,failed,RuntimeError('`tf.data.Dataset` only supports Python-style iteration in eager mode or within tf.function.'),,,not_completed,,2.0,500.0,cross-entropy,tf,,,,
CRIME,5,13,131777,RF,"{'n_estimators': np.int64(142), 'min_samples_split': np.int64(3), 'min_samples_leaf': np.int64(5), 'max_depth': np.int64(9)}",paper,FairProjection,,0.5,,,False,failed,RuntimeError('`tf.data.Dataset` only supports Python-style iteration in eager mode or within tf.function.'),,,not_completed,,2.0,500.0,cross-entropy,tf,,,,
CRIME,5,13,131777,RF,"{'n_estimators': np.int64(142), 'min_samples_split': np.int64(3), 'min_samples_leaf': np.int64(5), 'max_depth': np.int64(9)}",paper,FairProjection,,0.75,,,False,failed,RuntimeError('`tf.data.Dataset` only supports Python-style iteration in eager mode or within tf.function.'),,,not_completed,,2.0,500.0,cross-entropy,tf,,,,
CRIME,5,13,131777,RF,"{'n_estimators': np.int64(142), 'min_samples_split': np.int64(3), 'min_samples_leaf': np.int64(5), 'max_depth': np.int64(9)}",paper,Fair-transport,,0.0,0.3533834586466165,0.09474299659362449,True,completed_without_exception,optimal,,0.1254674999981944,optimal,,,,,,2.052472691804752e-09,0.6204676847668439,CLARABEL,OSQP
CRIME,5,13,131777,RF,"{'n_estimators': np.int64(142), 'min_samples_split': np.int64(3), 'min_samples_leaf': np.int64(5), 'max_depth': np.int64(9)}",paper,Fair-transport,,0.1,0.38596491228070173,0.12135848289186027,True,completed_without_exception,optimal,,0.12454849999994622,optimal,,,,,,0.10000000596332295,0.5851421495399406,CLARABEL,OSQP
CRIME,5,13,131777,RF,"{'n_estimators': np.int64(142), 'min_samples_split': np.int64(3), 'min_samples_leaf': np.int64(5), 'max_depth': np.int64(9)}",paper,Fair-transport,,0.2,0.41854636591478694,0.17448777263714474,True,completed_without_exception,optimal,,0.12461890000122366,optimal,,,,,,0.20000000095626164,0.5544759392339208,CLARABEL,OSQP
CRIME,5,13,131777,RF,"{'n_estimators': np.int64(142), 'min_samples_split': np.int64(3), 'min_samples_leaf': np.int64(5), 'max_depth': np.int64(9)}",paper,Fair-transport,,0.3,0.46365914786967416,0.3264782144491331,True,completed_without_exception,optimal,,0.11332110000148532,optimal,,,,,,0.3000000014208262,0.5338845730568801,CLARABEL,OSQP
CRIME,5,13,131777,RF,"{'n_estimators': np.int64(142), 'min_samples_split': np.int64(3), 'min_samples_leaf': np.int64(5), 'max_depth': np.int64(9)}",paper,Fair-transport,,0.4,0.49624060150375937,0.39163150134729774,True,completed_without_exception,optimal,,0.10597619999680319,optimal,,,,,,0.4000000002073262,0.5269682093152505,CLARABEL,OSQP
CRIME,5,13,131777,GBM,"{'reg_lambda': 0, 'reg_alpha': 10, 'num_leaves': np.int64(47), 'n_estimators': np.int64(56), 'min_child_samples': np.int64(14), 'max_depth': np.int64(3)}",paper,Unfair,,,0.46867167919799496,0.4119172301591337,True,not_applicable,not applicable,0.0,0.0,not_applicable,,,,,,,,,
CRIME,5,13,131777,GBM,"{'reg_lambda': 0, 'reg_alpha': 10, 'num_leaves': np.int64(47), 'n_estimators': np.int64(56), 'min_child_samples': np.int64(14), 'max_depth': np.int64(3)}",paper,Our Eps-Fair,0.0,,0.3383458646616541,0.11154608775230057,True,0,Optimization terminated successfully,22.0,0.05392819999906351,completed_without_exception,,,,,,,,,
CRIME,5,13,131777,GBM,"{'reg_lambda': 0, 'reg_alpha': 10, 'num_leaves': np.int64(47), 'n_estimators': np.int64(56), 'min_child_samples': np.int64(14), 'max_depth': np.int64(3)}",paper,Our Eps-Fair,0.1,,0.37343358395989973,0.05386649041639127,True,0,Optimization terminated successfully,22.0,0.04817940000066301,completed_without_exception,,,,,,,,,
CRIME,5,13,131777,GBM,"{'reg_lambda': 0, 'reg_alpha': 10, 'num_leaves': np.int64(47), 'n_estimators': np.int64(56), 'min_child_samples': np.int64(14), 'max_depth': np.int64(3)}",paper,Our Eps-Fair,0.2,,0.40852130325814534,0.1666836138085312,True,0,Optimization terminated successfully,30.0,0.06609770000068238,completed_without_exception,,,,,,,,,
CRIME,5,13,131777,GBM,"{'reg_lambda': 0, 'reg_alpha': 10, 'num_leaves': np.int64(47), 'n_estimators': np.int64(56), 'min_child_samples': np.int64(14), 'max_depth': np.int64(3)}",paper,Our Eps-Fair,0.3,,0.43859649122807015,0.2965071940617215,True,0,Optimization terminated successfully,21.0,0.04400960000202758,completed_without_exception,,,,,,,,,
CRIME,5,13,131777,GBM,"{'reg_lambda': 0, 'reg_alpha': 10, 'num_leaves': np.int64(47), 'n_estimators': np.int64(56), 'min_child_samples': np.int64(14), 'max_depth': np.int64(3)}",paper,Our Eps-Fair,0.4,,0.46115288220551376,0.38982663073872587,True,0,Optimization terminated successfully,12.0,0.025734999999258434,completed_without_exception,,,,,,,,,
CRIME,5,13,131777,GBM,"{'reg_lambda': 0, 'reg_alpha': 10, 'num_leaves': np.int64(47), 'n_estimators': np.int64(56), 'min_child_samples': np.int64(14), 'max_depth': np.int64(3)}",paper,Our Eps-Fair,0.5,,0.46867167919799496,0.4119172301591337,True,0,Optimization terminated successfully,1.0,0.0025471000008110423,completed_without_exception,,,,,,,,,
CRIME,5,13,131777,GBM,"{'reg_lambda': 0, 'reg_alpha': 10, 'num_leaves': np.int64(47), 'n_estimators': np.int64(56), 'min_child_samples': np.int64(14), 'max_depth': np.int64(3)}",paper,FairProjection,,0.0,,,False,failed,RuntimeError('`tf.data.Dataset` only supports Python-style iteration in eager mode or within tf.function.'),,,not_completed,,2.0,500.0,cross-entropy,tf,,,,
CRIME,5,13,131777,GBM,"{'reg_lambda': 0, 'reg_alpha': 10, 'num_leaves': np.int64(47), 'n_estimators': np.int64(56), 'min_child_samples': np.int64(14), 'max_depth': np.int64(3)}",paper,FairProjection,,0.1,,,False,failed,RuntimeError('`tf.data.Dataset` only supports Python-style iteration in eager mode or within tf.function.'),,,not_completed,,2.0,500.0,cross-entropy,tf,,,,
CRIME,5,13,131777,GBM,"{'reg_lambda': 0, 'reg_alpha': 10, 'num_leaves': np.int64(47), 'n_estimators': np.int64(56), 'min_child_samples': np.int64(14), 'max_depth': np.int64(3)}",paper,FairProjection,,0.2,,,False,failed,RuntimeError('`tf.data.Dataset` only supports Python-style iteration in eager mode or within tf.function.'),,,not_completed,,2.0,500.0,cross-entropy,tf,,,,
CRIME,5,13,131777,GBM,"{'reg_lambda': 0, 'reg_alpha': 10, 'num_leaves': np.int64(47), 'n_estimators': np.int64(56), 'min_child_samples': np.int64(14), 'max_depth': np.int64(3)}",paper,FairProjection,,0.5,,,False,failed,RuntimeError('`tf.data.Dataset` only supports Python-style iteration in eager mode or within tf.function.'),,,not_completed,,2.0,500.0,cross-entropy,tf,,,,
CRIME,5,13,131777,GBM,"{'reg_lambda': 0, 'reg_alpha': 10, 'num_leaves': np.int64(47), 'n_estimators': np.int64(56), 'min_child_samples': np.int64(14), 'max_depth': np.int64(3)}",paper,FairProjection,,0.75,,,False,failed,RuntimeError('`tf.data.Dataset` only supports Python-style iteration in eager mode or within tf.function.'),,,not_completed,,2.0,500.0,cross-entropy,tf,,,,
CRIME,5,13,131777,GBM,"{'reg_lambda': 0, 'reg_alpha': 10, 'num_leaves': np.int64(47), 'n_estimators': np.int64(56), 'min_child_samples': np.int64(14), 'max_depth': np.int64(3)}",paper,Fair-transport,,0.0,0.3358395989974937,0.11154608775230057,True,completed_without_exception,optimal,,0.12855019999915385,optimal,,,,,,4.223466576469548e-10,0.6015423821570246,CLARABEL,OSQP
CRIME,5,13,131777,GBM,"{'reg_lambda': 0, 'reg_alpha': 10, 'num_leaves': np.int64(47), 'n_estimators': np.int64(56), 'min_child_samples': np.int64(14), 'max_depth': np.int64(3)}",paper,Fair-transport,,0.1,0.37593984962406013,0.06317047130001524,True,completed_without_exception,optimal,,0.1252706000013859,optimal,,,,,,0.10000000066429154,0.5627373572680353,CLARABEL,OSQP
CRIME,5,13,131777,GBM,"{'reg_lambda': 0, 'reg_alpha': 10, 'num_leaves': np.int64(47), 'n_estimators': np.int64(56), 'min_child_samples': np.int64(14), 'max_depth': np.int64(3)}",paper,Fair-transport,,0.2,0.40852130325814534,0.1591336621078855,True,completed_without_exception,optimal,,0.12626259999888134,optimal,,,,,,0.20000000180262284,0.5297336079612653,CLARABEL,OSQP
CRIME,5,13,131777,GBM,"{'reg_lambda': 0, 'reg_alpha': 10, 'num_leaves': np.int64(47), 'n_estimators': np.int64(56), 'min_child_samples': np.int64(14), 'max_depth': np.int64(3)}",paper,Fair-transport,,0.3,0.44862155388471175,0.2784076465504093,True,completed_without_exception,optimal,,0.12847909999618423,optimal,,,,,,0.30000001836873713,0.5042697483170715,CLARABEL,OSQP
CRIME,5,13,131777,GBM,"{'reg_lambda': 0, 'reg_alpha': 10, 'num_leaves': np.int64(47), 'n_estimators': np.int64(56), 'min_child_samples': np.int64(14), 'max_depth': np.int64(3)}",paper,Fair-transport,,0.4,0.46115288220551376,0.38982663073872587,True,completed_without_exception,optimal,,0.10875800000212621,optimal,,,,,,0.40000000013409354,0.49445887506742026,CLARABEL,OSQP
CRIME,5,14,141777,reglog,{},paper,Unfair,,,0.49624060150375937,0.5668701442841287,True,not_applicable,not applicable,0.0,0.0,not_applicable,,,,,,,,,
CRIME,5,14,141777,reglog,{},paper,Our Eps-Fair,0.0,,0.38095238095238093,0.05312279285642216,True,0,Optimization terminated successfully,21.0,0.05187630000000354,completed_without_exception,,,,,,,,,
CRIME,5,14,141777,reglog,{},paper,Our Eps-Fair,0.1,,0.43358395989974935,0.16050348098072847,True,0,Optimization terminated successfully,21.0,0.05533619999914663,completed_without_exception,,,,,,,,,
CRIME,5,14,141777,reglog,{},paper,Our Eps-Fair,0.2,,0.46115288220551376,0.20013116738976894,True,0,Optimization terminated successfully,22.0,0.04845230000137235,completed_without_exception,,,,,,,,,
CRIME,5,14,141777,reglog,{},paper,Our Eps-Fair,0.3,,0.48120300751879697,0.2933861366158813,True,0,Optimization terminated successfully,22.0,0.05008649999945192,completed_without_exception,,,,,,,,,
CRIME,5,14,141777,reglog,{},paper,Our Eps-Fair,0.4,,0.48370927318295737,0.35990313792755524,True,0,Optimization terminated successfully,9.0,0.02097649999996065,completed_without_exception,,,,,,,,,
CRIME,5,14,141777,reglog,{},paper,Our Eps-Fair,0.5,,0.48621553884711777,0.44168096054888506,True,0,Optimization terminated successfully,16.0,0.03430080000180169,completed_without_exception,,,,,,,,,
CRIME,5,14,141777,reglog,{},paper,FairProjection,,0.0,,,False,failed,RuntimeError('`tf.data.Dataset` only supports Python-style iteration in eager mode or within tf.function.'),,,not_completed,,2.0,500.0,cross-entropy,tf,,,,
CRIME,5,14,141777,reglog,{},paper,FairProjection,,0.1,,,False,failed,RuntimeError('`tf.data.Dataset` only supports Python-style iteration in eager mode or within tf.function.'),,,not_completed,,2.0,500.0,cross-entropy,tf,,,,
CRIME,5,14,141777,reglog,{},paper,FairProjection,,0.2,,,False,failed,RuntimeError('`tf.data.Dataset` only supports Python-style iteration in eager mode or within tf.function.'),,,not_completed,,2.0,500.0,cross-entropy,tf,,,,
CRIME,5,14,141777,reglog,{},paper,FairProjection,,0.5,,,False,failed,RuntimeError('`tf.data.Dataset` only supports Python-style iteration in eager mode or within tf.function.'),,,not_completed,,2.0,500.0,cross-entropy,tf,,,,
CRIME,5,14,141777,reglog,{},paper,FairProjection,,0.75,,,False,failed,RuntimeError('`tf.data.Dataset` only supports Python-style iteration in eager mode or within tf.function.'),,,not_completed,,2.0,500.0,cross-entropy,tf,,,,
CRIME,5,14,141777,reglog,{},paper,Fair-transport,,0.0,0.38847117794486213,0.06048834628190902,True,completed_without_exception,optimal,,0.12913079999634647,optimal,,,,,,3.137681642284562e-09,0.6223733206428101,CLARABEL,OSQP
CRIME,5,14,141777,reglog,{},paper,Fair-transport,,0.1,0.43358395989974935,0.1746544243769549,True,completed_without_exception,optimal,,0.12484720000065863,optimal,,,,,,0.10000000105601492,0.5867000479787633,CLARABEL,OSQP
CRIME,5,14,141777,reglog,{},paper,Fair-transport,,0.2,0.45864661654135336,0.22497729795177074,True,completed_without_exception,optimal,,0.12532550000105402,optimal,,,,,,0.20000000181117789,0.5549725338272065,CLARABEL,OSQP
CRIME,5,14,141777,reglog,{},paper,Fair-transport,,0.3,0.48370927318295737,0.2933861366158813,True,completed_without_exception,optimal,,0.12733010000010836,optimal,,,,,,0.30000000052782505,0.5307055442671237,CLARABEL,OSQP
CRIME,5,14,141777,reglog,{},paper,Fair-transport,,0.4,0.48872180451127817,0.36525073151044296,True,completed_without_exception,optimal,,0.12230220000128611,optimal,,,,,,0.40000000111544604,0.5197005708015017,CLARABEL,OSQP
CRIME,5,14,141777,RF,"{'n_estimators': np.int64(156), 'min_samples_split': np.int64(3), 'min_samples_leaf': np.int64(6), 'max_depth': np.int64(4)}",paper,Unfair,,,0.518796992481203,0.48193925940873783,True,not_applicable,not applicable,0.0,0.0,not_applicable,,,,,,,,,
CRIME,5,14,141777,RF,"{'n_estimators': np.int64(156), 'min_samples_split': np.int64(3), 'min_samples_leaf': np.int64(6), 'max_depth': np.int64(4)}",paper,Our Eps-Fair,0.0,,0.38596491228070173,0.07630410654827968,True,0,Optimization terminated successfully,21.0,0.043950800001766765,completed_without_exception,,,,,,,,,
CRIME,5,14,141777,RF,"{'n_estimators': np.int64(156), 'min_samples_split': np.int64(3), 'min_samples_leaf': np.int64(6), 'max_depth': np.int64(4)}",paper,Our Eps-Fair,0.1,,0.41353383458646614,0.12362526485722936,True,0,Optimization terminated successfully,20.0,0.04269859999840264,completed_without_exception,,,,,,,,,
CRIME,5,14,141777,RF,"{'n_estimators': np.int64(156), 'min_samples_split': np.int64(3), 'min_samples_leaf': np.int64(6), 'max_depth': np.int64(4)}",paper,Our Eps-Fair,0.2,,0.43859649122807015,0.20383916860054485,True,0,Optimization terminated successfully,25.0,0.05291910000232747,completed_without_exception,,,,,,,,,
CRIME,5,14,141777,RF,"{'n_estimators': np.int64(156), 'min_samples_split': np.int64(3), 'min_samples_leaf': np.int64(6), 'max_depth': np.int64(4)}",paper,Our Eps-Fair,0.3,,0.47869674185463656,0.32085561497326204,True,0,Optimization terminated successfully,13.0,0.029213900001195725,completed_without_exception,,,,,,,,,
CRIME,5,14,141777,RF,"{'n_estimators': np.int64(156), 'min_samples_split': np.int64(3), 'min_samples_leaf': np.int64(6), 'max_depth': np.int64(4)}",paper,Our Eps-Fair,0.4,,0.506265664160401,0.37264150943396224,True,0,Optimization terminated successfully,13.0,0.030345600000146078,completed_without_exception,,,,,,,,,
CRIME,5,14,141777,RF,"{'n_estimators': np.int64(156), 'min_samples_split': np.int64(3), 'min_samples_leaf': np.int64(6), 'max_depth': np.int64(4)}",paper,Our Eps-Fair,0.5,,0.5137844611528822,0.425638179800222,True,0,Optimization terminated successfully,6.0,0.012807099999918137,completed_without_exception,,,,,,,,,
CRIME,5,14,141777,RF,"{'n_estimators': np.int64(156), 'min_samples_split': np.int64(3), 'min_samples_leaf': np.int64(6), 'max_depth': np.int64(4)}",paper,FairProjection,,0.0,,,False,failed,RuntimeError('`tf.data.Dataset` only supports Python-style iteration in eager mode or within tf.function.'),,,not_completed,,2.0,500.0,cross-entropy,tf,,,,
CRIME,5,14,141777,RF,"{'n_estimators': np.int64(156), 'min_samples_split': np.int64(3), 'min_samples_leaf': np.int64(6), 'max_depth': np.int64(4)}",paper,FairProjection,,0.1,,,False,failed,RuntimeError('`tf.data.Dataset` only supports Python-style iteration in eager mode or within tf.function.'),,,not_completed,,2.0,500.0,cross-entropy,tf,,,,
CRIME,5,14,141777,RF,"{'n_estimators': np.int64(156), 'min_samples_split': np.int64(3), 'min_samples_leaf': np.int64(6), 'max_depth': np.int64(4)}",paper,FairProjection,,0.2,,,False,failed,RuntimeError('`tf.data.Dataset` only supports Python-style iteration in eager mode or within tf.function.'),,,not_completed,,2.0,500.0,cross-entropy,tf,,,,
CRIME,5,14,141777,RF,"{'n_estimators': np.int64(156), 'min_samples_split': np.int64(3), 'min_samples_leaf': np.int64(6), 'max_depth': np.int64(4)}",paper,FairProjection,,0.5,,,False,failed,RuntimeError('`tf.data.Dataset` only supports Python-style iteration in eager mode or within tf.function.'),,,not_completed,,2.0,500.0,cross-entropy,tf,,,,
CRIME,5,14,141777,RF,"{'n_estimators': np.int64(156), 'min_samples_split': np.int64(3), 'min_samples_leaf': np.int64(6), 'max_depth': np.int64(4)}",paper,FairProjection,,0.75,,,False,failed,RuntimeError('`tf.data.Dataset` only supports Python-style iteration in eager mode or within tf.function.'),,,not_completed,,2.0,500.0,cross-entropy,tf,,,,
CRIME,5,14,141777,RF,"{'n_estimators': np.int64(156), 'min_samples_split': np.int64(3), 'min_samples_leaf': np.int64(6), 'max_depth': np.int64(4)}",paper,Fair-transport,,0.0,0.39097744360902253,0.06089193825042882,True,completed_without_exception,optimal,,0.12439049999738927,optimal,,,,,,4.427309630017362e-10,0.6427983751733943,CLARABEL,OSQP
CRIME,5,14,141777,RF,"{'n_estimators': np.int64(156), 'min_samples_split': np.int64(3), 'min_samples_leaf': np.int64(6), 'max_depth': np.int64(4)}",paper,Fair-transport,,0.1,0.44360902255639095,0.12793865402078497,True,completed_without_exception,optimal,,0.12405399999988731,optimal,,,,,,0.10000000403064191,0.6151115925512,CLARABEL,OSQP
CRIME,5,14,141777,RF,"{'n_estimators': np.int64(156), 'min_samples_split': np.int64(3), 'min_samples_leaf': np.int64(6), 'max_depth': np.int64(4)}",paper,Fair-transport,,0.2,0.44611528822055135,0.254691756634043,True,completed_without_exception,optimal,,0.12328070000148728,optimal,,,,,,0.20000000098379528,0.5908169058501238,CLARABEL,OSQP
CRIME,5,14,141777,RF,"{'n_estimators': np.int64(156), 'min_samples_split': np.int64(3), 'min_samples_leaf': np.int64(6), 'max_depth': np.int64(4)}",paper,Fair-transport,,0.3,0.48120300751879697,0.32085561497326204,True,completed_without_exception,optimal,,0.3918061000040325,optimal,,,,,,0.3000000002058254,0.5740362954406467,CLARABEL,OSQP
CRIME,5,14,141777,RF,"{'n_estimators': np.int64(156), 'min_samples_split': np.int64(3), 'min_samples_leaf': np.int64(6), 'max_depth': np.int64(4)}",paper,Fair-transport,,0.4,0.5037593984962406,0.37735849056603776,True,completed_without_exception,optimal,,0.12513510000280803,optimal,,,,,,0.4000000003874096,0.5679843134499365,CLARABEL,OSQP
CRIME,5,14,141777,GBM,"{'reg_lambda': 2, 'reg_alpha': 10, 'num_leaves': np.int64(44), 'n_estimators': np.int64(51), 'min_child_samples': np.int64(15), 'max_depth': np.int64(4)}",paper,Unfair,,,0.5238095238095238,0.5048935526183029,True,not_applicable,not applicable,0.0,0.0,not_applicable,,,,,,,,,
CRIME,5,14,141777,GBM,"{'reg_lambda': 2, 'reg_alpha': 10, 'num_leaves': np.int64(44), 'n_estimators': np.int64(51), 'min_child_samples': np.int64(15), 'max_depth': np.int64(4)}",paper,Our Eps-Fair,0.0,,0.38345864661654133,0.0632630410654828,True,0,Optimization terminated successfully,20.0,0.05436529999860795,completed_without_exception,,,,,,,,,
CRIME,5,14,141777,GBM,"{'reg_lambda': 2, 'reg_alpha': 10, 'num_leaves': np.int64(44), 'n_estimators': np.int64(51), 'min_child_samples': np.int64(15), 'max_depth': np.int64(4)}",paper,Our Eps-Fair,0.1,,0.43107769423558895,0.0945918676218343,True,0,Optimization terminated successfully,19.0,0.05293739999979152,completed_without_exception,,,,,,,,,
CRIME,5,14,141777,GBM,"{'reg_lambda': 2, 'reg_alpha': 10, 'num_leaves': np.int64(44), 'n_estimators': np.int64(51), 'min_child_samples': np.int64(15), 'max_depth': np.int64(4)}",paper,Our Eps-Fair,0.2,,0.47869674185463656,0.18832610231056401,True,0,Optimization terminated successfully,22.0,0.047604899998987094,completed_without_exception,,,,,,,,,
CRIME,5,14,141777,GBM,"{'reg_lambda': 2, 'reg_alpha': 10, 'num_leaves': np.int64(44), 'n_estimators': np.int64(51), 'min_child_samples': np.int64(15), 'max_depth': np.int64(4)}",paper,Our Eps-Fair,0.3,,0.5112781954887218,0.31288467359499544,True,0,Optimization terminated successfully,24.0,0.054272800000035204,completed_without_exception,,,,,,,,,
CRIME,5,14,141777,GBM,"{'reg_lambda': 2, 'reg_alpha': 10, 'num_leaves': np.int64(44), 'n_estimators': np.int64(51), 'min_child_samples': np.int64(15), 'max_depth': np.int64(4)}",paper,Our Eps-Fair,0.4,,0.5112781954887218,0.36083644435475737,True,0,Optimization terminated successfully,7.0,0.015013399999588728,completed_without_exception,,,,,,,,,
CRIME,5,14,141777,GBM,"{'reg_lambda': 2, 'reg_alpha': 10, 'num_leaves': np.int64(44), 'n_estimators': np.int64(51), 'min_child_samples': np.int64(15), 'max_depth': np.int64(4)}",paper,Our Eps-Fair,0.5,,0.5238095238095238,0.5048935526183029,True,0,Optimization terminated successfully,1.0,0.0022224999993341044,completed_without_exception,,,,,,,,,
CRIME,5,14,141777,GBM,"{'reg_lambda': 2, 'reg_alpha': 10, 'num_leaves': np.int64(44), 'n_estimators': np.int64(51), 'min_child_samples': np.int64(15), 'max_depth': np.int64(4)}",paper,FairProjection,,0.0,,,False,failed,RuntimeError('`tf.data.Dataset` only supports Python-style iteration in eager mode or within tf.function.'),,,not_completed,,2.0,500.0,cross-entropy,tf,,,,
CRIME,5,14,141777,GBM,"{'reg_lambda': 2, 'reg_alpha': 10, 'num_leaves': np.int64(44), 'n_estimators': np.int64(51), 'min_child_samples': np.int64(15), 'max_depth': np.int64(4)}",paper,FairProjection,,0.1,,,False,failed,RuntimeError('`tf.data.Dataset` only supports Python-style iteration in eager mode or within tf.function.'),,,not_completed,,2.0,500.0,cross-entropy,tf,,,,
CRIME,5,14,141777,GBM,"{'reg_lambda': 2, 'reg_alpha': 10, 'num_leaves': np.int64(44), 'n_estimators': np.int64(51), 'min_child_samples': np.int64(15), 'max_depth': np.int64(4)}",paper,FairProjection,,0.2,,,False,failed,RuntimeError('`tf.data.Dataset` only supports Python-style iteration in eager mode or within tf.function.'),,,not_completed,,2.0,500.0,cross-entropy,tf,,,,
CRIME,5,14,141777,GBM,"{'reg_lambda': 2, 'reg_alpha': 10, 'num_leaves': np.int64(44), 'n_estimators': np.int64(51), 'min_child_samples': np.int64(15), 'max_depth': np.int64(4)}",paper,FairProjection,,0.5,,,False,failed,RuntimeError('`tf.data.Dataset` only supports Python-style iteration in eager mode or within tf.function.'),,,not_completed,,2.0,500.0,cross-entropy,tf,,,,
CRIME,5,14,141777,GBM,"{'reg_lambda': 2, 'reg_alpha': 10, 'num_leaves': np.int64(44), 'n_estimators': np.int64(51), 'min_child_samples': np.int64(15), 'max_depth': np.int64(4)}",paper,FairProjection,,0.75,,,False,failed,RuntimeError('`tf.data.Dataset` only supports Python-style iteration in eager mode or within tf.function.'),,,not_completed,,2.0,500.0,cross-entropy,tf,,,,
CRIME,5,14,141777,GBM,"{'reg_lambda': 2, 'reg_alpha': 10, 'num_leaves': np.int64(44), 'n_estimators': np.int64(51), 'min_child_samples': np.int64(15), 'max_depth': np.int64(4)}",paper,Fair-transport,,0.0,0.37844611528822053,0.06959439007163759,True,completed_without_exception,optimal,,0.14124210000227322,optimal,,,,,,7.0192843204530675e-09,0.5838855569208227,CLARABEL,OSQP
CRIME,5,14,141777,GBM,"{'reg_lambda': 2, 'reg_alpha': 10, 'num_leaves': np.int64(44), 'n_estimators': np.int64(51), 'min_child_samples': np.int64(15), 'max_depth': np.int64(4)}",paper,Fair-transport,,0.1,0.43358395989974935,0.11943799818383613,True,completed_without_exception,optimal,,0.1274757999999565,optimal,,,,,,0.10000000287516078,0.5456520971678942,CLARABEL,OSQP
CRIME,5,14,141777,GBM,"{'reg_lambda': 2, 'reg_alpha': 10, 'num_leaves': np.int64(44), 'n_estimators': np.int64(51), 'min_child_samples': np.int64(15), 'max_depth': np.int64(4)}",paper,Fair-transport,,0.2,0.48120300751879697,0.24588840682070426,True,completed_without_exception,optimal,,0.12848980000126176,optimal,,,,,,0.20000001741183684,0.5129276599750134,CLARABEL,OSQP
CRIME,5,14,141777,GBM,"{'reg_lambda': 2, 'reg_alpha': 10, 'num_leaves': np.int64(44), 'n_estimators': np.int64(51), 'min_child_samples': np.int64(15), 'max_depth': np.int64(4)}",paper,Fair-transport,,0.3,0.5137844611528822,0.31288467359499544,True,completed_without_exception,optimal,,0.13044930000251043,optimal,,,,,,0.30000000047977554,0.4879804199772758,CLARABEL,OSQP
CRIME,5,14,141777,GBM,"{'reg_lambda': 2, 'reg_alpha': 10, 'num_leaves': np.int64(44), 'n_estimators': np.int64(51), 'min_child_samples': np.int64(15), 'max_depth': np.int64(4)}",paper,Fair-transport,,0.4,0.5288220551378446,0.40235596811623453,True,completed_without_exception,optimal,,0.1267539999971632,optimal,,,,,,0.40000001266581614,0.47733328139861847,CLARABEL,OSQP
CRIME,5,15,151777,reglog,{},paper,Unfair,,,0.5087719298245614,0.5862016370939042,True,not_applicable,not applicable,0.0,0.0,not_applicable,,,,,,,,,
CRIME,5,15,151777,reglog,{},paper,Our Eps-Fair,0.0,,0.42606516290726815,0.10081854695205653,True,0,Optimization terminated successfully,21.0,0.06040270000085002,completed_without_exception,,,,,,,,,
CRIME,5,15,151777,reglog,{},paper,Our Eps-Fair,0.1,,0.45363408521303256,0.20100157608419342,True,0,Optimization terminated successfully,23.0,0.0606779000008828,completed_without_exception,,,,,,,,,
CRIME,5,15,151777,reglog,{},paper,Our Eps-Fair,0.2,,0.47117794486215536,0.2729421932991001,True,0,Optimization terminated successfully,22.0,0.05257799999890267,completed_without_exception,,,,,,,,,
CRIME,5,15,151777,reglog,{},paper,Our Eps-Fair,0.3,,0.49874686716791977,0.3470689918145305,True,0,Optimization terminated successfully,23.0,0.0547984999975597,completed_without_exception,,,,,,,,,
CRIME,5,15,151777,reglog,{},paper,Our Eps-Fair,0.4,,0.5087719298245614,0.503813106919518,True,0,Optimization terminated successfully,15.0,0.037171899999520974,completed_without_exception,,,,,,,,,
CRIME,5,15,151777,reglog,{},paper,Our Eps-Fair,0.5,,0.5137844611528822,0.5659159082820683,True,0,Optimization terminated successfully,10.0,0.02421160000085365,completed_without_exception,,,,,,,,,
CRIME,5,15,151777,reglog,{},paper,FairProjection,,0.0,,,False,failed,RuntimeError('`tf.data.Dataset` only supports Python-style iteration in eager mode or within tf.function.'),,,not_completed,,2.0,500.0,cross-entropy,tf,,,,
CRIME,5,15,151777,reglog,{},paper,FairProjection,,0.1,,,False,failed,RuntimeError('`tf.data.Dataset` only supports Python-style iteration in eager mode or within tf.function.'),,,not_completed,,2.0,500.0,cross-entropy,tf,,,,
CRIME,5,15,151777,reglog,{},paper,FairProjection,,0.2,,,False,failed,RuntimeError('`tf.data.Dataset` only supports Python-style iteration in eager mode or within tf.function.'),,,not_completed,,2.0,500.0,cross-entropy,tf,,,,
CRIME,5,15,151777,reglog,{},paper,FairProjection,,0.5,,,False,failed,RuntimeError('`tf.data.Dataset` only supports Python-style iteration in eager mode or within tf.function.'),,,not_completed,,2.0,500.0,cross-entropy,tf,,,,
CRIME,5,15,151777,reglog,{},paper,FairProjection,,0.75,,,False,failed,RuntimeError('`tf.data.Dataset` only supports Python-style iteration in eager mode or within tf.function.'),,,not_completed,,2.0,500.0,cross-entropy,tf,,,,
CRIME,5,15,151777,reglog,{},paper,Fair-transport,,0.0,0.44862155388471175,0.1939091972138899,True,completed_without_exception,optimal,,0.1256807999998273,optimal,,,,,,1.1247287823312746e-08,0.620904192958641,CLARABEL,OSQP
CRIME,5,15,151777,reglog,{},paper,Fair-transport,,0.1,0.48370927318295737,0.3061162234989069,True,completed_without_exception,optimal,,0.12767749999693478,optimal,,,,,,0.10000002002804487,0.5863281260830897,CLARABEL,OSQP
CRIME,5,15,151777,reglog,{},paper,Fair-transport,,0.2,0.47117794486215536,0.27856017082719,True,completed_without_exception,optimal,,0.12981149999905028,optimal,,,,,,0.20000000055127437,0.5562447090927506,CLARABEL,OSQP
CRIME,5,15,151777,reglog,{},paper,Fair-transport,,0.3,0.48370927318295737,0.36954090192689004,True,completed_without_exception,optimal,,0.12555620000057388,optimal,,,,,,0.3000000092168377,0.53291215470561,CLARABEL,OSQP
CRIME,5,15,151777,reglog,{},paper,Fair-transport,,0.4,0.506265664160401,0.5049061975697798,True,completed_without_exception,optimal,,0.12313720000020112,optimal,,,,,,0.40000000046239115,0.52133483493108,CLARABEL,OSQP
CRIME,5,15,151777,RF,"{'n_estimators': np.int64(79), 'min_samples_split': np.int64(2), 'min_samples_leaf': np.int64(1), 'max_depth': np.int64(9)}",paper,Unfair,,,0.5037593984962406,0.5443845645431898,True,not_applicable,not applicable,0.0,0.0,not_applicable,,,,,,,,,
CRIME,5,15,151777,RF,"{'n_estimators': np.int64(79), 'min_samples_split': np.int64(2), 'min_samples_leaf': np.int64(1), 'max_depth': np.int64(9)}",paper,Our Eps-Fair,0.0,,0.42606516290726815,0.06805124815699833,True,0,Optimization terminated successfully,27.0,0.059735499999078456,completed_without_exception,,,,,,,,,
CRIME,5,15,151777,RF,"{'n_estimators': np.int64(79), 'min_samples_split': np.int64(2), 'min_samples_leaf': np.int64(1), 'max_depth': np.int64(9)}",paper,Our Eps-Fair,0.1,,0.47368421052631576,0.17947023234531495,True,0,Optimization terminated successfully,20.0,0.04314379999777884,completed_without_exception,,,,,,,,,
CRIME,5,15,151777,RF,"{'n_estimators': np.int64(79), 'min_samples_split': np.int64(2), 'min_samples_leaf': np.int64(1), 'max_depth': np.int64(9)}",paper,Our Eps-Fair,0.2,,0.48872180451127817,0.28183944277797546,True,0,Optimization terminated successfully,23.0,0.05052670000077342,completed_without_exception,,,,,,,,,
CRIME,5,15,151777,RF,"{'n_estimators': np.int64(79), 'min_samples_split': np.int64(2), 'min_samples_leaf': np.int64(1), 'max_depth': np.int64(9)}",paper,Our Eps-Fair,0.3,,0.518796992481203,0.37734506075550356,True,0,Optimization terminated successfully,15.0,0.03135680000195862,completed_without_exception,,,,,,,,,
CRIME,5,15,151777,RF,"{'n_estimators': np.int64(79), 'min_samples_split': np.int64(2), 'min_samples_leaf': np.int64(1), 'max_depth': np.int64(9)}",paper,Our Eps-Fair,0.4,,0.5137844611528822,0.4619960343688037,True,0,Optimization terminated successfully,12.0,0.029090600000927225,completed_without_exception,,,,,,,,,
CRIME,5,15,151777,RF,"{'n_estimators': np.int64(79), 'min_samples_split': np.int64(2), 'min_samples_leaf': np.int64(1), 'max_depth': np.int64(9)}",paper,Our Eps-Fair,0.5,,0.5037593984962406,0.5443845645431898,True,0,Optimization terminated successfully,1.0,0.002450100000714883,completed_without_exception,,,,,,,,,
CRIME,5,15,151777,RF,"{'n_estimators': np.int64(79), 'min_samples_split': np.int64(2), 'min_samples_leaf': np.int64(1), 'max_depth': np.int64(9)}",paper,FairProjection,,0.0,,,False,failed,RuntimeError('`tf.data.Dataset` only supports Python-style iteration in eager mode or within tf.function.'),,,not_completed,,2.0,500.0,cross-entropy,tf,,,,
CRIME,5,15,151777,RF,"{'n_estimators': np.int64(79), 'min_samples_split': np.int64(2), 'min_samples_leaf': np.int64(1), 'max_depth': np.int64(9)}",paper,FairProjection,,0.1,,,False,failed,RuntimeError('`tf.data.Dataset` only supports Python-style iteration in eager mode or within tf.function.'),,,not_completed,,2.0,500.0,cross-entropy,tf,,,,
CRIME,5,15,151777,RF,"{'n_estimators': np.int64(79), 'min_samples_split': np.int64(2), 'min_samples_leaf': np.int64(1), 'max_depth': np.int64(9)}",paper,FairProjection,,0.2,,,False,failed,RuntimeError('`tf.data.Dataset` only supports Python-style iteration in eager mode or within tf.function.'),,,not_completed,,2.0,500.0,cross-entropy,tf,,,,
CRIME,5,15,151777,RF,"{'n_estimators': np.int64(79), 'min_samples_split': np.int64(2), 'min_samples_leaf': np.int64(1), 'max_depth': np.int64(9)}",paper,FairProjection,,0.5,,,False,failed,RuntimeError('`tf.data.Dataset` only supports Python-style iteration in eager mode or within tf.function.'),,,not_completed,,2.0,500.0,cross-entropy,tf,,,,
CRIME,5,15,151777,RF,"{'n_estimators': np.int64(79), 'min_samples_split': np.int64(2), 'min_samples_leaf': np.int64(1), 'max_depth': np.int64(9)}",paper,FairProjection,,0.75,,,False,failed,RuntimeError('`tf.data.Dataset` only supports Python-style iteration in eager mode or within tf.function.'),,,not_completed,,2.0,500.0,cross-entropy,tf,,,,
CRIME,5,15,151777,RF,"{'n_estimators': np.int64(79), 'min_samples_split': np.int64(2), 'min_samples_leaf': np.int64(1), 'max_depth': np.int64(9)}",paper,Fair-transport,,0.0,0.42105263157894735,0.07941430677716203,True,completed_without_exception,optimal,,0.12733310000112397,optimal,,,,,,3.4639183743578883e-09,0.6058297924951389,CLARABEL,OSQP
CRIME,5,15,151777,RF,"{'n_estimators': np.int64(79), 'min_samples_split': np.int64(2), 'min_samples_leaf': np.int64(1), 'max_depth': np.int64(9)}",paper,Fair-transport,,0.1,0.46867167919799496,0.17260663989018252,True,completed_without_exception,optimal,,0.12813989999631303,optimal,,,,,,0.1000000031325265,0.5712200108272478,CLARABEL,OSQP
CRIME,5,15,151777,RF,"{'n_estimators': np.int64(79), 'min_samples_split': np.int64(2), 'min_samples_leaf': np.int64(1), 'max_depth': np.int64(9)}",paper,Fair-transport,,0.2,0.48872180451127817,0.28059382785093295,True,completed_without_exception,optimal,,0.12627939999947557,optimal,,,,,,0.20000000119146621,0.54261097879486,CLARABEL,OSQP
CRIME,5,15,151777,RF,"{'n_estimators': np.int64(79), 'min_samples_split': np.int64(2), 'min_samples_leaf': np.int64(1), 'max_depth': np.int64(9)}",paper,Fair-transport,,0.3,0.506265664160401,0.3706339925771519,True,completed_without_exception,optimal,,0.12432090000220342,optimal,,,,,,0.3000000036842189,0.5247468723431225,CLARABEL,OSQP
CRIME,5,15,151777,RF,"{'n_estimators': np.int64(79), 'min_samples_split': np.int64(2), 'min_samples_leaf': np.int64(1), 'max_depth': np.int64(9)}",paper,Fair-transport,,0.4,0.5112781954887218,0.44857389801210024,True,completed_without_exception,optimal,,0.12256430000343244,optimal,,,,,,0.40000000358915294,0.5162652951462823,CLARABEL,OSQP
CRIME,5,15,151777,GBM,"{'reg_lambda': 2, 'reg_alpha': 10, 'num_leaves': np.int64(34), 'n_estimators': np.int64(46), 'min_child_samples': np.int64(35), 'max_depth': np.int64(16)}",paper,Unfair,,,0.5037593984962406,0.5070923788703036,True,not_applicable,not applicable,0.0,0.0,not_applicable,,,,,,,,,
CRIME,5,15,151777,GBM,"{'reg_lambda': 2, 'reg_alpha': 10, 'num_leaves': np.int64(34), 'n_estimators': np.int64(46), 'min_child_samples': np.int64(35), 'max_depth': np.int64(16)}",paper,Our Eps-Fair,0.0,,0.39849624060150374,0.0736692256850882,True,0,Optimization terminated successfully,23.0,0.06298830000014277,completed_without_exception,,,,,,,,,
CRIME,5,15,151777,GBM,"{'reg_lambda': 2, 'reg_alpha': 10, 'num_leaves': np.int64(34), 'n_estimators': np.int64(46), 'min_child_samples': np.int64(35), 'max_depth': np.int64(16)}",paper,Our Eps-Fair,0.1,,0.44360902255639095,0.16714118663887337,True,0,Optimization terminated successfully,22.0,0.050224700000399025,completed_without_exception,,,,,,,,,
CRIME,5,15,151777,GBM,"{'reg_lambda': 2, 'reg_alpha': 10, 'num_leaves': np.int64(34), 'n_estimators': np.int64(46), 'min_child_samples': np.int64(35), 'max_depth': np.int64(16)}",paper,Our Eps-Fair,0.2,,0.45864661654135336,0.28183944277797546,True,0,Optimization terminated successfully,21.0,0.04657700000097975,completed_without_exception,,,,,,,,,
CRIME,5,15,151777,GBM,"{'reg_lambda': 2, 'reg_alpha': 10, 'num_leaves': np.int64(34), 'n_estimators': np.int64(46), 'min_child_samples': np.int64(35), 'max_depth': np.int64(16)}",paper,Our Eps-Fair,0.3,,0.49373433583959897,0.4224414052570034,True,0,Optimization terminated successfully,12.0,0.025782400000025518,completed_without_exception,,,,,,,,,
CRIME,5,15,151777,GBM,"{'reg_lambda': 2, 'reg_alpha': 10, 'num_leaves': np.int64(34), 'n_estimators': np.int64(46), 'min_child_samples': np.int64(35), 'max_depth': np.int64(16)}",paper,Our Eps-Fair,0.4,,0.49874686716791977,0.4234582337688749,True,0,Optimization terminated successfully,8.0,0.01834930000040913,completed_without_exception,,,,,,,,,
CRIME,5,15,151777,GBM,"{'reg_lambda': 2, 'reg_alpha': 10, 'num_leaves': np.int64(34), 'n_estimators': np.int64(46), 'min_child_samples': np.int64(35), 'max_depth': np.int64(16)}",paper,Our Eps-Fair,0.5,,0.5037593984962406,0.5070923788703036,True,0,Optimization terminated successfully,1.0,0.0024094000000332016,completed_without_exception,,,,,,,,,
CRIME,5,15,151777,GBM,"{'reg_lambda': 2, 'reg_alpha': 10, 'num_leaves': np.int64(34), 'n_estimators': np.int64(46), 'min_child_samples': np.int64(35), 'max_depth': np.int64(16)}",paper,FairProjection,,0.0,,,False,failed,RuntimeError('`tf.data.Dataset` only supports Python-style iteration in eager mode or within tf.function.'),,,not_completed,,2.0,500.0,cross-entropy,tf,,,,
CRIME,5,15,151777,GBM,"{'reg_lambda': 2, 'reg_alpha': 10, 'num_leaves': np.int64(34), 'n_estimators': np.int64(46), 'min_child_samples': np.int64(35), 'max_depth': np.int64(16)}",paper,FairProjection,,0.1,,,False,failed,RuntimeError('`tf.data.Dataset` only supports Python-style iteration in eager mode or within tf.function.'),,,not_completed,,2.0,500.0,cross-entropy,tf,,,,
CRIME,5,15,151777,GBM,"{'reg_lambda': 2, 'reg_alpha': 10, 'num_leaves': np.int64(34), 'n_estimators': np.int64(46), 'min_child_samples': np.int64(35), 'max_depth': np.int64(16)}",paper,FairProjection,,0.2,,,False,failed,RuntimeError('`tf.data.Dataset` only supports Python-style iteration in eager mode or within tf.function.'),,,not_completed,,2.0,500.0,cross-entropy,tf,,,,
CRIME,5,15,151777,GBM,"{'reg_lambda': 2, 'reg_alpha': 10, 'num_leaves': np.int64(34), 'n_estimators': np.int64(46), 'min_child_samples': np.int64(35), 'max_depth': np.int64(16)}",paper,FairProjection,,0.5,,,False,failed,RuntimeError('`tf.data.Dataset` only supports Python-style iteration in eager mode or within tf.function.'),,,not_completed,,2.0,500.0,cross-entropy,tf,,,,
CRIME,5,15,151777,GBM,"{'reg_lambda': 2, 'reg_alpha': 10, 'num_leaves': np.int64(34), 'n_estimators': np.int64(46), 'min_child_samples': np.int64(35), 'max_depth': np.int64(16)}",paper,FairProjection,,0.75,,,False,failed,RuntimeError('`tf.data.Dataset` only supports Python-style iteration in eager mode or within tf.function.'),,,not_completed,,2.0,500.0,cross-entropy,tf,,,,
CRIME,5,15,151777,GBM,"{'reg_lambda': 2, 'reg_alpha': 10, 'num_leaves': np.int64(34), 'n_estimators': np.int64(46), 'min_child_samples': np.int64(35), 'max_depth': np.int64(16)}",paper,Fair-transport,,0.0,0.39097744360902253,0.04995170064568612,True,completed_without_exception,optimal,,0.1716073999996297,optimal,,,,,,2.9554786951102585e-09,0.5823897471899389,CLARABEL,OSQP
CRIME,5,15,151777,GBM,"{'reg_lambda': 2, 'reg_alpha': 10, 'num_leaves': np.int64(34), 'n_estimators': np.int64(46), 'min_child_samples': np.int64(35), 'max_depth': np.int64(16)}",paper,Fair-transport,,0.1,0.45864661654135336,0.219889165692206,True,completed_without_exception,optimal,,0.144297099999676,optimal,,,,,,0.10000002199984062,0.5449661589783635,CLARABEL,OSQP
CRIME,5,15,151777,GBM,"{'reg_lambda': 2, 'reg_alpha': 10, 'num_leaves': np.int64(34), 'n_estimators': np.int64(46), 'min_child_samples': np.int64(35), 'max_depth': np.int64(16)}",paper,Fair-transport,,0.2,0.46115288220551376,0.29307539783415526,True,completed_without_exception,optimal,,0.13747150000199326,optimal,,,,,,0.20000000099881568,0.5145962097721782,CLARABEL,OSQP
CRIME,5,15,151777,GBM,"{'reg_lambda': 2, 'reg_alpha': 10, 'num_leaves': np.int64(34), 'n_estimators': np.int64(46), 'min_child_samples': np.int64(35), 'max_depth': np.int64(16)}",paper,Fair-transport,,0.3,0.48370927318295737,0.3987238802176013,True,completed_without_exception,optimal,,0.13969639999777428,optimal,,,,,,0.3000000136455706,0.49309930458996093,CLARABEL,OSQP
CRIME,5,15,151777,GBM,"{'reg_lambda': 2, 'reg_alpha': 10, 'num_leaves': np.int64(34), 'n_estimators': np.int64(46), 'min_child_samples': np.int64(35), 'max_depth': np.int64(16)}",paper,Fair-transport,,0.4,0.49122807017543857,0.42564441506939854,True,completed_without_exception,optimal,,0.14006139999764855,optimal,,,,,,0.4000000068452701,0.48312896702383235,CLARABEL,OSQP
CRIME,5,16,161777,reglog,{},paper,Unfair,,,0.49874686716791977,0.5944341372912801,True,not_applicable,not applicable,0.0,0.0,not_applicable,,,,,,,,,
CRIME,5,16,161777,reglog,{},paper,Our Eps-Fair,0.0,,0.3483709273182957,0.06345083487940631,True,0,Optimization terminated successfully,19.0,0.08765739999944344,completed_without_exception,,,,,,,,,
CRIME,5,16,161777,reglog,{},paper,Our Eps-Fair,0.1,,0.3659147869674185,0.0862708719851577,True,0,Optimization terminated successfully,19.0,0.048221500001091044,completed_without_exception,,,,,,,,,
CRIME,5,16,161777,reglog,{},paper,Our Eps-Fair,0.2,,0.39598997493734334,0.2469387755102041,True,0,Optimization terminated successfully,20.0,0.046155399999406654,completed_without_exception,,,,,,,,,
CRIME,5,16,161777,reglog,{},paper,Our Eps-Fair,0.3,,0.41854636591478694,0.3226345083487941,True,0,Optimization terminated successfully,20.0,0.0457962000000407,completed_without_exception,,,,,,,,,
CRIME,5,16,161777,reglog,{},paper,Our Eps-Fair,0.4,,0.46867167919799496,0.46827458256029686,True,0,Optimization terminated successfully,8.0,0.019067599998379592,completed_without_exception,,,,,,,,,
CRIME,5,16,161777,reglog,{},paper,Our Eps-Fair,0.5,,0.48621553884711777,0.537291280148423,True,0,Optimization terminated successfully,11.0,0.026920000000245636,completed_without_exception,,,,,,,,,
CRIME,5,16,161777,reglog,{},paper,FairProjection,,0.0,,,False,failed,RuntimeError('`tf.data.Dataset` only supports Python-style iteration in eager mode or within tf.function.'),,,not_completed,,2.0,500.0,cross-entropy,tf,,,,
CRIME,5,16,161777,reglog,{},paper,FairProjection,,0.1,,,False,failed,RuntimeError('`tf.data.Dataset` only supports Python-style iteration in eager mode or within tf.function.'),,,not_completed,,2.0,500.0,cross-entropy,tf,,,,
CRIME,5,16,161777,reglog,{},paper,FairProjection,,0.2,,,False,failed,RuntimeError('`tf.data.Dataset` only supports Python-style iteration in eager mode or within tf.function.'),,,not_completed,,2.0,500.0,cross-entropy,tf,,,,
CRIME,5,16,161777,reglog,{},paper,FairProjection,,0.5,,,False,failed,RuntimeError('`tf.data.Dataset` only supports Python-style iteration in eager mode or within tf.function.'),,,not_completed,,2.0,500.0,cross-entropy,tf,,,,
CRIME,5,16,161777,reglog,{},paper,FairProjection,,0.75,,,False,failed,RuntimeError('`tf.data.Dataset` only supports Python-style iteration in eager mode or within tf.function.'),,,not_completed,,2.0,500.0,cross-entropy,tf,,,,
CRIME,5,16,161777,reglog,{},paper,Fair-transport,,0.0,0.3333333333333333,0.15955473098330242,True,completed_without_exception,optimal,,0.1286227999989933,optimal,,,,,,1.6867351959604093e-09,0.6186792636295528,CLARABEL,OSQP
CRIME,5,16,161777,reglog,{},paper,Fair-transport,,0.1,0.3634085213032581,0.07736549165120593,True,completed_without_exception,optimal,,0.1487230000020645,optimal,,,,,,0.10000000092520117,0.5824546776587383,CLARABEL,OSQP
CRIME,5,16,161777,reglog,{},paper,Fair-transport,,0.2,0.40852130325814534,0.26159554730983303,True,completed_without_exception,optimal,,0.12920049999956973,optimal,,,,,,0.20000000154748784,0.5506546335597174,CLARABEL,OSQP
CRIME,5,16,161777,reglog,{},paper,Fair-transport,,0.3,0.42355889724310775,0.3226345083487941,True,completed_without_exception,optimal,,0.13298379999832832,optimal,,,,,,0.3000000011197931,0.5249183612372981,CLARABEL,OSQP
CRIME,5,16,161777,reglog,{},paper,Fair-transport,,0.4,0.46867167919799496,0.4723562152133581,True,completed_without_exception,optimal,,0.11062870000387193,optimal,,,,,,0.4000000002244753,0.5137126177318451,CLARABEL,OSQP
CRIME,5,16,161777,RF,"{'n_estimators': np.int64(55), 'min_samples_split': np.int64(3), 'min_samples_leaf': np.int64(7), 'max_depth': np.int64(8)}",paper,Unfair,,,0.48872180451127817,0.48126159554730985,True,not_applicable,not applicable,0.0,0.0,not_applicable,,,,,,,,,
CRIME,5,16,161777,RF,"{'n_estimators': np.int64(55), 'min_samples_split': np.int64(3), 'min_samples_leaf': np.int64(7), 'max_depth': np.int64(8)}",paper,Our Eps-Fair,0.0,,0.38095238095238093,0.12745825602968464,True,0,Optimization terminated successfully,15.0,0.03447999999843887,completed_without_exception,,,,,,,,,
CRIME,5,16,161777,RF,"{'n_estimators': np.int64(55), 'min_samples_split': np.int64(3), 'min_samples_leaf': np.int64(7), 'max_depth': np.int64(8)}",paper,Our Eps-Fair,0.1,,0.41102756892230574,0.2571428571428571,True,0,Optimization terminated successfully,19.0,0.03942800000004354,completed_without_exception,,,,,,,,,
CRIME,5,16,161777,RF,"{'n_estimators': np.int64(55), 'min_samples_split': np.int64(3), 'min_samples_leaf': np.int64(7), 'max_depth': np.int64(8)}",paper,Our Eps-Fair,0.2,,0.43859649122807015,0.33710575139146565,True,0,Optimization terminated successfully,32.0,0.07077930000014021,completed_without_exception,,,,,,,,,
CRIME,5,16,161777,RF,"{'n_estimators': np.int64(55), 'min_samples_split': np.int64(3), 'min_samples_leaf': np.int64(7), 'max_depth': np.int64(8)}",paper,Our Eps-Fair,0.3,,0.46867167919799496,0.41948051948051945,True,0,Optimization terminated successfully,27.0,0.06095809999897028,completed_without_exception,,,,,,,,,
CRIME,5,16,161777,RF,"{'n_estimators': np.int64(55), 'min_samples_split': np.int64(3), 'min_samples_leaf': np.int64(7), 'max_depth': np.int64(8)}",paper,Our Eps-Fair,0.4,,0.47619047619047616,0.48126159554730985,True,0,Optimization terminated successfully,12.0,0.031282700001611374,completed_without_exception,,,,,,,,,
CRIME,5,16,161777,RF,"{'n_estimators': np.int64(55), 'min_samples_split': np.int64(3), 'min_samples_leaf': np.int64(7), 'max_depth': np.int64(8)}",paper,Our Eps-Fair,0.5,,0.48872180451127817,0.48126159554730985,True,0,Optimization terminated successfully,1.0,0.0024102000024868175,completed_without_exception,,,,,,,,,
CRIME,5,16,161777,RF,"{'n_estimators': np.int64(55), 'min_samples_split': np.int64(3), 'min_samples_leaf': np.int64(7), 'max_depth': np.int64(8)}",paper,FairProjection,,0.0,,,False,failed,RuntimeError('`tf.data.Dataset` only supports Python-style iteration in eager mode or within tf.function.'),,,not_completed,,2.0,500.0,cross-entropy,tf,,,,
CRIME,5,16,161777,RF,"{'n_estimators': np.int64(55), 'min_samples_split': np.int64(3), 'min_samples_leaf': np.int64(7), 'max_depth': np.int64(8)}",paper,FairProjection,,0.1,,,False,failed,RuntimeError('`tf.data.Dataset` only supports Python-style iteration in eager mode or within tf.function.'),,,not_completed,,2.0,500.0,cross-entropy,tf,,,,
CRIME,5,16,161777,RF,"{'n_estimators': np.int64(55), 'min_samples_split': np.int64(3), 'min_samples_leaf': np.int64(7), 'max_depth': np.int64(8)}",paper,FairProjection,,0.2,,,False,failed,RuntimeError('`tf.data.Dataset` only supports Python-style iteration in eager mode or within tf.function.'),,,not_completed,,2.0,500.0,cross-entropy,tf,,,,
CRIME,5,16,161777,RF,"{'n_estimators': np.int64(55), 'min_samples_split': np.int64(3), 'min_samples_leaf': np.int64(7), 'max_depth': np.int64(8)}",paper,FairProjection,,0.5,,,False,failed,RuntimeError('`tf.data.Dataset` only supports Python-style iteration in eager mode or within tf.function.'),,,not_completed,,2.0,500.0,cross-entropy,tf,,,,
CRIME,5,16,161777,RF,"{'n_estimators': np.int64(55), 'min_samples_split': np.int64(3), 'min_samples_leaf': np.int64(7), 'max_depth': np.int64(8)}",paper,FairProjection,,0.75,,,False,failed,RuntimeError('`tf.data.Dataset` only supports Python-style iteration in eager mode or within tf.function.'),,,not_completed,,2.0,500.0,cross-entropy,tf,,,,
CRIME,5,16,161777,RF,"{'n_estimators': np.int64(55), 'min_samples_split': np.int64(3), 'min_samples_leaf': np.int64(7), 'max_depth': np.int64(8)}",paper,Fair-transport,,0.0,0.37092731829573933,0.1397031539888683,True,completed_without_exception,optimal,,0.12663100000281702,optimal,,,,,,1.2481677358344712e-09,0.606961728047408,CLARABEL,OSQP
CRIME,5,16,161777,RF,"{'n_estimators': np.int64(55), 'min_samples_split': np.int64(3), 'min_samples_leaf': np.int64(7), 'max_depth': np.int64(8)}",paper,Fair-transport,,0.1,0.40350877192982454,0.2506493506493506,True,completed_without_exception,optimal,,0.12663500000053318,optimal,,,,,,0.1000000052769657,0.5723491026582878,CLARABEL,OSQP
CRIME,5,16,161777,RF,"{'n_estimators': np.int64(55), 'min_samples_split': np.int64(3), 'min_samples_leaf': np.int64(7), 'max_depth': np.int64(8)}",paper,Fair-transport,,0.2,0.43358395989974935,0.3534322820037106,True,completed_without_exception,optimal,,0.1247375999992073,optimal,,,,,,0.2000000025124509,0.5438095410999892,CLARABEL,OSQP
CRIME,5,16,161777,RF,"{'n_estimators': np.int64(55), 'min_samples_split': np.int64(3), 'min_samples_leaf': np.int64(7), 'max_depth': np.int64(8)}",paper,Fair-transport,,0.3,0.47368421052631576,0.43246753246753245,True,completed_without_exception,optimal,,0.12800870000137365,optimal,,,,,,0.3000000006900565,0.5227897783953742,CLARABEL,OSQP
CRIME,5,16,161777,RF,"{'n_estimators': np.int64(55), 'min_samples_split': np.int64(3), 'min_samples_leaf': np.int64(7), 'max_depth': np.int64(8)}",paper,Fair-transport,,0.4,0.48621553884711777,0.46178107606679036,True,completed_without_exception,optimal,,0.1235357000005024,optimal,,,,,,0.40000000176581463,0.5154555249650736,CLARABEL,OSQP
CRIME,5,16,161777,GBM,"{'reg_lambda': 50, 'reg_alpha': 10, 'num_leaves': np.int64(47), 'n_estimators': np.int64(33), 'min_child_samples': np.int64(19), 'max_depth': np.int64(3)}",paper,Unfair,,,0.49373433583959897,0.5380333951762523,True,not_applicable,not applicable,0.0,0.0,not_applicable,,,,,,,,,
CRIME,5,16,161777,GBM,"{'reg_lambda': 50, 'reg_alpha': 10, 'num_leaves': np.int64(47), 'n_estimators': np.int64(33), 'min_child_samples': np.int64(19), 'max_depth': np.int64(3)}",paper,Our Eps-Fair,0.0,,0.3634085213032581,0.10667903525046382,True,0,Optimization terminated successfully,23.0,0.06481039999925997,completed_without_exception,,,,,,,,,
CRIME,5,16,161777,GBM,"{'reg_lambda': 50, 'reg_alpha': 10, 'num_leaves': np.int64(47), 'n_estimators': np.int64(33), 'min_child_samples': np.int64(19), 'max_depth': np.int64(3)}",paper,Our Eps-Fair,0.1,,0.40852130325814534,0.25139146567717996,True,0,Optimization terminated successfully,20.0,0.0617502000022796,completed_without_exception,,,,,,,,,
CRIME,5,16,161777,GBM,"{'reg_lambda': 50, 'reg_alpha': 10, 'num_leaves': np.int64(47), 'n_estimators': np.int64(33), 'min_child_samples': np.int64(19), 'max_depth': np.int64(3)}",paper,Our Eps-Fair,0.2,,0.43358395989974935,0.3215213358070501,True,0,Optimization terminated successfully,25.0,0.06993599999987055,completed_without_exception,,,,,,,,,
CRIME,5,16,161777,GBM,"{'reg_lambda': 50, 'reg_alpha': 10, 'num_leaves': np.int64(47), 'n_estimators': np.int64(33), 'min_child_samples': np.int64(19), 'max_depth': np.int64(3)}",paper,Our Eps-Fair,0.3,,0.45614035087719296,0.37291280148423006,True,0,Optimization terminated successfully,26.0,0.05547640000077081,completed_without_exception,,,,,,,,,
CRIME,5,16,161777,GBM,"{'reg_lambda': 50, 'reg_alpha': 10, 'num_leaves': np.int64(47), 'n_estimators': np.int64(33), 'min_child_samples': np.int64(19), 'max_depth': np.int64(3)}",paper,Our Eps-Fair,0.4,,0.48621553884711777,0.5103896103896104,True,0,Optimization terminated successfully,12.0,0.025749500000529224,completed_without_exception,,,,,,,,,
CRIME,5,16,161777,GBM,"{'reg_lambda': 50, 'reg_alpha': 10, 'num_leaves': np.int64(47), 'n_estimators': np.int64(33), 'min_child_samples': np.int64(19), 'max_depth': np.int64(3)}",paper,Our Eps-Fair,0.5,,0.49373433583959897,0.5380333951762523,True,0,Optimization terminated successfully,1.0,0.002230400001280941,completed_without_exception,,,,,,,,,
CRIME,5,16,161777,GBM,"{'reg_lambda': 50, 'reg_alpha': 10, 'num_leaves': np.int64(47), 'n_estimators': np.int64(33), 'min_child_samples': np.int64(19), 'max_depth': np.int64(3)}",paper,FairProjection,,0.0,,,False,failed,RuntimeError('`tf.data.Dataset` only supports Python-style iteration in eager mode or within tf.function.'),,,not_completed,,2.0,500.0,cross-entropy,tf,,,,
CRIME,5,16,161777,GBM,"{'reg_lambda': 50, 'reg_alpha': 10, 'num_leaves': np.int64(47), 'n_estimators': np.int64(33), 'min_child_samples': np.int64(19), 'max_depth': np.int64(3)}",paper,FairProjection,,0.1,,,False,failed,RuntimeError('`tf.data.Dataset` only supports Python-style iteration in eager mode or within tf.function.'),,,not_completed,,2.0,500.0,cross-entropy,tf,,,,
CRIME,5,16,161777,GBM,"{'reg_lambda': 50, 'reg_alpha': 10, 'num_leaves': np.int64(47), 'n_estimators': np.int64(33), 'min_child_samples': np.int64(19), 'max_depth': np.int64(3)}",paper,FairProjection,,0.2,,,False,failed,RuntimeError('`tf.data.Dataset` only supports Python-style iteration in eager mode or within tf.function.'),,,not_completed,,2.0,500.0,cross-entropy,tf,,,,
CRIME,5,16,161777,GBM,"{'reg_lambda': 50, 'reg_alpha': 10, 'num_leaves': np.int64(47), 'n_estimators': np.int64(33), 'min_child_samples': np.int64(19), 'max_depth': np.int64(3)}",paper,FairProjection,,0.5,,,False,failed,RuntimeError('`tf.data.Dataset` only supports Python-style iteration in eager mode or within tf.function.'),,,not_completed,,2.0,500.0,cross-entropy,tf,,,,
CRIME,5,16,161777,GBM,"{'reg_lambda': 50, 'reg_alpha': 10, 'num_leaves': np.int64(47), 'n_estimators': np.int64(33), 'min_child_samples': np.int64(19), 'max_depth': np.int64(3)}",paper,FairProjection,,0.75,,,False,failed,RuntimeError('`tf.data.Dataset` only supports Python-style iteration in eager mode or within tf.function.'),,,not_completed,,2.0,500.0,cross-entropy,tf,,,,
CRIME,5,16,161777,GBM,"{'reg_lambda': 50, 'reg_alpha': 10, 'num_leaves': np.int64(47), 'n_estimators': np.int64(33), 'min_child_samples': np.int64(19), 'max_depth': np.int64(3)}",paper,Fair-transport,,0.0,0.39849624060150374,0.1862708719851577,True,completed_without_exception,optimal,,0.13187630000174977,optimal,,,,,,8.944594342974455e-09,0.6357892366375187,CLARABEL,OSQP
CRIME,5,16,161777,GBM,"{'reg_lambda': 50, 'reg_alpha': 10, 'num_leaves': np.int64(47), 'n_estimators': np.int64(33), 'min_child_samples': np.int64(19), 'max_depth': np.int64(3)}",paper,Fair-transport,,0.1,0.41353383458646614,0.26122448979591834,True,completed_without_exception,optimal,,0.12420839999685995,optimal,,,,,,0.10000000195722414,0.6077024969932028,CLARABEL,OSQP
CRIME,5,16,161777,GBM,"{'reg_lambda': 50, 'reg_alpha': 10, 'num_leaves': np.int64(47), 'n_estimators': np.int64(33), 'min_child_samples': np.int64(19), 'max_depth': np.int64(3)}",paper,Fair-transport,,0.2,0.44360902255639095,0.3580705009276438,True,completed_without_exception,optimal,,0.12381180000011227,optimal,,,,,,0.2000000006133738,0.5838674784701676,CLARABEL,OSQP
CRIME,5,16,161777,GBM,"{'reg_lambda': 50, 'reg_alpha': 10, 'num_leaves': np.int64(47), 'n_estimators': np.int64(33), 'min_child_samples': np.int64(19), 'max_depth': np.int64(3)}",paper,Fair-transport,,0.3,0.46115288220551376,0.41595547309833025,True,completed_without_exception,optimal,,0.12260380000225268,optimal,,,,,,0.3000000008736361,0.565977375441973,CLARABEL,OSQP
CRIME,5,16,161777,GBM,"{'reg_lambda': 50, 'reg_alpha': 10, 'num_leaves': np.int64(47), 'n_estimators': np.int64(33), 'min_child_samples': np.int64(19), 'max_depth': np.int64(3)}",paper,Fair-transport,,0.4,0.48621553884711777,0.5168831168831168,True,completed_without_exception,optimal,,0.12342310000167345,optimal,,,,,,0.40000000833389876,0.5567683387847052,CLARABEL,OSQP
CRIME,5,17,171777,reglog,{},paper,Unfair,,,0.5413533834586466,0.6068783068783069,True,not_applicable,not applicable,0.0,0.0,not_applicable,,,,,,,,,
CRIME,5,17,171777,reglog,{},paper,Our Eps-Fair,0.0,,0.40350877192982454,0.09523809523809523,True,0,Optimization terminated successfully,21.0,0.0674665999977151,completed_without_exception,,,,,,,,,
CRIME,5,17,171777,reglog,{},paper,Our Eps-Fair,0.1,,0.45614035087719296,0.21798941798941796,True,0,Optimization terminated successfully,19.0,0.052958300002501346,completed_without_exception,,,,,,,,,
CRIME,5,17,171777,reglog,{},paper,Our Eps-Fair,0.2,,0.47117794486215536,0.3153439153439153,True,0,Optimization terminated successfully,31.0,0.06710039999961737,completed_without_exception,,,,,,,,,
CRIME,5,17,171777,reglog,{},paper,Our Eps-Fair,0.3,,0.506265664160401,0.4005291005291005,True,0,Optimization terminated successfully,24.0,0.052624699997977586,completed_without_exception,,,,,,,,,
CRIME,5,17,171777,reglog,{},paper,Our Eps-Fair,0.4,,0.5413533834586466,0.5645502645502646,True,0,Optimization terminated successfully,6.0,0.012986800000362564,completed_without_exception,,,,,,,,,
CRIME,5,17,171777,reglog,{},paper,Our Eps-Fair,0.5,,0.5413533834586466,0.6068783068783069,True,0,Optimization terminated successfully,1.0,0.002353299998503644,completed_without_exception,,,,,,,,,
CRIME,5,17,171777,reglog,{},paper,FairProjection,,0.0,,,False,failed,RuntimeError('`tf.data.Dataset` only supports Python-style iteration in eager mode or within tf.function.'),,,not_completed,,2.0,500.0,cross-entropy,tf,,,,
CRIME,5,17,171777,reglog,{},paper,FairProjection,,0.1,,,False,failed,RuntimeError('`tf.data.Dataset` only supports Python-style iteration in eager mode or within tf.function.'),,,not_completed,,2.0,500.0,cross-entropy,tf,,,,
CRIME,5,17,171777,reglog,{},paper,FairProjection,,0.2,,,False,failed,RuntimeError('`tf.data.Dataset` only supports Python-style iteration in eager mode or within tf.function.'),,,not_completed,,2.0,500.0,cross-entropy,tf,,,,
CRIME,5,17,171777,reglog,{},paper,FairProjection,,0.5,,,False,failed,RuntimeError('`tf.data.Dataset` only supports Python-style iteration in eager mode or within tf.function.'),,,not_completed,,2.0,500.0,cross-entropy,tf,,,,
CRIME,5,17,171777,reglog,{},paper,FairProjection,,0.75,,,False,failed,RuntimeError('`tf.data.Dataset` only supports Python-style iteration in eager mode or within tf.function.'),,,not_completed,,2.0,500.0,cross-entropy,tf,,,,
CRIME,5,17,171777,reglog,{},paper,Fair-transport,,0.0,0.40100250626566414,0.09470899470899469,True,completed_without_exception,optimal,,0.1252901000007114,optimal,,,,,,6.939719354726037e-09,0.6243740810186377,CLARABEL,OSQP
CRIME,5,17,171777,reglog,{},paper,Fair-transport,,0.1,0.46115288220551376,0.24814814814814812,True,completed_without_exception,optimal,,0.1273207000012917,optimal,,,,,,0.10000000867460515,0.5900389109707652,CLARABEL,OSQP
CRIME,5,17,171777,reglog,{},paper,Fair-transport,,0.2,0.47117794486215536,0.3259259259259259,True,completed_without_exception,optimal,,0.12404999999853317,optimal,,,,,,0.20000000108760457,0.5598856903849675,CLARABEL,OSQP
CRIME,5,17,171777,reglog,{},paper,Fair-transport,,0.3,0.5012531328320802,0.39576719576719577,True,completed_without_exception,optimal,,0.12686010000106762,optimal,,,,,,0.30000000582078656,0.5359774915437526,CLARABEL,OSQP
CRIME,5,17,171777,reglog,{},paper,Fair-transport,,0.4,0.543859649122807,0.5751322751322752,True,completed_without_exception,optimal,,0.09479839999767137,optimal,,,,,,0.40000000013799025,0.5256544593905054,CLARABEL,OSQP
CRIME,5,17,171777,RF,"{'n_estimators': np.int64(51), 'min_samples_split': np.int64(9), 'min_samples_leaf': np.int64(5), 'max_depth': np.int64(6)}",paper,Unfair,,,0.568922305764411,0.5550264550264551,True,not_applicable,not applicable,0.0,0.0,not_applicable,,,,,,,,,
CRIME,5,17,171777,RF,"{'n_estimators': np.int64(51), 'min_samples_split': np.int64(9), 'min_samples_leaf': np.int64(5), 'max_depth': np.int64(6)}",paper,Our Eps-Fair,0.0,,0.45363408521303256,0.146031746031746,True,0,Optimization terminated successfully,17.0,0.03690970000025118,completed_without_exception,,,,,,,,,
CRIME,5,17,171777,RF,"{'n_estimators': np.int64(51), 'min_samples_split': np.int64(9), 'min_samples_leaf': np.int64(5), 'max_depth': np.int64(6)}",paper,Our Eps-Fair,0.1,,0.49122807017543857,0.2777777777777778,True,0,Optimization terminated successfully,16.0,0.034466500001144595,completed_without_exception,,,,,,,,,
CRIME,5,17,171777,RF,"{'n_estimators': np.int64(51), 'min_samples_split': np.int64(9), 'min_samples_leaf': np.int64(5), 'max_depth': np.int64(6)}",paper,Our Eps-Fair,0.2,,0.5213032581453634,0.3804232804232804,True,0,Optimization terminated successfully,14.0,0.03090159999919706,completed_without_exception,,,,,,,,,
CRIME,5,17,171777,RF,"{'n_estimators': np.int64(51), 'min_samples_split': np.int64(9), 'min_samples_leaf': np.int64(5), 'max_depth': np.int64(6)}",paper,Our Eps-Fair,0.3,,0.5363408521303258,0.4306878306878307,True,0,Optimization terminated successfully,20.0,0.04382199999963632,completed_without_exception,,,,,,,,,
CRIME,5,17,171777,RF,"{'n_estimators': np.int64(51), 'min_samples_split': np.int64(9), 'min_samples_leaf': np.int64(5), 'max_depth': np.int64(6)}",paper,Our Eps-Fair,0.4,,0.568922305764411,0.5343915343915344,True,0,Optimization terminated successfully,18.0,0.040048300001217285,completed_without_exception,,,,,,,,,
CRIME,5,17,171777,RF,"{'n_estimators': np.int64(51), 'min_samples_split': np.int64(9), 'min_samples_leaf': np.int64(5), 'max_depth': np.int64(6)}",paper,Our Eps-Fair,0.5,,0.568922305764411,0.5550264550264551,True,0,Optimization terminated successfully,1.0,0.0023185000027297065,completed_without_exception,,,,,,,,,
CRIME,5,17,171777,RF,"{'n_estimators': np.int64(51), 'min_samples_split': np.int64(9), 'min_samples_leaf': np.int64(5), 'max_depth': np.int64(6)}",paper,FairProjection,,0.0,,,False,failed,RuntimeError('`tf.data.Dataset` only supports Python-style iteration in eager mode or within tf.function.'),,,not_completed,,2.0,500.0,cross-entropy,tf,,,,
CRIME,5,17,171777,RF,"{'n_estimators': np.int64(51), 'min_samples_split': np.int64(9), 'min_samples_leaf': np.int64(5), 'max_depth': np.int64(6)}",paper,FairProjection,,0.1,,,False,failed,RuntimeError('`tf.data.Dataset` only supports Python-style iteration in eager mode or within tf.function.'),,,not_completed,,2.0,500.0,cross-entropy,tf,,,,
CRIME,5,17,171777,RF,"{'n_estimators': np.int64(51), 'min_samples_split': np.int64(9), 'min_samples_leaf': np.int64(5), 'max_depth': np.int64(6)}",paper,FairProjection,,0.2,,,False,failed,RuntimeError('`tf.data.Dataset` only supports Python-style iteration in eager mode or within tf.function.'),,,not_completed,,2.0,500.0,cross-entropy,tf,,,,
CRIME,5,17,171777,RF,"{'n_estimators': np.int64(51), 'min_samples_split': np.int64(9), 'min_samples_leaf': np.int64(5), 'max_depth': np.int64(6)}",paper,FairProjection,,0.5,,,False,failed,RuntimeError('`tf.data.Dataset` only supports Python-style iteration in eager mode or within tf.function.'),,,not_completed,,2.0,500.0,cross-entropy,tf,,,,
CRIME,5,17,171777,RF,"{'n_estimators': np.int64(51), 'min_samples_split': np.int64(9), 'min_samples_leaf': np.int64(5), 'max_depth': np.int64(6)}",paper,FairProjection,,0.75,,,False,failed,RuntimeError('`tf.data.Dataset` only supports Python-style iteration in eager mode or within tf.function.'),,,not_completed,,2.0,500.0,cross-entropy,tf,,,,
CRIME,5,17,171777,RF,"{'n_estimators': np.int64(51), 'min_samples_split': np.int64(9), 'min_samples_leaf': np.int64(5), 'max_depth': np.int64(6)}",paper,Fair-transport,,0.0,0.46365914786967416,0.1656084656084656,True,completed_without_exception,optimal,,0.12458719999995083,optimal,,,,,,7.712162186646054e-09,0.6329239424573091,CLARABEL,OSQP
CRIME,5,17,171777,RF,"{'n_estimators': np.int64(51), 'min_samples_split': np.int64(9), 'min_samples_leaf': np.int64(5), 'max_depth': np.int64(6)}",paper,Fair-transport,,0.1,0.49122807017543857,0.27936507936507937,True,completed_without_exception,optimal,,0.12492040000142879,optimal,,,,,,0.1000000013051481,0.6019846414177593,CLARABEL,OSQP
CRIME,5,17,171777,RF,"{'n_estimators': np.int64(51), 'min_samples_split': np.int64(9), 'min_samples_leaf': np.int64(5), 'max_depth': np.int64(6)}",paper,Fair-transport,,0.2,0.518796992481203,0.37566137566137564,True,completed_without_exception,optimal,,0.12557659999947646,optimal,,,,,,0.20000000040595278,0.5757050346889933,CLARABEL,OSQP
CRIME,5,17,171777,RF,"{'n_estimators': np.int64(51), 'min_samples_split': np.int64(9), 'min_samples_leaf': np.int64(5), 'max_depth': np.int64(6)}",paper,Fair-transport,,0.3,0.5388471177944862,0.4201058201058201,True,completed_without_exception,optimal,,0.12692820000302163,optimal,,,,,,0.3000000016283657,0.5582704658927636,CLARABEL,OSQP
CRIME,5,17,171777,RF,"{'n_estimators': np.int64(51), 'min_samples_split': np.int64(9), 'min_samples_leaf': np.int64(5), 'max_depth': np.int64(6)}",paper,Fair-transport,,0.4,0.5764411027568922,0.5391534391534392,True,completed_without_exception,optimal,,0.1416137999985949,optimal,,,,,,0.4000000001835702,0.5526637227782145,CLARABEL,OSQP
CRIME,5,17,171777,GBM,"{'reg_lambda': 20, 'reg_alpha': 2, 'num_leaves': np.int64(9), 'n_estimators': np.int64(23), 'min_child_samples': np.int64(24), 'max_depth': np.int64(8)}",paper,Unfair,,,0.5764411027568922,0.5518518518518518,True,not_applicable,not applicable,0.0,0.0,not_applicable,,,,,,,,,
CRIME,5,17,171777,GBM,"{'reg_lambda': 20, 'reg_alpha': 2, 'num_leaves': np.int64(9), 'n_estimators': np.int64(23), 'min_child_samples': np.int64(24), 'max_depth': np.int64(8)}",paper,Our Eps-Fair,0.0,,0.44611528822055135,0.1751322751322751,True,0,Optimization terminated successfully,23.0,0.06130440000197268,completed_without_exception,,,,,,,,,
CRIME,5,17,171777,GBM,"{'reg_lambda': 20, 'reg_alpha': 2, 'num_leaves': np.int64(9), 'n_estimators': np.int64(23), 'min_child_samples': np.int64(24), 'max_depth': np.int64(8)}",paper,Our Eps-Fair,0.1,,0.48872180451127817,0.25396825396825395,True,0,Optimization terminated successfully,25.0,0.06070799999724841,completed_without_exception,,,,,,,,,
CRIME,5,17,171777,GBM,"{'reg_lambda': 20, 'reg_alpha': 2, 'num_leaves': np.int64(9), 'n_estimators': np.int64(23), 'min_child_samples': np.int64(24), 'max_depth': np.int64(8)}",paper,Our Eps-Fair,0.2,,0.5388471177944862,0.401058201058201,True,0,Optimization terminated successfully,21.0,0.045194700000138255,completed_without_exception,,,,,,,,,
CRIME,5,17,171777,GBM,"{'reg_lambda': 20, 'reg_alpha': 2, 'num_leaves': np.int64(9), 'n_estimators': np.int64(23), 'min_child_samples': np.int64(24), 'max_depth': np.int64(8)}",paper,Our Eps-Fair,0.3,,0.556390977443609,0.45238095238095244,True,0,Optimization terminated successfully,25.0,0.05383380000057514,completed_without_exception,,,,,,,,,
CRIME,5,17,171777,GBM,"{'reg_lambda': 20, 'reg_alpha': 2, 'num_leaves': np.int64(9), 'n_estimators': np.int64(23), 'min_child_samples': np.int64(24), 'max_depth': np.int64(8)}",paper,Our Eps-Fair,0.4,,0.568922305764411,0.5465608465608466,True,0,Optimization terminated successfully,20.0,0.04358159999901545,completed_without_exception,,,,,,,,,
CRIME,5,17,171777,GBM,"{'reg_lambda': 20, 'reg_alpha': 2, 'num_leaves': np.int64(9), 'n_estimators': np.int64(23), 'min_child_samples': np.int64(24), 'max_depth': np.int64(8)}",paper,Our Eps-Fair,0.5,,0.5764411027568922,0.5518518518518518,True,0,Optimization terminated successfully,1.0,0.002440000000206055,completed_without_exception,,,,,,,,,
CRIME,5,17,171777,GBM,"{'reg_lambda': 20, 'reg_alpha': 2, 'num_leaves': np.int64(9), 'n_estimators': np.int64(23), 'min_child_samples': np.int64(24), 'max_depth': np.int64(8)}",paper,FairProjection,,0.0,,,False,failed,RuntimeError('`tf.data.Dataset` only supports Python-style iteration in eager mode or within tf.function.'),,,not_completed,,2.0,500.0,cross-entropy,tf,,,,
CRIME,5,17,171777,GBM,"{'reg_lambda': 20, 'reg_alpha': 2, 'num_leaves': np.int64(9), 'n_estimators': np.int64(23), 'min_child_samples': np.int64(24), 'max_depth': np.int64(8)}",paper,FairProjection,,0.1,,,False,failed,RuntimeError('`tf.data.Dataset` only supports Python-style iteration in eager mode or within tf.function.'),,,not_completed,,2.0,500.0,cross-entropy,tf,,,,
CRIME,5,17,171777,GBM,"{'reg_lambda': 20, 'reg_alpha': 2, 'num_leaves': np.int64(9), 'n_estimators': np.int64(23), 'min_child_samples': np.int64(24), 'max_depth': np.int64(8)}",paper,FairProjection,,0.2,,,False,failed,RuntimeError('`tf.data.Dataset` only supports Python-style iteration in eager mode or within tf.function.'),,,not_completed,,2.0,500.0,cross-entropy,tf,,,,
CRIME,5,17,171777,GBM,"{'reg_lambda': 20, 'reg_alpha': 2, 'num_leaves': np.int64(9), 'n_estimators': np.int64(23), 'min_child_samples': np.int64(24), 'max_depth': np.int64(8)}",paper,FairProjection,,0.5,,,False,failed,RuntimeError('`tf.data.Dataset` only supports Python-style iteration in eager mode or within tf.function.'),,,not_completed,,2.0,500.0,cross-entropy,tf,,,,
CRIME,5,17,171777,GBM,"{'reg_lambda': 20, 'reg_alpha': 2, 'num_leaves': np.int64(9), 'n_estimators': np.int64(23), 'min_child_samples': np.int64(24), 'max_depth': np.int64(8)}",paper,FairProjection,,0.75,,,False,failed,RuntimeError('`tf.data.Dataset` only supports Python-style iteration in eager mode or within tf.function.'),,,not_completed,,2.0,500.0,cross-entropy,tf,,,,
CRIME,5,17,171777,GBM,"{'reg_lambda': 20, 'reg_alpha': 2, 'num_leaves': np.int64(9), 'n_estimators': np.int64(23), 'min_child_samples': np.int64(24), 'max_depth': np.int64(8)}",paper,Fair-transport,,0.0,0.43859649122807015,0.1693121693121693,True,completed_without_exception,optimal,,0.14397279999684542,optimal,,,,,,4.77952954991423e-10,0.6257270629121847,CLARABEL,OSQP
CRIME,5,17,171777,GBM,"{'reg_lambda': 20, 'reg_alpha': 2, 'num_leaves': np.int64(9), 'n_estimators': np.int64(23), 'min_child_samples': np.int64(24), 'max_depth': np.int64(8)}",paper,Fair-transport,,0.1,0.49373433583959897,0.2687830687830688,True,completed_without_exception,optimal,,0.12317690000054426,optimal,,,,,,0.10000000232795733,0.5986810945418001,CLARABEL,OSQP
CRIME,5,17,171777,GBM,"{'reg_lambda': 20, 'reg_alpha': 2, 'num_leaves': np.int64(9), 'n_estimators': np.int64(23), 'min_child_samples': np.int64(24), 'max_depth': np.int64(8)}",paper,Fair-transport,,0.2,0.5288220551378446,0.39629629629629626,True,completed_without_exception,optimal,,0.12601209999775165,optimal,,,,,,0.2000000123069549,0.5752904628978718,CLARABEL,OSQP
CRIME,5,17,171777,GBM,"{'reg_lambda': 20, 'reg_alpha': 2, 'num_leaves': np.int64(9), 'n_estimators': np.int64(23), 'min_child_samples': np.int64(24), 'max_depth': np.int64(8)}",paper,Fair-transport,,0.3,0.556390977443609,0.49417989417989416,True,completed_without_exception,optimal,,0.12451190000138013,optimal,,,,,,0.300000016291353,0.5577143679271269,CLARABEL,OSQP
CRIME,5,17,171777,GBM,"{'reg_lambda': 20, 'reg_alpha': 2, 'num_leaves': np.int64(9), 'n_estimators': np.int64(23), 'min_child_samples': np.int64(24), 'max_depth': np.int64(8)}",paper,Fair-transport,,0.4,0.568922305764411,0.5417989417989418,True,completed_without_exception,optimal,,0.12285859999974491,optimal,,,,,,0.40000000715137624,0.5496735135793767,CLARABEL,OSQP
CRIME,5,18,181777,reglog,{},paper,Unfair,,,0.48370927318295737,0.46605783866057837,True,not_applicable,not applicable,0.0,0.0,not_applicable,,,,,,,,,
CRIME,5,18,181777,reglog,{},paper,Our Eps-Fair,0.0,,0.40350877192982454,0.07374429223744292,True,0,Optimization terminated successfully,20.0,0.057282300000224495,completed_without_exception,,,,,,,,,
CRIME,5,18,181777,reglog,{},paper,Our Eps-Fair,0.1,,0.44360902255639095,0.1269406392694064,True,0,Optimization terminated successfully,18.0,0.0528002999999444,completed_without_exception,,,,,,,,,
CRIME,5,18,181777,reglog,{},paper,Our Eps-Fair,0.2,,0.48621553884711777,0.2553272450532725,True,0,Optimization terminated successfully,27.0,0.06212500000037835,completed_without_exception,,,,,,,,,
CRIME,5,18,181777,reglog,{},paper,Our Eps-Fair,0.3,,0.49373433583959897,0.33112633181126333,True,0,Optimization terminated successfully,51.0,0.13101110000206972,completed_without_exception,,,,,,,,,
CRIME,5,18,181777,reglog,{},paper,Our Eps-Fair,0.4,,0.48120300751879697,0.4493911719939117,True,0,Optimization terminated successfully,5.0,0.01210960000025807,completed_without_exception,,,,,,,,,
CRIME,5,18,181777,reglog,{},paper,Our Eps-Fair,0.5,,0.48370927318295737,0.46605783866057837,True,0,Optimization terminated successfully,1.0,0.0023734999995213,completed_without_exception,,,,,,,,,
CRIME,5,18,181777,reglog,{},paper,FairProjection,,0.0,,,False,failed,RuntimeError('`tf.data.Dataset` only supports Python-style iteration in eager mode or within tf.function.'),,,not_completed,,2.0,500.0,cross-entropy,tf,,,,
CRIME,5,18,181777,reglog,{},paper,FairProjection,,0.1,,,False,failed,RuntimeError('`tf.data.Dataset` only supports Python-style iteration in eager mode or within tf.function.'),,,not_completed,,2.0,500.0,cross-entropy,tf,,,,
CRIME,5,18,181777,reglog,{},paper,FairProjection,,0.2,,,False,failed,RuntimeError('`tf.data.Dataset` only supports Python-style iteration in eager mode or within tf.function.'),,,not_completed,,2.0,500.0,cross-entropy,tf,,,,
CRIME,5,18,181777,reglog,{},paper,FairProjection,,0.5,,,False,failed,RuntimeError('`tf.data.Dataset` only supports Python-style iteration in eager mode or within tf.function.'),,,not_completed,,2.0,500.0,cross-entropy,tf,,,,
CRIME,5,18,181777,reglog,{},paper,FairProjection,,0.75,,,False,failed,RuntimeError('`tf.data.Dataset` only supports Python-style iteration in eager mode or within tf.function.'),,,not_completed,,2.0,500.0,cross-entropy,tf,,,,
CRIME,5,18,181777,reglog,{},paper,Fair-transport,,0.0,0.40601503759398494,0.0837138508371385,True,completed_without_exception,optimal,,0.1271670999994967,optimal,,,,,,3.98844376969798e-09,0.6245152105453775,CLARABEL,OSQP
CRIME,5,18,181777,reglog,{},paper,Fair-transport,,0.1,0.44110275689223055,0.14185692541856923,True,completed_without_exception,optimal,,0.12514920000103302,optimal,,,,,,0.10000000088395826,0.5902284640390604,CLARABEL,OSQP
CRIME,5,18,181777,reglog,{},paper,Fair-transport,,0.2,0.49122807017543857,0.2553272450532725,True,completed_without_exception,optimal,,0.1276244000000588,optimal,,,,,,0.20000000074544907,0.5592892714174119,CLARABEL,OSQP
CRIME,5,18,181777,reglog,{},paper,Fair-transport,,0.3,0.49874686716791977,0.33112633181126333,True,completed_without_exception,optimal,,0.12772429999677115,optimal,,,,,,0.30000000110803837,0.5380774413342373,CLARABEL,OSQP
CRIME,5,18,181777,reglog,{},paper,Fair-transport,,0.4,0.49373433583959897,0.4549467275494673,True,completed_without_exception,optimal,,0.12501820000034058,optimal,,,,,,0.40000000734810087,0.53274105650966,CLARABEL,OSQP
CRIME,5,18,181777,RF,"{'n_estimators': np.int64(137), 'min_samples_split': np.int64(8), 'min_samples_leaf': np.int64(6), 'max_depth': np.int64(12)}",paper,Unfair,,,0.48872180451127817,0.35220700152207,True,not_applicable,not applicable,0.0,0.0,not_applicable,,,,,,,,,
CRIME,5,18,181777,RF,"{'n_estimators': np.int64(137), 'min_samples_split': np.int64(8), 'min_samples_leaf': np.int64(6), 'max_depth': np.int64(12)}",paper,Our Eps-Fair,0.0,,0.42606516290726815,0.13409436834094368,True,0,Optimization terminated successfully,19.0,0.04190500000186148,completed_without_exception,,,,,,,,,
CRIME,5,18,181777,RF,"{'n_estimators': np.int64(137), 'min_samples_split': np.int64(8), 'min_samples_leaf': np.int64(6), 'max_depth': np.int64(12)}",paper,Our Eps-Fair,0.1,,0.46867167919799496,0.1545662100456621,True,0,Optimization terminated successfully,24.0,0.052833199999440694,completed_without_exception,,,,,,,,,
CRIME,5,18,181777,RF,"{'n_estimators': np.int64(137), 'min_samples_split': np.int64(8), 'min_samples_leaf': np.int64(6), 'max_depth': np.int64(12)}",paper,Our Eps-Fair,0.2,,0.48621553884711777,0.26925418569254184,True,0,Optimization terminated successfully,19.0,0.04130240000085905,completed_without_exception,,,,,,,,,
CRIME,5,18,181777,RF,"{'n_estimators': np.int64(137), 'min_samples_split': np.int64(8), 'min_samples_leaf': np.int64(6), 'max_depth': np.int64(12)}",paper,Our Eps-Fair,0.3,,0.47869674185463656,0.35220700152207,True,0,Optimization terminated successfully,18.0,0.040841900001396425,completed_without_exception,,,,,,,,,
CRIME,5,18,181777,RF,"{'n_estimators': np.int64(137), 'min_samples_split': np.int64(8), 'min_samples_leaf': np.int64(6), 'max_depth': np.int64(12)}",paper,Our Eps-Fair,0.4,,0.48872180451127817,0.35220700152207,True,0,Optimization terminated successfully,1.0,0.002223999999841908,completed_without_exception,,,,,,,,,
CRIME,5,18,181777,RF,"{'n_estimators': np.int64(137), 'min_samples_split': np.int64(8), 'min_samples_leaf': np.int64(6), 'max_depth': np.int64(12)}",paper,Our Eps-Fair,0.5,,0.48872180451127817,0.35220700152207,True,0,Optimization terminated successfully,1.0,0.0022628000006079674,completed_without_exception,,,,,,,,,
CRIME,5,18,181777,RF,"{'n_estimators': np.int64(137), 'min_samples_split': np.int64(8), 'min_samples_leaf': np.int64(6), 'max_depth': np.int64(12)}",paper,FairProjection,,0.0,,,False,failed,RuntimeError('`tf.data.Dataset` only supports Python-style iteration in eager mode or within tf.function.'),,,not_completed,,2.0,500.0,cross-entropy,tf,,,,
CRIME,5,18,181777,RF,"{'n_estimators': np.int64(137), 'min_samples_split': np.int64(8), 'min_samples_leaf': np.int64(6), 'max_depth': np.int64(12)}",paper,FairProjection,,0.1,,,False,failed,RuntimeError('`tf.data.Dataset` only supports Python-style iteration in eager mode or within tf.function.'),,,not_completed,,2.0,500.0,cross-entropy,tf,,,,
CRIME,5,18,181777,RF,"{'n_estimators': np.int64(137), 'min_samples_split': np.int64(8), 'min_samples_leaf': np.int64(6), 'max_depth': np.int64(12)}",paper,FairProjection,,0.2,,,False,failed,RuntimeError('`tf.data.Dataset` only supports Python-style iteration in eager mode or within tf.function.'),,,not_completed,,2.0,500.0,cross-entropy,tf,,,,
CRIME,5,18,181777,RF,"{'n_estimators': np.int64(137), 'min_samples_split': np.int64(8), 'min_samples_leaf': np.int64(6), 'max_depth': np.int64(12)}",paper,FairProjection,,0.5,,,False,failed,RuntimeError('`tf.data.Dataset` only supports Python-style iteration in eager mode or within tf.function.'),,,not_completed,,2.0,500.0,cross-entropy,tf,,,,
CRIME,5,18,181777,RF,"{'n_estimators': np.int64(137), 'min_samples_split': np.int64(8), 'min_samples_leaf': np.int64(6), 'max_depth': np.int64(12)}",paper,FairProjection,,0.75,,,False,failed,RuntimeError('`tf.data.Dataset` only supports Python-style iteration in eager mode or within tf.function.'),,,not_completed,,2.0,500.0,cross-entropy,tf,,,,
CRIME,5,18,181777,RF,"{'n_estimators': np.int64(137), 'min_samples_split': np.int64(8), 'min_samples_leaf': np.int64(6), 'max_depth': np.int64(12)}",paper,Fair-transport,,0.0,0.42606516290726815,0.15730593607305937,True,completed_without_exception,optimal,,0.12493439999889233,optimal,,,,,,5.202478864374527e-09,0.6138596455464517,CLARABEL,OSQP
CRIME,5,18,181777,RF,"{'n_estimators': np.int64(137), 'min_samples_split': np.int64(8), 'min_samples_leaf': np.int64(6), 'max_depth': np.int64(12)}",paper,Fair-transport,,0.1,0.47368421052631576,0.2722222222222222,True,completed_without_exception,optimal,,0.12737570000172127,optimal,,,,,,0.10000002568382321,0.5795264272850135,CLARABEL,OSQP
CRIME,5,18,181777,RF,"{'n_estimators': np.int64(137), 'min_samples_split': np.int64(8), 'min_samples_leaf': np.int64(6), 'max_depth': np.int64(12)}",paper,Fair-transport,,0.2,0.48120300751879697,0.27838660578386604,True,completed_without_exception,optimal,,0.418973099996947,optimal,,,,,,0.2000000044628893,0.54990815590545,CLARABEL,OSQP
CRIME,5,18,181777,RF,"{'n_estimators': np.int64(137), 'min_samples_split': np.int64(8), 'min_samples_leaf': np.int64(6), 'max_depth': np.int64(12)}",paper,Fair-transport,,0.3,0.47869674185463656,0.3466514459665144,True,completed_without_exception,optimal,,0.12474139999903855,optimal,,,,,,0.30000000320083275,0.5336718184517417,CLARABEL,OSQP
CRIME,5,18,181777,RF,"{'n_estimators': np.int64(137), 'min_samples_split': np.int64(8), 'min_samples_leaf': np.int64(6), 'max_depth': np.int64(12)}",paper,Fair-transport,,0.4,0.49122807017543857,0.35220700152207,True,completed_without_exception,optimal,,0.09203799999886542,optimal,,,,,,0.354973501623672,0.5329817714107903,CLARABEL,OSQP
CRIME,5,18,181777,GBM,"{'reg_lambda': 50, 'reg_alpha': 0.1, 'num_leaves': np.int64(47), 'n_estimators': np.int64(88), 'min_child_samples': np.int64(42), 'max_depth': np.int64(6)}",paper,Unfair,,,0.49624060150375937,0.3948249619482496,True,not_applicable,not applicable,0.0,0.0,not_applicable,,,,,,,,,
CRIME,5,18,181777,GBM,"{'reg_lambda': 50, 'reg_alpha': 0.1, 'num_leaves': np.int64(47), 'n_estimators': np.int64(88), 'min_child_samples': np.int64(42), 'max_depth': np.int64(6)}",paper,Our Eps-Fair,0.0,,0.43107769423558895,0.09444444444444441,True,0,Optimization terminated successfully,27.0,0.06535410000287811,completed_without_exception,,,,,,,,,
CRIME,5,18,181777,GBM,"{'reg_lambda': 50, 'reg_alpha': 0.1, 'num_leaves': np.int64(47), 'n_estimators': np.int64(88), 'min_child_samples': np.int64(42), 'max_depth': np.int64(6)}",paper,Our Eps-Fair,0.1,,0.46115288220551376,0.16248097412480972,True,0,Optimization terminated successfully,22.0,0.0574586000002455,completed_without_exception,,,,,,,,,
CRIME,5,18,181777,GBM,"{'reg_lambda': 50, 'reg_alpha': 0.1, 'num_leaves': np.int64(47), 'n_estimators': np.int64(88), 'min_child_samples': np.int64(42), 'max_depth': np.int64(6)}",paper,Our Eps-Fair,0.2,,0.47619047619047616,0.23394216133942158,True,0,Optimization terminated successfully,27.0,0.06026409999685711,completed_without_exception,,,,,,,,,
CRIME,5,18,181777,GBM,"{'reg_lambda': 50, 'reg_alpha': 0.1, 'num_leaves': np.int64(47), 'n_estimators': np.int64(88), 'min_child_samples': np.int64(42), 'max_depth': np.int64(6)}",paper,Our Eps-Fair,0.3,,0.49373433583959897,0.345662100456621,True,0,Optimization terminated successfully,12.0,0.027177300002222182,completed_without_exception,,,,,,,,,
CRIME,5,18,181777,GBM,"{'reg_lambda': 50, 'reg_alpha': 0.1, 'num_leaves': np.int64(47), 'n_estimators': np.int64(88), 'min_child_samples': np.int64(42), 'max_depth': np.int64(6)}",paper,Our Eps-Fair,0.4,,0.49624060150375937,0.3948249619482496,True,0,Optimization terminated successfully,1.0,0.002219500001956476,completed_without_exception,,,,,,,,,
CRIME,5,18,181777,GBM,"{'reg_lambda': 50, 'reg_alpha': 0.1, 'num_leaves': np.int64(47), 'n_estimators': np.int64(88), 'min_child_samples': np.int64(42), 'max_depth': np.int64(6)}",paper,Our Eps-Fair,0.5,,0.49624060150375937,0.3948249619482496,True,0,Optimization terminated successfully,1.0,0.00229869999748189,completed_without_exception,,,,,,,,,
CRIME,5,18,181777,GBM,"{'reg_lambda': 50, 'reg_alpha': 0.1, 'num_leaves': np.int64(47), 'n_estimators': np.int64(88), 'min_child_samples': np.int64(42), 'max_depth': np.int64(6)}",paper,FairProjection,,0.0,,,False,failed,RuntimeError('`tf.data.Dataset` only supports Python-style iteration in eager mode or within tf.function.'),,,not_completed,,2.0,500.0,cross-entropy,tf,,,,
CRIME,5,18,181777,GBM,"{'reg_lambda': 50, 'reg_alpha': 0.1, 'num_leaves': np.int64(47), 'n_estimators': np.int64(88), 'min_child_samples': np.int64(42), 'max_depth': np.int64(6)}",paper,FairProjection,,0.1,,,False,failed,RuntimeError('`tf.data.Dataset` only supports Python-style iteration in eager mode or within tf.function.'),,,not_completed,,2.0,500.0,cross-entropy,tf,,,,
CRIME,5,18,181777,GBM,"{'reg_lambda': 50, 'reg_alpha': 0.1, 'num_leaves': np.int64(47), 'n_estimators': np.int64(88), 'min_child_samples': np.int64(42), 'max_depth': np.int64(6)}",paper,FairProjection,,0.2,,,False,failed,RuntimeError('`tf.data.Dataset` only supports Python-style iteration in eager mode or within tf.function.'),,,not_completed,,2.0,500.0,cross-entropy,tf,,,,
CRIME,5,18,181777,GBM,"{'reg_lambda': 50, 'reg_alpha': 0.1, 'num_leaves': np.int64(47), 'n_estimators': np.int64(88), 'min_child_samples': np.int64(42), 'max_depth': np.int64(6)}",paper,FairProjection,,0.5,,,False,failed,RuntimeError('`tf.data.Dataset` only supports Python-style iteration in eager mode or within tf.function.'),,,not_completed,,2.0,500.0,cross-entropy,tf,,,,
CRIME,5,18,181777,GBM,"{'reg_lambda': 50, 'reg_alpha': 0.1, 'num_leaves': np.int64(47), 'n_estimators': np.int64(88), 'min_child_samples': np.int64(42), 'max_depth': np.int64(6)}",paper,FairProjection,,0.75,,,False,failed,RuntimeError('`tf.data.Dataset` only supports Python-style iteration in eager mode or within tf.function.'),,,not_completed,,2.0,500.0,cross-entropy,tf,,,,
CRIME,5,18,181777,GBM,"{'reg_lambda': 50, 'reg_alpha': 0.1, 'num_leaves': np.int64(47), 'n_estimators': np.int64(88), 'min_child_samples': np.int64(42), 'max_depth': np.int64(6)}",paper,Fair-transport,,0.0,0.43609022556390975,0.1085235920852359,True,completed_without_exception,optimal,,0.14027060000080382,optimal,,,,,,1.6311227368781545e-09,0.5572316354533715,CLARABEL,OSQP
CRIME,5,18,181777,GBM,"{'reg_lambda': 50, 'reg_alpha': 0.1, 'num_leaves': np.int64(47), 'n_estimators': np.int64(88), 'min_child_samples': np.int64(42), 'max_depth': np.int64(6)}",paper,Fair-transport,,0.1,0.45864661654135336,0.16803652968036528,True,completed_without_exception,optimal,,0.1263290999995661,optimal,,,,,,0.10000000191467019,0.5181425457812263,CLARABEL,OSQP
CRIME,5,18,181777,GBM,"{'reg_lambda': 50, 'reg_alpha': 0.1, 'num_leaves': np.int64(47), 'n_estimators': np.int64(88), 'min_child_samples': np.int64(42), 'max_depth': np.int64(6)}",paper,Fair-transport,,0.2,0.47117794486215536,0.22480974124809738,True,completed_without_exception,optimal,,0.13026850000096601,optimal,,,,,,0.2000000096257494,0.4853240233243643,CLARABEL,OSQP
CRIME,5,18,181777,GBM,"{'reg_lambda': 50, 'reg_alpha': 0.1, 'num_leaves': np.int64(47), 'n_estimators': np.int64(88), 'min_child_samples': np.int64(42), 'max_depth': np.int64(6)}",paper,Fair-transport,,0.3,0.49624060150375937,0.345662100456621,True,completed_without_exception,optimal,,0.11557800000082352,optimal,,,,,,0.30000000043578756,0.46345506292716954,CLARABEL,OSQP
CRIME,5,18,181777,GBM,"{'reg_lambda': 50, 'reg_alpha': 0.1, 'num_leaves': np.int64(47), 'n_estimators': np.int64(88), 'min_child_samples': np.int64(42), 'max_depth': np.int64(6)}",paper,Fair-transport,,0.4,0.49874686716791977,0.4114916286149163,True,completed_without_exception,optimal,,0.10471540000435198,optimal,,,,,,0.3980330206993708,0.45854142510014995,CLARABEL,OSQP
CRIME,5,19,191777,reglog,{},paper,Unfair,,,0.49122807017543857,0.47691804269029403,True,not_applicable,not applicable,0.0,0.0,not_applicable,,,,,,,,,
CRIME,5,19,191777,reglog,{},paper,Our Eps-Fair,0.0,,0.37343358395989973,0.11120620217478855,True,0,Optimization terminated successfully,21.0,0.06278380000003381,completed_without_exception,,,,,,,,,
CRIME,5,19,191777,reglog,{},paper,Our Eps-Fair,0.1,,0.40601503759398494,0.14757853403141363,True,0,Optimization terminated successfully,19.0,0.04434480000054464,completed_without_exception,,,,,,,,,
CRIME,5,19,191777,reglog,{},paper,Our Eps-Fair,0.2,,0.43609022556390975,0.21231876761981472,True,0,Optimization terminated successfully,27.0,0.05909380000230158,completed_without_exception,,,,,,,,,
CRIME,5,19,191777,reglog,{},paper,Our Eps-Fair,0.3,,0.47869674185463656,0.3476892871526379,True,0,Optimization terminated successfully,26.0,0.05947820000073989,completed_without_exception,,,,,,,,,
CRIME,5,19,191777,reglog,{},paper,Our Eps-Fair,0.4,,0.49874686716791977,0.44021848570277894,True,0,Optimization terminated successfully,12.0,0.02477060000092024,completed_without_exception,,,,,,,,,
CRIME,5,19,191777,reglog,{},paper,Our Eps-Fair,0.5,,0.49122807017543857,0.47691804269029403,True,0,Optimization terminated successfully,1.0,0.0021615999976347666,completed_without_exception,,,,,,,,,
CRIME,5,19,191777,reglog,{},paper,FairProjection,,0.0,,,False,failed,RuntimeError('`tf.data.Dataset` only supports Python-style iteration in eager mode or within tf.function.'),,,not_completed,,2.0,500.0,cross-entropy,tf,,,,
CRIME,5,19,191777,reglog,{},paper,FairProjection,,0.1,,,False,failed,RuntimeError('`tf.data.Dataset` only supports Python-style iteration in eager mode or within tf.function.'),,,not_completed,,2.0,500.0,cross-entropy,tf,,,,
CRIME,5,19,191777,reglog,{},paper,FairProjection,,0.2,,,False,failed,RuntimeError('`tf.data.Dataset` only supports Python-style iteration in eager mode or within tf.function.'),,,not_completed,,2.0,500.0,cross-entropy,tf,,,,
CRIME,5,19,191777,reglog,{},paper,FairProjection,,0.5,,,False,failed,RuntimeError('`tf.data.Dataset` only supports Python-style iteration in eager mode or within tf.function.'),,,not_completed,,2.0,500.0,cross-entropy,tf,,,,
CRIME,5,19,191777,reglog,{},paper,FairProjection,,0.75,,,False,failed,RuntimeError('`tf.data.Dataset` only supports Python-style iteration in eager mode or within tf.function.'),,,not_completed,,2.0,500.0,cross-entropy,tf,,,,
CRIME,5,19,191777,reglog,{},paper,Fair-transport,,0.0,0.3609022556390977,0.09240334273056786,True,completed_without_exception,optimal,,0.1260366000024078,optimal,,,,,,4.2173800562927966e-10,0.6273157977644125,CLARABEL,OSQP
CRIME,5,19,191777,reglog,{},paper,Fair-transport,,0.1,0.39097744360902253,0.12749194522754734,True,completed_without_exception,optimal,,0.12625349999507307,optimal,,,,,,0.1000000011700079,0.5886570578385524,CLARABEL,OSQP
CRIME,5,19,191777,reglog,{},paper,Fair-transport,,0.2,0.43859649122807015,0.21050644381796216,True,completed_without_exception,optimal,,0.12904189999972004,optimal,,,,,,0.20000000315191904,0.554156052619943,CLARABEL,OSQP
CRIME,5,19,191777,reglog,{},paper,Fair-transport,,0.3,0.48120300751879697,0.3581604913411196,True,completed_without_exception,optimal,,0.12577179999425425,optimal,,,,,,0.3000000013607375,0.5292786390313248,CLARABEL,OSQP
CRIME,5,19,191777,reglog,{},paper,Fair-transport,,0.4,0.49373433583959897,0.44107430527587593,True,completed_without_exception,optimal,,0.1471365999968839,optimal,,,,,,0.4000000024470836,0.5227302503904986,CLARABEL,OSQP
CRIME,5,19,191777,RF,"{'n_estimators': np.int64(195), 'min_samples_split': np.int64(10), 'min_samples_leaf': np.int64(3), 'max_depth': np.int64(7)}",paper,Unfair,,,0.47619047619047616,0.46116089407974226,True,not_applicable,not applicable,0.0,0.0,not_applicable,,,,,,,,,
CRIME,5,19,191777,RF,"{'n_estimators': np.int64(195), 'min_samples_split': np.int64(10), 'min_samples_leaf': np.int64(3), 'max_depth': np.int64(7)}",paper,Our Eps-Fair,0.0,,0.37593984962406013,0.05419351590817559,True,0,Optimization terminated successfully,19.0,0.03975890000219806,completed_without_exception,,,,,,,,,
CRIME,5,19,191777,RF,"{'n_estimators': np.int64(195), 'min_samples_split': np.int64(10), 'min_samples_leaf': np.int64(3), 'max_depth': np.int64(7)}",paper,Our Eps-Fair,0.1,,0.40852130325814534,0.09806685461135724,True,0,Optimization terminated successfully,22.0,0.04616420000093058,completed_without_exception,,,,,,,,,
CRIME,5,19,191777,RF,"{'n_estimators': np.int64(195), 'min_samples_split': np.int64(10), 'min_samples_leaf': np.int64(3), 'max_depth': np.int64(7)}",paper,Our Eps-Fair,0.2,,0.45112781954887216,0.22674184454289165,True,0,Optimization terminated successfully,19.0,0.04001529999732156,completed_without_exception,,,,,,,,,
CRIME,5,19,191777,RF,"{'n_estimators': np.int64(195), 'min_samples_split': np.int64(10), 'min_samples_leaf': np.int64(3), 'max_depth': np.int64(7)}",paper,Our Eps-Fair,0.3,,0.46867167919799496,0.33354309303262186,True,0,Optimization terminated successfully,11.0,0.023065800000040326,completed_without_exception,,,,,,,,,
CRIME,5,19,191777,RF,"{'n_estimators': np.int64(195), 'min_samples_split': np.int64(10), 'min_samples_leaf': np.int64(3), 'max_depth': np.int64(7)}",paper,Our Eps-Fair,0.4,,0.47117794486215536,0.3795308095046315,True,0,Optimization terminated successfully,5.0,0.010473099999217084,completed_without_exception,,,,,,,,,
CRIME,5,19,191777,RF,"{'n_estimators': np.int64(195), 'min_samples_split': np.int64(10), 'min_samples_leaf': np.int64(3), 'max_depth': np.int64(7)}",paper,Our Eps-Fair,0.5,,0.47619047619047616,0.46116089407974226,True,0,Optimization terminated successfully,1.0,0.0022723000001860783,completed_without_exception,,,,,,,,,
CRIME,5,19,191777,RF,"{'n_estimators': np.int64(195), 'min_samples_split': np.int64(10), 'min_samples_leaf': np.int64(3), 'max_depth': np.int64(7)}",paper,FairProjection,,0.0,,,False,failed,RuntimeError('`tf.data.Dataset` only supports Python-style iteration in eager mode or within tf.function.'),,,not_completed,,2.0,500.0,cross-entropy,tf,,,,
CRIME,5,19,191777,RF,"{'n_estimators': np.int64(195), 'min_samples_split': np.int64(10), 'min_samples_leaf': np.int64(3), 'max_depth': np.int64(7)}",paper,FairProjection,,0.1,,,False,failed,RuntimeError('`tf.data.Dataset` only supports Python-style iteration in eager mode or within tf.function.'),,,not_completed,,2.0,500.0,cross-entropy,tf,,,,
CRIME,5,19,191777,RF,"{'n_estimators': np.int64(195), 'min_samples_split': np.int64(10), 'min_samples_leaf': np.int64(3), 'max_depth': np.int64(7)}",paper,FairProjection,,0.2,,,False,failed,RuntimeError('`tf.data.Dataset` only supports Python-style iteration in eager mode or within tf.function.'),,,not_completed,,2.0,500.0,cross-entropy,tf,,,,
CRIME,5,19,191777,RF,"{'n_estimators': np.int64(195), 'min_samples_split': np.int64(10), 'min_samples_leaf': np.int64(3), 'max_depth': np.int64(7)}",paper,FairProjection,,0.5,,,False,failed,RuntimeError('`tf.data.Dataset` only supports Python-style iteration in eager mode or within tf.function.'),,,not_completed,,2.0,500.0,cross-entropy,tf,,,,
CRIME,5,19,191777,RF,"{'n_estimators': np.int64(195), 'min_samples_split': np.int64(10), 'min_samples_leaf': np.int64(3), 'max_depth': np.int64(7)}",paper,FairProjection,,0.75,,,False,failed,RuntimeError('`tf.data.Dataset` only supports Python-style iteration in eager mode or within tf.function.'),,,not_completed,,2.0,500.0,cross-entropy,tf,,,,
CRIME,5,19,191777,RF,"{'n_estimators': np.int64(195), 'min_samples_split': np.int64(10), 'min_samples_leaf': np.int64(3), 'max_depth': np.int64(7)}",paper,Fair-transport,,0.0,0.37343358395989973,0.0827627869512686,True,completed_without_exception,optimal,,0.12538470000072266,optimal,,,,,,9.496865238656227e-10,0.627438804189612,CLARABEL,OSQP
CRIME,5,19,191777,RF,"{'n_estimators': np.int64(195), 'min_samples_split': np.int64(10), 'min_samples_leaf': np.int64(3), 'max_depth': np.int64(7)}",paper,Fair-transport,,0.1,0.45864661654135336,0.26900422875553764,True,completed_without_exception,optimal,,0.12652329999764333,optimal,,,,,,0.10000002925183415,0.5924300636003933,CLARABEL,OSQP
CRIME,5,19,191777,RF,"{'n_estimators': np.int64(195), 'min_samples_split': np.int64(10), 'min_samples_leaf': np.int64(3), 'max_depth': np.int64(7)}",paper,Fair-transport,,0.2,0.44862155388471175,0.23635722915827628,True,completed_without_exception,optimal,,0.12681270000030054,optimal,,,,,,0.20000000047638797,0.5634917796941984,CLARABEL,OSQP
CRIME,5,19,191777,RF,"{'n_estimators': np.int64(195), 'min_samples_split': np.int64(10), 'min_samples_leaf': np.int64(3), 'max_depth': np.int64(7)}",paper,Fair-transport,,0.3,0.44862155388471175,0.328307490938381,True,completed_without_exception,optimal,,0.12692519999836804,optimal,,,,,,0.3000000069855723,0.5465197208619512,CLARABEL,OSQP
CRIME,5,19,191777,RF,"{'n_estimators': np.int64(195), 'min_samples_split': np.int64(10), 'min_samples_leaf': np.int64(3), 'max_depth': np.int64(7)}",paper,Fair-transport,,0.4,0.47619047619047616,0.4057088199758357,True,completed_without_exception,optimal,,0.12314950000290992,optimal,,,,,,0.40000000612004233,0.5414110376701022,CLARABEL,OSQP
CRIME,5,19,191777,GBM,"{'reg_lambda': 50, 'reg_alpha': 0.1, 'num_leaves': np.int64(6), 'n_estimators': np.int64(97), 'min_child_samples': np.int64(86), 'max_depth': np.int64(10)}",paper,Unfair,,,0.49373433583959897,0.4306031010873943,True,not_applicable,not applicable,0.0,0.0,not_applicable,,,,,,,,,
CRIME,5,19,191777,GBM,"{'reg_lambda': 50, 'reg_alpha': 0.1, 'num_leaves': np.int64(6), 'n_estimators': np.int64(97), 'min_child_samples': np.int64(86), 'max_depth': np.int64(10)}",paper,Our Eps-Fair,0.0,,0.37844611528822053,0.0897100281917036,True,0,Optimization terminated successfully,27.0,0.07034439999915776,completed_without_exception,,,,,,,,,
CRIME,5,19,191777,GBM,"{'reg_lambda': 50, 'reg_alpha': 0.1, 'num_leaves': np.int64(6), 'n_estimators': np.int64(97), 'min_child_samples': np.int64(86), 'max_depth': np.int64(10)}",paper,Our Eps-Fair,0.1,,0.40601503759398494,0.1230618203785743,True,0,Optimization terminated successfully,25.0,0.052308199999970384,completed_without_exception,,,,,,,,,
CRIME,5,19,191777,GBM,"{'reg_lambda': 50, 'reg_alpha': 0.1, 'num_leaves': np.int64(6), 'n_estimators': np.int64(97), 'min_child_samples': np.int64(86), 'max_depth': np.int64(10)}",paper,Our Eps-Fair,0.2,,0.42857142857142855,0.21473519935561822,True,0,Optimization terminated successfully,29.0,0.06262259999857633,completed_without_exception,,,,,,,,,
CRIME,5,19,191777,GBM,"{'reg_lambda': 50, 'reg_alpha': 0.1, 'num_leaves': np.int64(6), 'n_estimators': np.int64(97), 'min_child_samples': np.int64(86), 'max_depth': np.int64(10)}",paper,Our Eps-Fair,0.3,,0.45614035087719296,0.3243556182037858,True,0,Optimization terminated successfully,16.0,0.034007300000666874,completed_without_exception,,,,,,,,,
CRIME,5,19,191777,GBM,"{'reg_lambda': 50, 'reg_alpha': 0.1, 'num_leaves': np.int64(6), 'n_estimators': np.int64(97), 'min_child_samples': np.int64(86), 'max_depth': np.int64(10)}",paper,Our Eps-Fair,0.4,,0.47117794486215536,0.34882198952879584,True,0,Optimization terminated successfully,9.0,0.019400099998165388,completed_without_exception,,,,,,,,,
CRIME,5,19,191777,GBM,"{'reg_lambda': 50, 'reg_alpha': 0.1, 'num_leaves': np.int64(6), 'n_estimators': np.int64(97), 'min_child_samples': np.int64(86), 'max_depth': np.int64(10)}",paper,Our Eps-Fair,0.5,,0.49373433583959897,0.4306031010873943,True,0,Optimization terminated successfully,1.0,0.002181100000598235,completed_without_exception,,,,,,,,,
CRIME,5,19,191777,GBM,"{'reg_lambda': 50, 'reg_alpha': 0.1, 'num_leaves': np.int64(6), 'n_estimators': np.int64(97), 'min_child_samples': np.int64(86), 'max_depth': np.int64(10)}",paper,FairProjection,,0.0,,,False,failed,RuntimeError('`tf.data.Dataset` only supports Python-style iteration in eager mode or within tf.function.'),,,not_completed,,2.0,500.0,cross-entropy,tf,,,,
CRIME,5,19,191777,GBM,"{'reg_lambda': 50, 'reg_alpha': 0.1, 'num_leaves': np.int64(6), 'n_estimators': np.int64(97), 'min_child_samples': np.int64(86), 'max_depth': np.int64(10)}",paper,FairProjection,,0.1,,,False,failed,RuntimeError('`tf.data.Dataset` only supports Python-style iteration in eager mode or within tf.function.'),,,not_completed,,2.0,500.0,cross-entropy,tf,,,,
CRIME,5,19,191777,GBM,"{'reg_lambda': 50, 'reg_alpha': 0.1, 'num_leaves': np.int64(6), 'n_estimators': np.int64(97), 'min_child_samples': np.int64(86), 'max_depth': np.int64(10)}",paper,FairProjection,,0.2,,,False,failed,RuntimeError('`tf.data.Dataset` only supports Python-style iteration in eager mode or within tf.function.'),,,not_completed,,2.0,500.0,cross-entropy,tf,,,,
CRIME,5,19,191777,GBM,"{'reg_lambda': 50, 'reg_alpha': 0.1, 'num_leaves': np.int64(6), 'n_estimators': np.int64(97), 'min_child_samples': np.int64(86), 'max_depth': np.int64(10)}",paper,FairProjection,,0.5,,,False,failed,RuntimeError('`tf.data.Dataset` only supports Python-style iteration in eager mode or within tf.function.'),,,not_completed,,2.0,500.0,cross-entropy,tf,,,,
CRIME,5,19,191777,GBM,"{'reg_lambda': 50, 'reg_alpha': 0.1, 'num_leaves': np.int64(6), 'n_estimators': np.int64(97), 'min_child_samples': np.int64(86), 'max_depth': np.int64(10)}",paper,FairProjection,,0.75,,,False,failed,RuntimeError('`tf.data.Dataset` only supports Python-style iteration in eager mode or within tf.function.'),,,not_completed,,2.0,500.0,cross-entropy,tf,,,,
CRIME,5,19,191777,GBM,"{'reg_lambda': 50, 'reg_alpha': 0.1, 'num_leaves': np.int64(6), 'n_estimators': np.int64(97), 'min_child_samples': np.int64(86), 'max_depth': np.int64(10)}",paper,Fair-transport,,0.0,0.37593984962406013,0.09451772049939589,True,completed_without_exception,optimal,,0.13566110000101617,optimal,,,,,,1.88197477046792e-09,0.5806884531515051,CLARABEL,OSQP
CRIME,5,19,191777,GBM,"{'reg_lambda': 50, 'reg_alpha': 0.1, 'num_leaves': np.int64(6), 'n_estimators': np.int64(97), 'min_child_samples': np.int64(86), 'max_depth': np.int64(10)}",paper,Fair-transport,,0.1,0.40601503759398494,0.09147200966572694,True,completed_without_exception,optimal,,0.125376399999368,optimal,,,,,,0.10000000116221358,0.5390958306776729,CLARABEL,OSQP
CRIME,5,19,191777,GBM,"{'reg_lambda': 50, 'reg_alpha': 0.1, 'num_leaves': np.int64(6), 'n_estimators': np.int64(97), 'min_child_samples': np.int64(86), 'max_depth': np.int64(10)}",paper,Fair-transport,,0.2,0.42606516290726815,0.23001409585179217,True,completed_without_exception,optimal,,0.1259602000027371,optimal,,,,,,0.20000000224765022,0.5040531627946118,CLARABEL,OSQP
CRIME,5,19,191777,GBM,"{'reg_lambda': 50, 'reg_alpha': 0.1, 'num_leaves': np.int64(6), 'n_estimators': np.int64(97), 'min_child_samples': np.int64(86), 'max_depth': np.int64(10)}",paper,Fair-transport,,0.3,0.45614035087719296,0.33397100281917036,True,completed_without_exception,optimal,,0.12344940000184579,optimal,,,,,,0.3000000016305332,0.4805110281045712,CLARABEL,OSQP
CRIME,5,19,191777,GBM,"{'reg_lambda': 50, 'reg_alpha': 0.1, 'num_leaves': np.int64(6), 'n_estimators': np.int64(97), 'min_child_samples': np.int64(86), 'max_depth': np.int64(10)}",paper,Fair-transport,,0.4,0.48120300751879697,0.3594442207007652,True,completed_without_exception,optimal,,0.12070179999864195,optimal,,,,,,0.40000000762249366,0.4717325106923842,CLARABEL,OSQP
CRIME,5,20,201777,reglog,{},paper,Unfair,,,0.518796992481203,0.535978835978836,True,not_applicable,not applicable,0.0,0.0,not_applicable,,,,,,,,,
CRIME,5,20,201777,reglog,{},paper,Our Eps-Fair,0.0,,0.3308270676691729,0.1042328042328042,True,0,Optimization terminated successfully,24.0,0.08140980000098352,completed_without_exception,,,,,,,,,
CRIME,5,20,201777,reglog,{},paper,Our Eps-Fair,0.1,,0.3659147869674185,0.10634920634920636,True,0,Optimization terminated successfully,28.0,0.06357049999860465,completed_without_exception,,,,,,,,,
CRIME,5,20,201777,reglog,{},paper,Our Eps-Fair,0.2,,0.41854636591478694,0.21957671957671956,True,0,Optimization terminated successfully,23.0,0.05118610000135959,completed_without_exception,,,,,,,,,
CRIME,5,20,201777,reglog,{},paper,Our Eps-Fair,0.3,,0.42857142857142855,0.2931216931216931,True,0,Optimization terminated successfully,19.0,0.04070489999867277,completed_without_exception,,,,,,,,,
CRIME,5,20,201777,reglog,{},paper,Our Eps-Fair,0.4,,0.48872180451127817,0.30317460317460315,True,0,Optimization terminated successfully,14.0,0.03015149999919231,completed_without_exception,,,,,,,,,
CRIME,5,20,201777,reglog,{},paper,Our Eps-Fair,0.5,,0.5087719298245614,0.39629629629629626,True,0,Optimization terminated successfully,9.0,0.019400900000619004,completed_without_exception,,,,,,,,,
CRIME,5,20,201777,reglog,{},paper,FairProjection,,0.0,,,False,failed,RuntimeError('`tf.data.Dataset` only supports Python-style iteration in eager mode or within tf.function.'),,,not_completed,,2.0,500.0,cross-entropy,tf,,,,
CRIME,5,20,201777,reglog,{},paper,FairProjection,,0.1,,,False,failed,RuntimeError('`tf.data.Dataset` only supports Python-style iteration in eager mode or within tf.function.'),,,not_completed,,2.0,500.0,cross-entropy,tf,,,,
CRIME,5,20,201777,reglog,{},paper,FairProjection,,0.2,,,False,failed,RuntimeError('`tf.data.Dataset` only supports Python-style iteration in eager mode or within tf.function.'),,,not_completed,,2.0,500.0,cross-entropy,tf,,,,
CRIME,5,20,201777,reglog,{},paper,FairProjection,,0.5,,,False,failed,RuntimeError('`tf.data.Dataset` only supports Python-style iteration in eager mode or within tf.function.'),,,not_completed,,2.0,500.0,cross-entropy,tf,,,,
CRIME,5,20,201777,reglog,{},paper,FairProjection,,0.75,,,False,failed,RuntimeError('`tf.data.Dataset` only supports Python-style iteration in eager mode or within tf.function.'),,,not_completed,,2.0,500.0,cross-entropy,tf,,,,
CRIME,5,20,201777,reglog,{},paper,Fair-transport,,0.0,0.3308270676691729,0.12486772486772485,True,completed_without_exception,optimal,,0.12458929999775137,optimal,,,,,,5.97689286951919e-10,0.6230975525418468,CLARABEL,OSQP
CRIME,5,20,201777,reglog,{},paper,Fair-transport,,0.1,0.37092731829573933,0.1052910052910053,True,completed_without_exception,optimal,,0.12494389999847044,optimal,,,,,,0.10000000319389785,0.5863532772889789,CLARABEL,OSQP
CRIME,5,20,201777,reglog,{},paper,Fair-transport,,0.2,0.40601503759398494,0.22539682539682537,True,completed_without_exception,optimal,,0.14364779999959865,optimal,,,,,,0.20000000204662655,0.5544849704257813,CLARABEL,OSQP
CRIME,5,20,201777,reglog,{},paper,Fair-transport,,0.3,0.42606516290726815,0.3142857142857143,True,completed_without_exception,optimal,,0.12676410000131,optimal,,,,,,0.3000000006606276,0.5307417945388025,CLARABEL,OSQP
CRIME,5,20,201777,reglog,{},paper,Fair-transport,,0.4,0.48621553884711777,0.3190476190476191,True,completed_without_exception,optimal,,0.12260310000056052,optimal,,,,,,0.4000000027601093,0.5171917467121769,CLARABEL,OSQP
CRIME,5,20,201777,RF,"{'n_estimators': np.int64(178), 'min_samples_split': np.int64(6), 'min_samples_leaf': np.int64(1), 'max_depth': np.int64(12)}",paper,Unfair,,,0.5488721804511278,0.5037037037037037,True,not_applicable,not applicable,0.0,0.0,not_applicable,,,,,,,,,
CRIME,5,20,201777,RF,"{'n_estimators': np.int64(178), 'min_samples_split': np.int64(6), 'min_samples_leaf': np.int64(1), 'max_depth': np.int64(12)}",paper,Our Eps-Fair,0.0,,0.39348370927318294,0.06137566137566136,True,0,Optimization terminated successfully,24.0,0.05346009999993839,completed_without_exception,,,,,,,,,
CRIME,5,20,201777,RF,"{'n_estimators': np.int64(178), 'min_samples_split': np.int64(6), 'min_samples_leaf': np.int64(1), 'max_depth': np.int64(12)}",paper,Our Eps-Fair,0.1,,0.43107769423558895,0.08624338624338623,True,0,Optimization terminated successfully,29.0,0.06263419999959297,completed_without_exception,,,,,,,,,
CRIME,5,20,201777,RF,"{'n_estimators': np.int64(178), 'min_samples_split': np.int64(6), 'min_samples_leaf': np.int64(1), 'max_depth': np.int64(12)}",paper,Our Eps-Fair,0.2,,0.45864661654135336,0.16666666666666666,True,0,Optimization terminated successfully,22.0,0.04602429999795277,completed_without_exception,,,,,,,,,
CRIME,5,20,201777,RF,"{'n_estimators': np.int64(178), 'min_samples_split': np.int64(6), 'min_samples_leaf': np.int64(1), 'max_depth': np.int64(12)}",paper,Our Eps-Fair,0.3,,0.518796992481203,0.2857142857142857,True,0,Optimization terminated successfully,16.0,0.035410199998295866,completed_without_exception,,,,,,,,,
CRIME,5,20,201777,RF,"{'n_estimators': np.int64(178), 'min_samples_split': np.int64(6), 'min_samples_leaf': np.int64(1), 'max_depth': np.int64(12)}",paper,Our Eps-Fair,0.4,,0.5263157894736842,0.36507936507936506,True,0,Optimization terminated successfully,11.0,0.02528119999988121,completed_without_exception,,,,,,,,,
CRIME,5,20,201777,RF,"{'n_estimators': np.int64(178), 'min_samples_split': np.int64(6), 'min_samples_leaf': np.int64(1), 'max_depth': np.int64(12)}",paper,Our Eps-Fair,0.5,,0.5363408521303258,0.42169312169312173,True,0,Optimization terminated successfully,11.0,0.025557400000252528,completed_without_exception,,,,,,,,,
CRIME,5,20,201777,RF,"{'n_estimators': np.int64(178), 'min_samples_split': np.int64(6), 'min_samples_leaf': np.int64(1), 'max_depth': np.int64(12)}",paper,FairProjection,,0.0,,,False,failed,RuntimeError('`tf.data.Dataset` only supports Python-style iteration in eager mode or within tf.function.'),,,not_completed,,2.0,500.0,cross-entropy,tf,,,,
CRIME,5,20,201777,RF,"{'n_estimators': np.int64(178), 'min_samples_split': np.int64(6), 'min_samples_leaf': np.int64(1), 'max_depth': np.int64(12)}",paper,FairProjection,,0.1,,,False,failed,RuntimeError('`tf.data.Dataset` only supports Python-style iteration in eager mode or within tf.function.'),,,not_completed,,2.0,500.0,cross-entropy,tf,,,,
CRIME,5,20,201777,RF,"{'n_estimators': np.int64(178), 'min_samples_split': np.int64(6), 'min_samples_leaf': np.int64(1), 'max_depth': np.int64(12)}",paper,FairProjection,,0.2,,,False,failed,RuntimeError('`tf.data.Dataset` only supports Python-style iteration in eager mode or within tf.function.'),,,not_completed,,2.0,500.0,cross-entropy,tf,,,,
CRIME,5,20,201777,RF,"{'n_estimators': np.int64(178), 'min_samples_split': np.int64(6), 'min_samples_leaf': np.int64(1), 'max_depth': np.int64(12)}",paper,FairProjection,,0.5,,,False,failed,RuntimeError('`tf.data.Dataset` only supports Python-style iteration in eager mode or within tf.function.'),,,not_completed,,2.0,500.0,cross-entropy,tf,,,,
CRIME,5,20,201777,RF,"{'n_estimators': np.int64(178), 'min_samples_split': np.int64(6), 'min_samples_leaf': np.int64(1), 'max_depth': np.int64(12)}",paper,FairProjection,,0.75,,,False,failed,RuntimeError('`tf.data.Dataset` only supports Python-style iteration in eager mode or within tf.function.'),,,not_completed,,2.0,500.0,cross-entropy,tf,,,,
CRIME,5,20,201777,RF,"{'n_estimators': np.int64(178), 'min_samples_split': np.int64(6), 'min_samples_leaf': np.int64(1), 'max_depth': np.int64(12)}",paper,Fair-transport,,0.0,0.40100250626566414,0.05608465608465607,True,completed_without_exception,optimal,,0.12593249999918044,optimal,,,,,,3.8158920467878943e-10,0.6068308491813872,CLARABEL,OSQP
CRIME,5,20,201777,RF,"{'n_estimators': np.int64(178), 'min_samples_split': np.int64(6), 'min_samples_leaf': np.int64(1), 'max_depth': np.int64(12)}",paper,Fair-transport,,0.1,0.42857142857142855,0.07407407407407407,True,completed_without_exception,optimal,,0.12371160000111558,optimal,,,,,,0.10000000069800719,0.5722710925145001,CLARABEL,OSQP
CRIME,5,20,201777,RF,"{'n_estimators': np.int64(178), 'min_samples_split': np.int64(6), 'min_samples_leaf': np.int64(1), 'max_depth': np.int64(12)}",paper,Fair-transport,,0.2,0.44110275689223055,0.1613756613756614,True,completed_without_exception,optimal,,0.12484939999558264,optimal,,,,,,0.20000000125793754,0.5422906927847599,CLARABEL,OSQP
CRIME,5,20,201777,RF,"{'n_estimators': np.int64(178), 'min_samples_split': np.int64(6), 'min_samples_leaf': np.int64(1), 'max_depth': np.int64(12)}",paper,Fair-transport,,0.3,0.5112781954887218,0.2904761904761905,True,completed_without_exception,optimal,,0.12382400000205962,optimal,,,,,,0.300000000613741,0.5203001222747018,CLARABEL,OSQP
CRIME,5,20,201777,RF,"{'n_estimators': np.int64(178), 'min_samples_split': np.int64(6), 'min_samples_leaf': np.int64(1), 'max_depth': np.int64(12)}",paper,Fair-transport,,0.4,0.5162907268170426,0.3275132275132275,True,completed_without_exception,optimal,,0.12221069999941392,optimal,,,,,,0.4000000070567389,0.5112683185850455,CLARABEL,OSQP
CRIME,5,20,201777,GBM,"{'reg_lambda': 10, 'reg_alpha': 10, 'num_leaves': np.int64(23), 'n_estimators': np.int64(164), 'min_child_samples': np.int64(56), 'max_depth': np.int64(15)}",paper,Unfair,,,0.49874686716791977,0.4851851851851852,True,not_applicable,not applicable,0.0,0.0,not_applicable,,,,,,,,,
CRIME,5,20,201777,GBM,"{'reg_lambda': 10, 'reg_alpha': 10, 'num_leaves': np.int64(23), 'n_estimators': np.int64(164), 'min_child_samples': np.int64(56), 'max_depth': np.int64(15)}",paper,Our Eps-Fair,0.0,,0.38095238095238093,0.0582010582010582,True,0,Optimization terminated successfully,28.0,0.06508010000106879,completed_without_exception,,,,,,,,,
CRIME,5,20,201777,GBM,"{'reg_lambda': 10, 'reg_alpha': 10, 'num_leaves': np.int64(23), 'n_estimators': np.int64(164), 'min_child_samples': np.int64(56), 'max_depth': np.int64(15)}",paper,Our Eps-Fair,0.1,,0.41854636591478694,0.07407407407407407,True,0,Optimization terminated successfully,20.0,0.04879829999845242,completed_without_exception,,,,,,,,,
CRIME,5,20,201777,GBM,"{'reg_lambda': 10, 'reg_alpha': 10, 'num_leaves': np.int64(23), 'n_estimators': np.int64(164), 'min_child_samples': np.int64(56), 'max_depth': np.int64(15)}",paper,Our Eps-Fair,0.2,,0.43107769423558895,0.19153439153439156,True,0,Optimization terminated successfully,19.0,0.04184450000320794,completed_without_exception,,,,,,,,,
CRIME,5,20,201777,GBM,"{'reg_lambda': 10, 'reg_alpha': 10, 'num_leaves': np.int64(23), 'n_estimators': np.int64(164), 'min_child_samples': np.int64(56), 'max_depth': np.int64(15)}",paper,Our Eps-Fair,0.3,,0.45363408521303256,0.32751322751322753,True,0,Optimization terminated successfully,22.0,0.048122699998202734,completed_without_exception,,,,,,,,,
CRIME,5,20,201777,GBM,"{'reg_lambda': 10, 'reg_alpha': 10, 'num_leaves': np.int64(23), 'n_estimators': np.int64(164), 'min_child_samples': np.int64(56), 'max_depth': np.int64(15)}",paper,Our Eps-Fair,0.4,,0.48120300751879697,0.335978835978836,True,0,Optimization terminated successfully,14.0,0.03118199999880744,completed_without_exception,,,,,,,,,
CRIME,5,20,201777,GBM,"{'reg_lambda': 10, 'reg_alpha': 10, 'num_leaves': np.int64(23), 'n_estimators': np.int64(164), 'min_child_samples': np.int64(56), 'max_depth': np.int64(15)}",paper,Our Eps-Fair,0.5,,0.49373433583959897,0.44814814814814813,True,0,Optimization terminated successfully,8.0,0.017814299997553462,completed_without_exception,,,,,,,,,
CRIME,5,20,201777,GBM,"{'reg_lambda': 10, 'reg_alpha': 10, 'num_leaves': np.int64(23), 'n_estimators': np.int64(164), 'min_child_samples': np.int64(56), 'max_depth': np.int64(15)}",paper,FairProjection,,0.0,,,False,failed,RuntimeError('`tf.data.Dataset` only supports Python-style iteration in eager mode or within tf.function.'),,,not_completed,,2.0,500.0,cross-entropy,tf,,,,
CRIME,5,20,201777,GBM,"{'reg_lambda': 10, 'reg_alpha': 10, 'num_leaves': np.int64(23), 'n_estimators': np.int64(164), 'min_child_samples': np.int64(56), 'max_depth': np.int64(15)}",paper,FairProjection,,0.1,,,False,failed,RuntimeError('`tf.data.Dataset` only supports Python-style iteration in eager mode or within tf.function.'),,,not_completed,,2.0,500.0,cross-entropy,tf,,,,
CRIME,5,20,201777,GBM,"{'reg_lambda': 10, 'reg_alpha': 10, 'num_leaves': np.int64(23), 'n_estimators': np.int64(164), 'min_child_samples': np.int64(56), 'max_depth': np.int64(15)}",paper,FairProjection,,0.2,,,False,failed,RuntimeError('`tf.data.Dataset` only supports Python-style iteration in eager mode or within tf.function.'),,,not_completed,,2.0,500.0,cross-entropy,tf,,,,
CRIME,5,20,201777,GBM,"{'reg_lambda': 10, 'reg_alpha': 10, 'num_leaves': np.int64(23), 'n_estimators': np.int64(164), 'min_child_samples': np.int64(56), 'max_depth': np.int64(15)}",paper,FairProjection,,0.5,,,False,failed,RuntimeError('`tf.data.Dataset` only supports Python-style iteration in eager mode or within tf.function.'),,,not_completed,,2.0,500.0,cross-entropy,tf,,,,
CRIME,5,20,201777,GBM,"{'reg_lambda': 10, 'reg_alpha': 10, 'num_leaves': np.int64(23), 'n_estimators': np.int64(164), 'min_child_samples': np.int64(56), 'max_depth': np.int64(15)}",paper,FairProjection,,0.75,,,False,failed,RuntimeError('`tf.data.Dataset` only supports Python-style iteration in eager mode or within tf.function.'),,,not_completed,,2.0,500.0,cross-entropy,tf,,,,
CRIME,5,20,201777,GBM,"{'reg_lambda': 10, 'reg_alpha': 10, 'num_leaves': np.int64(23), 'n_estimators': np.int64(164), 'min_child_samples': np.int64(56), 'max_depth': np.int64(15)}",paper,Fair-transport,,0.0,0.40852130325814534,0.06560846560846562,True,completed_without_exception,optimal,,0.13580529999671853,optimal,,,,,,1.540865252058765e-08,0.5809389263073944,CLARABEL,OSQP
CRIME,5,20,201777,GBM,"{'reg_lambda': 10, 'reg_alpha': 10, 'num_leaves': np.int64(23), 'n_estimators': np.int64(164), 'min_child_samples': np.int64(56), 'max_depth': np.int64(15)}",paper,Fair-transport,,0.1,0.41854636591478694,0.11269841269841269,True,completed_without_exception,optimal,,0.12247410000054515,optimal,,,,,,0.10000000251798824,0.5426034902952623,CLARABEL,OSQP
CRIME,5,20,201777,GBM,"{'reg_lambda': 10, 'reg_alpha': 10, 'num_leaves': np.int64(23), 'n_estimators': np.int64(164), 'min_child_samples': np.int64(56), 'max_depth': np.int64(15)}",paper,Fair-transport,,0.2,0.43358395989974935,0.19153439153439156,True,completed_without_exception,optimal,,0.12608610000097542,optimal,,,,,,0.2000000004958897,0.5107170119594794,CLARABEL,OSQP
CRIME,5,20,201777,GBM,"{'reg_lambda': 10, 'reg_alpha': 10, 'num_leaves': np.int64(23), 'n_estimators': np.int64(164), 'min_child_samples': np.int64(56), 'max_depth': np.int64(15)}",paper,Fair-transport,,0.3,0.45614035087719296,0.31322751322751324,True,completed_without_exception,optimal,,0.12656480000077863,optimal,,,,,,0.30000000083057066,0.48515492841951297,CLARABEL,OSQP
CRIME,5,20,201777,GBM,"{'reg_lambda': 10, 'reg_alpha': 10, 'num_leaves': np.int64(23), 'n_estimators': np.int64(164), 'min_child_samples': np.int64(56), 'max_depth': np.int64(15)}",paper,Fair-transport,,0.4,0.48370927318295737,0.335978835978836,True,completed_without_exception,optimal,,0.12042110000402317,optimal,,,,,,0.4000000004465084,0.4703073957123234,CLARABEL,OSQP
CRIME,5,21,211777,reglog,{},paper,Unfair,,,0.506265664160401,0.43526662310901143,True,not_applicable,not applicable,0.0,0.0,not_applicable,,,,,,,,,
CRIME,5,21,211777,reglog,{},paper,Our Eps-Fair,0.0,,0.39849624060150374,0.06086344675076644,True,0,Optimization terminated successfully,23.0,0.06873260000065784,completed_without_exception,,,,,,,,,
CRIME,5,21,211777,reglog,{},paper,Our Eps-Fair,0.1,,0.44611528822055135,0.19932653163793534,True,0,Optimization terminated successfully,23.0,0.053091599998879246,completed_without_exception,,,,,,,,,
CRIME,5,21,211777,reglog,{},paper,Our Eps-Fair,0.2,,0.46867167919799496,0.275343016535156,True,0,Optimization terminated successfully,23.0,0.059846999996807426,completed_without_exception,,,,,,,,,
CRIME,5,21,211777,reglog,{},paper,Our Eps-Fair,0.3,,0.47619047619047616,0.3055485751620847,True,0,Optimization terminated successfully,21.0,0.05780840000079479,completed_without_exception,,,,,,,,,
CRIME,5,21,211777,reglog,{},paper,Our Eps-Fair,0.4,,0.49122807017543857,0.3856360255314872,True,0,Optimization terminated successfully,11.0,0.031103400000574766,completed_without_exception,,,,,,,,,
CRIME,5,21,211777,reglog,{},paper,Our Eps-Fair,0.5,,0.506265664160401,0.43526662310901143,True,0,Optimization terminated successfully,1.0,0.0027740000004996546,completed_without_exception,,,,,,,,,
CRIME,5,21,211777,reglog,{},paper,FairProjection,,0.0,,,False,failed,RuntimeError('`tf.data.Dataset` only supports Python-style iteration in eager mode or within tf.function.'),,,not_completed,,2.0,500.0,cross-entropy,tf,,,,
CRIME,5,21,211777,reglog,{},paper,FairProjection,,0.1,,,False,failed,RuntimeError('`tf.data.Dataset` only supports Python-style iteration in eager mode or within tf.function.'),,,not_completed,,2.0,500.0,cross-entropy,tf,,,,
CRIME,5,21,211777,reglog,{},paper,FairProjection,,0.2,,,False,failed,RuntimeError('`tf.data.Dataset` only supports Python-style iteration in eager mode or within tf.function.'),,,not_completed,,2.0,500.0,cross-entropy,tf,,,,
CRIME,5,21,211777,reglog,{},paper,FairProjection,,0.5,,,False,failed,RuntimeError('`tf.data.Dataset` only supports Python-style iteration in eager mode or within tf.function.'),,,not_completed,,2.0,500.0,cross-entropy,tf,,,,
CRIME,5,21,211777,reglog,{},paper,FairProjection,,0.75,,,False,failed,RuntimeError('`tf.data.Dataset` only supports Python-style iteration in eager mode or within tf.function.'),,,not_completed,,2.0,500.0,cross-entropy,tf,,,,
CRIME,5,21,211777,reglog,{},paper,Fair-transport,,0.0,0.40852130325814534,0.08953611097150327,True,completed_without_exception,optimal,,0.12593249999918044,optimal,,,,,,8.792779254696015e-09,0.6318942821341781,CLARABEL,OSQP
CRIME,5,21,211777,reglog,{},paper,Fair-transport,,0.1,0.45363408521303256,0.21950545308337938,True,completed_without_exception,optimal,,0.1321057999994082,optimal,,,,,,0.10000000191048608,0.5942536453393484,CLARABEL,OSQP
CRIME,5,21,211777,reglog,{},paper,Fair-transport,,0.2,0.46616541353383456,0.275343016535156,True,completed_without_exception,optimal,,0.14348789999712608,optimal,,,,,,0.20000000211070412,0.5603358627225007,CLARABEL,OSQP
CRIME,5,21,211777,reglog,{},paper,Fair-transport,,0.3,0.48621553884711777,0.3106498467105594,True,completed_without_exception,optimal,,0.12317610000172863,optimal,,,,,,0.3000000003916339,0.5336488172377228,CLARABEL,OSQP
CRIME,5,21,211777,reglog,{},paper,Fair-transport,,0.4,0.49874686716791977,0.4120470422676785,True,completed_without_exception,optimal,,0.12548870000318857,optimal,,,,,,0.4000000039162167,0.5226859871061161,CLARABEL,OSQP
CRIME,5,21,211777,RF,"{'n_estimators': np.int64(200), 'min_samples_split': np.int64(8), 'min_samples_leaf': np.int64(4), 'max_depth': np.int64(7)}",paper,Unfair,,,0.5614035087719298,0.37116148163039653,True,not_applicable,not applicable,0.0,0.0,not_applicable,,,,,,,,,
CRIME,5,21,211777,RF,"{'n_estimators': np.int64(200), 'min_samples_split': np.int64(8), 'min_samples_leaf': np.int64(4), 'max_depth': np.int64(7)}",paper,Our Eps-Fair,0.0,,0.44862155388471175,0.05885309343117054,True,0,Optimization terminated successfully,22.0,0.04699409999739146,completed_without_exception,,,,,,,,,
CRIME,5,21,211777,RF,"{'n_estimators': np.int64(200), 'min_samples_split': np.int64(8), 'min_samples_leaf': np.int64(4), 'max_depth': np.int64(7)}",paper,Our Eps-Fair,0.1,,0.49373433583959897,0.14451927426245162,True,0,Optimization terminated successfully,19.0,0.04059659999984433,completed_without_exception,,,,,,,,,
CRIME,5,21,211777,RF,"{'n_estimators': np.int64(200), 'min_samples_split': np.int64(8), 'min_samples_leaf': np.int64(4), 'max_depth': np.int64(7)}",paper,Our Eps-Fair,0.2,,0.5087719298245614,0.26076795496808564,True,0,Optimization terminated successfully,21.0,0.04522970000107307,completed_without_exception,,,,,,,,,
CRIME,5,21,211777,RF,"{'n_estimators': np.int64(200), 'min_samples_split': np.int64(8), 'min_samples_leaf': np.int64(4), 'max_depth': np.int64(7)}",paper,Our Eps-Fair,0.3,,0.543859649122807,0.3369100869477811,True,0,Optimization terminated successfully,16.0,0.035405599999648985,completed_without_exception,,,,,,,,,
CRIME,5,21,211777,RF,"{'n_estimators': np.int64(200), 'min_samples_split': np.int64(8), 'min_samples_leaf': np.int64(4), 'max_depth': np.int64(7)}",paper,Our Eps-Fair,0.4,,0.5614035087719298,0.37116148163039653,True,0,Optimization terminated successfully,1.0,0.0021793999985675327,completed_without_exception,,,,,,,,,
CRIME,5,21,211777,RF,"{'n_estimators': np.int64(200), 'min_samples_split': np.int64(8), 'min_samples_leaf': np.int64(4), 'max_depth': np.int64(7)}",paper,Our Eps-Fair,0.5,,0.5614035087719298,0.37116148163039653,True,0,Optimization terminated successfully,1.0,0.0023727999978291336,completed_without_exception,,,,,,,,,
CRIME,5,21,211777,RF,"{'n_estimators': np.int64(200), 'min_samples_split': np.int64(8), 'min_samples_leaf': np.int64(4), 'max_depth': np.int64(7)}",paper,FairProjection,,0.0,,,False,failed,RuntimeError('`tf.data.Dataset` only supports Python-style iteration in eager mode or within tf.function.'),,,not_completed,,2.0,500.0,cross-entropy,tf,,,,
CRIME,5,21,211777,RF,"{'n_estimators': np.int64(200), 'min_samples_split': np.int64(8), 'min_samples_leaf': np.int64(4), 'max_depth': np.int64(7)}",paper,FairProjection,,0.1,,,False,failed,RuntimeError('`tf.data.Dataset` only supports Python-style iteration in eager mode or within tf.function.'),,,not_completed,,2.0,500.0,cross-entropy,tf,,,,
CRIME,5,21,211777,RF,"{'n_estimators': np.int64(200), 'min_samples_split': np.int64(8), 'min_samples_leaf': np.int64(4), 'max_depth': np.int64(7)}",paper,FairProjection,,0.2,,,False,failed,RuntimeError('`tf.data.Dataset` only supports Python-style iteration in eager mode or within tf.function.'),,,not_completed,,2.0,500.0,cross-entropy,tf,,,,
CRIME,5,21,211777,RF,"{'n_estimators': np.int64(200), 'min_samples_split': np.int64(8), 'min_samples_leaf': np.int64(4), 'max_depth': np.int64(7)}",paper,FairProjection,,0.5,,,False,failed,RuntimeError('`tf.data.Dataset` only supports Python-style iteration in eager mode or within tf.function.'),,,not_completed,,2.0,500.0,cross-entropy,tf,,,,
CRIME,5,21,211777,RF,"{'n_estimators': np.int64(200), 'min_samples_split': np.int64(8), 'min_samples_leaf': np.int64(4), 'max_depth': np.int64(7)}",paper,FairProjection,,0.75,,,False,failed,RuntimeError('`tf.data.Dataset` only supports Python-style iteration in eager mode or within tf.function.'),,,not_completed,,2.0,500.0,cross-entropy,tf,,,,
CRIME,5,21,211777,RF,"{'n_estimators': np.int64(200), 'min_samples_split': np.int64(8), 'min_samples_leaf': np.int64(4), 'max_depth': np.int64(7)}",paper,Fair-transport,,0.0,0.5012531328320802,0.3523898075086696,True,completed_without_exception,optimal,,0.12445090000255732,optimal,,,,,,2.4099002293720417e-08,0.6365932803421113,CLARABEL,OSQP
CRIME,5,21,211777,RF,"{'n_estimators': np.int64(200), 'min_samples_split': np.int64(8), 'min_samples_leaf': np.int64(4), 'max_depth': np.int64(7)}",paper,Fair-transport,,0.1,0.49373433583959897,0.16442177212645123,True,completed_without_exception,optimal,,0.12316230000215,optimal,,,,,,0.10000000099075865,0.601770423181084,CLARABEL,OSQP
CRIME,5,21,211777,RF,"{'n_estimators': np.int64(200), 'min_samples_split': np.int64(8), 'min_samples_leaf': np.int64(4), 'max_depth': np.int64(7)}",paper,Fair-transport,,0.2,0.5263157894736842,0.2810725234960044,True,completed_without_exception,optimal,,0.12185949999911827,optimal,,,,,,0.20000000107572025,0.5705555397321392,CLARABEL,OSQP
CRIME,5,21,211777,RF,"{'n_estimators': np.int64(200), 'min_samples_split': np.int64(8), 'min_samples_leaf': np.int64(4), 'max_depth': np.int64(7)}",paper,Fair-transport,,0.3,0.5388471177944862,0.32675780268382165,True,completed_without_exception,optimal,,0.12449009999909322,optimal,,,,,,0.30000000030864166,0.5488107729013388,CLARABEL,OSQP
CRIME,5,21,211777,RF,"{'n_estimators': np.int64(200), 'min_samples_split': np.int64(8), 'min_samples_leaf': np.int64(4), 'max_depth': np.int64(7)}",paper,Fair-transport,,0.4,0.5664160401002506,0.37116148163039653,True,completed_without_exception,optimal,,0.09221959999922547,optimal,,,,,,0.3930330757111067,0.5432069804463066,CLARABEL,OSQP
CRIME,5,21,211777,GBM,"{'reg_lambda': 5, 'reg_alpha': 1, 'num_leaves': np.int64(13), 'n_estimators': np.int64(98), 'min_child_samples': np.int64(71), 'max_depth': np.int64(11)}",paper,Unfair,,,0.5162907268170426,0.42041513796049657,True,not_applicable,not applicable,0.0,0.0,not_applicable,,,,,,,,,
CRIME,5,21,211777,GBM,"{'reg_lambda': 5, 'reg_alpha': 1, 'num_leaves': np.int64(13), 'n_estimators': np.int64(98), 'min_child_samples': np.int64(71), 'max_depth': np.int64(11)}",paper,Our Eps-Fair,0.0,,0.40350877192982454,0.06518570638789767,True,0,Optimization terminated successfully,23.0,0.06250930000169319,completed_without_exception,,,,,,,,,
CRIME,5,21,211777,GBM,"{'reg_lambda': 5, 'reg_alpha': 1, 'num_leaves': np.int64(13), 'n_estimators': np.int64(98), 'min_child_samples': np.int64(71), 'max_depth': np.int64(11)}",paper,Our Eps-Fair,0.1,,0.43609022556390975,0.1399457204603709,True,0,Optimization terminated successfully,21.0,0.060793000000558095,completed_without_exception,,,,,,,,,
CRIME,5,21,211777,GBM,"{'reg_lambda': 5, 'reg_alpha': 1, 'num_leaves': np.int64(13), 'n_estimators': np.int64(98), 'min_child_samples': np.int64(71), 'max_depth': np.int64(11)}",paper,Our Eps-Fair,0.2,,0.45112781954887216,0.26076795496808564,True,0,Optimization terminated successfully,24.0,0.06559589999960735,completed_without_exception,,,,,,,,,
CRIME,5,21,211777,GBM,"{'reg_lambda': 5, 'reg_alpha': 1, 'num_leaves': np.int64(13), 'n_estimators': np.int64(98), 'min_child_samples': np.int64(71), 'max_depth': np.int64(11)}",paper,Our Eps-Fair,0.3,,0.49874686716791977,0.30605116349198375,True,0,Optimization terminated successfully,20.0,0.04478789999848232,completed_without_exception,,,,,,,,,
CRIME,5,21,211777,GBM,"{'reg_lambda': 5, 'reg_alpha': 1, 'num_leaves': np.int64(13), 'n_estimators': np.int64(98), 'min_child_samples': np.int64(71), 'max_depth': np.int64(11)}",paper,Our Eps-Fair,0.4,,0.506265664160401,0.40543800572950695,True,0,Optimization terminated successfully,11.0,0.023673299998336006,completed_without_exception,,,,,,,,,
CRIME,5,21,211777,GBM,"{'reg_lambda': 5, 'reg_alpha': 1, 'num_leaves': np.int64(13), 'n_estimators': np.int64(98), 'min_child_samples': np.int64(71), 'max_depth': np.int64(11)}",paper,Our Eps-Fair,0.5,,0.5162907268170426,0.42041513796049657,True,0,Optimization terminated successfully,1.0,0.0021525999982259236,completed_without_exception,,,,,,,,,
CRIME,5,21,211777,GBM,"{'reg_lambda': 5, 'reg_alpha': 1, 'num_leaves': np.int64(13), 'n_estimators': np.int64(98), 'min_child_samples': np.int64(71), 'max_depth': np.int64(11)}",paper,FairProjection,,0.0,,,False,failed,RuntimeError('`tf.data.Dataset` only supports Python-style iteration in eager mode or within tf.function.'),,,not_completed,,2.0,500.0,cross-entropy,tf,,,,
CRIME,5,21,211777,GBM,"{'reg_lambda': 5, 'reg_alpha': 1, 'num_leaves': np.int64(13), 'n_estimators': np.int64(98), 'min_child_samples': np.int64(71), 'max_depth': np.int64(11)}",paper,FairProjection,,0.1,,,False,failed,RuntimeError('`tf.data.Dataset` only supports Python-style iteration in eager mode or within tf.function.'),,,not_completed,,2.0,500.0,cross-entropy,tf,,,,
CRIME,5,21,211777,GBM,"{'reg_lambda': 5, 'reg_alpha': 1, 'num_leaves': np.int64(13), 'n_estimators': np.int64(98), 'min_child_samples': np.int64(71), 'max_depth': np.int64(11)}",paper,FairProjection,,0.2,,,False,failed,RuntimeError('`tf.data.Dataset` only supports Python-style iteration in eager mode or within tf.function.'),,,not_completed,,2.0,500.0,cross-entropy,tf,,,,
CRIME,5,21,211777,GBM,"{'reg_lambda': 5, 'reg_alpha': 1, 'num_leaves': np.int64(13), 'n_estimators': np.int64(98), 'min_child_samples': np.int64(71), 'max_depth': np.int64(11)}",paper,FairProjection,,0.5,,,False,failed,RuntimeError('`tf.data.Dataset` only supports Python-style iteration in eager mode or within tf.function.'),,,not_completed,,2.0,500.0,cross-entropy,tf,,,,
CRIME,5,21,211777,GBM,"{'reg_lambda': 5, 'reg_alpha': 1, 'num_leaves': np.int64(13), 'n_estimators': np.int64(98), 'min_child_samples': np.int64(71), 'max_depth': np.int64(11)}",paper,FairProjection,,0.75,,,False,failed,RuntimeError('`tf.data.Dataset` only supports Python-style iteration in eager mode or within tf.function.'),,,not_completed,,2.0,500.0,cross-entropy,tf,,,,
CRIME,5,21,211777,GBM,"{'reg_lambda': 5, 'reg_alpha': 1, 'num_leaves': np.int64(13), 'n_estimators': np.int64(98), 'min_child_samples': np.int64(71), 'max_depth': np.int64(11)}",paper,Fair-transport,,0.0,0.40852130325814534,0.055284716288887786,True,completed_without_exception,optimal,,0.12749790000452776,optimal,,,,,,7.770947385576932e-09,0.5365254420284585,CLARABEL,OSQP
CRIME,5,21,211777,GBM,"{'reg_lambda': 5, 'reg_alpha': 1, 'num_leaves': np.int64(13), 'n_estimators': np.int64(98), 'min_child_samples': np.int64(71), 'max_depth': np.int64(11)}",paper,Fair-transport,,0.1,0.44360902255639095,0.18550535256571343,True,completed_without_exception,optimal,,0.12209280000024592,optimal,,,,,,0.10000000195882372,0.49155307322895875,CLARABEL,OSQP
CRIME,5,21,211777,GBM,"{'reg_lambda': 5, 'reg_alpha': 1, 'num_leaves': np.int64(13), 'n_estimators': np.int64(98), 'min_child_samples': np.int64(71), 'max_depth': np.int64(11)}",paper,Fair-transport,,0.2,0.45363408521303256,0.23576418555561138,True,completed_without_exception,optimal,,0.1223779000029026,optimal,,,,,,0.2000000007899582,0.4556315741201684,CLARABEL,OSQP
CRIME,5,21,211777,GBM,"{'reg_lambda': 5, 'reg_alpha': 1, 'num_leaves': np.int64(13), 'n_estimators': np.int64(98), 'min_child_samples': np.int64(71), 'max_depth': np.int64(11)}",paper,Fair-transport,,0.3,0.506265664160401,0.3159521535909936,True,completed_without_exception,optimal,,0.12350440000227536,optimal,,,,,,0.3000000006104998,0.42775682190620956,CLARABEL,OSQP
CRIME,5,21,211777,GBM,"{'reg_lambda': 5, 'reg_alpha': 1, 'num_leaves': np.int64(13), 'n_estimators': np.int64(98), 'min_child_samples': np.int64(71), 'max_depth': np.int64(11)}",paper,Fair-transport,,0.4,0.518796992481203,0.40543800572950695,True,completed_without_exception,optimal,,0.12199590000454918,optimal,,,,,,0.4000000017877098,0.41336716918340216,CLARABEL,OSQP
CRIME,5,22,221777,reglog,{},paper,Unfair,,,0.45614035087719296,0.45991847826086957,True,not_applicable,not applicable,0.0,0.0,not_applicable,,,,,,,,,
CRIME,5,22,221777,reglog,{},paper,Our Eps-Fair,0.0,,0.3383458646616541,0.09216485507246375,True,0,Optimization terminated successfully,23.0,0.058838199998717755,completed_without_exception,,,,,,,,,
CRIME,5,22,221777,reglog,{},paper,Our Eps-Fair,0.1,,0.3583959899749373,0.07336956521739131,True,0,Optimization terminated successfully,17.0,0.03913560000000871,completed_without_exception,,,,,,,,,
CRIME,5,22,221777,reglog,{},paper,Our Eps-Fair,0.2,,0.39598997493734334,0.1693840579710145,True,0,Optimization terminated successfully,28.0,0.06417910000163829,completed_without_exception,,,,,,,,,
CRIME,5,22,221777,reglog,{},paper,Our Eps-Fair,0.3,,0.42105263157894735,0.26419082125603865,True,0,Optimization terminated successfully,15.0,0.03421130000060657,completed_without_exception,,,,,,,,,
CRIME,5,22,221777,reglog,{},paper,Our Eps-Fair,0.4,,0.45363408521303256,0.3278985507246377,True,0,Optimization terminated successfully,7.0,0.015436999998200918,completed_without_exception,,,,,,,,,
CRIME,5,22,221777,reglog,{},paper,Our Eps-Fair,0.5,,0.46115288220551376,0.4201388888888889,True,0,Optimization terminated successfully,6.0,0.01364839999951073,completed_without_exception,,,,,,,,,
CRIME,5,22,221777,reglog,{},paper,FairProjection,,0.0,,,False,failed,RuntimeError('`tf.data.Dataset` only supports Python-style iteration in eager mode or within tf.function.'),,,not_completed,,2.0,500.0,cross-entropy,tf,,,,
CRIME,5,22,221777,reglog,{},paper,FairProjection,,0.1,,,False,failed,RuntimeError('`tf.data.Dataset` only supports Python-style iteration in eager mode or within tf.function.'),,,not_completed,,2.0,500.0,cross-entropy,tf,,,,
CRIME,5,22,221777,reglog,{},paper,FairProjection,,0.2,,,False,failed,RuntimeError('`tf.data.Dataset` only supports Python-style iteration in eager mode or within tf.function.'),,,not_completed,,2.0,500.0,cross-entropy,tf,,,,
CRIME,5,22,221777,reglog,{},paper,FairProjection,,0.5,,,False,failed,RuntimeError('`tf.data.Dataset` only supports Python-style iteration in eager mode or within tf.function.'),,,not_completed,,2.0,500.0,cross-entropy,tf,,,,
CRIME,5,22,221777,reglog,{},paper,FairProjection,,0.75,,,False,failed,RuntimeError('`tf.data.Dataset` only supports Python-style iteration in eager mode or within tf.function.'),,,not_completed,,2.0,500.0,cross-entropy,tf,,,,
CRIME,5,22,221777,reglog,{},paper,Fair-transport,,0.0,0.3358395989974937,0.08212560386473433,True,completed_without_exception,optimal,,0.12484799999947427,optimal,,,,,,3.8869427121390743e-10,0.6277745344205568,CLARABEL,OSQP
CRIME,5,22,221777,reglog,{},paper,Fair-transport,,0.1,0.3583959899749373,0.08227657004830917,True,completed_without_exception,optimal,,0.12416959999973187,optimal,,,,,,0.1000000004199802,0.5904157051773727,CLARABEL,OSQP
CRIME,5,22,221777,reglog,{},paper,Fair-transport,,0.2,0.39849624060150374,0.19429347826086957,True,completed_without_exception,optimal,,0.1237016000013682,optimal,,,,,,0.2000000090793351,0.5568861712167988,CLARABEL,OSQP
CRIME,5,22,221777,reglog,{},paper,Fair-transport,,0.3,0.42606516290726815,0.22252415458937197,True,completed_without_exception,optimal,,0.12584059999790043,optimal,,,,,,0.30000001225739215,0.529457307099224,CLARABEL,OSQP
CRIME,5,22,221777,reglog,{},paper,Fair-transport,,0.4,0.45112781954887216,0.3632246376811594,True,completed_without_exception,optimal,,0.11877480000111973,optimal,,,,,,0.40000000158463667,0.5174407263748985,CLARABEL,OSQP
CRIME,5,22,221777,RF,"{'n_estimators': np.int64(43), 'min_samples_split': np.int64(4), 'min_samples_leaf': np.int64(6), 'max_depth': np.int64(12)}",paper,Unfair,,,0.48120300751879697,0.4030042270531401,True,not_applicable,not applicable,0.0,0.0,not_applicable,,,,,,,,,
CRIME,5,22,221777,RF,"{'n_estimators': np.int64(43), 'min_samples_split': np.int64(4), 'min_samples_leaf': np.int64(6), 'max_depth': np.int64(12)}",paper,Our Eps-Fair,0.0,,0.3308270676691729,0.13118961352657005,True,0,Optimization terminated successfully,18.0,0.0391842999997607,completed_without_exception,,,,,,,,,
CRIME,5,22,221777,RF,"{'n_estimators': np.int64(43), 'min_samples_split': np.int64(4), 'min_samples_leaf': np.int64(6), 'max_depth': np.int64(12)}",paper,Our Eps-Fair,0.1,,0.3558897243107769,0.1499849033816425,True,0,Optimization terminated successfully,17.0,0.03619310000067344,completed_without_exception,,,,,,,,,
CRIME,5,22,221777,RF,"{'n_estimators': np.int64(43), 'min_samples_split': np.int64(4), 'min_samples_leaf': np.int64(6), 'max_depth': np.int64(12)}",paper,Our Eps-Fair,0.2,,0.40100250626566414,0.27234299516908217,True,0,Optimization terminated successfully,23.0,0.04899949999889941,completed_without_exception,,,,,,,,,
CRIME,5,22,221777,RF,"{'n_estimators': np.int64(43), 'min_samples_split': np.int64(4), 'min_samples_leaf': np.int64(6), 'max_depth': np.int64(12)}",paper,Our Eps-Fair,0.3,,0.43107769423558895,0.3757548309178744,True,0,Optimization terminated successfully,20.0,0.04472820000228239,completed_without_exception,,,,,,,,,
CRIME,5,22,221777,RF,"{'n_estimators': np.int64(43), 'min_samples_split': np.int64(4), 'min_samples_leaf': np.int64(6), 'max_depth': np.int64(12)}",paper,Our Eps-Fair,0.4,,0.45363408521303256,0.3567330917874396,True,0,Optimization terminated successfully,9.0,0.02121189999888884,completed_without_exception,,,,,,,,,
CRIME,5,22,221777,RF,"{'n_estimators': np.int64(43), 'min_samples_split': np.int64(4), 'min_samples_leaf': np.int64(6), 'max_depth': np.int64(12)}",paper,Our Eps-Fair,0.5,,0.48120300751879697,0.4030042270531401,True,0,Optimization terminated successfully,4.0,0.009095499997783918,completed_without_exception,,,,,,,,,
CRIME,5,22,221777,RF,"{'n_estimators': np.int64(43), 'min_samples_split': np.int64(4), 'min_samples_leaf': np.int64(6), 'max_depth': np.int64(12)}",paper,FairProjection,,0.0,,,False,failed,RuntimeError('`tf.data.Dataset` only supports Python-style iteration in eager mode or within tf.function.'),,,not_completed,,2.0,500.0,cross-entropy,tf,,,,
CRIME,5,22,221777,RF,"{'n_estimators': np.int64(43), 'min_samples_split': np.int64(4), 'min_samples_leaf': np.int64(6), 'max_depth': np.int64(12)}",paper,FairProjection,,0.1,,,False,failed,RuntimeError('`tf.data.Dataset` only supports Python-style iteration in eager mode or within tf.function.'),,,not_completed,,2.0,500.0,cross-entropy,tf,,,,
CRIME,5,22,221777,RF,"{'n_estimators': np.int64(43), 'min_samples_split': np.int64(4), 'min_samples_leaf': np.int64(6), 'max_depth': np.int64(12)}",paper,FairProjection,,0.2,,,False,failed,RuntimeError('`tf.data.Dataset` only supports Python-style iteration in eager mode or within tf.function.'),,,not_completed,,2.0,500.0,cross-entropy,tf,,,,
CRIME,5,22,221777,RF,"{'n_estimators': np.int64(43), 'min_samples_split': np.int64(4), 'min_samples_leaf': np.int64(6), 'max_depth': np.int64(12)}",paper,FairProjection,,0.5,,,False,failed,RuntimeError('`tf.data.Dataset` only supports Python-style iteration in eager mode or within tf.function.'),,,not_completed,,2.0,500.0,cross-entropy,tf,,,,
CRIME,5,22,221777,RF,"{'n_estimators': np.int64(43), 'min_samples_split': np.int64(4), 'min_samples_leaf': np.int64(6), 'max_depth': np.int64(12)}",paper,FairProjection,,0.75,,,False,failed,RuntimeError('`tf.data.Dataset` only supports Python-style iteration in eager mode or within tf.function.'),,,not_completed,,2.0,500.0,cross-entropy,tf,,,,
CRIME,5,22,221777,RF,"{'n_estimators': np.int64(43), 'min_samples_split': np.int64(4), 'min_samples_leaf': np.int64(6), 'max_depth': np.int64(12)}",paper,Fair-transport,,0.0,0.3283208020050125,0.12749094202898548,True,completed_without_exception,optimal,,0.1268966999996337,optimal,,,,,,1.3744685389838196e-09,0.6132487335110209,CLARABEL,OSQP
CRIME,5,22,221777,RF,"{'n_estimators': np.int64(43), 'min_samples_split': np.int64(4), 'min_samples_leaf': np.int64(6), 'max_depth': np.int64(12)}",paper,Fair-transport,,0.1,0.3533834586466165,0.1496074879227053,True,completed_without_exception,optimal,,0.12335900000107358,optimal,,,,,,0.10000000040274937,0.577305619849721,CLARABEL,OSQP
CRIME,5,22,221777,RF,"{'n_estimators': np.int64(43), 'min_samples_split': np.int64(4), 'min_samples_leaf': np.int64(6), 'max_depth': np.int64(12)}",paper,Fair-transport,,0.2,0.40100250626566414,0.2749849033816425,True,completed_without_exception,optimal,,0.12446659999841359,optimal,,,,,,0.2000000132785093,0.5468357357593047,CLARABEL,OSQP
CRIME,5,22,221777,RF,"{'n_estimators': np.int64(43), 'min_samples_split': np.int64(4), 'min_samples_leaf': np.int64(6), 'max_depth': np.int64(12)}",paper,Fair-transport,,0.3,0.43358395989974935,0.3601298309178744,True,completed_without_exception,optimal,,0.42000260000349954,optimal,,,,,,0.30000000038644287,0.5241049803030733,CLARABEL,OSQP
CRIME,5,22,221777,RF,"{'n_estimators': np.int64(43), 'min_samples_split': np.int64(4), 'min_samples_leaf': np.int64(6), 'max_depth': np.int64(12)}",paper,Fair-transport,,0.4,0.44862155388471175,0.36231884057971014,True,completed_without_exception,optimal,,0.09517529999720864,optimal,,,,,,0.400000000139379,0.5147674979185465,CLARABEL,OSQP
CRIME,5,22,221777,GBM,"{'reg_lambda': 10, 'reg_alpha': 0.1, 'num_leaves': np.int64(48), 'n_estimators': np.int64(195), 'min_child_samples': np.int64(72), 'max_depth': np.int64(7)}",paper,Unfair,,,0.46365914786967416,0.38028381642512077,True,not_applicable,not applicable,0.0,0.0,not_applicable,,,,,,,,,
CRIME,5,22,221777,GBM,"{'reg_lambda': 10, 'reg_alpha': 0.1, 'num_leaves': np.int64(48), 'n_estimators': np.int64(195), 'min_child_samples': np.int64(72), 'max_depth': np.int64(7)}",paper,Our Eps-Fair,0.0,,0.3508771929824561,0.09284420289855072,True,0,Optimization terminated successfully,32.0,0.07830139999714447,completed_without_exception,,,,,,,,,
CRIME,5,22,221777,GBM,"{'reg_lambda': 10, 'reg_alpha': 0.1, 'num_leaves': np.int64(48), 'n_estimators': np.int64(195), 'min_child_samples': np.int64(72), 'max_depth': np.int64(7)}",paper,Our Eps-Fair,0.1,,0.37343358395989973,0.1076388888888889,True,0,Optimization terminated successfully,26.0,0.05736300000353367,completed_without_exception,,,,,,,,,
CRIME,5,22,221777,GBM,"{'reg_lambda': 10, 'reg_alpha': 0.1, 'num_leaves': np.int64(48), 'n_estimators': np.int64(195), 'min_child_samples': np.int64(72), 'max_depth': np.int64(7)}",paper,Our Eps-Fair,0.2,,0.43107769423558895,0.19950181159420288,True,0,Optimization terminated successfully,25.0,0.05478130000119563,completed_without_exception,,,,,,,,,
CRIME,5,22,221777,GBM,"{'reg_lambda': 10, 'reg_alpha': 0.1, 'num_leaves': np.int64(48), 'n_estimators': np.int64(195), 'min_child_samples': np.int64(72), 'max_depth': np.int64(7)}",paper,Our Eps-Fair,0.3,,0.43609022556390975,0.25301932367149754,True,0,Optimization terminated successfully,33.0,0.0700539999998,completed_without_exception,,,,,,,,,
CRIME,5,22,221777,GBM,"{'reg_lambda': 10, 'reg_alpha': 0.1, 'num_leaves': np.int64(48), 'n_estimators': np.int64(195), 'min_child_samples': np.int64(72), 'max_depth': np.int64(7)}",paper,Our Eps-Fair,0.4,,0.45864661654135336,0.3470712560386473,True,0,Optimization terminated successfully,9.0,0.02079750000120839,completed_without_exception,,,,,,,,,
CRIME,5,22,221777,GBM,"{'reg_lambda': 10, 'reg_alpha': 0.1, 'num_leaves': np.int64(48), 'n_estimators': np.int64(195), 'min_child_samples': np.int64(72), 'max_depth': np.int64(7)}",paper,Our Eps-Fair,0.5,,0.46365914786967416,0.38028381642512077,True,0,Optimization terminated successfully,1.0,0.002296799997566268,completed_without_exception,,,,,,,,,
CRIME,5,22,221777,GBM,"{'reg_lambda': 10, 'reg_alpha': 0.1, 'num_leaves': np.int64(48), 'n_estimators': np.int64(195), 'min_child_samples': np.int64(72), 'max_depth': np.int64(7)}",paper,FairProjection,,0.0,,,False,failed,RuntimeError('`tf.data.Dataset` only supports Python-style iteration in eager mode or within tf.function.'),,,not_completed,,2.0,500.0,cross-entropy,tf,,,,
CRIME,5,22,221777,GBM,"{'reg_lambda': 10, 'reg_alpha': 0.1, 'num_leaves': np.int64(48), 'n_estimators': np.int64(195), 'min_child_samples': np.int64(72), 'max_depth': np.int64(7)}",paper,FairProjection,,0.1,,,False,failed,RuntimeError('`tf.data.Dataset` only supports Python-style iteration in eager mode or within tf.function.'),,,not_completed,,2.0,500.0,cross-entropy,tf,,,,
CRIME,5,22,221777,GBM,"{'reg_lambda': 10, 'reg_alpha': 0.1, 'num_leaves': np.int64(48), 'n_estimators': np.int64(195), 'min_child_samples': np.int64(72), 'max_depth': np.int64(7)}",paper,FairProjection,,0.2,,,False,failed,RuntimeError('`tf.data.Dataset` only supports Python-style iteration in eager mode or within tf.function.'),,,not_completed,,2.0,500.0,cross-entropy,tf,,,,
CRIME,5,22,221777,GBM,"{'reg_lambda': 10, 'reg_alpha': 0.1, 'num_leaves': np.int64(48), 'n_estimators': np.int64(195), 'min_child_samples': np.int64(72), 'max_depth': np.int64(7)}",paper,FairProjection,,0.5,,,False,failed,RuntimeError('`tf.data.Dataset` only supports Python-style iteration in eager mode or within tf.function.'),,,not_completed,,2.0,500.0,cross-entropy,tf,,,,
CRIME,5,22,221777,GBM,"{'reg_lambda': 10, 'reg_alpha': 0.1, 'num_leaves': np.int64(48), 'n_estimators': np.int64(195), 'min_child_samples': np.int64(72), 'max_depth': np.int64(7)}",paper,FairProjection,,0.75,,,False,failed,RuntimeError('`tf.data.Dataset` only supports Python-style iteration in eager mode or within tf.function.'),,,not_completed,,2.0,500.0,cross-entropy,tf,,,,
CRIME,5,22,221777,GBM,"{'reg_lambda': 10, 'reg_alpha': 0.1, 'num_leaves': np.int64(48), 'n_estimators': np.int64(195), 'min_child_samples': np.int64(72), 'max_depth': np.int64(7)}",paper,Fair-transport,,0.0,0.3533834586466165,0.11926328502415459,True,completed_without_exception,optimal,,0.13726410000163014,optimal,,,,,,5.4858343701003065e-09,0.4911319666589826,CLARABEL,OSQP
CRIME,5,22,221777,GBM,"{'reg_lambda': 10, 'reg_alpha': 0.1, 'num_leaves': np.int64(48), 'n_estimators': np.int64(195), 'min_child_samples': np.int64(72), 'max_depth': np.int64(7)}",paper,Fair-transport,,0.1,0.39097744360902253,0.11284722222222224,True,completed_without_exception,optimal,,0.1251510000001872,optimal,,,,,,0.10000000149572397,0.4364600419543741,CLARABEL,OSQP
CRIME,5,22,221777,GBM,"{'reg_lambda': 10, 'reg_alpha': 0.1, 'num_leaves': np.int64(48), 'n_estimators': np.int64(195), 'min_child_samples': np.int64(72), 'max_depth': np.int64(7)}",paper,Fair-transport,,0.2,0.43358395989974935,0.1723278985507246,True,completed_without_exception,optimal,,0.1251756000019668,optimal,,,,,,0.200000007386467,0.3926782800015755,CLARABEL,OSQP
CRIME,5,22,221777,GBM,"{'reg_lambda': 10, 'reg_alpha': 0.1, 'num_leaves': np.int64(48), 'n_estimators': np.int64(195), 'min_child_samples': np.int64(72), 'max_depth': np.int64(7)}",paper,Fair-transport,,0.3,0.42857142857142855,0.2288647342995169,True,completed_without_exception,optimal,,0.12907710000217776,optimal,,,,,,0.30000000189126896,0.35808235009603634,CLARABEL,OSQP
CRIME,5,22,221777,GBM,"{'reg_lambda': 10, 'reg_alpha': 0.1, 'num_leaves': np.int64(48), 'n_estimators': np.int64(195), 'min_child_samples': np.int64(72), 'max_depth': np.int64(7)}",paper,Fair-transport,,0.4,0.46115288220551376,0.3377868357487923,True,completed_without_exception,optimal,,0.13567539999712608,optimal,,,,,,0.40000000243973244,0.34169936250248495,CLARABEL,OSQP
CRIME,5,23,231777,reglog,{},paper,Unfair,,,0.45363408521303256,0.48250377073906486,True,not_applicable,not applicable,0.0,0.0,not_applicable,,,,,,,,,
CRIME,5,23,231777,reglog,{},paper,Our Eps-Fair,0.0,,0.3107769423558897,0.1334841628959276,True,0,Optimization terminated successfully,18.0,0.0646922000014456,completed_without_exception,,,,,,,,,
CRIME,5,23,231777,reglog,{},paper,Our Eps-Fair,0.1,,0.3458646616541353,0.1198340874811463,True,0,Optimization terminated successfully,20.0,0.051611099999718135,completed_without_exception,,,,,,,,,
CRIME,5,23,231777,reglog,{},paper,Our Eps-Fair,0.2,,0.38596491228070173,0.24419306184012066,True,0,Optimization terminated successfully,22.0,0.055670699999609496,completed_without_exception,,,,,,,,,
CRIME,5,23,231777,reglog,{},paper,Our Eps-Fair,0.3,,0.45614035087719296,0.36500754147812975,True,0,Optimization terminated successfully,33.0,0.08634140000140178,completed_without_exception,,,,,,,,,
CRIME,5,23,231777,reglog,{},paper,Our Eps-Fair,0.4,,0.45112781954887216,0.4468325791855204,True,0,Optimization terminated successfully,7.0,0.017528200001834193,completed_without_exception,,,,,,,,,
CRIME,5,23,231777,reglog,{},paper,Our Eps-Fair,0.5,,0.45363408521303256,0.48250377073906486,True,0,Optimization terminated successfully,1.0,0.002477300000464311,completed_without_exception,,,,,,,,,
CRIME,5,23,231777,reglog,{},paper,FairProjection,,0.0,,,False,failed,RuntimeError('`tf.data.Dataset` only supports Python-style iteration in eager mode or within tf.function.'),,,not_completed,,2.0,500.0,cross-entropy,tf,,,,
CRIME,5,23,231777,reglog,{},paper,FairProjection,,0.1,,,False,failed,RuntimeError('`tf.data.Dataset` only supports Python-style iteration in eager mode or within tf.function.'),,,not_completed,,2.0,500.0,cross-entropy,tf,,,,
CRIME,5,23,231777,reglog,{},paper,FairProjection,,0.2,,,False,failed,RuntimeError('`tf.data.Dataset` only supports Python-style iteration in eager mode or within tf.function.'),,,not_completed,,2.0,500.0,cross-entropy,tf,,,,
CRIME,5,23,231777,reglog,{},paper,FairProjection,,0.5,,,False,failed,RuntimeError('`tf.data.Dataset` only supports Python-style iteration in eager mode or within tf.function.'),,,not_completed,,2.0,500.0,cross-entropy,tf,,,,
CRIME,5,23,231777,reglog,{},paper,FairProjection,,0.75,,,False,failed,RuntimeError('`tf.data.Dataset` only supports Python-style iteration in eager mode or within tf.function.'),,,not_completed,,2.0,500.0,cross-entropy,tf,,,,
CRIME,5,23,231777,reglog,{},paper,Fair-transport,,0.0,0.3107769423558897,0.1285822021116139,True,completed_without_exception,optimal,,0.1295460000001185,optimal,,,,,,5.949946646488513e-10,0.6289274589268163,CLARABEL,OSQP
CRIME,5,23,231777,reglog,{},paper,Fair-transport,,0.1,0.3383458646616541,0.11711915535444947,True,completed_without_exception,optimal,,0.1306213999996544,optimal,,,,,,0.10000000850447169,0.5903209010304482,CLARABEL,OSQP
CRIME,5,23,231777,reglog,{},paper,Fair-transport,,0.2,0.39348370927318294,0.24396681749622928,True,completed_without_exception,optimal,,0.13036680000004708,optimal,,,,,,0.20000000216102648,0.5554953363232032,CLARABEL,OSQP
CRIME,5,23,231777,reglog,{},paper,Fair-transport,,0.3,0.45614035087719296,0.36500754147812975,True,completed_without_exception,optimal,,0.09762469999986934,optimal,,,,,,0.3000000003699888,0.5292486654287449,CLARABEL,OSQP
CRIME,5,23,231777,reglog,{},paper,Fair-transport,,0.4,0.45614035087719296,0.4517345399698341,True,completed_without_exception,optimal,,0.095171200002369,optimal,,,,,,0.40000000020186455,0.523136106574437,CLARABEL,OSQP
CRIME,5,23,231777,RF,"{'n_estimators': np.int64(163), 'min_samples_split': np.int64(6), 'min_samples_leaf': np.int64(1), 'max_depth': np.int64(14)}",paper,Unfair,,,0.47117794486215536,0.36990950226244346,True,not_applicable,not applicable,0.0,0.0,not_applicable,,,,,,,,,
CRIME,5,23,231777,RF,"{'n_estimators': np.int64(163), 'min_samples_split': np.int64(6), 'min_samples_leaf': np.int64(1), 'max_depth': np.int64(14)}",paper,Our Eps-Fair,0.0,,0.3533834586466165,0.024585218702865758,True,0,Optimization terminated successfully,19.0,0.04156700000021374,completed_without_exception,,,,,,,,,
CRIME,5,23,231777,RF,"{'n_estimators': np.int64(163), 'min_samples_split': np.int64(6), 'min_samples_leaf': np.int64(1), 'max_depth': np.int64(14)}",paper,Our Eps-Fair,0.1,,0.39598997493734334,0.10241327300150829,True,0,Optimization terminated successfully,24.0,0.053846100003283937,completed_without_exception,,,,,,,,,
CRIME,5,23,231777,RF,"{'n_estimators': np.int64(163), 'min_samples_split': np.int64(6), 'min_samples_leaf': np.int64(1), 'max_depth': np.int64(14)}",paper,Our Eps-Fair,0.2,,0.41102756892230574,0.18265460030165911,True,0,Optimization terminated successfully,30.0,0.06555800000205636,completed_without_exception,,,,,,,,,
CRIME,5,23,231777,RF,"{'n_estimators': np.int64(163), 'min_samples_split': np.int64(6), 'min_samples_leaf': np.int64(1), 'max_depth': np.int64(14)}",paper,Our Eps-Fair,0.3,,0.46365914786967416,0.36726998491704377,True,0,Optimization terminated successfully,17.0,0.038986499999737134,completed_without_exception,,,,,,,,,
CRIME,5,23,231777,RF,"{'n_estimators': np.int64(163), 'min_samples_split': np.int64(6), 'min_samples_leaf': np.int64(1), 'max_depth': np.int64(14)}",paper,Our Eps-Fair,0.4,,0.46616541353383456,0.3442684766214178,True,0,Optimization terminated successfully,8.0,0.01907079999728012,completed_without_exception,,,,,,,,,
CRIME,5,23,231777,RF,"{'n_estimators': np.int64(163), 'min_samples_split': np.int64(6), 'min_samples_leaf': np.int64(1), 'max_depth': np.int64(14)}",paper,Our Eps-Fair,0.5,,0.47117794486215536,0.36990950226244346,True,0,Optimization terminated successfully,1.0,0.0023747000013827346,completed_without_exception,,,,,,,,,
CRIME,5,23,231777,RF,"{'n_estimators': np.int64(163), 'min_samples_split': np.int64(6), 'min_samples_leaf': np.int64(1), 'max_depth': np.int64(14)}",paper,FairProjection,,0.0,,,False,failed,RuntimeError('`tf.data.Dataset` only supports Python-style iteration in eager mode or within tf.function.'),,,not_completed,,2.0,500.0,cross-entropy,tf,,,,
CRIME,5,23,231777,RF,"{'n_estimators': np.int64(163), 'min_samples_split': np.int64(6), 'min_samples_leaf': np.int64(1), 'max_depth': np.int64(14)}",paper,FairProjection,,0.1,,,False,failed,RuntimeError('`tf.data.Dataset` only supports Python-style iteration in eager mode or within tf.function.'),,,not_completed,,2.0,500.0,cross-entropy,tf,,,,
CRIME,5,23,231777,RF,"{'n_estimators': np.int64(163), 'min_samples_split': np.int64(6), 'min_samples_leaf': np.int64(1), 'max_depth': np.int64(14)}",paper,FairProjection,,0.2,,,False,failed,RuntimeError('`tf.data.Dataset` only supports Python-style iteration in eager mode or within tf.function.'),,,not_completed,,2.0,500.0,cross-entropy,tf,,,,
CRIME,5,23,231777,RF,"{'n_estimators': np.int64(163), 'min_samples_split': np.int64(6), 'min_samples_leaf': np.int64(1), 'max_depth': np.int64(14)}",paper,FairProjection,,0.5,,,False,failed,RuntimeError('`tf.data.Dataset` only supports Python-style iteration in eager mode or within tf.function.'),,,not_completed,,2.0,500.0,cross-entropy,tf,,,,
CRIME,5,23,231777,RF,"{'n_estimators': np.int64(163), 'min_samples_split': np.int64(6), 'min_samples_leaf': np.int64(1), 'max_depth': np.int64(14)}",paper,FairProjection,,0.75,,,False,failed,RuntimeError('`tf.data.Dataset` only supports Python-style iteration in eager mode or within tf.function.'),,,not_completed,,2.0,500.0,cross-entropy,tf,,,,
CRIME,5,23,231777,RF,"{'n_estimators': np.int64(163), 'min_samples_split': np.int64(6), 'min_samples_leaf': np.int64(1), 'max_depth': np.int64(14)}",paper,Fair-transport,,0.0,0.3609022556390977,0.06282051282051282,True,completed_without_exception,optimal,,0.12805660000231,optimal,,,,,,1.0899651875506677e-08,0.6060954983670387,CLARABEL,OSQP
CRIME,5,23,231777,RF,"{'n_estimators': np.int64(163), 'min_samples_split': np.int64(6), 'min_samples_leaf': np.int64(1), 'max_depth': np.int64(14)}",paper,Fair-transport,,0.1,0.39598997493734334,0.11266968325791854,True,completed_without_exception,optimal,,0.12794550000035088,optimal,,,,,,0.10000000208251139,0.5685877033767333,CLARABEL,OSQP
CRIME,5,23,231777,RF,"{'n_estimators': np.int64(163), 'min_samples_split': np.int64(6), 'min_samples_leaf': np.int64(1), 'max_depth': np.int64(14)}",paper,Fair-transport,,0.2,0.42606516290726815,0.2292609351432881,True,completed_without_exception,optimal,,0.1291291999987152,optimal,,,,,,0.2000000007029581,0.5351022636735336,CLARABEL,OSQP
CRIME,5,23,231777,RF,"{'n_estimators': np.int64(163), 'min_samples_split': np.int64(6), 'min_samples_leaf': np.int64(1), 'max_depth': np.int64(14)}",paper,Fair-transport,,0.3,0.46365914786967416,0.3721719457013575,True,completed_without_exception,optimal,,0.12587659999917378,optimal,,,,,,0.3000000017083273,0.5124271743559946,CLARABEL,OSQP
CRIME,5,23,231777,RF,"{'n_estimators': np.int64(163), 'min_samples_split': np.int64(6), 'min_samples_leaf': np.int64(1), 'max_depth': np.int64(14)}",paper,Fair-transport,,0.4,0.46616541353383456,0.3442684766214178,True,completed_without_exception,optimal,,0.10750399999960791,optimal,,,,,,0.4000000002752791,0.5070454495160827,CLARABEL,OSQP
CRIME,5,23,231777,GBM,"{'reg_lambda': 20, 'reg_alpha': 10, 'num_leaves': np.int64(21), 'n_estimators': np.int64(63), 'min_child_samples': np.int64(37), 'max_depth': np.int64(8)}",paper,Unfair,,,0.44611528822055135,0.40067873303167423,True,not_applicable,not applicable,0.0,0.0,not_applicable,,,,,,,,,
CRIME,5,23,231777,GBM,"{'reg_lambda': 20, 'reg_alpha': 10, 'num_leaves': np.int64(21), 'n_estimators': np.int64(63), 'min_child_samples': np.int64(37), 'max_depth': np.int64(8)}",paper,Our Eps-Fair,0.0,,0.3383458646616541,0.06236802413272999,True,0,Optimization terminated successfully,20.0,0.0509490000004007,completed_without_exception,,,,,,,,,
CRIME,5,23,231777,GBM,"{'reg_lambda': 20, 'reg_alpha': 10, 'num_leaves': np.int64(21), 'n_estimators': np.int64(63), 'min_child_samples': np.int64(37), 'max_depth': np.int64(8)}",paper,Our Eps-Fair,0.1,,0.37593984962406013,0.1202865761689291,True,0,Optimization terminated successfully,22.0,0.05354230000011739,completed_without_exception,,,,,,,,,
CRIME,5,23,231777,GBM,"{'reg_lambda': 20, 'reg_alpha': 10, 'num_leaves': np.int64(21), 'n_estimators': np.int64(63), 'min_child_samples': np.int64(37), 'max_depth': np.int64(8)}",paper,Our Eps-Fair,0.2,,0.41604010025062654,0.18491704374057313,True,0,Optimization terminated successfully,25.0,0.05659499999819673,completed_without_exception,,,,,,,,,
CRIME,5,23,231777,GBM,"{'reg_lambda': 20, 'reg_alpha': 10, 'num_leaves': np.int64(21), 'n_estimators': np.int64(63), 'min_child_samples': np.int64(37), 'max_depth': np.int64(8)}",paper,Our Eps-Fair,0.3,,0.45112781954887216,0.30392156862745096,True,0,Optimization terminated successfully,24.0,0.052876699999615084,completed_without_exception,,,,,,,,,
CRIME,5,23,231777,GBM,"{'reg_lambda': 20, 'reg_alpha': 10, 'num_leaves': np.int64(21), 'n_estimators': np.int64(63), 'min_child_samples': np.int64(37), 'max_depth': np.int64(8)}",paper,Our Eps-Fair,0.4,,0.44862155388471175,0.3444947209653092,True,0,Optimization terminated successfully,7.0,0.01595140000063111,completed_without_exception,,,,,,,,,
CRIME,5,23,231777,GBM,"{'reg_lambda': 20, 'reg_alpha': 10, 'num_leaves': np.int64(21), 'n_estimators': np.int64(63), 'min_child_samples': np.int64(37), 'max_depth': np.int64(8)}",paper,Our Eps-Fair,0.5,,0.44611528822055135,0.40067873303167423,True,0,Optimization terminated successfully,1.0,0.002365699998335913,completed_without_exception,,,,,,,,,
CRIME,5,23,231777,GBM,"{'reg_lambda': 20, 'reg_alpha': 10, 'num_leaves': np.int64(21), 'n_estimators': np.int64(63), 'min_child_samples': np.int64(37), 'max_depth': np.int64(8)}",paper,FairProjection,,0.0,,,False,failed,RuntimeError('`tf.data.Dataset` only supports Python-style iteration in eager mode or within tf.function.'),,,not_completed,,2.0,500.0,cross-entropy,tf,,,,
CRIME,5,23,231777,GBM,"{'reg_lambda': 20, 'reg_alpha': 10, 'num_leaves': np.int64(21), 'n_estimators': np.int64(63), 'min_child_samples': np.int64(37), 'max_depth': np.int64(8)}",paper,FairProjection,,0.1,,,False,failed,RuntimeError('`tf.data.Dataset` only supports Python-style iteration in eager mode or within tf.function.'),,,not_completed,,2.0,500.0,cross-entropy,tf,,,,
CRIME,5,23,231777,GBM,"{'reg_lambda': 20, 'reg_alpha': 10, 'num_leaves': np.int64(21), 'n_estimators': np.int64(63), 'min_child_samples': np.int64(37), 'max_depth': np.int64(8)}",paper,FairProjection,,0.2,,,False,failed,RuntimeError('`tf.data.Dataset` only supports Python-style iteration in eager mode or within tf.function.'),,,not_completed,,2.0,500.0,cross-entropy,tf,,,,
CRIME,5,23,231777,GBM,"{'reg_lambda': 20, 'reg_alpha': 10, 'num_leaves': np.int64(21), 'n_estimators': np.int64(63), 'min_child_samples': np.int64(37), 'max_depth': np.int64(8)}",paper,FairProjection,,0.5,,,False,failed,RuntimeError('`tf.data.Dataset` only supports Python-style iteration in eager mode or within tf.function.'),,,not_completed,,2.0,500.0,cross-entropy,tf,,,,
CRIME,5,23,231777,GBM,"{'reg_lambda': 20, 'reg_alpha': 10, 'num_leaves': np.int64(21), 'n_estimators': np.int64(63), 'min_child_samples': np.int64(37), 'max_depth': np.int64(8)}",paper,FairProjection,,0.75,,,False,failed,RuntimeError('`tf.data.Dataset` only supports Python-style iteration in eager mode or within tf.function.'),,,not_completed,,2.0,500.0,cross-entropy,tf,,,,
CRIME,5,23,231777,GBM,"{'reg_lambda': 20, 'reg_alpha': 10, 'num_leaves': np.int64(21), 'n_estimators': np.int64(63), 'min_child_samples': np.int64(37), 'max_depth': np.int64(8)}",paper,Fair-transport,,0.0,0.37092731829573933,0.16440422322775264,True,completed_without_exception,optimal,,0.14893479999955161,optimal,,,,,,3.142078258688841e-08,0.5892197141953642,CLARABEL,OSQP
CRIME,5,23,231777,GBM,"{'reg_lambda': 20, 'reg_alpha': 10, 'num_leaves': np.int64(21), 'n_estimators': np.int64(63), 'min_child_samples': np.int64(37), 'max_depth': np.int64(8)}",paper,Fair-transport,,0.1,0.38095238095238093,0.1202865761689291,True,completed_without_exception,optimal,,0.12694999999803258,optimal,,,,,,0.10000000191024228,0.55003870950707,CLARABEL,OSQP
CRIME,5,23,231777,GBM,"{'reg_lambda': 20, 'reg_alpha': 10, 'num_leaves': np.int64(21), 'n_estimators': np.int64(63), 'min_child_samples': np.int64(37), 'max_depth': np.int64(8)}",paper,Fair-transport,,0.2,0.42105263157894735,0.18981900452488687,True,completed_without_exception,optimal,,0.12933740000153193,optimal,,,,,,0.20000000514136257,0.5158116336511097,CLARABEL,OSQP
CRIME,5,23,231777,GBM,"{'reg_lambda': 20, 'reg_alpha': 10, 'num_leaves': np.int64(21), 'n_estimators': np.int64(63), 'min_child_samples': np.int64(37), 'max_depth': np.int64(8)}",paper,Fair-transport,,0.3,0.43358395989974935,0.3134238310708899,True,completed_without_exception,optimal,,0.12851399999999558,optimal,,,,,,0.3000000214242199,0.48941688220649693,CLARABEL,OSQP
CRIME,5,23,231777,GBM,"{'reg_lambda': 20, 'reg_alpha': 10, 'num_leaves': np.int64(21), 'n_estimators': np.int64(63), 'min_child_samples': np.int64(37), 'max_depth': np.int64(8)}",paper,Fair-transport,,0.4,0.45363408521303256,0.35452488687782807,True,completed_without_exception,optimal,,0.10760989999835147,optimal,,,,,,0.40000000040628525,0.4804325049046315,CLARABEL,OSQP
CRIME,5,24,241777,reglog,{},paper,Unfair,,,0.5112781954887218,0.532371569317382,True,not_applicable,not applicable,0.0,0.0,not_applicable,,,,,,,,,
CRIME,5,24,241777,reglog,{},paper,Our Eps-Fair,0.0,,0.3383458646616541,0.05577058409570723,True,0,Optimization terminated successfully,26.0,0.07697510000070906,completed_without_exception,,,,,,,,,
CRIME,5,24,241777,reglog,{},paper,Our Eps-Fair,0.1,,0.38847117794486213,0.10626319493314568,True,0,Optimization terminated successfully,25.0,0.06203809999715304,completed_without_exception,,,,,,,,,
CRIME,5,24,241777,reglog,{},paper,Our Eps-Fair,0.2,,0.41102756892230574,0.21938775510204078,True,0,Optimization terminated successfully,28.0,0.07218840000132332,completed_without_exception,,,,,,,,,
CRIME,5,24,241777,reglog,{},paper,Our Eps-Fair,0.3,,0.44360902255639095,0.32371569317382126,True,0,Optimization terminated successfully,27.0,0.06578280000030645,completed_without_exception,,,,,,,,,
CRIME,5,24,241777,reglog,{},paper,Our Eps-Fair,0.4,,0.48872180451127817,0.401301900070373,True,0,Optimization terminated successfully,11.0,0.02502930000264314,completed_without_exception,,,,,,,,,
CRIME,5,24,241777,reglog,{},paper,Our Eps-Fair,0.5,,0.5087719298245614,0.5174173117522871,True,0,Optimization terminated successfully,7.0,0.016716900001483737,completed_without_exception,,,,,,,,,
CRIME,5,24,241777,reglog,{},paper,FairProjection,,0.0,,,False,failed,RuntimeError('`tf.data.Dataset` only supports Python-style iteration in eager mode or within tf.function.'),,,not_completed,,2.0,500.0,cross-entropy,tf,,,,
CRIME,5,24,241777,reglog,{},paper,FairProjection,,0.1,,,False,failed,RuntimeError('`tf.data.Dataset` only supports Python-style iteration in eager mode or within tf.function.'),,,not_completed,,2.0,500.0,cross-entropy,tf,,,,
CRIME,5,24,241777,reglog,{},paper,FairProjection,,0.2,,,False,failed,RuntimeError('`tf.data.Dataset` only supports Python-style iteration in eager mode or within tf.function.'),,,not_completed,,2.0,500.0,cross-entropy,tf,,,,
CRIME,5,24,241777,reglog,{},paper,FairProjection,,0.5,,,False,failed,RuntimeError('`tf.data.Dataset` only supports Python-style iteration in eager mode or within tf.function.'),,,not_completed,,2.0,500.0,cross-entropy,tf,,,,
CRIME,5,24,241777,reglog,{},paper,FairProjection,,0.75,,,False,failed,RuntimeError('`tf.data.Dataset` only supports Python-style iteration in eager mode or within tf.function.'),,,not_completed,,2.0,500.0,cross-entropy,tf,,,,
CRIME,5,24,241777,reglog,{},paper,Fair-transport,,0.0,0.3358395989974937,0.09553131597466573,True,completed_without_exception,optimal,,0.131202000000485,optimal,,,,,,2.320159619983997e-09,0.6211572371774332,CLARABEL,OSQP
CRIME,5,24,241777,reglog,{},paper,Fair-transport,,0.1,0.39598997493734334,0.1330049261083744,True,completed_without_exception,optimal,,0.13052569999854313,optimal,,,,,,0.10000001156778388,0.5848695076172556,CLARABEL,OSQP
CRIME,5,24,241777,reglog,{},paper,Fair-transport,,0.2,0.41353383458646614,0.22888810696692471,True,completed_without_exception,optimal,,0.13102519999665674,optimal,,,,,,0.20000000077500743,0.5526941179032717,CLARABEL,OSQP
CRIME,5,24,241777,reglog,{},paper,Fair-transport,,0.3,0.44862155388471175,0.3485221674876847,True,completed_without_exception,optimal,,0.13284399999974994,optimal,,,,,,0.30000000076932787,0.5271791902255758,CLARABEL,OSQP
CRIME,5,24,241777,reglog,{},paper,Fair-transport,,0.4,0.49122807017543857,0.42171006333567906,True,completed_without_exception,optimal,,0.1369836000012583,optimal,,,,,,0.4000000020046171,0.5141295665547685,CLARABEL,OSQP
CRIME,5,24,241777,RF,"{'n_estimators': np.int64(56), 'min_samples_split': np.int64(7), 'min_samples_leaf': np.int64(8), 'max_depth': np.int64(13)}",paper,Unfair,,,0.531328320802005,0.48645320197044334,True,not_applicable,not applicable,0.0,0.0,not_applicable,,,,,,,,,
CRIME,5,24,241777,RF,"{'n_estimators': np.int64(56), 'min_samples_split': np.int64(7), 'min_samples_leaf': np.int64(8), 'max_depth': np.int64(13)}",paper,Our Eps-Fair,0.0,,0.40601503759398494,0.09148486980999297,True,0,Optimization terminated successfully,22.0,0.051258100000268314,completed_without_exception,,,,,,,,,
CRIME,5,24,241777,RF,"{'n_estimators': np.int64(56), 'min_samples_split': np.int64(7), 'min_samples_leaf': np.int64(8), 'max_depth': np.int64(13)}",paper,Our Eps-Fair,0.1,,0.42857142857142855,0.13071780436312458,True,0,Optimization terminated successfully,24.0,0.05401079999865033,completed_without_exception,,,,,,,,,
CRIME,5,24,241777,RF,"{'n_estimators': np.int64(56), 'min_samples_split': np.int64(7), 'min_samples_leaf': np.int64(8), 'max_depth': np.int64(13)}",paper,Our Eps-Fair,0.2,,0.48621553884711777,0.2753342716396904,True,0,Optimization terminated successfully,27.0,0.06161019999854034,completed_without_exception,,,,,,,,,
CRIME,5,24,241777,RF,"{'n_estimators': np.int64(56), 'min_samples_split': np.int64(7), 'min_samples_leaf': np.int64(8), 'max_depth': np.int64(13)}",paper,Our Eps-Fair,0.3,,0.5112781954887218,0.3705137227304715,True,0,Optimization terminated successfully,27.0,0.06132460000299034,completed_without_exception,,,,,,,,,
CRIME,5,24,241777,RF,"{'n_estimators': np.int64(56), 'min_samples_split': np.int64(7), 'min_samples_leaf': np.int64(8), 'max_depth': np.int64(13)}",paper,Our Eps-Fair,0.4,,0.5213032581453634,0.4308585503166784,True,0,Optimization terminated successfully,18.0,0.04384260000006179,completed_without_exception,,,,,,,,,
CRIME,5,24,241777,RF,"{'n_estimators': np.int64(56), 'min_samples_split': np.int64(7), 'min_samples_leaf': np.int64(8), 'max_depth': np.int64(13)}",paper,Our Eps-Fair,0.5,,0.531328320802005,0.48645320197044334,True,0,Optimization terminated successfully,1.0,0.0025376000012329314,completed_without_exception,,,,,,,,,
CRIME,5,24,241777,RF,"{'n_estimators': np.int64(56), 'min_samples_split': np.int64(7), 'min_samples_leaf': np.int64(8), 'max_depth': np.int64(13)}",paper,FairProjection,,0.0,,,False,failed,RuntimeError('`tf.data.Dataset` only supports Python-style iteration in eager mode or within tf.function.'),,,not_completed,,2.0,500.0,cross-entropy,tf,,,,
CRIME,5,24,241777,RF,"{'n_estimators': np.int64(56), 'min_samples_split': np.int64(7), 'min_samples_leaf': np.int64(8), 'max_depth': np.int64(13)}",paper,FairProjection,,0.1,,,False,failed,RuntimeError('`tf.data.Dataset` only supports Python-style iteration in eager mode or within tf.function.'),,,not_completed,,2.0,500.0,cross-entropy,tf,,,,
CRIME,5,24,241777,RF,"{'n_estimators': np.int64(56), 'min_samples_split': np.int64(7), 'min_samples_leaf': np.int64(8), 'max_depth': np.int64(13)}",paper,FairProjection,,0.2,,,False,failed,RuntimeError('`tf.data.Dataset` only supports Python-style iteration in eager mode or within tf.function.'),,,not_completed,,2.0,500.0,cross-entropy,tf,,,,
CRIME,5,24,241777,RF,"{'n_estimators': np.int64(56), 'min_samples_split': np.int64(7), 'min_samples_leaf': np.int64(8), 'max_depth': np.int64(13)}",paper,FairProjection,,0.5,,,False,failed,RuntimeError('`tf.data.Dataset` only supports Python-style iteration in eager mode or within tf.function.'),,,not_completed,,2.0,500.0,cross-entropy,tf,,,,
CRIME,5,24,241777,RF,"{'n_estimators': np.int64(56), 'min_samples_split': np.int64(7), 'min_samples_leaf': np.int64(8), 'max_depth': np.int64(13)}",paper,FairProjection,,0.75,,,False,failed,RuntimeError('`tf.data.Dataset` only supports Python-style iteration in eager mode or within tf.function.'),,,not_completed,,2.0,500.0,cross-entropy,tf,,,,
CRIME,5,24,241777,RF,"{'n_estimators': np.int64(56), 'min_samples_split': np.int64(7), 'min_samples_leaf': np.int64(8), 'max_depth': np.int64(13)}",paper,Fair-transport,,0.0,0.40852130325814534,0.11646727656579872,True,completed_without_exception,optimal,,0.1298860999995668,optimal,,,,,,5.949155612583468e-10,0.6147172881880768,CLARABEL,OSQP
CRIME,5,24,241777,RF,"{'n_estimators': np.int64(56), 'min_samples_split': np.int64(7), 'min_samples_leaf': np.int64(8), 'max_depth': np.int64(13)}",paper,Fair-transport,,0.1,0.44110275689223055,0.15517241379310345,True,completed_without_exception,optimal,,0.12946070000180043,optimal,,,,,,0.10000000829929984,0.5815178493741189,CLARABEL,OSQP
CRIME,5,24,241777,RF,"{'n_estimators': np.int64(56), 'min_samples_split': np.int64(7), 'min_samples_leaf': np.int64(8), 'max_depth': np.int64(13)}",paper,Fair-transport,,0.2,0.49373433583959897,0.29486277269528505,True,completed_without_exception,optimal,,0.1315480999983265,optimal,,,,,,0.20000001319964286,0.5533119785811258,CLARABEL,OSQP
CRIME,5,24,241777,RF,"{'n_estimators': np.int64(56), 'min_samples_split': np.int64(7), 'min_samples_leaf': np.int64(8), 'max_depth': np.int64(13)}",paper,Fair-transport,,0.3,0.518796992481203,0.37561576354679804,True,completed_without_exception,optimal,,0.12623829999938607,optimal,,,,,,0.3000000004546973,0.5328811542507895,CLARABEL,OSQP
CRIME,5,24,241777,RF,"{'n_estimators': np.int64(56), 'min_samples_split': np.int64(7), 'min_samples_leaf': np.int64(8), 'max_depth': np.int64(13)}",paper,Fair-transport,,0.4,0.5238095238095238,0.4410626319493314,True,completed_without_exception,optimal,,0.12389790000088396,optimal,,,,,,0.4000000038818438,0.5222488651054887,CLARABEL,OSQP
CRIME,5,24,241777,GBM,"{'reg_lambda': 50, 'reg_alpha': 20, 'num_leaves': np.int64(47), 'n_estimators': np.int64(59), 'min_child_samples': np.int64(67), 'max_depth': np.int64(2)}",paper,Unfair,,,0.5087719298245614,0.5174173117522871,True,not_applicable,not applicable,0.0,0.0,not_applicable,,,,,,,,,
CRIME,5,24,241777,GBM,"{'reg_lambda': 50, 'reg_alpha': 20, 'num_leaves': np.int64(47), 'n_estimators': np.int64(59), 'min_child_samples': np.int64(67), 'max_depth': np.int64(2)}",paper,Our Eps-Fair,0.0,,0.37343358395989973,0.08638282899366644,True,0,Optimization terminated successfully,20.0,0.04918280000129016,completed_without_exception,,,,,,,,,
CRIME,5,24,241777,GBM,"{'reg_lambda': 50, 'reg_alpha': 20, 'num_leaves': np.int64(47), 'n_estimators': np.int64(59), 'min_child_samples': np.int64(67), 'max_depth': np.int64(2)}",paper,Our Eps-Fair,0.1,,0.40350877192982454,0.1785714285714286,True,0,Optimization terminated successfully,26.0,0.06453770000007353,completed_without_exception,,,,,,,,,
CRIME,5,24,241777,GBM,"{'reg_lambda': 50, 'reg_alpha': 20, 'num_leaves': np.int64(47), 'n_estimators': np.int64(59), 'min_child_samples': np.int64(67), 'max_depth': np.int64(2)}",paper,Our Eps-Fair,0.2,,0.44110275689223055,0.27234342012667134,True,0,Optimization terminated successfully,23.0,0.05102869999973336,completed_without_exception,,,,,,,,,
CRIME,5,24,241777,GBM,"{'reg_lambda': 50, 'reg_alpha': 20, 'num_leaves': np.int64(47), 'n_estimators': np.int64(59), 'min_child_samples': np.int64(67), 'max_depth': np.int64(2)}",paper,Our Eps-Fair,0.3,,0.47368421052631576,0.3764954257565095,True,0,Optimization terminated successfully,23.0,0.049126400001114234,completed_without_exception,,,,,,,,,
CRIME,5,24,241777,GBM,"{'reg_lambda': 50, 'reg_alpha': 20, 'num_leaves': np.int64(47), 'n_estimators': np.int64(59), 'min_child_samples': np.int64(67), 'max_depth': np.int64(2)}",paper,Our Eps-Fair,0.4,,0.48872180451127817,0.45672061928219565,True,0,Optimization terminated successfully,21.0,0.04629130000103032,completed_without_exception,,,,,,,,,
CRIME,5,24,241777,GBM,"{'reg_lambda': 50, 'reg_alpha': 20, 'num_leaves': np.int64(47), 'n_estimators': np.int64(59), 'min_child_samples': np.int64(67), 'max_depth': np.int64(2)}",paper,Our Eps-Fair,0.5,,0.5087719298245614,0.5174173117522871,True,0,Optimization terminated successfully,1.0,0.0023801999996067025,completed_without_exception,,,,,,,,,
CRIME,5,24,241777,GBM,"{'reg_lambda': 50, 'reg_alpha': 20, 'num_leaves': np.int64(47), 'n_estimators': np.int64(59), 'min_child_samples': np.int64(67), 'max_depth': np.int64(2)}",paper,FairProjection,,0.0,,,False,failed,RuntimeError('`tf.data.Dataset` only supports Python-style iteration in eager mode or within tf.function.'),,,not_completed,,2.0,500.0,cross-entropy,tf,,,,
CRIME,5,24,241777,GBM,"{'reg_lambda': 50, 'reg_alpha': 20, 'num_leaves': np.int64(47), 'n_estimators': np.int64(59), 'min_child_samples': np.int64(67), 'max_depth': np.int64(2)}",paper,FairProjection,,0.1,,,False,failed,RuntimeError('`tf.data.Dataset` only supports Python-style iteration in eager mode or within tf.function.'),,,not_completed,,2.0,500.0,cross-entropy,tf,,,,
CRIME,5,24,241777,GBM,"{'reg_lambda': 50, 'reg_alpha': 20, 'num_leaves': np.int64(47), 'n_estimators': np.int64(59), 'min_child_samples': np.int64(67), 'max_depth': np.int64(2)}",paper,FairProjection,,0.2,,,False,failed,RuntimeError('`tf.data.Dataset` only supports Python-style iteration in eager mode or within tf.function.'),,,not_completed,,2.0,500.0,cross-entropy,tf,,,,
CRIME,5,24,241777,GBM,"{'reg_lambda': 50, 'reg_alpha': 20, 'num_leaves': np.int64(47), 'n_estimators': np.int64(59), 'min_child_samples': np.int64(67), 'max_depth': np.int64(2)}",paper,FairProjection,,0.5,,,False,failed,RuntimeError('`tf.data.Dataset` only supports Python-style iteration in eager mode or within tf.function.'),,,not_completed,,2.0,500.0,cross-entropy,tf,,,,
CRIME,5,24,241777,GBM,"{'reg_lambda': 50, 'reg_alpha': 20, 'num_leaves': np.int64(47), 'n_estimators': np.int64(59), 'min_child_samples': np.int64(67), 'max_depth': np.int64(2)}",paper,FairProjection,,0.75,,,False,failed,RuntimeError('`tf.data.Dataset` only supports Python-style iteration in eager mode or within tf.function.'),,,not_completed,,2.0,500.0,cross-entropy,tf,,,,
CRIME,5,24,241777,GBM,"{'reg_lambda': 50, 'reg_alpha': 20, 'num_leaves': np.int64(47), 'n_estimators': np.int64(59), 'min_child_samples': np.int64(67), 'max_depth': np.int64(2)}",paper,Fair-transport,,0.0,0.37844611528822053,0.10626319493314566,True,completed_without_exception,optimal,,0.1282407000035164,optimal,,,,,,4.1557574048667334e-10,0.641601181885289,CLARABEL,OSQP
CRIME,5,24,241777,GBM,"{'reg_lambda': 50, 'reg_alpha': 20, 'num_leaves': np.int64(47), 'n_estimators': np.int64(59), 'min_child_samples': np.int64(67), 'max_depth': np.int64(2)}",paper,Fair-transport,,0.1,0.40601503759398494,0.20320197044334976,True,completed_without_exception,optimal,,0.12442899999950896,optimal,,,,,,0.10000000419879826,0.6137652440444092,CLARABEL,OSQP
CRIME,5,24,241777,GBM,"{'reg_lambda': 50, 'reg_alpha': 20, 'num_leaves': np.int64(47), 'n_estimators': np.int64(59), 'min_child_samples': np.int64(67), 'max_depth': np.int64(2)}",paper,Fair-transport,,0.2,0.43859649122807015,0.27726952850105563,True,completed_without_exception,optimal,,0.12454869999783114,optimal,,,,,,0.20000000067807974,0.5892057916157322,CLARABEL,OSQP
CRIME,5,24,241777,GBM,"{'reg_lambda': 50, 'reg_alpha': 20, 'num_leaves': np.int64(47), 'n_estimators': np.int64(59), 'min_child_samples': np.int64(67), 'max_depth': np.int64(2)}",paper,Fair-transport,,0.3,0.48370927318295737,0.4210063335679099,True,completed_without_exception,optimal,,0.12603540000054636,optimal,,,,,,0.30000002109051854,0.5693255760224522,CLARABEL,OSQP
CRIME,5,24,241777,GBM,"{'reg_lambda': 50, 'reg_alpha': 20, 'num_leaves': np.int64(47), 'n_estimators': np.int64(59), 'min_child_samples': np.int64(67), 'max_depth': np.int64(2)}",paper,Fair-transport,,0.4,0.48621553884711777,0.45161857846586906,True,completed_without_exception,optimal,,0.1075702000016463,optimal,,,,,,0.40000000016381315,0.5586395254197389,CLARABEL,OSQP
CRIME,5,25,251777,reglog,{},paper,Unfair,,,0.48120300751879697,0.4405940594059406,True,not_applicable,not applicable,0.0,0.0,not_applicable,,,,,,,,,
CRIME,5,25,251777,reglog,{},paper,Our Eps-Fair,0.0,,0.37844611528822053,0.06581394180027139,True,0,Optimization terminated successfully,22.0,0.06348810000054073,completed_without_exception,,,,,,,,,
CRIME,5,25,251777,reglog,{},paper,Our Eps-Fair,0.1,,0.42105263157894735,0.20540785042971302,True,0,Optimization terminated successfully,20.0,0.04502950000096462,completed_without_exception,,,,,,,,,
CRIME,5,25,251777,reglog,{},paper,Our Eps-Fair,0.2,,0.46365914786967416,0.276348193194954,True,0,Optimization terminated successfully,25.0,0.05621659999815165,completed_without_exception,,,,,,,,,
CRIME,5,25,251777,reglog,{},paper,Our Eps-Fair,0.3,,0.47117794486215536,0.33638236920138714,True,0,Optimization terminated successfully,17.0,0.03702299999713432,completed_without_exception,,,,,,,,,
CRIME,5,25,251777,reglog,{},paper,Our Eps-Fair,0.4,,0.47869674185463656,0.4207920792079208,True,0,Optimization terminated successfully,15.0,0.03540459999931045,completed_without_exception,,,,,,,,,
CRIME,5,25,251777,reglog,{},paper,Our Eps-Fair,0.5,,0.48120300751879697,0.4405940594059406,True,0,Optimization terminated successfully,1.0,0.0022091000028012786,completed_without_exception,,,,,,,,,
CRIME,5,25,251777,reglog,{},paper,FairProjection,,0.0,,,False,failed,RuntimeError('`tf.data.Dataset` only supports Python-style iteration in eager mode or within tf.function.'),,,not_completed,,2.0,500.0,cross-entropy,tf,,,,
CRIME,5,25,251777,reglog,{},paper,FairProjection,,0.1,,,False,failed,RuntimeError('`tf.data.Dataset` only supports Python-style iteration in eager mode or within tf.function.'),,,not_completed,,2.0,500.0,cross-entropy,tf,,,,
CRIME,5,25,251777,reglog,{},paper,FairProjection,,0.2,,,False,failed,RuntimeError('`tf.data.Dataset` only supports Python-style iteration in eager mode or within tf.function.'),,,not_completed,,2.0,500.0,cross-entropy,tf,,,,
CRIME,5,25,251777,reglog,{},paper,FairProjection,,0.5,,,False,failed,RuntimeError('`tf.data.Dataset` only supports Python-style iteration in eager mode or within tf.function.'),,,not_completed,,2.0,500.0,cross-entropy,tf,,,,
CRIME,5,25,251777,reglog,{},paper,FairProjection,,0.75,,,False,failed,RuntimeError('`tf.data.Dataset` only supports Python-style iteration in eager mode or within tf.function.'),,,not_completed,,2.0,500.0,cross-entropy,tf,,,,
CRIME,5,25,251777,reglog,{},paper,Fair-transport,,0.0,0.37844611528822053,0.03523144192591848,True,completed_without_exception,optimal,,0.12568180000016582,optimal,,,,,,2.1221677748428647e-09,0.6314706492191209,CLARABEL,OSQP
CRIME,5,25,251777,reglog,{},paper,Fair-transport,,0.1,0.45614035087719296,0.28662612454138814,True,completed_without_exception,optimal,,0.12682040000072448,optimal,,,,,,0.10000002908986544,0.5946355633110293,CLARABEL,OSQP
CRIME,5,25,251777,reglog,{},paper,Fair-transport,,0.2,0.45614035087719296,0.2915766195908931,True,completed_without_exception,optimal,,0.12684409999928903,optimal,,,,,,0.2000000228516408,0.5619714858229402,CLARABEL,OSQP
CRIME,5,25,251777,reglog,{},paper,Fair-transport,,0.3,0.46616541353383456,0.32635573201990253,True,completed_without_exception,optimal,,0.1282933000002231,optimal,,,,,,0.3000000009199221,0.5367435796792166,CLARABEL,OSQP
CRIME,5,25,251777,reglog,{},paper,Fair-transport,,0.4,0.48370927318295737,0.4405940594059406,True,completed_without_exception,optimal,,0.12352399999872432,optimal,,,,,,0.4000000050323263,0.5277852610004928,CLARABEL,OSQP
CRIME,5,25,251777,RF,"{'n_estimators': np.int64(149), 'min_samples_split': np.int64(6), 'min_samples_leaf': np.int64(6), 'max_depth': np.int64(14)}",paper,Unfair,,,0.5213032581453634,0.43564356435643564,True,not_applicable,not applicable,0.0,0.0,not_applicable,,,,,,,,,
CRIME,5,25,251777,RF,"{'n_estimators': np.int64(149), 'min_samples_split': np.int64(6), 'min_samples_leaf': np.int64(6), 'max_depth': np.int64(14)}",paper,Our Eps-Fair,0.0,,0.38847117794486213,0.0670452832085239,True,0,Optimization terminated successfully,22.0,0.047297100001742365,completed_without_exception,,,,,,,,,
CRIME,5,25,251777,RF,"{'n_estimators': np.int64(149), 'min_samples_split': np.int64(6), 'min_samples_leaf': np.int64(6), 'max_depth': np.int64(14)}",paper,Our Eps-Fair,0.1,,0.44110275689223055,0.17980097502136,True,0,Optimization terminated successfully,25.0,0.055816000000049826,completed_without_exception,,,,,,,,,
CRIME,5,25,251777,RF,"{'n_estimators': np.int64(149), 'min_samples_split': np.int64(6), 'min_samples_leaf': np.int64(6), 'max_depth': np.int64(14)}",paper,Our Eps-Fair,0.2,,0.47117794486215536,0.28041915866713574,True,0,Optimization terminated successfully,21.0,0.050558799997816095,completed_without_exception,,,,,,,,,
CRIME,5,25,251777,RF,"{'n_estimators': np.int64(149), 'min_samples_split': np.int64(6), 'min_samples_leaf': np.int64(6), 'max_depth': np.int64(14)}",paper,Our Eps-Fair,0.3,,0.5087719298245614,0.37116148163039653,True,0,Optimization terminated successfully,36.0,0.08149129999947036,completed_without_exception,,,,,,,,,
CRIME,5,25,251777,RF,"{'n_estimators': np.int64(149), 'min_samples_split': np.int64(6), 'min_samples_leaf': np.int64(6), 'max_depth': np.int64(14)}",paper,Our Eps-Fair,0.4,,0.5213032581453634,0.43564356435643564,True,0,Optimization terminated successfully,1.0,0.0023431000008713454,completed_without_exception,,,,,,,,,
CRIME,5,25,251777,RF,"{'n_estimators': np.int64(149), 'min_samples_split': np.int64(6), 'min_samples_leaf': np.int64(6), 'max_depth': np.int64(14)}",paper,Our Eps-Fair,0.5,,0.5213032581453634,0.43564356435643564,True,0,Optimization terminated successfully,1.0,0.0029001000002608635,completed_without_exception,,,,,,,,,
CRIME,5,25,251777,RF,"{'n_estimators': np.int64(149), 'min_samples_split': np.int64(6), 'min_samples_leaf': np.int64(6), 'max_depth': np.int64(14)}",paper,FairProjection,,0.0,,,False,failed,RuntimeError('`tf.data.Dataset` only supports Python-style iteration in eager mode or within tf.function.'),,,not_completed,,2.0,500.0,cross-entropy,tf,,,,
CRIME,5,25,251777,RF,"{'n_estimators': np.int64(149), 'min_samples_split': np.int64(6), 'min_samples_leaf': np.int64(6), 'max_depth': np.int64(14)}",paper,FairProjection,,0.1,,,False,failed,RuntimeError('`tf.data.Dataset` only supports Python-style iteration in eager mode or within tf.function.'),,,not_completed,,2.0,500.0,cross-entropy,tf,,,,
CRIME,5,25,251777,RF,"{'n_estimators': np.int64(149), 'min_samples_split': np.int64(6), 'min_samples_leaf': np.int64(6), 'max_depth': np.int64(14)}",paper,FairProjection,,0.2,,,False,failed,RuntimeError('`tf.data.Dataset` only supports Python-style iteration in eager mode or within tf.function.'),,,not_completed,,2.0,500.0,cross-entropy,tf,,,,
CRIME,5,25,251777,RF,"{'n_estimators': np.int64(149), 'min_samples_split': np.int64(6), 'min_samples_leaf': np.int64(6), 'max_depth': np.int64(14)}",paper,FairProjection,,0.5,,,False,failed,RuntimeError('`tf.data.Dataset` only supports Python-style iteration in eager mode or within tf.function.'),,,not_completed,,2.0,500.0,cross-entropy,tf,,,,
CRIME,5,25,251777,RF,"{'n_estimators': np.int64(149), 'min_samples_split': np.int64(6), 'min_samples_leaf': np.int64(6), 'max_depth': np.int64(14)}",paper,FairProjection,,0.75,,,False,failed,RuntimeError('`tf.data.Dataset` only supports Python-style iteration in eager mode or within tf.function.'),,,not_completed,,2.0,500.0,cross-entropy,tf,,,,
CRIME,5,25,251777,RF,"{'n_estimators': np.int64(149), 'min_samples_split': np.int64(6), 'min_samples_leaf': np.int64(6), 'max_depth': np.int64(14)}",paper,Fair-transport,,0.0,0.38847117794486213,0.06742222445594812,True,completed_without_exception,optimal,,0.1317661000030057,optimal,,,,,,9.351651675260086e-10,0.6177072216687248,CLARABEL,OSQP
CRIME,5,25,251777,RF,"{'n_estimators': np.int64(149), 'min_samples_split': np.int64(6), 'min_samples_leaf': np.int64(6), 'max_depth': np.int64(14)}",paper,Fair-transport,,0.1,0.46867167919799496,0.3108760114590139,True,completed_without_exception,optimal,,0.1338316000001214,optimal,,,,,,0.10000002140288375,0.5814918374584374,CLARABEL,OSQP
CRIME,5,25,251777,RF,"{'n_estimators': np.int64(149), 'min_samples_split': np.int64(6), 'min_samples_leaf': np.int64(6), 'max_depth': np.int64(14)}",paper,Fair-transport,,0.2,0.47869674185463656,0.28476654772076193,True,completed_without_exception,optimal,,0.13387260000308743,optimal,,,,,,0.20000000342130278,0.5506241315272006,CLARABEL,OSQP
CRIME,5,25,251777,RF,"{'n_estimators': np.int64(149), 'min_samples_split': np.int64(6), 'min_samples_leaf': np.int64(6), 'max_depth': np.int64(14)}",paper,Fair-transport,,0.3,0.5012531328320802,0.3513595014323767,True,completed_without_exception,optimal,,0.12060720000226866,optimal,,,,,,0.3000000002356851,0.5303397951544204,CLARABEL,OSQP
CRIME,5,25,251777,RF,"{'n_estimators': np.int64(149), 'min_samples_split': np.int64(6), 'min_samples_leaf': np.int64(6), 'max_depth': np.int64(14)}",paper,Fair-transport,,0.4,0.5213032581453634,0.43564356435643564,True,completed_without_exception,optimal,,0.10106800000357907,optimal,,,,,,0.3730589478543573,0.5262760398731122,CLARABEL,OSQP
CRIME,5,25,251777,GBM,"{'reg_lambda': 1, 'reg_alpha': 10, 'num_leaves': np.int64(9), 'n_estimators': np.int64(196), 'min_child_samples': np.int64(69), 'max_depth': np.int64(7)}",paper,Unfair,,,0.49874686716791977,0.4454189073729708,True,not_applicable,not applicable,0.0,0.0,not_applicable,,,,,,,,,
CRIME,5,25,251777,GBM,"{'reg_lambda': 1, 'reg_alpha': 10, 'num_leaves': np.int64(9), 'n_estimators': np.int64(196), 'min_child_samples': np.int64(69), 'max_depth': np.int64(7)}",paper,Our Eps-Fair,0.0,,0.38095238095238093,0.017816756294918856,True,0,Optimization terminated successfully,17.0,0.048480400000698864,completed_without_exception,,,,,,,,,
CRIME,5,25,251777,GBM,"{'reg_lambda': 1, 'reg_alpha': 10, 'num_leaves': np.int64(9), 'n_estimators': np.int64(196), 'min_child_samples': np.int64(69), 'max_depth': np.int64(7)}",paper,Our Eps-Fair,0.1,,0.44611528822055135,0.17495099763783484,True,0,Optimization terminated successfully,27.0,0.06417599999986123,completed_without_exception,,,,,,,,,
CRIME,5,25,251777,GBM,"{'reg_lambda': 1, 'reg_alpha': 10, 'num_leaves': np.int64(9), 'n_estimators': np.int64(196), 'min_child_samples': np.int64(69), 'max_depth': np.int64(7)}",paper,Our Eps-Fair,0.2,,0.5037593984962406,0.329547167914761,True,0,Optimization terminated successfully,16.0,0.03793919999952777,completed_without_exception,,,,,,,,,
CRIME,5,25,251777,GBM,"{'reg_lambda': 1, 'reg_alpha': 10, 'num_leaves': np.int64(9), 'n_estimators': np.int64(196), 'min_child_samples': np.int64(69), 'max_depth': np.int64(7)}",paper,Our Eps-Fair,0.3,,0.5112781954887218,0.3309292858219832,True,0,Optimization terminated successfully,20.0,0.04532390000167652,completed_without_exception,,,,,,,,,
CRIME,5,25,251777,GBM,"{'reg_lambda': 1, 'reg_alpha': 10, 'num_leaves': np.int64(9), 'n_estimators': np.int64(196), 'min_child_samples': np.int64(69), 'max_depth': np.int64(7)}",paper,Our Eps-Fair,0.4,,0.49874686716791977,0.4454189073729708,True,0,Optimization terminated successfully,1.0,0.0022587999992538244,completed_without_exception,,,,,,,,,
CRIME,5,25,251777,GBM,"{'reg_lambda': 1, 'reg_alpha': 10, 'num_leaves': np.int64(9), 'n_estimators': np.int64(196), 'min_child_samples': np.int64(69), 'max_depth': np.int64(7)}",paper,Our Eps-Fair,0.5,,0.49874686716791977,0.4454189073729708,True,0,Optimization terminated successfully,1.0,0.002339600003324449,completed_without_exception,,,,,,,,,
CRIME,5,25,251777,GBM,"{'reg_lambda': 1, 'reg_alpha': 10, 'num_leaves': np.int64(9), 'n_estimators': np.int64(196), 'min_child_samples': np.int64(69), 'max_depth': np.int64(7)}",paper,FairProjection,,0.0,,,False,failed,RuntimeError('`tf.data.Dataset` only supports Python-style iteration in eager mode or within tf.function.'),,,not_completed,,2.0,500.0,cross-entropy,tf,,,,
CRIME,5,25,251777,GBM,"{'reg_lambda': 1, 'reg_alpha': 10, 'num_leaves': np.int64(9), 'n_estimators': np.int64(196), 'min_child_samples': np.int64(69), 'max_depth': np.int64(7)}",paper,FairProjection,,0.1,,,False,failed,RuntimeError('`tf.data.Dataset` only supports Python-style iteration in eager mode or within tf.function.'),,,not_completed,,2.0,500.0,cross-entropy,tf,,,,
CRIME,5,25,251777,GBM,"{'reg_lambda': 1, 'reg_alpha': 10, 'num_leaves': np.int64(9), 'n_estimators': np.int64(196), 'min_child_samples': np.int64(69), 'max_depth': np.int64(7)}",paper,FairProjection,,0.2,,,False,failed,RuntimeError('`tf.data.Dataset` only supports Python-style iteration in eager mode or within tf.function.'),,,not_completed,,2.0,500.0,cross-entropy,tf,,,,
CRIME,5,25,251777,GBM,"{'reg_lambda': 1, 'reg_alpha': 10, 'num_leaves': np.int64(9), 'n_estimators': np.int64(196), 'min_child_samples': np.int64(69), 'max_depth': np.int64(7)}",paper,FairProjection,,0.5,,,False,failed,RuntimeError('`tf.data.Dataset` only supports Python-style iteration in eager mode or within tf.function.'),,,not_completed,,2.0,500.0,cross-entropy,tf,,,,
CRIME,5,25,251777,GBM,"{'reg_lambda': 1, 'reg_alpha': 10, 'num_leaves': np.int64(9), 'n_estimators': np.int64(196), 'min_child_samples': np.int64(69), 'max_depth': np.int64(7)}",paper,FairProjection,,0.75,,,False,failed,RuntimeError('`tf.data.Dataset` only supports Python-style iteration in eager mode or within tf.function.'),,,not_completed,,2.0,500.0,cross-entropy,tf,,,,
CRIME,5,25,251777,GBM,"{'reg_lambda': 1, 'reg_alpha': 10, 'num_leaves': np.int64(9), 'n_estimators': np.int64(196), 'min_child_samples': np.int64(69), 'max_depth': np.int64(7)}",paper,Fair-transport,,0.0,0.38345864661654133,0.03151228828466604,True,completed_without_exception,optimal,,0.14545270000235178,optimal,,,,,,3.1553764878733404e-09,0.5797118538646748,CLARABEL,OSQP
CRIME,5,25,251777,GBM,"{'reg_lambda': 1, 'reg_alpha': 10, 'num_leaves': np.int64(9), 'n_estimators': np.int64(196), 'min_child_samples': np.int64(69), 'max_depth': np.int64(7)}",paper,Fair-transport,,0.1,0.42105263157894735,0.16035080665426946,True,completed_without_exception,optimal,,0.12736189999850467,optimal,,,,,,0.10000001347661475,0.5398023711603244,CLARABEL,OSQP
CRIME,5,25,251777,GBM,"{'reg_lambda': 1, 'reg_alpha': 10, 'num_leaves': np.int64(9), 'n_estimators': np.int64(196), 'min_child_samples': np.int64(69), 'max_depth': np.int64(7)}",paper,Fair-transport,,0.2,0.5087719298245614,0.3494747951952556,True,completed_without_exception,optimal,,0.1283798000004026,optimal,,,,,,0.2000000320673387,0.5067032325749506,CLARABEL,OSQP
CRIME,5,25,251777,GBM,"{'reg_lambda': 1, 'reg_alpha': 10, 'num_leaves': np.int64(9), 'n_estimators': np.int64(196), 'min_child_samples': np.int64(69), 'max_depth': np.int64(7)}",paper,Fair-transport,,0.3,0.506265664160401,0.3258531436900035,True,completed_without_exception,optimal,,0.12731540000095265,optimal,,,,,,0.3000000012212134,0.48381345477494225,CLARABEL,OSQP
CRIME,5,25,251777,GBM,"{'reg_lambda': 1, 'reg_alpha': 10, 'num_leaves': np.int64(9), 'n_estimators': np.int64(196), 'min_child_samples': np.int64(69), 'max_depth': np.int64(7)}",paper,Fair-transport,,0.4,0.49874686716791977,0.4454189073729708,True,completed_without_exception,optimal,,0.09320450000086566,optimal,,,,,,0.38790894046214386,0.4789744163864131,CLARABEL,OSQP
CRIME,5,26,261777,reglog,{},paper,Unfair,,,0.5012531328320802,0.58133574551485,True,not_applicable,not applicable,0.0,0.0,not_applicable,,,,,,,,,
CRIME,5,26,261777,reglog,{},paper,Our Eps-Fair,0.0,,0.3383458646616541,0.0503542891602593,True,0,Optimization terminated successfully,20.0,0.059074900000268826,completed_without_exception,,,,,,,,,
CRIME,5,26,261777,reglog,{},paper,Our Eps-Fair,0.1,,0.39097744360902253,0.13319764812302126,True,0,Optimization terminated successfully,22.0,0.05302550000124029,completed_without_exception,,,,,,,,,
CRIME,5,26,261777,reglog,{},paper,Our Eps-Fair,0.2,,0.43107769423558895,0.23805216342529778,True,0,Optimization terminated successfully,16.0,0.03570289999697707,completed_without_exception,,,,,,,,,
CRIME,5,26,261777,reglog,{},paper,Our Eps-Fair,0.3,,0.45614035087719296,0.34283129805517865,True,0,Optimization terminated successfully,20.0,0.044413599996914854,completed_without_exception,,,,,,,,,
CRIME,5,26,261777,reglog,{},paper,Our Eps-Fair,0.4,,0.49373433583959897,0.45514849992461937,True,0,Optimization terminated successfully,10.0,0.021186199999647215,completed_without_exception,,,,,,,,,
CRIME,5,26,261777,reglog,{},paper,Our Eps-Fair,0.5,,0.5012531328320802,0.5156791798582844,True,0,Optimization terminated successfully,6.0,0.013221499997598585,completed_without_exception,,,,,,,,,
CRIME,5,26,261777,reglog,{},paper,FairProjection,,0.0,,,False,failed,RuntimeError('`tf.data.Dataset` only supports Python-style iteration in eager mode or within tf.function.'),,,not_completed,,2.0,500.0,cross-entropy,tf,,,,
CRIME,5,26,261777,reglog,{},paper,FairProjection,,0.1,,,False,failed,RuntimeError('`tf.data.Dataset` only supports Python-style iteration in eager mode or within tf.function.'),,,not_completed,,2.0,500.0,cross-entropy,tf,,,,
CRIME,5,26,261777,reglog,{},paper,FairProjection,,0.2,,,False,failed,RuntimeError('`tf.data.Dataset` only supports Python-style iteration in eager mode or within tf.function.'),,,not_completed,,2.0,500.0,cross-entropy,tf,,,,
CRIME,5,26,261777,reglog,{},paper,FairProjection,,0.5,,,False,failed,RuntimeError('`tf.data.Dataset` only supports Python-style iteration in eager mode or within tf.function.'),,,not_completed,,2.0,500.0,cross-entropy,tf,,,,
CRIME,5,26,261777,reglog,{},paper,FairProjection,,0.75,,,False,failed,RuntimeError('`tf.data.Dataset` only supports Python-style iteration in eager mode or within tf.function.'),,,not_completed,,2.0,500.0,cross-entropy,tf,,,,
CRIME,5,26,261777,reglog,{},paper,Fair-transport,,0.0,0.38095238095238093,0.1825719885421378,True,completed_without_exception,optimal,,0.1354657000010775,optimal,,,,,,1.7245103234309056e-08,0.6100378575809134,CLARABEL,OSQP
CRIME,5,26,261777,reglog,{},paper,Fair-transport,,0.1,0.39598997493734334,0.17239559776873212,True,completed_without_exception,optimal,,0.12429080000219983,optimal,,,,,,0.10000001370690081,0.5735054854044209,CLARABEL,OSQP
CRIME,5,26,261777,reglog,{},paper,Fair-transport,,0.2,0.42606516290726815,0.23247399366802354,True,completed_without_exception,optimal,,0.12351170000329148,optimal,,,,,,0.2000000032378547,0.542256887902074,CLARABEL,OSQP
CRIME,5,26,261777,reglog,{},paper,Fair-transport,,0.3,0.45363408521303256,0.364691693049902,True,completed_without_exception,optimal,,0.12415889999829233,optimal,,,,,,0.3000000019395892,0.519769501654682,CLARABEL,OSQP
CRIME,5,26,261777,reglog,{},paper,Fair-transport,,0.4,0.48120300751879697,0.47535052012663953,True,completed_without_exception,optimal,,0.12439180000001215,optimal,,,,,,0.4000000014885124,0.5079249371771062,CLARABEL,OSQP
CRIME,5,26,261777,RF,"{'n_estimators': np.int64(116), 'min_samples_split': np.int64(5), 'min_samples_leaf': np.int64(2), 'max_depth': np.int64(7)}",paper,Unfair,,,0.5162907268170426,0.5005276647067692,True,not_applicable,not applicable,0.0,0.0,not_applicable,,,,,,,,,
CRIME,5,26,261777,RF,"{'n_estimators': np.int64(116), 'min_samples_split': np.int64(5), 'min_samples_leaf': np.int64(2), 'max_depth': np.int64(7)}",paper,Our Eps-Fair,0.0,,0.39348370927318294,0.040780943766018374,True,0,Optimization terminated successfully,31.0,0.06816709999839077,completed_without_exception,,,,,,,,,
CRIME,5,26,261777,RF,"{'n_estimators': np.int64(116), 'min_samples_split': np.int64(5), 'min_samples_leaf': np.int64(2), 'max_depth': np.int64(7)}",paper,Our Eps-Fair,0.1,,0.41102756892230574,0.12656414895220866,True,0,Optimization terminated successfully,22.0,0.04799049999928684,completed_without_exception,,,,,,,,,
CRIME,5,26,261777,RF,"{'n_estimators': np.int64(116), 'min_samples_split': np.int64(5), 'min_samples_leaf': np.int64(2), 'max_depth': np.int64(7)}",paper,Our Eps-Fair,0.2,,0.43609022556390975,0.24935926428463745,True,0,Optimization terminated successfully,24.0,0.05080869999801507,completed_without_exception,,,,,,,,,
CRIME,5,26,261777,RF,"{'n_estimators': np.int64(116), 'min_samples_split': np.int64(5), 'min_samples_leaf': np.int64(2), 'max_depth': np.int64(7)}",paper,Our Eps-Fair,0.3,,0.49122807017543857,0.33936378712498116,True,0,Optimization terminated successfully,21.0,0.046351599998160964,completed_without_exception,,,,,,,,,
CRIME,5,26,261777,RF,"{'n_estimators': np.int64(116), 'min_samples_split': np.int64(5), 'min_samples_leaf': np.int64(2), 'max_depth': np.int64(7)}",paper,Our Eps-Fair,0.4,,0.5087719298245614,0.39454243931855876,True,0,Optimization terminated successfully,8.0,0.01716400000077556,completed_without_exception,,,,,,,,,
CRIME,5,26,261777,RF,"{'n_estimators': np.int64(116), 'min_samples_split': np.int64(5), 'min_samples_leaf': np.int64(2), 'max_depth': np.int64(7)}",paper,Our Eps-Fair,0.5,,0.5162907268170426,0.5005276647067692,True,0,Optimization terminated successfully,5.0,0.011767700001655612,completed_without_exception,,,,,,,,,
CRIME,5,26,261777,RF,"{'n_estimators': np.int64(116), 'min_samples_split': np.int64(5), 'min_samples_leaf': np.int64(2), 'max_depth': np.int64(7)}",paper,FairProjection,,0.0,,,False,failed,RuntimeError('`tf.data.Dataset` only supports Python-style iteration in eager mode or within tf.function.'),,,not_completed,,2.0,500.0,cross-entropy,tf,,,,
CRIME,5,26,261777,RF,"{'n_estimators': np.int64(116), 'min_samples_split': np.int64(5), 'min_samples_leaf': np.int64(2), 'max_depth': np.int64(7)}",paper,FairProjection,,0.1,,,False,failed,RuntimeError('`tf.data.Dataset` only supports Python-style iteration in eager mode or within tf.function.'),,,not_completed,,2.0,500.0,cross-entropy,tf,,,,
CRIME,5,26,261777,RF,"{'n_estimators': np.int64(116), 'min_samples_split': np.int64(5), 'min_samples_leaf': np.int64(2), 'max_depth': np.int64(7)}",paper,FairProjection,,0.2,,,False,failed,RuntimeError('`tf.data.Dataset` only supports Python-style iteration in eager mode or within tf.function.'),,,not_completed,,2.0,500.0,cross-entropy,tf,,,,
CRIME,5,26,261777,RF,"{'n_estimators': np.int64(116), 'min_samples_split': np.int64(5), 'min_samples_leaf': np.int64(2), 'max_depth': np.int64(7)}",paper,FairProjection,,0.5,,,False,failed,RuntimeError('`tf.data.Dataset` only supports Python-style iteration in eager mode or within tf.function.'),,,not_completed,,2.0,500.0,cross-entropy,tf,,,,
CRIME,5,26,261777,RF,"{'n_estimators': np.int64(116), 'min_samples_split': np.int64(5), 'min_samples_leaf': np.int64(2), 'max_depth': np.int64(7)}",paper,FairProjection,,0.75,,,False,failed,RuntimeError('`tf.data.Dataset` only supports Python-style iteration in eager mode or within tf.function.'),,,not_completed,,2.0,500.0,cross-entropy,tf,,,,
CRIME,5,26,261777,RF,"{'n_estimators': np.int64(116), 'min_samples_split': np.int64(5), 'min_samples_leaf': np.int64(2), 'max_depth': np.int64(7)}",paper,Fair-transport,,0.0,0.38596491228070173,0.06113372531282976,True,completed_without_exception,optimal,,0.12441089999992982,optimal,,,,,,4.239311568454696e-09,0.6086735285255365,CLARABEL,OSQP
CRIME,5,26,261777,RF,"{'n_estimators': np.int64(116), 'min_samples_split': np.int64(5), 'min_samples_leaf': np.int64(2), 'max_depth': np.int64(7)}",paper,Fair-transport,,0.1,0.41353383458646614,0.16191768430574402,True,completed_without_exception,optimal,,0.12562590000379714,optimal,,,,,,0.10000000718633892,0.5767579468777939,CLARABEL,OSQP
CRIME,5,26,261777,RF,"{'n_estimators': np.int64(116), 'min_samples_split': np.int64(5), 'min_samples_leaf': np.int64(2), 'max_depth': np.int64(7)}",paper,Fair-transport,,0.2,0.44110275689223055,0.2693351424694708,True,completed_without_exception,optimal,,0.12502319999839528,optimal,,,,,,0.20000000310807484,0.5500934838405097,CLARABEL,OSQP
CRIME,5,26,261777,RF,"{'n_estimators': np.int64(116), 'min_samples_split': np.int64(5), 'min_samples_leaf': np.int64(2), 'max_depth': np.int64(7)}",paper,Fair-transport,,0.3,0.49874686716791977,0.3481833257952661,True,completed_without_exception,optimal,,0.12619680000352673,optimal,,,,,,0.3000000012843936,0.5323940405085963,CLARABEL,OSQP
CRIME,5,26,261777,RF,"{'n_estimators': np.int64(116), 'min_samples_split': np.int64(5), 'min_samples_leaf': np.int64(2), 'max_depth': np.int64(7)}",paper,Fair-transport,,0.4,0.5037593984962406,0.39454243931855876,True,completed_without_exception,optimal,,0.09327989999655983,optimal,,,,,,0.40000000052235085,0.5252136053313843,CLARABEL,OSQP
CRIME,5,26,261777,GBM,"{'reg_lambda': 50, 'reg_alpha': 2, 'num_leaves': np.int64(6), 'n_estimators': np.int64(164), 'min_child_samples': np.int64(75), 'max_depth': np.int64(4)}",paper,Unfair,,,0.48872180451127817,0.4601236243027288,True,not_applicable,not applicable,0.0,0.0,not_applicable,,,,,,,,,
CRIME,5,26,261777,GBM,"{'reg_lambda': 50, 'reg_alpha': 2, 'num_leaves': np.int64(6), 'n_estimators': np.int64(164), 'min_child_samples': np.int64(75), 'max_depth': np.int64(4)}",paper,Our Eps-Fair,0.0,,0.37593984962406013,0.07749133122267451,True,0,Optimization terminated successfully,32.0,0.07370950000040466,completed_without_exception,,,,,,,,,
CRIME,5,26,261777,GBM,"{'reg_lambda': 50, 'reg_alpha': 2, 'num_leaves': np.int64(6), 'n_estimators': np.int64(164), 'min_child_samples': np.int64(75), 'max_depth': np.int64(4)}",paper,Our Eps-Fair,0.1,,0.41604010025062654,0.2022463440373888,True,0,Optimization terminated successfully,16.0,0.04245669999727397,completed_without_exception,,,,,,,,,
CRIME,5,26,261777,GBM,"{'reg_lambda': 50, 'reg_alpha': 2, 'num_leaves': np.int64(6), 'n_estimators': np.int64(164), 'min_child_samples': np.int64(75), 'max_depth': np.int64(4)}",paper,Our Eps-Fair,0.2,,0.42857142857142855,0.2571988542137796,True,0,Optimization terminated successfully,35.0,0.08154339999964577,completed_without_exception,,,,,,,,,
CRIME,5,26,261777,GBM,"{'reg_lambda': 50, 'reg_alpha': 2, 'num_leaves': np.int64(6), 'n_estimators': np.int64(164), 'min_child_samples': np.int64(75), 'max_depth': np.int64(4)}",paper,Our Eps-Fair,0.3,,0.44360902255639095,0.36695311322176993,True,0,Optimization terminated successfully,14.0,0.030384800000319956,completed_without_exception,,,,,,,,,
CRIME,5,26,261777,GBM,"{'reg_lambda': 50, 'reg_alpha': 2, 'num_leaves': np.int64(6), 'n_estimators': np.int64(164), 'min_child_samples': np.int64(75), 'max_depth': np.int64(4)}",paper,Our Eps-Fair,0.4,,0.46365914786967416,0.37954168551183476,True,0,Optimization terminated successfully,11.0,0.025936300000466872,completed_without_exception,,,,,,,,,
CRIME,5,26,261777,GBM,"{'reg_lambda': 50, 'reg_alpha': 2, 'num_leaves': np.int64(6), 'n_estimators': np.int64(164), 'min_child_samples': np.int64(75), 'max_depth': np.int64(4)}",paper,Our Eps-Fair,0.5,,0.48621553884711777,0.4550731192522237,True,0,Optimization terminated successfully,5.0,0.011221299999306211,completed_without_exception,,,,,,,,,
CRIME,5,26,261777,GBM,"{'reg_lambda': 50, 'reg_alpha': 2, 'num_leaves': np.int64(6), 'n_estimators': np.int64(164), 'min_child_samples': np.int64(75), 'max_depth': np.int64(4)}",paper,FairProjection,,0.0,,,False,failed,RuntimeError('`tf.data.Dataset` only supports Python-style iteration in eager mode or within tf.function.'),,,not_completed,,2.0,500.0,cross-entropy,tf,,,,
CRIME,5,26,261777,GBM,"{'reg_lambda': 50, 'reg_alpha': 2, 'num_leaves': np.int64(6), 'n_estimators': np.int64(164), 'min_child_samples': np.int64(75), 'max_depth': np.int64(4)}",paper,FairProjection,,0.1,,,False,failed,RuntimeError('`tf.data.Dataset` only supports Python-style iteration in eager mode or within tf.function.'),,,not_completed,,2.0,500.0,cross-entropy,tf,,,,
CRIME,5,26,261777,GBM,"{'reg_lambda': 50, 'reg_alpha': 2, 'num_leaves': np.int64(6), 'n_estimators': np.int64(164), 'min_child_samples': np.int64(75), 'max_depth': np.int64(4)}",paper,FairProjection,,0.2,,,False,failed,RuntimeError('`tf.data.Dataset` only supports Python-style iteration in eager mode or within tf.function.'),,,not_completed,,2.0,500.0,cross-entropy,tf,,,,
CRIME,5,26,261777,GBM,"{'reg_lambda': 50, 'reg_alpha': 2, 'num_leaves': np.int64(6), 'n_estimators': np.int64(164), 'min_child_samples': np.int64(75), 'max_depth': np.int64(4)}",paper,FairProjection,,0.5,,,False,failed,RuntimeError('`tf.data.Dataset` only supports Python-style iteration in eager mode or within tf.function.'),,,not_completed,,2.0,500.0,cross-entropy,tf,,,,
CRIME,5,26,261777,GBM,"{'reg_lambda': 50, 'reg_alpha': 2, 'num_leaves': np.int64(6), 'n_estimators': np.int64(164), 'min_child_samples': np.int64(75), 'max_depth': np.int64(4)}",paper,FairProjection,,0.75,,,False,failed,RuntimeError('`tf.data.Dataset` only supports Python-style iteration in eager mode or within tf.function.'),,,not_completed,,2.0,500.0,cross-entropy,tf,,,,
CRIME,5,26,261777,GBM,"{'reg_lambda': 50, 'reg_alpha': 2, 'num_leaves': np.int64(6), 'n_estimators': np.int64(164), 'min_child_samples': np.int64(75), 'max_depth': np.int64(4)}",paper,Fair-transport,,0.0,0.42857142857142855,0.26918438112467963,True,completed_without_exception,optimal,,0.13695630000074743,optimal,,,,,,3.328889686127212e-08,0.552760287595737,CLARABEL,OSQP
CRIME,5,26,261777,GBM,"{'reg_lambda': 50, 'reg_alpha': 2, 'num_leaves': np.int64(6), 'n_estimators': np.int64(164), 'min_child_samples': np.int64(75), 'max_depth': np.int64(4)}",paper,Fair-transport,,0.1,0.41353383458646614,0.2072214684154983,True,completed_without_exception,optimal,,0.43744449999940116,optimal,,,,,,0.10000000077823853,0.5142295086308141,CLARABEL,OSQP
CRIME,5,26,261777,GBM,"{'reg_lambda': 50, 'reg_alpha': 2, 'num_leaves': np.int64(6), 'n_estimators': np.int64(164), 'min_child_samples': np.int64(75), 'max_depth': np.int64(4)}",paper,Fair-transport,,0.2,0.42857142857142855,0.2672998643147897,True,completed_without_exception,optimal,,0.12715770000068005,optimal,,,,,,0.2000000016228375,0.48128138796661196,CLARABEL,OSQP
CRIME,5,26,261777,GBM,"{'reg_lambda': 50, 'reg_alpha': 2, 'num_leaves': np.int64(6), 'n_estimators': np.int64(164), 'min_child_samples': np.int64(75), 'max_depth': np.int64(4)}",paper,Fair-transport,,0.3,0.44110275689223055,0.3619026081712649,True,completed_without_exception,optimal,,0.12817839999843272,optimal,,,,,,0.3000000087028341,0.45688448065351894,CLARABEL,OSQP
CRIME,5,26,261777,GBM,"{'reg_lambda': 50, 'reg_alpha': 2, 'num_leaves': np.int64(6), 'n_estimators': np.int64(164), 'min_child_samples': np.int64(75), 'max_depth': np.int64(4)}",paper,Fair-transport,,0.4,0.47619047619047616,0.40479421076436,True,completed_without_exception,optimal,,0.09756880000350066,optimal,,,,,,0.4000000004682409,0.4432311984889584,CLARABEL,OSQP
CRIME,5,27,271777,reglog,{},paper,Unfair,,,0.5087719298245614,0.43342391304347827,True,not_applicable,not applicable,0.0,0.0,not_applicable,,,,,,,,,
CRIME,5,27,271777,reglog,{},paper,Our Eps-Fair,0.0,,0.38345864661654133,0.05751811594202899,True,0,Optimization terminated successfully,19.0,0.048250400002871174,completed_without_exception,,,,,,,,,
CRIME,5,27,271777,reglog,{},paper,Our Eps-Fair,0.1,,0.40852130325814534,0.11843297101449275,True,0,Optimization terminated successfully,19.0,0.04494960000010906,completed_without_exception,,,,,,,,,
CRIME,5,27,271777,reglog,{},paper,Our Eps-Fair,0.2,,0.45614035087719296,0.25120772946859904,True,0,Optimization terminated successfully,19.0,0.04287329999715439,completed_without_exception,,,,,,,,,
CRIME,5,27,271777,reglog,{},paper,Our Eps-Fair,0.3,,0.48120300751879697,0.3382397342995169,True,0,Optimization terminated successfully,25.0,0.05730079999921145,completed_without_exception,,,,,,,,,
CRIME,5,27,271777,reglog,{},paper,Our Eps-Fair,0.4,,0.5012531328320802,0.35643115942028986,True,0,Optimization terminated successfully,10.0,0.023503799999161856,completed_without_exception,,,,,,,,,
CRIME,5,27,271777,reglog,{},paper,Our Eps-Fair,0.5,,0.5087719298245614,0.43342391304347827,True,0,Optimization terminated successfully,1.0,0.002357999997911975,completed_without_exception,,,,,,,,,
CRIME,5,27,271777,reglog,{},paper,FairProjection,,0.0,,,False,failed,RuntimeError('`tf.data.Dataset` only supports Python-style iteration in eager mode or within tf.function.'),,,not_completed,,2.0,500.0,cross-entropy,tf,,,,
CRIME,5,27,271777,reglog,{},paper,FairProjection,,0.1,,,False,failed,RuntimeError('`tf.data.Dataset` only supports Python-style iteration in eager mode or within tf.function.'),,,not_completed,,2.0,500.0,cross-entropy,tf,,,,
CRIME,5,27,271777,reglog,{},paper,FairProjection,,0.2,,,False,failed,RuntimeError('`tf.data.Dataset` only supports Python-style iteration in eager mode or within tf.function.'),,,not_completed,,2.0,500.0,cross-entropy,tf,,,,
CRIME,5,27,271777,reglog,{},paper,FairProjection,,0.5,,,False,failed,RuntimeError('`tf.data.Dataset` only supports Python-style iteration in eager mode or within tf.function.'),,,not_completed,,2.0,500.0,cross-entropy,tf,,,,
CRIME,5,27,271777,reglog,{},paper,FairProjection,,0.75,,,False,failed,RuntimeError('`tf.data.Dataset` only supports Python-style iteration in eager mode or within tf.function.'),,,not_completed,,2.0,500.0,cross-entropy,tf,,,,
CRIME,5,27,271777,reglog,{},paper,Fair-transport,,0.0,0.41604010025062654,0.15994867149758454,True,completed_without_exception,optimal,,0.12756549999903655,optimal,,,,,,1.748707570414787e-08,0.6264257999259099,CLARABEL,OSQP
CRIME,5,27,271777,reglog,{},paper,Fair-transport,,0.1,0.42606516290726815,0.19972826086956522,True,completed_without_exception,optimal,,0.12812960000155726,optimal,,,,,,0.10000001754695981,0.5883640873646323,CLARABEL,OSQP
CRIME,5,27,271777,reglog,{},paper,Fair-transport,,0.2,0.45363408521303256,0.2608695652173913,True,completed_without_exception,optimal,,0.12449659999765572,optimal,,,,,,0.20000000059909326,0.5542674554222797,CLARABEL,OSQP
CRIME,5,27,271777,reglog,{},paper,Fair-transport,,0.3,0.47869674185463656,0.3382397342995169,True,completed_without_exception,optimal,,0.1288585999973293,optimal,,,,,,0.30000000814646066,0.5271602853840526,CLARABEL,OSQP
CRIME,5,27,271777,reglog,{},paper,Fair-transport,,0.4,0.49122807017543857,0.40911835748792275,True,completed_without_exception,optimal,,0.12292970000271453,optimal,,,,,,0.4000000028654764,0.5165995736236255,CLARABEL,OSQP
CRIME,5,27,271777,RF,"{'n_estimators': np.int64(143), 'min_samples_split': np.int64(4), 'min_samples_leaf': np.int64(8), 'max_depth': np.int64(14)}",paper,Unfair,,,0.5263157894736842,0.4282155797101449,True,not_applicable,not applicable,0.0,0.0,not_applicable,,,,,,,,,
CRIME,5,27,271777,RF,"{'n_estimators': np.int64(143), 'min_samples_split': np.int64(4), 'min_samples_leaf': np.int64(8), 'max_depth': np.int64(14)}",paper,Our Eps-Fair,0.0,,0.41854636591478694,0.03698671497584541,True,0,Optimization terminated successfully,22.0,0.047641000001021894,completed_without_exception,,,,,,,,,
CRIME,5,27,271777,RF,"{'n_estimators': np.int64(143), 'min_samples_split': np.int64(4), 'min_samples_leaf': np.int64(8), 'max_depth': np.int64(14)}",paper,Our Eps-Fair,0.1,,0.45614035087719296,0.14002113526570048,True,0,Optimization terminated successfully,26.0,0.05678509999779635,completed_without_exception,,,,,,,,,
CRIME,5,27,271777,RF,"{'n_estimators': np.int64(143), 'min_samples_split': np.int64(4), 'min_samples_leaf': np.int64(8), 'max_depth': np.int64(14)}",paper,Our Eps-Fair,0.2,,0.47117794486215536,0.22818538647342995,True,0,Optimization terminated successfully,25.0,0.05361869999978808,completed_without_exception,,,,,,,,,
CRIME,5,27,271777,RF,"{'n_estimators': np.int64(143), 'min_samples_split': np.int64(4), 'min_samples_leaf': np.int64(8), 'max_depth': np.int64(14)}",paper,Our Eps-Fair,0.3,,0.49874686716791977,0.2795138888888889,True,0,Optimization terminated successfully,25.0,0.051531199998862576,completed_without_exception,,,,,,,,,
CRIME,5,27,271777,RF,"{'n_estimators': np.int64(143), 'min_samples_split': np.int64(4), 'min_samples_leaf': np.int64(8), 'max_depth': np.int64(14)}",paper,Our Eps-Fair,0.4,,0.5162907268170426,0.37666062801932376,True,0,Optimization terminated successfully,6.0,0.013056799998594215,completed_without_exception,,,,,,,,,
CRIME,5,27,271777,RF,"{'n_estimators': np.int64(143), 'min_samples_split': np.int64(4), 'min_samples_leaf': np.int64(8), 'max_depth': np.int64(14)}",paper,Our Eps-Fair,0.5,,0.5263157894736842,0.4282155797101449,True,0,Optimization terminated successfully,9.0,0.02176609999878565,completed_without_exception,,,,,,,,,
CRIME,5,27,271777,RF,"{'n_estimators': np.int64(143), 'min_samples_split': np.int64(4), 'min_samples_leaf': np.int64(8), 'max_depth': np.int64(14)}",paper,FairProjection,,0.0,,,False,failed,RuntimeError('`tf.data.Dataset` only supports Python-style iteration in eager mode or within tf.function.'),,,not_completed,,2.0,500.0,cross-entropy,tf,,,,
CRIME,5,27,271777,RF,"{'n_estimators': np.int64(143), 'min_samples_split': np.int64(4), 'min_samples_leaf': np.int64(8), 'max_depth': np.int64(14)}",paper,FairProjection,,0.1,,,False,failed,RuntimeError('`tf.data.Dataset` only supports Python-style iteration in eager mode or within tf.function.'),,,not_completed,,2.0,500.0,cross-entropy,tf,,,,
CRIME,5,27,271777,RF,"{'n_estimators': np.int64(143), 'min_samples_split': np.int64(4), 'min_samples_leaf': np.int64(8), 'max_depth': np.int64(14)}",paper,FairProjection,,0.2,,,False,failed,RuntimeError('`tf.data.Dataset` only supports Python-style iteration in eager mode or within tf.function.'),,,not_completed,,2.0,500.0,cross-entropy,tf,,,,
CRIME,5,27,271777,RF,"{'n_estimators': np.int64(143), 'min_samples_split': np.int64(4), 'min_samples_leaf': np.int64(8), 'max_depth': np.int64(14)}",paper,FairProjection,,0.5,,,False,failed,RuntimeError('`tf.data.Dataset` only supports Python-style iteration in eager mode or within tf.function.'),,,not_completed,,2.0,500.0,cross-entropy,tf,,,,
CRIME,5,27,271777,RF,"{'n_estimators': np.int64(143), 'min_samples_split': np.int64(4), 'min_samples_leaf': np.int64(8), 'max_depth': np.int64(14)}",paper,FairProjection,,0.75,,,False,failed,RuntimeError('`tf.data.Dataset` only supports Python-style iteration in eager mode or within tf.function.'),,,not_completed,,2.0,500.0,cross-entropy,tf,,,,
CRIME,5,27,271777,RF,"{'n_estimators': np.int64(143), 'min_samples_split': np.int64(4), 'min_samples_leaf': np.int64(8), 'max_depth': np.int64(14)}",paper,Fair-transport,,0.0,0.41102756892230574,0.028155193236714948,True,completed_without_exception,optimal,,0.1250767999990785,optimal,,,,,,4.006965093061865e-09,0.6273954560920871,CLARABEL,OSQP
CRIME,5,27,271777,RF,"{'n_estimators': np.int64(143), 'min_samples_split': np.int64(4), 'min_samples_leaf': np.int64(8), 'max_depth': np.int64(14)}",paper,Fair-transport,,0.1,0.44862155388471175,0.10839371980676328,True,completed_without_exception,optimal,,0.1276426000003994,optimal,,,,,,0.100000002218227,0.5924176752932298,CLARABEL,OSQP
CRIME,5,27,271777,RF,"{'n_estimators': np.int64(143), 'min_samples_split': np.int64(4), 'min_samples_leaf': np.int64(8), 'max_depth': np.int64(14)}",paper,Fair-transport,,0.2,0.48621553884711777,0.2571708937198067,True,completed_without_exception,optimal,,0.12735310000061872,optimal,,,,,,0.20000001448358481,0.5609920788498575,CLARABEL,OSQP
CRIME,5,27,271777,RF,"{'n_estimators': np.int64(143), 'min_samples_split': np.int64(4), 'min_samples_leaf': np.int64(8), 'max_depth': np.int64(14)}",paper,Fair-transport,,0.3,0.506265664160401,0.27483393719806765,True,completed_without_exception,optimal,,0.12586319999900297,optimal,,,,,,0.3000000048111278,0.5386545593745589,CLARABEL,OSQP
CRIME,5,27,271777,RF,"{'n_estimators': np.int64(143), 'min_samples_split': np.int64(4), 'min_samples_leaf': np.int64(8), 'max_depth': np.int64(14)}",paper,Fair-transport,,0.4,0.518796992481203,0.40081521739130443,True,completed_without_exception,optimal,,0.12387999999918975,optimal,,,,,,0.4000000019111748,0.5311120949360651,CLARABEL,OSQP
CRIME,5,27,271777,GBM,"{'reg_lambda': 0.1, 'reg_alpha': 20, 'num_leaves': np.int64(32), 'n_estimators': np.int64(63), 'min_child_samples': np.int64(39), 'max_depth': np.int64(8)}",paper,Unfair,,,0.5213032581453634,0.4233846618357488,True,not_applicable,not applicable,0.0,0.0,not_applicable,,,,,,,,,
CRIME,5,27,271777,GBM,"{'reg_lambda': 0.1, 'reg_alpha': 20, 'num_leaves': np.int64(32), 'n_estimators': np.int64(63), 'min_child_samples': np.int64(39), 'max_depth': np.int64(8)}",paper,Our Eps-Fair,0.0,,0.44360902255639095,0.06838768115942029,True,0,Optimization terminated successfully,23.0,0.06166530000336934,completed_without_exception,,,,,,,,,
CRIME,5,27,271777,GBM,"{'reg_lambda': 0.1, 'reg_alpha': 20, 'num_leaves': np.int64(32), 'n_estimators': np.int64(63), 'min_child_samples': np.int64(39), 'max_depth': np.int64(8)}",paper,Our Eps-Fair,0.1,,0.46616541353383456,0.1244716183574879,True,0,Optimization terminated successfully,19.0,0.04488919999857899,completed_without_exception,,,,,,,,,
CRIME,5,27,271777,GBM,"{'reg_lambda': 0.1, 'reg_alpha': 20, 'num_leaves': np.int64(32), 'n_estimators': np.int64(63), 'min_child_samples': np.int64(39), 'max_depth': np.int64(8)}",paper,Our Eps-Fair,0.2,,0.5012531328320802,0.21520229468599036,True,0,Optimization terminated successfully,27.0,0.0631217000009201,completed_without_exception,,,,,,,,,
CRIME,5,27,271777,GBM,"{'reg_lambda': 0.1, 'reg_alpha': 20, 'num_leaves': np.int64(32), 'n_estimators': np.int64(63), 'min_child_samples': np.int64(39), 'max_depth': np.int64(8)}",paper,Our Eps-Fair,0.3,,0.5037593984962406,0.2930253623188406,True,0,Optimization terminated successfully,17.0,0.0369116000001668,completed_without_exception,,,,,,,,,
CRIME,5,27,271777,GBM,"{'reg_lambda': 0.1, 'reg_alpha': 20, 'num_leaves': np.int64(32), 'n_estimators': np.int64(63), 'min_child_samples': np.int64(39), 'max_depth': np.int64(8)}",paper,Our Eps-Fair,0.4,,0.5238095238095238,0.3519776570048309,True,0,Optimization terminated successfully,11.0,0.023041500000545057,completed_without_exception,,,,,,,,,
CRIME,5,27,271777,GBM,"{'reg_lambda': 0.1, 'reg_alpha': 20, 'num_leaves': np.int64(32), 'n_estimators': np.int64(63), 'min_child_samples': np.int64(39), 'max_depth': np.int64(8)}",paper,Our Eps-Fair,0.5,,0.518796992481203,0.39288949275362317,True,0,Optimization terminated successfully,6.0,0.01392630000191275,completed_without_exception,,,,,,,,,
CRIME,5,27,271777,GBM,"{'reg_lambda': 0.1, 'reg_alpha': 20, 'num_leaves': np.int64(32), 'n_estimators': np.int64(63), 'min_child_samples': np.int64(39), 'max_depth': np.int64(8)}",paper,FairProjection,,0.0,,,False,failed,RuntimeError('`tf.data.Dataset` only supports Python-style iteration in eager mode or within tf.function.'),,,not_completed,,2.0,500.0,cross-entropy,tf,,,,
CRIME,5,27,271777,GBM,"{'reg_lambda': 0.1, 'reg_alpha': 20, 'num_leaves': np.int64(32), 'n_estimators': np.int64(63), 'min_child_samples': np.int64(39), 'max_depth': np.int64(8)}",paper,FairProjection,,0.1,,,False,failed,RuntimeError('`tf.data.Dataset` only supports Python-style iteration in eager mode or within tf.function.'),,,not_completed,,2.0,500.0,cross-entropy,tf,,,,
CRIME,5,27,271777,GBM,"{'reg_lambda': 0.1, 'reg_alpha': 20, 'num_leaves': np.int64(32), 'n_estimators': np.int64(63), 'min_child_samples': np.int64(39), 'max_depth': np.int64(8)}",paper,FairProjection,,0.2,,,False,failed,RuntimeError('`tf.data.Dataset` only supports Python-style iteration in eager mode or within tf.function.'),,,not_completed,,2.0,500.0,cross-entropy,tf,,,,
CRIME,5,27,271777,GBM,"{'reg_lambda': 0.1, 'reg_alpha': 20, 'num_leaves': np.int64(32), 'n_estimators': np.int64(63), 'min_child_samples': np.int64(39), 'max_depth': np.int64(8)}",paper,FairProjection,,0.5,,,False,failed,RuntimeError('`tf.data.Dataset` only supports Python-style iteration in eager mode or within tf.function.'),,,not_completed,,2.0,500.0,cross-entropy,tf,,,,
CRIME,5,27,271777,GBM,"{'reg_lambda': 0.1, 'reg_alpha': 20, 'num_leaves': np.int64(32), 'n_estimators': np.int64(63), 'min_child_samples': np.int64(39), 'max_depth': np.int64(8)}",paper,FairProjection,,0.75,,,False,failed,RuntimeError('`tf.data.Dataset` only supports Python-style iteration in eager mode or within tf.function.'),,,not_completed,,2.0,500.0,cross-entropy,tf,,,,
CRIME,5,27,271777,GBM,"{'reg_lambda': 0.1, 'reg_alpha': 20, 'num_leaves': np.int64(32), 'n_estimators': np.int64(63), 'min_child_samples': np.int64(39), 'max_depth': np.int64(8)}",paper,Fair-transport,,0.0,0.45864661654135336,0.1118659420289855,True,completed_without_exception,optimal,,0.14585730000180774,optimal,,,,,,7.1631606479716226e-09,0.6218040455014836,CLARABEL,OSQP
CRIME,5,27,271777,GBM,"{'reg_lambda': 0.1, 'reg_alpha': 20, 'num_leaves': np.int64(32), 'n_estimators': np.int64(63), 'min_child_samples': np.int64(39), 'max_depth': np.int64(8)}",paper,Fair-transport,,0.1,0.49122807017543857,0.28653381642512077,True,completed_without_exception,optimal,,0.12745530000029248,optimal,,,,,,0.10000001450940943,0.5895572190263518,CLARABEL,OSQP
CRIME,5,27,271777,GBM,"{'reg_lambda': 0.1, 'reg_alpha': 20, 'num_leaves': np.int64(32), 'n_estimators': np.int64(63), 'min_child_samples': np.int64(39), 'max_depth': np.int64(8)}",paper,Fair-transport,,0.2,0.49122807017543857,0.25792572463768115,True,completed_without_exception,optimal,,0.12637549999999464,optimal,,,,,,0.20000000614955127,0.5609683031662649,CLARABEL,OSQP
CRIME,5,27,271777,GBM,"{'reg_lambda': 0.1, 'reg_alpha': 20, 'num_leaves': np.int64(32), 'n_estimators': np.int64(63), 'min_child_samples': np.int64(39), 'max_depth': np.int64(8)}",paper,Fair-transport,,0.3,0.5037593984962406,0.29242149758454106,True,completed_without_exception,optimal,,0.12544400000115274,optimal,,,,,,0.3000000009946248,0.540454523519037,CLARABEL,OSQP
CRIME,5,27,271777,GBM,"{'reg_lambda': 0.1, 'reg_alpha': 20, 'num_leaves': np.int64(32), 'n_estimators': np.int64(63), 'min_child_samples': np.int64(39), 'max_depth': np.int64(8)}",paper,Fair-transport,,0.4,0.5112781954887218,0.3363526570048309,True,completed_without_exception,optimal,,0.12459329999910551,optimal,,,,,,0.4000000029144016,0.5318558671148818,CLARABEL,OSQP
CRIME,5,28,281777,reglog,{},paper,Unfair,,,0.46867167919799496,0.42254901960784313,True,not_applicable,not applicable,0.0,0.0,not_applicable,,,,,,,,,
CRIME,5,28,281777,reglog,{},paper,Our Eps-Fair,0.0,,0.3458646616541353,0.10852187028657614,True,0,Optimization terminated successfully,21.0,0.05981020000035642,completed_without_exception,,,,,,,,,
CRIME,5,28,281777,reglog,{},paper,Our Eps-Fair,0.1,,0.41854636591478694,0.16530920060331822,True,0,Optimization terminated successfully,24.0,0.06322439999712515,completed_without_exception,,,,,,,,,
CRIME,5,28,281777,reglog,{},paper,Our Eps-Fair,0.2,,0.46115288220551376,0.2502262443438914,True,0,Optimization terminated successfully,39.0,0.08741249999729916,completed_without_exception,,,,,,,,,
CRIME,5,28,281777,reglog,{},paper,Our Eps-Fair,0.3,,0.5012531328320802,0.3717194570135747,True,0,Optimization terminated successfully,26.0,0.05763759999899776,completed_without_exception,,,,,,,,,
CRIME,5,28,281777,reglog,{},paper,Our Eps-Fair,0.4,,0.47619047619047616,0.42254901960784313,True,0,Optimization terminated successfully,9.0,0.02009369999723276,completed_without_exception,,,,,,,,,
CRIME,5,28,281777,reglog,{},paper,Our Eps-Fair,0.5,,0.46867167919799496,0.42254901960784313,True,0,Optimization terminated successfully,1.0,0.002432300003420096,completed_without_exception,,,,,,,,,
CRIME,5,28,281777,reglog,{},paper,FairProjection,,0.0,,,False,failed,RuntimeError('`tf.data.Dataset` only supports Python-style iteration in eager mode or within tf.function.'),,,not_completed,,2.0,500.0,cross-entropy,tf,,,,
CRIME,5,28,281777,reglog,{},paper,FairProjection,,0.1,,,False,failed,RuntimeError('`tf.data.Dataset` only supports Python-style iteration in eager mode or within tf.function.'),,,not_completed,,2.0,500.0,cross-entropy,tf,,,,
CRIME,5,28,281777,reglog,{},paper,FairProjection,,0.2,,,False,failed,RuntimeError('`tf.data.Dataset` only supports Python-style iteration in eager mode or within tf.function.'),,,not_completed,,2.0,500.0,cross-entropy,tf,,,,
CRIME,5,28,281777,reglog,{},paper,FairProjection,,0.5,,,False,failed,RuntimeError('`tf.data.Dataset` only supports Python-style iteration in eager mode or within tf.function.'),,,not_completed,,2.0,500.0,cross-entropy,tf,,,,
CRIME,5,28,281777,reglog,{},paper,FairProjection,,0.75,,,False,failed,RuntimeError('`tf.data.Dataset` only supports Python-style iteration in eager mode or within tf.function.'),,,not_completed,,2.0,500.0,cross-entropy,tf,,,,
CRIME,5,28,281777,reglog,{},paper,Fair-transport,,0.0,0.38596491228070173,0.10045248868778281,True,completed_without_exception,optimal,,0.12994939999771304,optimal,,,,,,1.3783430480307501e-08,0.6275595784741251,CLARABEL,OSQP
CRIME,5,28,281777,reglog,{},paper,Fair-transport,,0.1,0.40852130325814534,0.16063348416289594,True,completed_without_exception,optimal,,0.12720660000195494,optimal,,,,,,0.1000000006246213,0.5907340994482712,CLARABEL,OSQP
CRIME,5,28,281777,reglog,{},paper,Fair-transport,,0.2,0.46867167919799496,0.2502262443438914,True,completed_without_exception,optimal,,0.1292394999982207,optimal,,,,,,0.20000000036189292,0.5576054501245399,CLARABEL,OSQP
CRIME,5,28,281777,reglog,{},paper,Fair-transport,,0.3,0.49373433583959897,0.3717194570135747,True,completed_without_exception,optimal,,0.13185299999895506,optimal,,,,,,0.3000000037034975,0.531742793695145,CLARABEL,OSQP
CRIME,5,28,281777,reglog,{},paper,Fair-transport,,0.4,0.48120300751879697,0.4125188536953243,True,completed_without_exception,optimal,,0.12912620000133757,optimal,,,,,,0.4000000077909749,0.5225030698372972,CLARABEL,OSQP
CRIME,5,28,281777,RF,"{'n_estimators': np.int64(128), 'min_samples_split': np.int64(4), 'min_samples_leaf': np.int64(6), 'max_depth': np.int64(13)}",paper,Unfair,,,0.5162907268170426,0.4211161387631976,True,not_applicable,not applicable,0.0,0.0,not_applicable,,,,,,,,,
CRIME,5,28,281777,RF,"{'n_estimators': np.int64(128), 'min_samples_split': np.int64(4), 'min_samples_leaf': np.int64(6), 'max_depth': np.int64(13)}",paper,Our Eps-Fair,0.0,,0.39849624060150374,0.052036199095022634,True,0,Optimization terminated successfully,27.0,0.06050340000001597,completed_without_exception,,,,,,,,,
CRIME,5,28,281777,RF,"{'n_estimators': np.int64(128), 'min_samples_split': np.int64(4), 'min_samples_leaf': np.int64(6), 'max_depth': np.int64(13)}",paper,Our Eps-Fair,0.1,,0.44611528822055135,0.14743589743589747,True,0,Optimization terminated successfully,26.0,0.059798499998578336,completed_without_exception,,,,,,,,,
CRIME,5,28,281777,RF,"{'n_estimators': np.int64(128), 'min_samples_split': np.int64(4), 'min_samples_leaf': np.int64(6), 'max_depth': np.int64(13)}",paper,Our Eps-Fair,0.2,,0.45864661654135336,0.2696078431372549,True,0,Optimization terminated successfully,23.0,0.0516803999998956,completed_without_exception,,,,,,,,,
CRIME,5,28,281777,RF,"{'n_estimators': np.int64(128), 'min_samples_split': np.int64(4), 'min_samples_leaf': np.int64(6), 'max_depth': np.int64(13)}",paper,Our Eps-Fair,0.3,,0.49373433583959897,0.34464555052790347,True,0,Optimization terminated successfully,15.0,0.03465150000192807,completed_without_exception,,,,,,,,,
CRIME,5,28,281777,RF,"{'n_estimators': np.int64(128), 'min_samples_split': np.int64(4), 'min_samples_leaf': np.int64(6), 'max_depth': np.int64(13)}",paper,Our Eps-Fair,0.4,,0.5137844611528822,0.3377828054298642,True,0,Optimization terminated successfully,12.0,0.02880390000063926,completed_without_exception,,,,,,,,,
CRIME,5,28,281777,RF,"{'n_estimators': np.int64(128), 'min_samples_split': np.int64(4), 'min_samples_leaf': np.int64(6), 'max_depth': np.int64(13)}",paper,Our Eps-Fair,0.5,,0.5162907268170426,0.4211161387631976,True,0,Optimization terminated successfully,1.0,0.0023990000008780044,completed_without_exception,,,,,,,,,
CRIME,5,28,281777,RF,"{'n_estimators': np.int64(128), 'min_samples_split': np.int64(4), 'min_samples_leaf': np.int64(6), 'max_depth': np.int64(13)}",paper,FairProjection,,0.0,,,False,failed,RuntimeError('`tf.data.Dataset` only supports Python-style iteration in eager mode or within tf.function.'),,,not_completed,,2.0,500.0,cross-entropy,tf,,,,
CRIME,5,28,281777,RF,"{'n_estimators': np.int64(128), 'min_samples_split': np.int64(4), 'min_samples_leaf': np.int64(6), 'max_depth': np.int64(13)}",paper,FairProjection,,0.1,,,False,failed,RuntimeError('`tf.data.Dataset` only supports Python-style iteration in eager mode or within tf.function.'),,,not_completed,,2.0,500.0,cross-entropy,tf,,,,
CRIME,5,28,281777,RF,"{'n_estimators': np.int64(128), 'min_samples_split': np.int64(4), 'min_samples_leaf': np.int64(6), 'max_depth': np.int64(13)}",paper,FairProjection,,0.2,,,False,failed,RuntimeError('`tf.data.Dataset` only supports Python-style iteration in eager mode or within tf.function.'),,,not_completed,,2.0,500.0,cross-entropy,tf,,,,
CRIME,5,28,281777,RF,"{'n_estimators': np.int64(128), 'min_samples_split': np.int64(4), 'min_samples_leaf': np.int64(6), 'max_depth': np.int64(13)}",paper,FairProjection,,0.5,,,False,failed,RuntimeError('`tf.data.Dataset` only supports Python-style iteration in eager mode or within tf.function.'),,,not_completed,,2.0,500.0,cross-entropy,tf,,,,
CRIME,5,28,281777,RF,"{'n_estimators': np.int64(128), 'min_samples_split': np.int64(4), 'min_samples_leaf': np.int64(6), 'max_depth': np.int64(13)}",paper,FairProjection,,0.75,,,False,failed,RuntimeError('`tf.data.Dataset` only supports Python-style iteration in eager mode or within tf.function.'),,,not_completed,,2.0,500.0,cross-entropy,tf,,,,
CRIME,5,28,281777,RF,"{'n_estimators': np.int64(128), 'min_samples_split': np.int64(4), 'min_samples_leaf': np.int64(6), 'max_depth': np.int64(13)}",paper,Fair-transport,,0.0,0.45363408521303256,0.19245852187028661,True,completed_without_exception,optimal,,0.12494090000109281,optimal,,,,,,1.529439108693964e-08,0.6207745416646251,CLARABEL,OSQP
CRIME,5,28,281777,RF,"{'n_estimators': np.int64(128), 'min_samples_split': np.int64(4), 'min_samples_leaf': np.int64(6), 'max_depth': np.int64(13)}",paper,Fair-transport,,0.1,0.44360902255639095,0.15746606334841629,True,completed_without_exception,optimal,,0.12541119999877992,optimal,,,,,,0.10000000203936071,0.5851127290409216,CLARABEL,OSQP
CRIME,5,28,281777,RF,"{'n_estimators': np.int64(128), 'min_samples_split': np.int64(4), 'min_samples_leaf': np.int64(6), 'max_depth': np.int64(13)}",paper,Fair-transport,,0.2,0.45864661654135336,0.29434389140271494,True,completed_without_exception,optimal,,0.12605880000046454,optimal,,,,,,0.2000000012277354,0.55378570290636,CLARABEL,OSQP
CRIME,5,28,281777,RF,"{'n_estimators': np.int64(128), 'min_samples_split': np.int64(4), 'min_samples_leaf': np.int64(6), 'max_depth': np.int64(13)}",paper,Fair-transport,,0.3,0.49624060150375937,0.34464555052790347,True,completed_without_exception,optimal,,0.12648429999899236,optimal,,,,,,0.30000000087137746,0.5337032933110208,CLARABEL,OSQP
CRIME,5,28,281777,RF,"{'n_estimators': np.int64(128), 'min_samples_split': np.int64(4), 'min_samples_leaf': np.int64(6), 'max_depth': np.int64(13)}",paper,Fair-transport,,0.4,0.49874686716791977,0.35716440422322776,True,completed_without_exception,optimal,,0.12415370000235271,optimal,,,,,,0.4000000014564392,0.5261539755127306,CLARABEL,OSQP
CRIME,5,28,281777,GBM,"{'reg_lambda': 20, 'reg_alpha': 2, 'num_leaves': np.int64(31), 'n_estimators': np.int64(144), 'min_child_samples': np.int64(58), 'max_depth': np.int64(11)}",paper,Unfair,,,0.47619047619047616,0.4019607843137255,True,not_applicable,not applicable,0.0,0.0,not_applicable,,,,,,,,,
CRIME,5,28,281777,GBM,"{'reg_lambda': 20, 'reg_alpha': 2, 'num_leaves': np.int64(31), 'n_estimators': np.int64(144), 'min_child_samples': np.int64(58), 'max_depth': np.int64(11)}",paper,Our Eps-Fair,0.0,,0.38345864661654133,0.09147812971342384,True,0,Optimization terminated successfully,42.0,0.12072020000050543,completed_without_exception,,,,,,,,,
CRIME,5,28,281777,GBM,"{'reg_lambda': 20, 'reg_alpha': 2, 'num_leaves': np.int64(31), 'n_estimators': np.int64(144), 'min_child_samples': np.int64(58), 'max_depth': np.int64(11)}",paper,Our Eps-Fair,0.1,,0.41604010025062654,0.14743589743589747,True,0,Optimization terminated successfully,24.0,0.05286279999927501,completed_without_exception,,,,,,,,,
CRIME,5,28,281777,GBM,"{'reg_lambda': 20, 'reg_alpha': 2, 'num_leaves': np.int64(31), 'n_estimators': np.int64(144), 'min_child_samples': np.int64(58), 'max_depth': np.int64(11)}",paper,Our Eps-Fair,0.2,,0.45614035087719296,0.24441930618401203,True,0,Optimization terminated successfully,21.0,0.04407260000152746,completed_without_exception,,,,,,,,,
CRIME,5,28,281777,GBM,"{'reg_lambda': 20, 'reg_alpha': 2, 'num_leaves': np.int64(31), 'n_estimators': np.int64(144), 'min_child_samples': np.int64(58), 'max_depth': np.int64(11)}",paper,Our Eps-Fair,0.3,,0.46867167919799496,0.3092760180995475,True,0,Optimization terminated successfully,16.0,0.036948900000425056,completed_without_exception,,,,,,,,,
CRIME,5,28,281777,GBM,"{'reg_lambda': 20, 'reg_alpha': 2, 'num_leaves': np.int64(31), 'n_estimators': np.int64(144), 'min_child_samples': np.int64(58), 'max_depth': np.int64(11)}",paper,Our Eps-Fair,0.4,,0.47117794486215536,0.37081447963800906,True,0,Optimization terminated successfully,8.0,0.017298100003245054,completed_without_exception,,,,,,,,,
CRIME,5,28,281777,GBM,"{'reg_lambda': 20, 'reg_alpha': 2, 'num_leaves': np.int64(31), 'n_estimators': np.int64(144), 'min_child_samples': np.int64(58), 'max_depth': np.int64(11)}",paper,Our Eps-Fair,0.5,,0.47619047619047616,0.4019607843137255,True,0,Optimization terminated successfully,1.0,0.002203899999585701,completed_without_exception,,,,,,,,,
CRIME,5,28,281777,GBM,"{'reg_lambda': 20, 'reg_alpha': 2, 'num_leaves': np.int64(31), 'n_estimators': np.int64(144), 'min_child_samples': np.int64(58), 'max_depth': np.int64(11)}",paper,FairProjection,,0.0,,,False,failed,RuntimeError('`tf.data.Dataset` only supports Python-style iteration in eager mode or within tf.function.'),,,not_completed,,2.0,500.0,cross-entropy,tf,,,,
CRIME,5,28,281777,GBM,"{'reg_lambda': 20, 'reg_alpha': 2, 'num_leaves': np.int64(31), 'n_estimators': np.int64(144), 'min_child_samples': np.int64(58), 'max_depth': np.int64(11)}",paper,FairProjection,,0.1,,,False,failed,RuntimeError('`tf.data.Dataset` only supports Python-style iteration in eager mode or within tf.function.'),,,not_completed,,2.0,500.0,cross-entropy,tf,,,,
CRIME,5,28,281777,GBM,"{'reg_lambda': 20, 'reg_alpha': 2, 'num_leaves': np.int64(31), 'n_estimators': np.int64(144), 'min_child_samples': np.int64(58), 'max_depth': np.int64(11)}",paper,FairProjection,,0.2,,,False,failed,RuntimeError('`tf.data.Dataset` only supports Python-style iteration in eager mode or within tf.function.'),,,not_completed,,2.0,500.0,cross-entropy,tf,,,,
CRIME,5,28,281777,GBM,"{'reg_lambda': 20, 'reg_alpha': 2, 'num_leaves': np.int64(31), 'n_estimators': np.int64(144), 'min_child_samples': np.int64(58), 'max_depth': np.int64(11)}",paper,FairProjection,,0.5,,,False,failed,RuntimeError('`tf.data.Dataset` only supports Python-style iteration in eager mode or within tf.function.'),,,not_completed,,2.0,500.0,cross-entropy,tf,,,,
CRIME,5,28,281777,GBM,"{'reg_lambda': 20, 'reg_alpha': 2, 'num_leaves': np.int64(31), 'n_estimators': np.int64(144), 'min_child_samples': np.int64(58), 'max_depth': np.int64(11)}",paper,FairProjection,,0.75,,,False,failed,RuntimeError('`tf.data.Dataset` only supports Python-style iteration in eager mode or within tf.function.'),,,not_completed,,2.0,500.0,cross-entropy,tf,,,,
CRIME,5,28,281777,GBM,"{'reg_lambda': 20, 'reg_alpha': 2, 'num_leaves': np.int64(31), 'n_estimators': np.int64(144), 'min_child_samples': np.int64(58), 'max_depth': np.int64(11)}",paper,Fair-transport,,0.0,0.38345864661654133,0.09147812971342384,True,completed_without_exception,optimal,,0.133399800000916,optimal,,,,,,6.023425369594548e-10,0.5341973692355094,CLARABEL,OSQP
CRIME,5,28,281777,GBM,"{'reg_lambda': 20, 'reg_alpha': 2, 'num_leaves': np.int64(31), 'n_estimators': np.int64(144), 'min_child_samples': np.int64(58), 'max_depth': np.int64(11)}",paper,Fair-transport,,0.1,0.41102756892230574,0.15256410256410258,True,completed_without_exception,optimal,,0.12796450000314508,optimal,,,,,,0.10000001013210322,0.49023724195939905,CLARABEL,OSQP
CRIME,5,28,281777,GBM,"{'reg_lambda': 20, 'reg_alpha': 2, 'num_leaves': np.int64(31), 'n_estimators': np.int64(144), 'min_child_samples': np.int64(58), 'max_depth': np.int64(11)}",paper,Fair-transport,,0.2,0.45614035087719296,0.25935143288084467,True,completed_without_exception,optimal,,0.12840220000362024,optimal,,,,,,0.2000000313202329,0.4539081647137333,CLARABEL,OSQP
CRIME,5,28,281777,GBM,"{'reg_lambda': 20, 'reg_alpha': 2, 'num_leaves': np.int64(31), 'n_estimators': np.int64(144), 'min_child_samples': np.int64(58), 'max_depth': np.int64(11)}",paper,Fair-transport,,0.3,0.46365914786967416,0.3043740573152338,True,completed_without_exception,optimal,,0.1269105000028503,optimal,,,,,,0.3000000022910537,0.42837549454939705,CLARABEL,OSQP
CRIME,5,28,281777,GBM,"{'reg_lambda': 20, 'reg_alpha': 2, 'num_leaves': np.int64(31), 'n_estimators': np.int64(144), 'min_child_samples': np.int64(58), 'max_depth': np.int64(11)}",paper,Fair-transport,,0.4,0.47619047619047616,0.37081447963800906,True,completed_without_exception,optimal,,0.11255430000528577,optimal,,,,,,0.4000000004198351,0.4169289193704941,CLARABEL,OSQP
CRIME,5,29,291777,reglog,{},paper,Unfair,,,0.48621553884711777,0.6108095884215287,True,not_applicable,not applicable,0.0,0.0,not_applicable,,,,,,,,,
CRIME,5,29,291777,reglog,{},paper,Our Eps-Fair,0.0,,0.3684210526315789,0.06143524800241218,True,0,Optimization terminated successfully,19.0,0.05968610000127228,completed_without_exception,,,,,,,,,
CRIME,5,29,291777,reglog,{},paper,Our Eps-Fair,0.1,,0.39097744360902253,0.09339665309814563,True,0,Optimization terminated successfully,19.0,0.05458559999897261,completed_without_exception,,,,,,,,,
CRIME,5,29,291777,reglog,{},paper,Our Eps-Fair,0.2,,0.41353383458646614,0.1883009196442032,True,0,Optimization terminated successfully,33.0,0.072701799999777,completed_without_exception,,,,,,,,,
CRIME,5,29,291777,reglog,{},paper,Our Eps-Fair,0.3,,0.45363408521303256,0.35873661993064976,True,0,Optimization terminated successfully,32.0,0.07293250000293483,completed_without_exception,,,,,,,,,
CRIME,5,29,291777,reglog,{},paper,Our Eps-Fair,0.4,,0.47619047619047616,0.40125131916176693,True,0,Optimization terminated successfully,8.0,0.01705289999881643,completed_without_exception,,,,,,,,,
CRIME,5,29,291777,reglog,{},paper,Our Eps-Fair,0.5,,0.48120300751879697,0.4862053369516056,True,0,Optimization terminated successfully,13.0,0.03000429999883636,completed_without_exception,,,,,,,,,
CRIME,5,29,291777,reglog,{},paper,FairProjection,,0.0,,,False,failed,RuntimeError('`tf.data.Dataset` only supports Python-style iteration in eager mode or within tf.function.'),,,not_completed,,2.0,500.0,cross-entropy,tf,,,,
CRIME,5,29,291777,reglog,{},paper,FairProjection,,0.1,,,False,failed,RuntimeError('`tf.data.Dataset` only supports Python-style iteration in eager mode or within tf.function.'),,,not_completed,,2.0,500.0,cross-entropy,tf,,,,
CRIME,5,29,291777,reglog,{},paper,FairProjection,,0.2,,,False,failed,RuntimeError('`tf.data.Dataset` only supports Python-style iteration in eager mode or within tf.function.'),,,not_completed,,2.0,500.0,cross-entropy,tf,,,,
CRIME,5,29,291777,reglog,{},paper,FairProjection,,0.5,,,False,failed,RuntimeError('`tf.data.Dataset` only supports Python-style iteration in eager mode or within tf.function.'),,,not_completed,,2.0,500.0,cross-entropy,tf,,,,
CRIME,5,29,291777,reglog,{},paper,FairProjection,,0.75,,,False,failed,RuntimeError('`tf.data.Dataset` only supports Python-style iteration in eager mode or within tf.function.'),,,not_completed,,2.0,500.0,cross-entropy,tf,,,,
CRIME,5,29,291777,reglog,{},paper,Fair-transport,,0.0,0.40350877192982454,0.2230514096185738,True,completed_without_exception,optimal,,0.12866680000297492,optimal,,,,,,2.1964107588257065e-08,0.6036566524847744,CLARABEL,OSQP
CRIME,5,29,291777,reglog,{},paper,Fair-transport,,0.1,0.38095238095238093,0.09709030604552993,True,completed_without_exception,optimal,,0.12561970000024303,optimal,,,,,,0.10000000136992301,0.5674167758292719,CLARABEL,OSQP
CRIME,5,29,291777,reglog,{},paper,Fair-transport,,0.2,0.42857142857142855,0.2264435398763757,True,completed_without_exception,optimal,,0.1256996000010986,optimal,,,,,,0.20000000184305444,0.536204328989747,CLARABEL,OSQP
CRIME,5,29,291777,reglog,{},paper,Fair-transport,,0.3,0.44360902255639095,0.3235338459219056,True,completed_without_exception,optimal,,0.12595660000079079,optimal,,,,,,0.30000000571365804,0.513206795939923,CLARABEL,OSQP
CRIME,5,29,291777,reglog,{},paper,Fair-transport,,0.4,0.48621553884711777,0.44632896125433436,True,completed_without_exception,optimal,,0.12496500000270316,optimal,,,,,,0.4000000140305374,0.5017562784382857,CLARABEL,OSQP
CRIME,5,29,291777,RF,"{'n_estimators': np.int64(110), 'min_samples_split': np.int64(8), 'min_samples_leaf': np.int64(5), 'max_depth': np.int64(9)}",paper,Unfair,,,0.48872180451127817,0.5260817126488768,True,not_applicable,not applicable,0.0,0.0,not_applicable,,,,,,,,,
CRIME,5,29,291777,RF,"{'n_estimators': np.int64(110), 'min_samples_split': np.int64(8), 'min_samples_leaf': np.int64(5), 'max_depth': np.int64(9)}",paper,Our Eps-Fair,0.0,,0.39598997493734334,0.032639831147293824,True,0,Optimization terminated successfully,26.0,0.05658519999997225,completed_without_exception,,,,,,,,,
CRIME,5,29,291777,RF,"{'n_estimators': np.int64(110), 'min_samples_split': np.int64(8), 'min_samples_leaf': np.int64(5), 'max_depth': np.int64(9)}",paper,Our Eps-Fair,0.1,,0.40852130325814534,0.15807327001356852,True,0,Optimization terminated successfully,18.0,0.039733699999487726,completed_without_exception,,,,,,,,,
CRIME,5,29,291777,RF,"{'n_estimators': np.int64(110), 'min_samples_split': np.int64(8), 'min_samples_leaf': np.int64(5), 'max_depth': np.int64(9)}",paper,Our Eps-Fair,0.2,,0.44611528822055135,0.2988843660485451,True,0,Optimization terminated successfully,19.0,0.04177200000049197,completed_without_exception,,,,,,,,,
CRIME,5,29,291777,RF,"{'n_estimators': np.int64(110), 'min_samples_split': np.int64(8), 'min_samples_leaf': np.int64(5), 'max_depth': np.int64(9)}",paper,Our Eps-Fair,0.3,,0.46115288220551376,0.363937886325946,True,0,Optimization terminated successfully,12.0,0.026078400002006674,completed_without_exception,,,,,,,,,
CRIME,5,29,291777,RF,"{'n_estimators': np.int64(110), 'min_samples_split': np.int64(8), 'min_samples_leaf': np.int64(5), 'max_depth': np.int64(9)}",paper,Our Eps-Fair,0.4,,0.47869674185463656,0.3864013266998342,True,0,Optimization terminated successfully,7.0,0.015320899998187087,completed_without_exception,,,,,,,,,
CRIME,5,29,291777,RF,"{'n_estimators': np.int64(110), 'min_samples_split': np.int64(8), 'min_samples_leaf': np.int64(5), 'max_depth': np.int64(9)}",paper,Our Eps-Fair,0.5,,0.48120300751879697,0.4513794663048394,True,0,Optimization terminated successfully,7.0,0.01493089999712538,completed_without_exception,,,,,,,,,
CRIME,5,29,291777,RF,"{'n_estimators': np.int64(110), 'min_samples_split': np.int64(8), 'min_samples_leaf': np.int64(5), 'max_depth': np.int64(9)}",paper,FairProjection,,0.0,,,False,failed,RuntimeError('`tf.data.Dataset` only supports Python-style iteration in eager mode or within tf.function.'),,,not_completed,,2.0,500.0,cross-entropy,tf,,,,
CRIME,5,29,291777,RF,"{'n_estimators': np.int64(110), 'min_samples_split': np.int64(8), 'min_samples_leaf': np.int64(5), 'max_depth': np.int64(9)}",paper,FairProjection,,0.1,,,False,failed,RuntimeError('`tf.data.Dataset` only supports Python-style iteration in eager mode or within tf.function.'),,,not_completed,,2.0,500.0,cross-entropy,tf,,,,
CRIME,5,29,291777,RF,"{'n_estimators': np.int64(110), 'min_samples_split': np.int64(8), 'min_samples_leaf': np.int64(5), 'max_depth': np.int64(9)}",paper,FairProjection,,0.2,,,False,failed,RuntimeError('`tf.data.Dataset` only supports Python-style iteration in eager mode or within tf.function.'),,,not_completed,,2.0,500.0,cross-entropy,tf,,,,
CRIME,5,29,291777,RF,"{'n_estimators': np.int64(110), 'min_samples_split': np.int64(8), 'min_samples_leaf': np.int64(5), 'max_depth': np.int64(9)}",paper,FairProjection,,0.5,,,False,failed,RuntimeError('`tf.data.Dataset` only supports Python-style iteration in eager mode or within tf.function.'),,,not_completed,,2.0,500.0,cross-entropy,tf,,,,
CRIME,5,29,291777,RF,"{'n_estimators': np.int64(110), 'min_samples_split': np.int64(8), 'min_samples_leaf': np.int64(5), 'max_depth': np.int64(9)}",paper,FairProjection,,0.75,,,False,failed,RuntimeError('`tf.data.Dataset` only supports Python-style iteration in eager mode or within tf.function.'),,,not_completed,,2.0,500.0,cross-entropy,tf,,,,
CRIME,5,29,291777,RF,"{'n_estimators': np.int64(110), 'min_samples_split': np.int64(8), 'min_samples_leaf': np.int64(5), 'max_depth': np.int64(9)}",paper,Fair-transport,,0.0,0.38847117794486213,0.05261570933212725,True,completed_without_exception,optimal,,0.12733139999909326,optimal,,,,,,9.591377692075298e-10,0.6134180431829793,CLARABEL,OSQP
CRIME,5,29,291777,RF,"{'n_estimators': np.int64(110), 'min_samples_split': np.int64(8), 'min_samples_leaf': np.int64(5), 'max_depth': np.int64(9)}",paper,Fair-transport,,0.1,0.41102756892230574,0.14314789687924015,True,completed_without_exception,optimal,,0.12592619999486487,optimal,,,,,,0.10000000122453229,0.5797605046192181,CLARABEL,OSQP
CRIME,5,29,291777,RF,"{'n_estimators': np.int64(110), 'min_samples_split': np.int64(8), 'min_samples_leaf': np.int64(5), 'max_depth': np.int64(9)}",paper,Fair-transport,,0.2,0.45112781954887216,0.28878335594753507,True,completed_without_exception,optimal,,0.12462229999800911,optimal,,,,,,0.2000000004631527,0.551756106787802,CLARABEL,OSQP
CRIME,5,29,291777,RF,"{'n_estimators': np.int64(110), 'min_samples_split': np.int64(8), 'min_samples_leaf': np.int64(5), 'max_depth': np.int64(9)}",paper,Fair-transport,,0.3,0.46616541353383456,0.36898839137645106,True,completed_without_exception,optimal,,0.1251689000018814,optimal,,,,,,0.30000000162257223,0.53347102801402,CLARABEL,OSQP
CRIME,5,29,291777,RF,"{'n_estimators': np.int64(110), 'min_samples_split': np.int64(8), 'min_samples_leaf': np.int64(5), 'max_depth': np.int64(9)}",paper,Fair-transport,,0.4,0.48370927318295737,0.3713251922207146,True,completed_without_exception,optimal,,0.1049788999989687,optimal,,,,,,0.40000000015136444,0.5260426263029881,CLARABEL,OSQP
CRIME,5,29,291777,GBM,"{'reg_lambda': 1, 'reg_alpha': 0, 'num_leaves': np.int64(23), 'n_estimators': np.int64(87), 'min_child_samples': np.int64(30), 'max_depth': np.int64(11)}",paper,Unfair,,,0.48872180451127817,0.5164329865822403,True,not_applicable,not applicable,0.0,0.0,not_applicable,,,,,,,,,
CRIME,5,29,291777,GBM,"{'reg_lambda': 1, 'reg_alpha': 0, 'num_leaves': np.int64(23), 'n_estimators': np.int64(87), 'min_child_samples': np.int64(30), 'max_depth': np.int64(11)}",paper,Our Eps-Fair,0.0,,0.3609022556390977,0.04319312528267752,True,0,Optimization terminated successfully,27.0,0.07738830000016605,completed_without_exception,,,,,,,,,
CRIME,5,29,291777,GBM,"{'reg_lambda': 1, 'reg_alpha': 0, 'num_leaves': np.int64(23), 'n_estimators': np.int64(87), 'min_child_samples': np.int64(30), 'max_depth': np.int64(11)}",paper,Our Eps-Fair,0.1,,0.40601503759398494,0.10063319764812301,True,0,Optimization terminated successfully,33.0,0.0753281999968749,completed_without_exception,,,,,,,,,
CRIME,5,29,291777,GBM,"{'reg_lambda': 1, 'reg_alpha': 0, 'num_leaves': np.int64(23), 'n_estimators': np.int64(87), 'min_child_samples': np.int64(30), 'max_depth': np.int64(11)}",paper,Our Eps-Fair,0.2,,0.42606516290726815,0.18807477762701644,True,0,Optimization terminated successfully,26.0,0.058347099999082275,completed_without_exception,,,,,,,,,
CRIME,5,29,291777,GBM,"{'reg_lambda': 1, 'reg_alpha': 0, 'num_leaves': np.int64(23), 'n_estimators': np.int64(87), 'min_child_samples': np.int64(30), 'max_depth': np.int64(11)}",paper,Our Eps-Fair,0.3,,0.45112781954887216,0.2832051861902608,True,0,Optimization terminated successfully,16.0,0.036237800002709264,completed_without_exception,,,,,,,,,
CRIME,5,29,291777,GBM,"{'reg_lambda': 1, 'reg_alpha': 0, 'num_leaves': np.int64(23), 'n_estimators': np.int64(87), 'min_child_samples': np.int64(30), 'max_depth': np.int64(11)}",paper,Our Eps-Fair,0.4,,0.49624060150375937,0.41685511834765565,True,0,Optimization terminated successfully,11.0,0.025106099998083664,completed_without_exception,,,,,,,,,
CRIME,5,29,291777,GBM,"{'reg_lambda': 1, 'reg_alpha': 0, 'num_leaves': np.int64(23), 'n_estimators': np.int64(87), 'min_child_samples': np.int64(30), 'max_depth': np.int64(11)}",paper,Our Eps-Fair,0.5,,0.48872180451127817,0.5064827378260214,True,0,Optimization terminated successfully,5.0,0.010984199998347322,completed_without_exception,,,,,,,,,
CRIME,5,29,291777,GBM,"{'reg_lambda': 1, 'reg_alpha': 0, 'num_leaves': np.int64(23), 'n_estimators': np.int64(87), 'min_child_samples': np.int64(30), 'max_depth': np.int64(11)}",paper,FairProjection,,0.0,,,False,failed,RuntimeError('`tf.data.Dataset` only supports Python-style iteration in eager mode or within tf.function.'),,,not_completed,,2.0,500.0,cross-entropy,tf,,,,
CRIME,5,29,291777,GBM,"{'reg_lambda': 1, 'reg_alpha': 0, 'num_leaves': np.int64(23), 'n_estimators': np.int64(87), 'min_child_samples': np.int64(30), 'max_depth': np.int64(11)}",paper,FairProjection,,0.1,,,False,failed,RuntimeError('`tf.data.Dataset` only supports Python-style iteration in eager mode or within tf.function.'),,,not_completed,,2.0,500.0,cross-entropy,tf,,,,
CRIME,5,29,291777,GBM,"{'reg_lambda': 1, 'reg_alpha': 0, 'num_leaves': np.int64(23), 'n_estimators': np.int64(87), 'min_child_samples': np.int64(30), 'max_depth': np.int64(11)}",paper,FairProjection,,0.2,,,False,failed,RuntimeError('`tf.data.Dataset` only supports Python-style iteration in eager mode or within tf.function.'),,,not_completed,,2.0,500.0,cross-entropy,tf,,,,
CRIME,5,29,291777,GBM,"{'reg_lambda': 1, 'reg_alpha': 0, 'num_leaves': np.int64(23), 'n_estimators': np.int64(87), 'min_child_samples': np.int64(30), 'max_depth': np.int64(11)}",paper,FairProjection,,0.5,,,False,failed,RuntimeError('`tf.data.Dataset` only supports Python-style iteration in eager mode or within tf.function.'),,,not_completed,,2.0,500.0,cross-entropy,tf,,,,
CRIME,5,29,291777,GBM,"{'reg_lambda': 1, 'reg_alpha': 0, 'num_leaves': np.int64(23), 'n_estimators': np.int64(87), 'min_child_samples': np.int64(30), 'max_depth': np.int64(11)}",paper,FairProjection,,0.75,,,False,failed,RuntimeError('`tf.data.Dataset` only supports Python-style iteration in eager mode or within tf.function.'),,,not_completed,,2.0,500.0,cross-entropy,tf,,,,
CRIME,5,29,291777,GBM,"{'reg_lambda': 1, 'reg_alpha': 0, 'num_leaves': np.int64(23), 'n_estimators': np.int64(87), 'min_child_samples': np.int64(30), 'max_depth': np.int64(11)}",paper,Fair-transport,,0.0,0.3609022556390977,0.038142620232172464,True,completed_without_exception,optimal,,0.1377509000012651,optimal,,,,,,1.4033948447789157e-09,0.4554470210232861,CLARABEL,OSQP
CRIME,5,29,291777,GBM,"{'reg_lambda': 1, 'reg_alpha': 0, 'num_leaves': np.int64(23), 'n_estimators': np.int64(87), 'min_child_samples': np.int64(30), 'max_depth': np.int64(11)}",paper,Fair-transport,,0.1,0.39598997493734334,0.09219056233981607,True,completed_without_exception,optimal,,0.1251012999964587,optimal,,,,,,0.1000000011916824,0.401220369925802,CLARABEL,OSQP
CRIME,5,29,291777,GBM,"{'reg_lambda': 1, 'reg_alpha': 0, 'num_leaves': np.int64(23), 'n_estimators': np.int64(87), 'min_child_samples': np.int64(30), 'max_depth': np.int64(11)}",paper,Fair-transport,,0.2,0.42857142857142855,0.1828735112317202,True,completed_without_exception,optimal,,0.12542869999742834,optimal,,,,,,0.20000000107578086,0.35845651401593065,CLARABEL,OSQP
CRIME,5,29,291777,GBM,"{'reg_lambda': 1, 'reg_alpha': 0, 'num_leaves': np.int64(23), 'n_estimators': np.int64(87), 'min_child_samples': np.int64(30), 'max_depth': np.int64(11)}",paper,Fair-transport,,0.3,0.44862155388471175,0.2832051861902608,True,completed_without_exception,optimal,,0.1257443000031344,optimal,,,,,,0.30000000189512366,0.32788975789021196,CLARABEL,OSQP
CRIME,5,29,291777,GBM,"{'reg_lambda': 1, 'reg_alpha': 0, 'num_leaves': np.int64(23), 'n_estimators': np.int64(87), 'min_child_samples': np.int64(30), 'max_depth': np.int64(11)}",paper,Fair-transport,,0.4,0.49624060150375937,0.41685511834765565,True,completed_without_exception,optimal,,0.10916650000217487,optimal,,,,,,0.400000000268934,0.31025444923542866,CLARABEL,OSQP
