Dataset,K,Repetition,Seed,Model,TunedParameters,DataBudgetProtocol,Method,Epsilon,Alpha,Accuracy,Unfairness,OptimizerSuccess,OptimizerStatus,OptimizerMessage,OptimizerIterations,PostprocessRuntimeSeconds,Convergence,SolverResidual,ProjectionRho,ProjectionMaxIterRequested,ProjectionDivergence,ProjectionMethod,TransportCalibrationDPGap,TransportObjective,TransportMIPSolver,TransportQPSolver
DRUG,4,0,777,reglog,{},paper,FairProjection,,0.0,,,False,failed,RuntimeError('`tf.data.Dataset` only supports Python-style iteration in eager mode or within tf.function.'),,,not_completed,,2.0,500.0,cross-entropy,tf,,,,
DRUG,4,0,777,reglog,{},paper,FairProjection,,0.1,,,False,failed,RuntimeError('`tf.data.Dataset` only supports Python-style iteration in eager mode or within tf.function.'),,,not_completed,,2.0,500.0,cross-entropy,tf,,,,
DRUG,4,0,777,reglog,{},paper,FairProjection,,0.2,,,False,failed,RuntimeError('`tf.data.Dataset` only supports Python-style iteration in eager mode or within tf.function.'),,,not_completed,,2.0,500.0,cross-entropy,tf,,,,
DRUG,4,0,777,reglog,{},paper,FairProjection,,0.5,,,False,failed,RuntimeError('`tf.data.Dataset` only supports Python-style iteration in eager mode or within tf.function.'),,,not_completed,,2.0,500.0,cross-entropy,tf,,,,
DRUG,4,0,777,reglog,{},paper,FairProjection,,0.75,,,False,failed,RuntimeError('`tf.data.Dataset` only supports Python-style iteration in eager mode or within tf.function.'),,,not_completed,,2.0,500.0,cross-entropy,tf,,,,
DRUG,4,0,777,RF,"{'n_estimators': np.int64(189), 'min_samples_split': np.int64(10), 'min_samples_leaf': np.int64(5), 'max_depth': np.int64(6)}",paper,FairProjection,,0.0,,,False,failed,RuntimeError('`tf.data.Dataset` only supports Python-style iteration in eager mode or within tf.function.'),,,not_completed,,2.0,500.0,cross-entropy,tf,,,,
DRUG,4,0,777,RF,"{'n_estimators': np.int64(189), 'min_samples_split': np.int64(10), 'min_samples_leaf': np.int64(5), 'max_depth': np.int64(6)}",paper,FairProjection,,0.1,,,False,failed,RuntimeError('`tf.data.Dataset` only supports Python-style iteration in eager mode or within tf.function.'),,,not_completed,,2.0,500.0,cross-entropy,tf,,,,
DRUG,4,0,777,RF,"{'n_estimators': np.int64(189), 'min_samples_split': np.int64(10), 'min_samples_leaf': np.int64(5), 'max_depth': np.int64(6)}",paper,FairProjection,,0.2,,,False,failed,RuntimeError('`tf.data.Dataset` only supports Python-style iteration in eager mode or within tf.function.'),,,not_completed,,2.0,500.0,cross-entropy,tf,,,,
DRUG,4,0,777,RF,"{'n_estimators': np.int64(189), 'min_samples_split': np.int64(10), 'min_samples_leaf': np.int64(5), 'max_depth': np.int64(6)}",paper,FairProjection,,0.5,,,False,failed,RuntimeError('`tf.data.Dataset` only supports Python-style iteration in eager mode or within tf.function.'),,,not_completed,,2.0,500.0,cross-entropy,tf,,,,
DRUG,4,0,777,RF,"{'n_estimators': np.int64(189), 'min_samples_split': np.int64(10), 'min_samples_leaf': np.int64(5), 'max_depth': np.int64(6)}",paper,FairProjection,,0.75,,,False,failed,RuntimeError('`tf.data.Dataset` only supports Python-style iteration in eager mode or within tf.function.'),,,not_completed,,2.0,500.0,cross-entropy,tf,,,,
DRUG,4,0,777,GBM,"{'reg_lambda': 0, 'reg_alpha': 5, 'num_leaves': np.int64(47), 'n_estimators': np.int64(20), 'min_child_samples': np.int64(41), 'max_depth': np.int64(10)}",paper,FairProjection,,0.0,,,False,failed,RuntimeError('`tf.data.Dataset` only supports Python-style iteration in eager mode or within tf.function.'),,,not_completed,,2.0,500.0,cross-entropy,tf,,,,
DRUG,4,0,777,GBM,"{'reg_lambda': 0, 'reg_alpha': 5, 'num_leaves': np.int64(47), 'n_estimators': np.int64(20), 'min_child_samples': np.int64(41), 'max_depth': np.int64(10)}",paper,FairProjection,,0.1,,,False,failed,RuntimeError('`tf.data.Dataset` only supports Python-style iteration in eager mode or within tf.function.'),,,not_completed,,2.0,500.0,cross-entropy,tf,,,,
DRUG,4,0,777,GBM,"{'reg_lambda': 0, 'reg_alpha': 5, 'num_leaves': np.int64(47), 'n_estimators': np.int64(20), 'min_child_samples': np.int64(41), 'max_depth': np.int64(10)}",paper,FairProjection,,0.2,,,False,failed,RuntimeError('`tf.data.Dataset` only supports Python-style iteration in eager mode or within tf.function.'),,,not_completed,,2.0,500.0,cross-entropy,tf,,,,
DRUG,4,0,777,GBM,"{'reg_lambda': 0, 'reg_alpha': 5, 'num_leaves': np.int64(47), 'n_estimators': np.int64(20), 'min_child_samples': np.int64(41), 'max_depth': np.int64(10)}",paper,FairProjection,,0.5,,,False,failed,RuntimeError('`tf.data.Dataset` only supports Python-style iteration in eager mode or within tf.function.'),,,not_completed,,2.0,500.0,cross-entropy,tf,,,,
DRUG,4,0,777,GBM,"{'reg_lambda': 0, 'reg_alpha': 5, 'num_leaves': np.int64(47), 'n_estimators': np.int64(20), 'min_child_samples': np.int64(41), 'max_depth': np.int64(10)}",paper,FairProjection,,0.75,,,False,failed,RuntimeError('`tf.data.Dataset` only supports Python-style iteration in eager mode or within tf.function.'),,,not_completed,,2.0,500.0,cross-entropy,tf,,,,
DRUG,4,1,10777,reglog,{},paper,FairProjection,,0.0,,,False,failed,RuntimeError('`tf.data.Dataset` only supports Python-style iteration in eager mode or within tf.function.'),,,not_completed,,2.0,500.0,cross-entropy,tf,,,,
DRUG,4,1,10777,reglog,{},paper,FairProjection,,0.1,,,False,failed,RuntimeError('`tf.data.Dataset` only supports Python-style iteration in eager mode or within tf.function.'),,,not_completed,,2.0,500.0,cross-entropy,tf,,,,
DRUG,4,1,10777,reglog,{},paper,FairProjection,,0.2,,,False,failed,RuntimeError('`tf.data.Dataset` only supports Python-style iteration in eager mode or within tf.function.'),,,not_completed,,2.0,500.0,cross-entropy,tf,,,,
DRUG,4,1,10777,reglog,{},paper,FairProjection,,0.5,,,False,failed,RuntimeError('`tf.data.Dataset` only supports Python-style iteration in eager mode or within tf.function.'),,,not_completed,,2.0,500.0,cross-entropy,tf,,,,
DRUG,4,1,10777,reglog,{},paper,FairProjection,,0.75,,,False,failed,RuntimeError('`tf.data.Dataset` only supports Python-style iteration in eager mode or within tf.function.'),,,not_completed,,2.0,500.0,cross-entropy,tf,,,,
DRUG,4,1,10777,RF,"{'n_estimators': np.int64(134), 'min_samples_split': np.int64(4), 'min_samples_leaf': np.int64(8), 'max_depth': np.int64(11)}",paper,FairProjection,,0.0,,,False,failed,RuntimeError('`tf.data.Dataset` only supports Python-style iteration in eager mode or within tf.function.'),,,not_completed,,2.0,500.0,cross-entropy,tf,,,,
DRUG,4,1,10777,RF,"{'n_estimators': np.int64(134), 'min_samples_split': np.int64(4), 'min_samples_leaf': np.int64(8), 'max_depth': np.int64(11)}",paper,FairProjection,,0.1,,,False,failed,RuntimeError('`tf.data.Dataset` only supports Python-style iteration in eager mode or within tf.function.'),,,not_completed,,2.0,500.0,cross-entropy,tf,,,,
DRUG,4,1,10777,RF,"{'n_estimators': np.int64(134), 'min_samples_split': np.int64(4), 'min_samples_leaf': np.int64(8), 'max_depth': np.int64(11)}",paper,FairProjection,,0.2,,,False,failed,RuntimeError('`tf.data.Dataset` only supports Python-style iteration in eager mode or within tf.function.'),,,not_completed,,2.0,500.0,cross-entropy,tf,,,,
DRUG,4,1,10777,RF,"{'n_estimators': np.int64(134), 'min_samples_split': np.int64(4), 'min_samples_leaf': np.int64(8), 'max_depth': np.int64(11)}",paper,FairProjection,,0.5,,,False,failed,RuntimeError('`tf.data.Dataset` only supports Python-style iteration in eager mode or within tf.function.'),,,not_completed,,2.0,500.0,cross-entropy,tf,,,,
DRUG,4,1,10777,RF,"{'n_estimators': np.int64(134), 'min_samples_split': np.int64(4), 'min_samples_leaf': np.int64(8), 'max_depth': np.int64(11)}",paper,FairProjection,,0.75,,,False,failed,RuntimeError('`tf.data.Dataset` only supports Python-style iteration in eager mode or within tf.function.'),,,not_completed,,2.0,500.0,cross-entropy,tf,,,,
DRUG,4,1,10777,GBM,"{'reg_lambda': 1, 'reg_alpha': 20, 'num_leaves': np.int64(36), 'n_estimators': np.int64(139), 'min_child_samples': np.int64(71), 'max_depth': np.int64(8)}",paper,FairProjection,,0.0,,,False,failed,RuntimeError('`tf.data.Dataset` only supports Python-style iteration in eager mode or within tf.function.'),,,not_completed,,2.0,500.0,cross-entropy,tf,,,,
DRUG,4,1,10777,GBM,"{'reg_lambda': 1, 'reg_alpha': 20, 'num_leaves': np.int64(36), 'n_estimators': np.int64(139), 'min_child_samples': np.int64(71), 'max_depth': np.int64(8)}",paper,FairProjection,,0.1,,,False,failed,RuntimeError('`tf.data.Dataset` only supports Python-style iteration in eager mode or within tf.function.'),,,not_completed,,2.0,500.0,cross-entropy,tf,,,,
DRUG,4,1,10777,GBM,"{'reg_lambda': 1, 'reg_alpha': 20, 'num_leaves': np.int64(36), 'n_estimators': np.int64(139), 'min_child_samples': np.int64(71), 'max_depth': np.int64(8)}",paper,FairProjection,,0.2,,,False,failed,RuntimeError('`tf.data.Dataset` only supports Python-style iteration in eager mode or within tf.function.'),,,not_completed,,2.0,500.0,cross-entropy,tf,,,,
DRUG,4,1,10777,GBM,"{'reg_lambda': 1, 'reg_alpha': 20, 'num_leaves': np.int64(36), 'n_estimators': np.int64(139), 'min_child_samples': np.int64(71), 'max_depth': np.int64(8)}",paper,FairProjection,,0.5,,,False,failed,RuntimeError('`tf.data.Dataset` only supports Python-style iteration in eager mode or within tf.function.'),,,not_completed,,2.0,500.0,cross-entropy,tf,,,,
DRUG,4,1,10777,GBM,"{'reg_lambda': 1, 'reg_alpha': 20, 'num_leaves': np.int64(36), 'n_estimators': np.int64(139), 'min_child_samples': np.int64(71), 'max_depth': np.int64(8)}",paper,FairProjection,,0.75,,,False,failed,RuntimeError('`tf.data.Dataset` only supports Python-style iteration in eager mode or within tf.function.'),,,not_completed,,2.0,500.0,cross-entropy,tf,,,,
DRUG,4,2,20777,reglog,{},paper,FairProjection,,0.0,,,False,failed,RuntimeError('`tf.data.Dataset` only supports Python-style iteration in eager mode or within tf.function.'),,,not_completed,,2.0,500.0,cross-entropy,tf,,,,
DRUG,4,2,20777,reglog,{},paper,FairProjection,,0.1,,,False,failed,RuntimeError('`tf.data.Dataset` only supports Python-style iteration in eager mode or within tf.function.'),,,not_completed,,2.0,500.0,cross-entropy,tf,,,,
DRUG,4,2,20777,reglog,{},paper,FairProjection,,0.2,,,False,failed,RuntimeError('`tf.data.Dataset` only supports Python-style iteration in eager mode or within tf.function.'),,,not_completed,,2.0,500.0,cross-entropy,tf,,,,
DRUG,4,2,20777,reglog,{},paper,FairProjection,,0.5,,,False,failed,RuntimeError('`tf.data.Dataset` only supports Python-style iteration in eager mode or within tf.function.'),,,not_completed,,2.0,500.0,cross-entropy,tf,,,,
DRUG,4,2,20777,reglog,{},paper,FairProjection,,0.75,,,False,failed,RuntimeError('`tf.data.Dataset` only supports Python-style iteration in eager mode or within tf.function.'),,,not_completed,,2.0,500.0,cross-entropy,tf,,,,
DRUG,4,2,20777,RF,"{'n_estimators': np.int64(122), 'min_samples_split': np.int64(7), 'min_samples_leaf': np.int64(2), 'max_depth': np.int64(9)}",paper,FairProjection,,0.0,,,False,failed,RuntimeError('`tf.data.Dataset` only supports Python-style iteration in eager mode or within tf.function.'),,,not_completed,,2.0,500.0,cross-entropy,tf,,,,
DRUG,4,2,20777,RF,"{'n_estimators': np.int64(122), 'min_samples_split': np.int64(7), 'min_samples_leaf': np.int64(2), 'max_depth': np.int64(9)}",paper,FairProjection,,0.1,,,False,failed,RuntimeError('`tf.data.Dataset` only supports Python-style iteration in eager mode or within tf.function.'),,,not_completed,,2.0,500.0,cross-entropy,tf,,,,
DRUG,4,2,20777,RF,"{'n_estimators': np.int64(122), 'min_samples_split': np.int64(7), 'min_samples_leaf': np.int64(2), 'max_depth': np.int64(9)}",paper,FairProjection,,0.2,,,False,failed,RuntimeError('`tf.data.Dataset` only supports Python-style iteration in eager mode or within tf.function.'),,,not_completed,,2.0,500.0,cross-entropy,tf,,,,
DRUG,4,2,20777,RF,"{'n_estimators': np.int64(122), 'min_samples_split': np.int64(7), 'min_samples_leaf': np.int64(2), 'max_depth': np.int64(9)}",paper,FairProjection,,0.5,,,False,failed,RuntimeError('`tf.data.Dataset` only supports Python-style iteration in eager mode or within tf.function.'),,,not_completed,,2.0,500.0,cross-entropy,tf,,,,
DRUG,4,2,20777,RF,"{'n_estimators': np.int64(122), 'min_samples_split': np.int64(7), 'min_samples_leaf': np.int64(2), 'max_depth': np.int64(9)}",paper,FairProjection,,0.75,,,False,failed,RuntimeError('`tf.data.Dataset` only supports Python-style iteration in eager mode or within tf.function.'),,,not_completed,,2.0,500.0,cross-entropy,tf,,,,
DRUG,4,2,20777,GBM,"{'reg_lambda': 1, 'reg_alpha': 2, 'num_leaves': np.int64(44), 'n_estimators': np.int64(63), 'min_child_samples': np.int64(78), 'max_depth': np.int64(7)}",paper,FairProjection,,0.0,,,False,failed,RuntimeError('`tf.data.Dataset` only supports Python-style iteration in eager mode or within tf.function.'),,,not_completed,,2.0,500.0,cross-entropy,tf,,,,
DRUG,4,2,20777,GBM,"{'reg_lambda': 1, 'reg_alpha': 2, 'num_leaves': np.int64(44), 'n_estimators': np.int64(63), 'min_child_samples': np.int64(78), 'max_depth': np.int64(7)}",paper,FairProjection,,0.1,,,False,failed,RuntimeError('`tf.data.Dataset` only supports Python-style iteration in eager mode or within tf.function.'),,,not_completed,,2.0,500.0,cross-entropy,tf,,,,
DRUG,4,2,20777,GBM,"{'reg_lambda': 1, 'reg_alpha': 2, 'num_leaves': np.int64(44), 'n_estimators': np.int64(63), 'min_child_samples': np.int64(78), 'max_depth': np.int64(7)}",paper,FairProjection,,0.2,,,False,failed,RuntimeError('`tf.data.Dataset` only supports Python-style iteration in eager mode or within tf.function.'),,,not_completed,,2.0,500.0,cross-entropy,tf,,,,
DRUG,4,2,20777,GBM,"{'reg_lambda': 1, 'reg_alpha': 2, 'num_leaves': np.int64(44), 'n_estimators': np.int64(63), 'min_child_samples': np.int64(78), 'max_depth': np.int64(7)}",paper,FairProjection,,0.5,,,False,failed,RuntimeError('`tf.data.Dataset` only supports Python-style iteration in eager mode or within tf.function.'),,,not_completed,,2.0,500.0,cross-entropy,tf,,,,
DRUG,4,2,20777,GBM,"{'reg_lambda': 1, 'reg_alpha': 2, 'num_leaves': np.int64(44), 'n_estimators': np.int64(63), 'min_child_samples': np.int64(78), 'max_depth': np.int64(7)}",paper,FairProjection,,0.75,,,False,failed,RuntimeError('`tf.data.Dataset` only supports Python-style iteration in eager mode or within tf.function.'),,,not_completed,,2.0,500.0,cross-entropy,tf,,,,
DRUG,4,3,30777,reglog,{},paper,FairProjection,,0.0,,,False,failed,RuntimeError('`tf.data.Dataset` only supports Python-style iteration in eager mode or within tf.function.'),,,not_completed,,2.0,500.0,cross-entropy,tf,,,,
DRUG,4,3,30777,reglog,{},paper,FairProjection,,0.1,,,False,failed,RuntimeError('`tf.data.Dataset` only supports Python-style iteration in eager mode or within tf.function.'),,,not_completed,,2.0,500.0,cross-entropy,tf,,,,
DRUG,4,3,30777,reglog,{},paper,FairProjection,,0.2,,,False,failed,RuntimeError('`tf.data.Dataset` only supports Python-style iteration in eager mode or within tf.function.'),,,not_completed,,2.0,500.0,cross-entropy,tf,,,,
DRUG,4,3,30777,reglog,{},paper,FairProjection,,0.5,,,False,failed,RuntimeError('`tf.data.Dataset` only supports Python-style iteration in eager mode or within tf.function.'),,,not_completed,,2.0,500.0,cross-entropy,tf,,,,
DRUG,4,3,30777,reglog,{},paper,FairProjection,,0.75,,,False,failed,RuntimeError('`tf.data.Dataset` only supports Python-style iteration in eager mode or within tf.function.'),,,not_completed,,2.0,500.0,cross-entropy,tf,,,,
DRUG,4,3,30777,RF,"{'n_estimators': np.int64(33), 'min_samples_split': np.int64(6), 'min_samples_leaf': np.int64(8), 'max_depth': np.int64(12)}",paper,FairProjection,,0.0,,,False,failed,RuntimeError('`tf.data.Dataset` only supports Python-style iteration in eager mode or within tf.function.'),,,not_completed,,2.0,500.0,cross-entropy,tf,,,,
DRUG,4,3,30777,RF,"{'n_estimators': np.int64(33), 'min_samples_split': np.int64(6), 'min_samples_leaf': np.int64(8), 'max_depth': np.int64(12)}",paper,FairProjection,,0.1,,,False,failed,RuntimeError('`tf.data.Dataset` only supports Python-style iteration in eager mode or within tf.function.'),,,not_completed,,2.0,500.0,cross-entropy,tf,,,,
DRUG,4,3,30777,RF,"{'n_estimators': np.int64(33), 'min_samples_split': np.int64(6), 'min_samples_leaf': np.int64(8), 'max_depth': np.int64(12)}",paper,FairProjection,,0.2,,,False,failed,RuntimeError('`tf.data.Dataset` only supports Python-style iteration in eager mode or within tf.function.'),,,not_completed,,2.0,500.0,cross-entropy,tf,,,,
DRUG,4,3,30777,RF,"{'n_estimators': np.int64(33), 'min_samples_split': np.int64(6), 'min_samples_leaf': np.int64(8), 'max_depth': np.int64(12)}",paper,FairProjection,,0.5,,,False,failed,RuntimeError('`tf.data.Dataset` only supports Python-style iteration in eager mode or within tf.function.'),,,not_completed,,2.0,500.0,cross-entropy,tf,,,,
DRUG,4,3,30777,RF,"{'n_estimators': np.int64(33), 'min_samples_split': np.int64(6), 'min_samples_leaf': np.int64(8), 'max_depth': np.int64(12)}",paper,FairProjection,,0.75,,,False,failed,RuntimeError('`tf.data.Dataset` only supports Python-style iteration in eager mode or within tf.function.'),,,not_completed,,2.0,500.0,cross-entropy,tf,,,,
DRUG,4,3,30777,GBM,"{'reg_lambda': 20, 'reg_alpha': 0, 'num_leaves': np.int64(28), 'n_estimators': np.int64(71), 'min_child_samples': np.int64(99), 'max_depth': np.int64(12)}",paper,FairProjection,,0.0,,,False,failed,RuntimeError('`tf.data.Dataset` only supports Python-style iteration in eager mode or within tf.function.'),,,not_completed,,2.0,500.0,cross-entropy,tf,,,,
DRUG,4,3,30777,GBM,"{'reg_lambda': 20, 'reg_alpha': 0, 'num_leaves': np.int64(28), 'n_estimators': np.int64(71), 'min_child_samples': np.int64(99), 'max_depth': np.int64(12)}",paper,FairProjection,,0.1,,,False,failed,RuntimeError('`tf.data.Dataset` only supports Python-style iteration in eager mode or within tf.function.'),,,not_completed,,2.0,500.0,cross-entropy,tf,,,,
DRUG,4,3,30777,GBM,"{'reg_lambda': 20, 'reg_alpha': 0, 'num_leaves': np.int64(28), 'n_estimators': np.int64(71), 'min_child_samples': np.int64(99), 'max_depth': np.int64(12)}",paper,FairProjection,,0.2,,,False,failed,RuntimeError('`tf.data.Dataset` only supports Python-style iteration in eager mode or within tf.function.'),,,not_completed,,2.0,500.0,cross-entropy,tf,,,,
DRUG,4,3,30777,GBM,"{'reg_lambda': 20, 'reg_alpha': 0, 'num_leaves': np.int64(28), 'n_estimators': np.int64(71), 'min_child_samples': np.int64(99), 'max_depth': np.int64(12)}",paper,FairProjection,,0.5,,,False,failed,RuntimeError('`tf.data.Dataset` only supports Python-style iteration in eager mode or within tf.function.'),,,not_completed,,2.0,500.0,cross-entropy,tf,,,,
DRUG,4,3,30777,GBM,"{'reg_lambda': 20, 'reg_alpha': 0, 'num_leaves': np.int64(28), 'n_estimators': np.int64(71), 'min_child_samples': np.int64(99), 'max_depth': np.int64(12)}",paper,FairProjection,,0.75,,,False,failed,RuntimeError('`tf.data.Dataset` only supports Python-style iteration in eager mode or within tf.function.'),,,not_completed,,2.0,500.0,cross-entropy,tf,,,,
DRUG,4,4,40777,reglog,{},paper,FairProjection,,0.0,,,False,failed,RuntimeError('`tf.data.Dataset` only supports Python-style iteration in eager mode or within tf.function.'),,,not_completed,,2.0,500.0,cross-entropy,tf,,,,
DRUG,4,4,40777,reglog,{},paper,FairProjection,,0.1,,,False,failed,RuntimeError('`tf.data.Dataset` only supports Python-style iteration in eager mode or within tf.function.'),,,not_completed,,2.0,500.0,cross-entropy,tf,,,,
DRUG,4,4,40777,reglog,{},paper,FairProjection,,0.2,,,False,failed,RuntimeError('`tf.data.Dataset` only supports Python-style iteration in eager mode or within tf.function.'),,,not_completed,,2.0,500.0,cross-entropy,tf,,,,
DRUG,4,4,40777,reglog,{},paper,FairProjection,,0.5,,,False,failed,RuntimeError('`tf.data.Dataset` only supports Python-style iteration in eager mode or within tf.function.'),,,not_completed,,2.0,500.0,cross-entropy,tf,,,,
DRUG,4,4,40777,reglog,{},paper,FairProjection,,0.75,,,False,failed,RuntimeError('`tf.data.Dataset` only supports Python-style iteration in eager mode or within tf.function.'),,,not_completed,,2.0,500.0,cross-entropy,tf,,,,
DRUG,4,4,40777,RF,"{'n_estimators': np.int64(116), 'min_samples_split': np.int64(8), 'min_samples_leaf': np.int64(6), 'max_depth': np.int64(3)}",paper,FairProjection,,0.0,,,False,failed,RuntimeError('`tf.data.Dataset` only supports Python-style iteration in eager mode or within tf.function.'),,,not_completed,,2.0,500.0,cross-entropy,tf,,,,
DRUG,4,4,40777,RF,"{'n_estimators': np.int64(116), 'min_samples_split': np.int64(8), 'min_samples_leaf': np.int64(6), 'max_depth': np.int64(3)}",paper,FairProjection,,0.1,,,False,failed,RuntimeError('`tf.data.Dataset` only supports Python-style iteration in eager mode or within tf.function.'),,,not_completed,,2.0,500.0,cross-entropy,tf,,,,
DRUG,4,4,40777,RF,"{'n_estimators': np.int64(116), 'min_samples_split': np.int64(8), 'min_samples_leaf': np.int64(6), 'max_depth': np.int64(3)}",paper,FairProjection,,0.2,,,False,failed,RuntimeError('`tf.data.Dataset` only supports Python-style iteration in eager mode or within tf.function.'),,,not_completed,,2.0,500.0,cross-entropy,tf,,,,
DRUG,4,4,40777,RF,"{'n_estimators': np.int64(116), 'min_samples_split': np.int64(8), 'min_samples_leaf': np.int64(6), 'max_depth': np.int64(3)}",paper,FairProjection,,0.5,,,False,failed,RuntimeError('`tf.data.Dataset` only supports Python-style iteration in eager mode or within tf.function.'),,,not_completed,,2.0,500.0,cross-entropy,tf,,,,
DRUG,4,4,40777,RF,"{'n_estimators': np.int64(116), 'min_samples_split': np.int64(8), 'min_samples_leaf': np.int64(6), 'max_depth': np.int64(3)}",paper,FairProjection,,0.75,,,False,failed,RuntimeError('`tf.data.Dataset` only supports Python-style iteration in eager mode or within tf.function.'),,,not_completed,,2.0,500.0,cross-entropy,tf,,,,
DRUG,4,4,40777,GBM,"{'reg_lambda': 20, 'reg_alpha': 0.1, 'num_leaves': np.int64(35), 'n_estimators': np.int64(110), 'min_child_samples': np.int64(46), 'max_depth': np.int64(2)}",paper,FairProjection,,0.0,,,False,failed,RuntimeError('`tf.data.Dataset` only supports Python-style iteration in eager mode or within tf.function.'),,,not_completed,,2.0,500.0,cross-entropy,tf,,,,
DRUG,4,4,40777,GBM,"{'reg_lambda': 20, 'reg_alpha': 0.1, 'num_leaves': np.int64(35), 'n_estimators': np.int64(110), 'min_child_samples': np.int64(46), 'max_depth': np.int64(2)}",paper,FairProjection,,0.1,,,False,failed,RuntimeError('`tf.data.Dataset` only supports Python-style iteration in eager mode or within tf.function.'),,,not_completed,,2.0,500.0,cross-entropy,tf,,,,
DRUG,4,4,40777,GBM,"{'reg_lambda': 20, 'reg_alpha': 0.1, 'num_leaves': np.int64(35), 'n_estimators': np.int64(110), 'min_child_samples': np.int64(46), 'max_depth': np.int64(2)}",paper,FairProjection,,0.2,,,False,failed,RuntimeError('`tf.data.Dataset` only supports Python-style iteration in eager mode or within tf.function.'),,,not_completed,,2.0,500.0,cross-entropy,tf,,,,
DRUG,4,4,40777,GBM,"{'reg_lambda': 20, 'reg_alpha': 0.1, 'num_leaves': np.int64(35), 'n_estimators': np.int64(110), 'min_child_samples': np.int64(46), 'max_depth': np.int64(2)}",paper,FairProjection,,0.5,,,False,failed,RuntimeError('`tf.data.Dataset` only supports Python-style iteration in eager mode or within tf.function.'),,,not_completed,,2.0,500.0,cross-entropy,tf,,,,
DRUG,4,4,40777,GBM,"{'reg_lambda': 20, 'reg_alpha': 0.1, 'num_leaves': np.int64(35), 'n_estimators': np.int64(110), 'min_child_samples': np.int64(46), 'max_depth': np.int64(2)}",paper,FairProjection,,0.75,,,False,failed,RuntimeError('`tf.data.Dataset` only supports Python-style iteration in eager mode or within tf.function.'),,,not_completed,,2.0,500.0,cross-entropy,tf,,,,
DRUG,4,5,50777,reglog,{},paper,FairProjection,,0.0,,,False,failed,RuntimeError('`tf.data.Dataset` only supports Python-style iteration in eager mode or within tf.function.'),,,not_completed,,2.0,500.0,cross-entropy,tf,,,,
DRUG,4,5,50777,reglog,{},paper,FairProjection,,0.1,,,False,failed,RuntimeError('`tf.data.Dataset` only supports Python-style iteration in eager mode or within tf.function.'),,,not_completed,,2.0,500.0,cross-entropy,tf,,,,
DRUG,4,5,50777,reglog,{},paper,FairProjection,,0.2,,,False,failed,RuntimeError('`tf.data.Dataset` only supports Python-style iteration in eager mode or within tf.function.'),,,not_completed,,2.0,500.0,cross-entropy,tf,,,,
DRUG,4,5,50777,reglog,{},paper,FairProjection,,0.5,,,False,failed,RuntimeError('`tf.data.Dataset` only supports Python-style iteration in eager mode or within tf.function.'),,,not_completed,,2.0,500.0,cross-entropy,tf,,,,
DRUG,4,5,50777,reglog,{},paper,FairProjection,,0.75,,,False,failed,RuntimeError('`tf.data.Dataset` only supports Python-style iteration in eager mode or within tf.function.'),,,not_completed,,2.0,500.0,cross-entropy,tf,,,,
DRUG,4,5,50777,RF,"{'n_estimators': np.int64(73), 'min_samples_split': np.int64(3), 'min_samples_leaf': np.int64(7), 'max_depth': np.int64(2)}",paper,FairProjection,,0.0,,,False,failed,RuntimeError('`tf.data.Dataset` only supports Python-style iteration in eager mode or within tf.function.'),,,not_completed,,2.0,500.0,cross-entropy,tf,,,,
DRUG,4,5,50777,RF,"{'n_estimators': np.int64(73), 'min_samples_split': np.int64(3), 'min_samples_leaf': np.int64(7), 'max_depth': np.int64(2)}",paper,FairProjection,,0.1,,,False,failed,RuntimeError('`tf.data.Dataset` only supports Python-style iteration in eager mode or within tf.function.'),,,not_completed,,2.0,500.0,cross-entropy,tf,,,,
DRUG,4,5,50777,RF,"{'n_estimators': np.int64(73), 'min_samples_split': np.int64(3), 'min_samples_leaf': np.int64(7), 'max_depth': np.int64(2)}",paper,FairProjection,,0.2,,,False,failed,RuntimeError('`tf.data.Dataset` only supports Python-style iteration in eager mode or within tf.function.'),,,not_completed,,2.0,500.0,cross-entropy,tf,,,,
DRUG,4,5,50777,RF,"{'n_estimators': np.int64(73), 'min_samples_split': np.int64(3), 'min_samples_leaf': np.int64(7), 'max_depth': np.int64(2)}",paper,FairProjection,,0.5,,,False,failed,RuntimeError('`tf.data.Dataset` only supports Python-style iteration in eager mode or within tf.function.'),,,not_completed,,2.0,500.0,cross-entropy,tf,,,,
DRUG,4,5,50777,RF,"{'n_estimators': np.int64(73), 'min_samples_split': np.int64(3), 'min_samples_leaf': np.int64(7), 'max_depth': np.int64(2)}",paper,FairProjection,,0.75,,,False,failed,RuntimeError('`tf.data.Dataset` only supports Python-style iteration in eager mode or within tf.function.'),,,not_completed,,2.0,500.0,cross-entropy,tf,,,,
DRUG,4,5,50777,GBM,"{'reg_lambda': 0, 'reg_alpha': 20, 'num_leaves': np.int64(32), 'n_estimators': np.int64(157), 'min_child_samples': np.int64(75), 'max_depth': np.int64(15)}",paper,FairProjection,,0.0,,,False,failed,RuntimeError('`tf.data.Dataset` only supports Python-style iteration in eager mode or within tf.function.'),,,not_completed,,2.0,500.0,cross-entropy,tf,,,,
DRUG,4,5,50777,GBM,"{'reg_lambda': 0, 'reg_alpha': 20, 'num_leaves': np.int64(32), 'n_estimators': np.int64(157), 'min_child_samples': np.int64(75), 'max_depth': np.int64(15)}",paper,FairProjection,,0.1,,,False,failed,RuntimeError('`tf.data.Dataset` only supports Python-style iteration in eager mode or within tf.function.'),,,not_completed,,2.0,500.0,cross-entropy,tf,,,,
DRUG,4,5,50777,GBM,"{'reg_lambda': 0, 'reg_alpha': 20, 'num_leaves': np.int64(32), 'n_estimators': np.int64(157), 'min_child_samples': np.int64(75), 'max_depth': np.int64(15)}",paper,FairProjection,,0.2,,,False,failed,RuntimeError('`tf.data.Dataset` only supports Python-style iteration in eager mode or within tf.function.'),,,not_completed,,2.0,500.0,cross-entropy,tf,,,,
DRUG,4,5,50777,GBM,"{'reg_lambda': 0, 'reg_alpha': 20, 'num_leaves': np.int64(32), 'n_estimators': np.int64(157), 'min_child_samples': np.int64(75), 'max_depth': np.int64(15)}",paper,FairProjection,,0.5,,,False,failed,RuntimeError('`tf.data.Dataset` only supports Python-style iteration in eager mode or within tf.function.'),,,not_completed,,2.0,500.0,cross-entropy,tf,,,,
DRUG,4,5,50777,GBM,"{'reg_lambda': 0, 'reg_alpha': 20, 'num_leaves': np.int64(32), 'n_estimators': np.int64(157), 'min_child_samples': np.int64(75), 'max_depth': np.int64(15)}",paper,FairProjection,,0.75,,,False,failed,RuntimeError('`tf.data.Dataset` only supports Python-style iteration in eager mode or within tf.function.'),,,not_completed,,2.0,500.0,cross-entropy,tf,,,,
DRUG,4,6,60777,reglog,{},paper,FairProjection,,0.0,,,False,failed,RuntimeError('`tf.data.Dataset` only supports Python-style iteration in eager mode or within tf.function.'),,,not_completed,,2.0,500.0,cross-entropy,tf,,,,
DRUG,4,6,60777,reglog,{},paper,FairProjection,,0.1,,,False,failed,RuntimeError('`tf.data.Dataset` only supports Python-style iteration in eager mode or within tf.function.'),,,not_completed,,2.0,500.0,cross-entropy,tf,,,,
DRUG,4,6,60777,reglog,{},paper,FairProjection,,0.2,,,False,failed,RuntimeError('`tf.data.Dataset` only supports Python-style iteration in eager mode or within tf.function.'),,,not_completed,,2.0,500.0,cross-entropy,tf,,,,
DRUG,4,6,60777,reglog,{},paper,FairProjection,,0.5,,,False,failed,RuntimeError('`tf.data.Dataset` only supports Python-style iteration in eager mode or within tf.function.'),,,not_completed,,2.0,500.0,cross-entropy,tf,,,,
DRUG,4,6,60777,reglog,{},paper,FairProjection,,0.75,,,False,failed,RuntimeError('`tf.data.Dataset` only supports Python-style iteration in eager mode or within tf.function.'),,,not_completed,,2.0,500.0,cross-entropy,tf,,,,
DRUG,4,6,60777,RF,"{'n_estimators': np.int64(99), 'min_samples_split': np.int64(8), 'min_samples_leaf': np.int64(5), 'max_depth': np.int64(14)}",paper,FairProjection,,0.0,,,False,failed,RuntimeError('`tf.data.Dataset` only supports Python-style iteration in eager mode or within tf.function.'),,,not_completed,,2.0,500.0,cross-entropy,tf,,,,
DRUG,4,6,60777,RF,"{'n_estimators': np.int64(99), 'min_samples_split': np.int64(8), 'min_samples_leaf': np.int64(5), 'max_depth': np.int64(14)}",paper,FairProjection,,0.1,,,False,failed,RuntimeError('`tf.data.Dataset` only supports Python-style iteration in eager mode or within tf.function.'),,,not_completed,,2.0,500.0,cross-entropy,tf,,,,
DRUG,4,6,60777,RF,"{'n_estimators': np.int64(99), 'min_samples_split': np.int64(8), 'min_samples_leaf': np.int64(5), 'max_depth': np.int64(14)}",paper,FairProjection,,0.2,,,False,failed,RuntimeError('`tf.data.Dataset` only supports Python-style iteration in eager mode or within tf.function.'),,,not_completed,,2.0,500.0,cross-entropy,tf,,,,
DRUG,4,6,60777,RF,"{'n_estimators': np.int64(99), 'min_samples_split': np.int64(8), 'min_samples_leaf': np.int64(5), 'max_depth': np.int64(14)}",paper,FairProjection,,0.5,,,False,failed,RuntimeError('`tf.data.Dataset` only supports Python-style iteration in eager mode or within tf.function.'),,,not_completed,,2.0,500.0,cross-entropy,tf,,,,
DRUG,4,6,60777,RF,"{'n_estimators': np.int64(99), 'min_samples_split': np.int64(8), 'min_samples_leaf': np.int64(5), 'max_depth': np.int64(14)}",paper,FairProjection,,0.75,,,False,failed,RuntimeError('`tf.data.Dataset` only supports Python-style iteration in eager mode or within tf.function.'),,,not_completed,,2.0,500.0,cross-entropy,tf,,,,
DRUG,4,6,60777,GBM,"{'reg_lambda': 20, 'reg_alpha': 20, 'num_leaves': np.int64(6), 'n_estimators': np.int64(49), 'min_child_samples': np.int64(19), 'max_depth': np.int64(9)}",paper,FairProjection,,0.0,,,False,failed,RuntimeError('`tf.data.Dataset` only supports Python-style iteration in eager mode or within tf.function.'),,,not_completed,,2.0,500.0,cross-entropy,tf,,,,
DRUG,4,6,60777,GBM,"{'reg_lambda': 20, 'reg_alpha': 20, 'num_leaves': np.int64(6), 'n_estimators': np.int64(49), 'min_child_samples': np.int64(19), 'max_depth': np.int64(9)}",paper,FairProjection,,0.1,,,False,failed,RuntimeError('`tf.data.Dataset` only supports Python-style iteration in eager mode or within tf.function.'),,,not_completed,,2.0,500.0,cross-entropy,tf,,,,
DRUG,4,6,60777,GBM,"{'reg_lambda': 20, 'reg_alpha': 20, 'num_leaves': np.int64(6), 'n_estimators': np.int64(49), 'min_child_samples': np.int64(19), 'max_depth': np.int64(9)}",paper,FairProjection,,0.2,,,False,failed,RuntimeError('`tf.data.Dataset` only supports Python-style iteration in eager mode or within tf.function.'),,,not_completed,,2.0,500.0,cross-entropy,tf,,,,
DRUG,4,6,60777,GBM,"{'reg_lambda': 20, 'reg_alpha': 20, 'num_leaves': np.int64(6), 'n_estimators': np.int64(49), 'min_child_samples': np.int64(19), 'max_depth': np.int64(9)}",paper,FairProjection,,0.5,,,False,failed,RuntimeError('`tf.data.Dataset` only supports Python-style iteration in eager mode or within tf.function.'),,,not_completed,,2.0,500.0,cross-entropy,tf,,,,
DRUG,4,6,60777,GBM,"{'reg_lambda': 20, 'reg_alpha': 20, 'num_leaves': np.int64(6), 'n_estimators': np.int64(49), 'min_child_samples': np.int64(19), 'max_depth': np.int64(9)}",paper,FairProjection,,0.75,,,False,failed,RuntimeError('`tf.data.Dataset` only supports Python-style iteration in eager mode or within tf.function.'),,,not_completed,,2.0,500.0,cross-entropy,tf,,,,
DRUG,4,7,70777,reglog,{},paper,FairProjection,,0.0,,,False,failed,RuntimeError('`tf.data.Dataset` only supports Python-style iteration in eager mode or within tf.function.'),,,not_completed,,2.0,500.0,cross-entropy,tf,,,,
DRUG,4,7,70777,reglog,{},paper,FairProjection,,0.1,,,False,failed,RuntimeError('`tf.data.Dataset` only supports Python-style iteration in eager mode or within tf.function.'),,,not_completed,,2.0,500.0,cross-entropy,tf,,,,
DRUG,4,7,70777,reglog,{},paper,FairProjection,,0.2,,,False,failed,RuntimeError('`tf.data.Dataset` only supports Python-style iteration in eager mode or within tf.function.'),,,not_completed,,2.0,500.0,cross-entropy,tf,,,,
DRUG,4,7,70777,reglog,{},paper,FairProjection,,0.5,,,False,failed,RuntimeError('`tf.data.Dataset` only supports Python-style iteration in eager mode or within tf.function.'),,,not_completed,,2.0,500.0,cross-entropy,tf,,,,
DRUG,4,7,70777,reglog,{},paper,FairProjection,,0.75,,,False,failed,RuntimeError('`tf.data.Dataset` only supports Python-style iteration in eager mode or within tf.function.'),,,not_completed,,2.0,500.0,cross-entropy,tf,,,,
DRUG,4,7,70777,RF,"{'n_estimators': np.int64(80), 'min_samples_split': np.int64(10), 'min_samples_leaf': np.int64(5), 'max_depth': np.int64(5)}",paper,FairProjection,,0.0,,,False,failed,RuntimeError('`tf.data.Dataset` only supports Python-style iteration in eager mode or within tf.function.'),,,not_completed,,2.0,500.0,cross-entropy,tf,,,,
DRUG,4,7,70777,RF,"{'n_estimators': np.int64(80), 'min_samples_split': np.int64(10), 'min_samples_leaf': np.int64(5), 'max_depth': np.int64(5)}",paper,FairProjection,,0.1,,,False,failed,RuntimeError('`tf.data.Dataset` only supports Python-style iteration in eager mode or within tf.function.'),,,not_completed,,2.0,500.0,cross-entropy,tf,,,,
DRUG,4,7,70777,RF,"{'n_estimators': np.int64(80), 'min_samples_split': np.int64(10), 'min_samples_leaf': np.int64(5), 'max_depth': np.int64(5)}",paper,FairProjection,,0.2,,,False,failed,RuntimeError('`tf.data.Dataset` only supports Python-style iteration in eager mode or within tf.function.'),,,not_completed,,2.0,500.0,cross-entropy,tf,,,,
DRUG,4,7,70777,RF,"{'n_estimators': np.int64(80), 'min_samples_split': np.int64(10), 'min_samples_leaf': np.int64(5), 'max_depth': np.int64(5)}",paper,FairProjection,,0.5,,,False,failed,RuntimeError('`tf.data.Dataset` only supports Python-style iteration in eager mode or within tf.function.'),,,not_completed,,2.0,500.0,cross-entropy,tf,,,,
DRUG,4,7,70777,RF,"{'n_estimators': np.int64(80), 'min_samples_split': np.int64(10), 'min_samples_leaf': np.int64(5), 'max_depth': np.int64(5)}",paper,FairProjection,,0.75,,,False,failed,RuntimeError('`tf.data.Dataset` only supports Python-style iteration in eager mode or within tf.function.'),,,not_completed,,2.0,500.0,cross-entropy,tf,,,,
DRUG,4,7,70777,GBM,"{'reg_lambda': 0, 'reg_alpha': 5, 'num_leaves': np.int64(13), 'n_estimators': np.int64(171), 'min_child_samples': np.int64(90), 'max_depth': np.int64(16)}",paper,FairProjection,,0.0,,,False,failed,RuntimeError('`tf.data.Dataset` only supports Python-style iteration in eager mode or within tf.function.'),,,not_completed,,2.0,500.0,cross-entropy,tf,,,,
DRUG,4,7,70777,GBM,"{'reg_lambda': 0, 'reg_alpha': 5, 'num_leaves': np.int64(13), 'n_estimators': np.int64(171), 'min_child_samples': np.int64(90), 'max_depth': np.int64(16)}",paper,FairProjection,,0.1,,,False,failed,RuntimeError('`tf.data.Dataset` only supports Python-style iteration in eager mode or within tf.function.'),,,not_completed,,2.0,500.0,cross-entropy,tf,,,,
DRUG,4,7,70777,GBM,"{'reg_lambda': 0, 'reg_alpha': 5, 'num_leaves': np.int64(13), 'n_estimators': np.int64(171), 'min_child_samples': np.int64(90), 'max_depth': np.int64(16)}",paper,FairProjection,,0.2,,,False,failed,RuntimeError('`tf.data.Dataset` only supports Python-style iteration in eager mode or within tf.function.'),,,not_completed,,2.0,500.0,cross-entropy,tf,,,,
DRUG,4,7,70777,GBM,"{'reg_lambda': 0, 'reg_alpha': 5, 'num_leaves': np.int64(13), 'n_estimators': np.int64(171), 'min_child_samples': np.int64(90), 'max_depth': np.int64(16)}",paper,FairProjection,,0.5,,,False,failed,RuntimeError('`tf.data.Dataset` only supports Python-style iteration in eager mode or within tf.function.'),,,not_completed,,2.0,500.0,cross-entropy,tf,,,,
DRUG,4,7,70777,GBM,"{'reg_lambda': 0, 'reg_alpha': 5, 'num_leaves': np.int64(13), 'n_estimators': np.int64(171), 'min_child_samples': np.int64(90), 'max_depth': np.int64(16)}",paper,FairProjection,,0.75,,,False,failed,RuntimeError('`tf.data.Dataset` only supports Python-style iteration in eager mode or within tf.function.'),,,not_completed,,2.0,500.0,cross-entropy,tf,,,,
DRUG,4,8,80777,reglog,{},paper,FairProjection,,0.0,,,False,failed,RuntimeError('`tf.data.Dataset` only supports Python-style iteration in eager mode or within tf.function.'),,,not_completed,,2.0,500.0,cross-entropy,tf,,,,
DRUG,4,8,80777,reglog,{},paper,FairProjection,,0.1,,,False,failed,RuntimeError('`tf.data.Dataset` only supports Python-style iteration in eager mode or within tf.function.'),,,not_completed,,2.0,500.0,cross-entropy,tf,,,,
DRUG,4,8,80777,reglog,{},paper,FairProjection,,0.2,,,False,failed,RuntimeError('`tf.data.Dataset` only supports Python-style iteration in eager mode or within tf.function.'),,,not_completed,,2.0,500.0,cross-entropy,tf,,,,
DRUG,4,8,80777,reglog,{},paper,FairProjection,,0.5,,,False,failed,RuntimeError('`tf.data.Dataset` only supports Python-style iteration in eager mode or within tf.function.'),,,not_completed,,2.0,500.0,cross-entropy,tf,,,,
DRUG,4,8,80777,reglog,{},paper,FairProjection,,0.75,,,False,failed,RuntimeError('`tf.data.Dataset` only supports Python-style iteration in eager mode or within tf.function.'),,,not_completed,,2.0,500.0,cross-entropy,tf,,,,
DRUG,4,8,80777,RF,"{'n_estimators': np.int64(61), 'min_samples_split': np.int64(7), 'min_samples_leaf': np.int64(6), 'max_depth': np.int64(10)}",paper,FairProjection,,0.0,,,False,failed,RuntimeError('`tf.data.Dataset` only supports Python-style iteration in eager mode or within tf.function.'),,,not_completed,,2.0,500.0,cross-entropy,tf,,,,
DRUG,4,8,80777,RF,"{'n_estimators': np.int64(61), 'min_samples_split': np.int64(7), 'min_samples_leaf': np.int64(6), 'max_depth': np.int64(10)}",paper,FairProjection,,0.1,,,False,failed,RuntimeError('`tf.data.Dataset` only supports Python-style iteration in eager mode or within tf.function.'),,,not_completed,,2.0,500.0,cross-entropy,tf,,,,
DRUG,4,8,80777,RF,"{'n_estimators': np.int64(61), 'min_samples_split': np.int64(7), 'min_samples_leaf': np.int64(6), 'max_depth': np.int64(10)}",paper,FairProjection,,0.2,,,False,failed,RuntimeError('`tf.data.Dataset` only supports Python-style iteration in eager mode or within tf.function.'),,,not_completed,,2.0,500.0,cross-entropy,tf,,,,
DRUG,4,8,80777,RF,"{'n_estimators': np.int64(61), 'min_samples_split': np.int64(7), 'min_samples_leaf': np.int64(6), 'max_depth': np.int64(10)}",paper,FairProjection,,0.5,,,False,failed,RuntimeError('`tf.data.Dataset` only supports Python-style iteration in eager mode or within tf.function.'),,,not_completed,,2.0,500.0,cross-entropy,tf,,,,
DRUG,4,8,80777,RF,"{'n_estimators': np.int64(61), 'min_samples_split': np.int64(7), 'min_samples_leaf': np.int64(6), 'max_depth': np.int64(10)}",paper,FairProjection,,0.75,,,False,failed,RuntimeError('`tf.data.Dataset` only supports Python-style iteration in eager mode or within tf.function.'),,,not_completed,,2.0,500.0,cross-entropy,tf,,,,
DRUG,4,8,80777,GBM,"{'reg_lambda': 0.1, 'reg_alpha': 10, 'num_leaves': np.int64(23), 'n_estimators': np.int64(132), 'min_child_samples': np.int64(17), 'max_depth': np.int64(4)}",paper,FairProjection,,0.0,,,False,failed,RuntimeError('`tf.data.Dataset` only supports Python-style iteration in eager mode or within tf.function.'),,,not_completed,,2.0,500.0,cross-entropy,tf,,,,
DRUG,4,8,80777,GBM,"{'reg_lambda': 0.1, 'reg_alpha': 10, 'num_leaves': np.int64(23), 'n_estimators': np.int64(132), 'min_child_samples': np.int64(17), 'max_depth': np.int64(4)}",paper,FairProjection,,0.1,,,False,failed,RuntimeError('`tf.data.Dataset` only supports Python-style iteration in eager mode or within tf.function.'),,,not_completed,,2.0,500.0,cross-entropy,tf,,,,
DRUG,4,8,80777,GBM,"{'reg_lambda': 0.1, 'reg_alpha': 10, 'num_leaves': np.int64(23), 'n_estimators': np.int64(132), 'min_child_samples': np.int64(17), 'max_depth': np.int64(4)}",paper,FairProjection,,0.2,,,False,failed,RuntimeError('`tf.data.Dataset` only supports Python-style iteration in eager mode or within tf.function.'),,,not_completed,,2.0,500.0,cross-entropy,tf,,,,
DRUG,4,8,80777,GBM,"{'reg_lambda': 0.1, 'reg_alpha': 10, 'num_leaves': np.int64(23), 'n_estimators': np.int64(132), 'min_child_samples': np.int64(17), 'max_depth': np.int64(4)}",paper,FairProjection,,0.5,,,False,failed,RuntimeError('`tf.data.Dataset` only supports Python-style iteration in eager mode or within tf.function.'),,,not_completed,,2.0,500.0,cross-entropy,tf,,,,
DRUG,4,8,80777,GBM,"{'reg_lambda': 0.1, 'reg_alpha': 10, 'num_leaves': np.int64(23), 'n_estimators': np.int64(132), 'min_child_samples': np.int64(17), 'max_depth': np.int64(4)}",paper,FairProjection,,0.75,,,False,failed,RuntimeError('`tf.data.Dataset` only supports Python-style iteration in eager mode or within tf.function.'),,,not_completed,,2.0,500.0,cross-entropy,tf,,,,
DRUG,4,9,90777,reglog,{},paper,FairProjection,,0.0,,,False,failed,RuntimeError('`tf.data.Dataset` only supports Python-style iteration in eager mode or within tf.function.'),,,not_completed,,2.0,500.0,cross-entropy,tf,,,,
DRUG,4,9,90777,reglog,{},paper,FairProjection,,0.1,,,False,failed,RuntimeError('`tf.data.Dataset` only supports Python-style iteration in eager mode or within tf.function.'),,,not_completed,,2.0,500.0,cross-entropy,tf,,,,
DRUG,4,9,90777,reglog,{},paper,FairProjection,,0.2,,,False,failed,RuntimeError('`tf.data.Dataset` only supports Python-style iteration in eager mode or within tf.function.'),,,not_completed,,2.0,500.0,cross-entropy,tf,,,,
DRUG,4,9,90777,reglog,{},paper,FairProjection,,0.5,,,False,failed,RuntimeError('`tf.data.Dataset` only supports Python-style iteration in eager mode or within tf.function.'),,,not_completed,,2.0,500.0,cross-entropy,tf,,,,
DRUG,4,9,90777,reglog,{},paper,FairProjection,,0.75,,,False,failed,RuntimeError('`tf.data.Dataset` only supports Python-style iteration in eager mode or within tf.function.'),,,not_completed,,2.0,500.0,cross-entropy,tf,,,,
DRUG,4,9,90777,RF,"{'n_estimators': np.int64(26), 'min_samples_split': np.int64(8), 'min_samples_leaf': np.int64(1), 'max_depth': np.int64(4)}",paper,FairProjection,,0.0,,,False,failed,RuntimeError('`tf.data.Dataset` only supports Python-style iteration in eager mode or within tf.function.'),,,not_completed,,2.0,500.0,cross-entropy,tf,,,,
DRUG,4,9,90777,RF,"{'n_estimators': np.int64(26), 'min_samples_split': np.int64(8), 'min_samples_leaf': np.int64(1), 'max_depth': np.int64(4)}",paper,FairProjection,,0.1,,,False,failed,RuntimeError('`tf.data.Dataset` only supports Python-style iteration in eager mode or within tf.function.'),,,not_completed,,2.0,500.0,cross-entropy,tf,,,,
DRUG,4,9,90777,RF,"{'n_estimators': np.int64(26), 'min_samples_split': np.int64(8), 'min_samples_leaf': np.int64(1), 'max_depth': np.int64(4)}",paper,FairProjection,,0.2,,,False,failed,RuntimeError('`tf.data.Dataset` only supports Python-style iteration in eager mode or within tf.function.'),,,not_completed,,2.0,500.0,cross-entropy,tf,,,,
DRUG,4,9,90777,RF,"{'n_estimators': np.int64(26), 'min_samples_split': np.int64(8), 'min_samples_leaf': np.int64(1), 'max_depth': np.int64(4)}",paper,FairProjection,,0.5,,,False,failed,RuntimeError('`tf.data.Dataset` only supports Python-style iteration in eager mode or within tf.function.'),,,not_completed,,2.0,500.0,cross-entropy,tf,,,,
DRUG,4,9,90777,RF,"{'n_estimators': np.int64(26), 'min_samples_split': np.int64(8), 'min_samples_leaf': np.int64(1), 'max_depth': np.int64(4)}",paper,FairProjection,,0.75,,,False,failed,RuntimeError('`tf.data.Dataset` only supports Python-style iteration in eager mode or within tf.function.'),,,not_completed,,2.0,500.0,cross-entropy,tf,,,,
DRUG,4,9,90777,GBM,"{'reg_lambda': 10, 'reg_alpha': 5, 'num_leaves': np.int64(17), 'n_estimators': np.int64(117), 'min_child_samples': np.int64(15), 'max_depth': np.int64(7)}",paper,FairProjection,,0.0,,,False,failed,RuntimeError('`tf.data.Dataset` only supports Python-style iteration in eager mode or within tf.function.'),,,not_completed,,2.0,500.0,cross-entropy,tf,,,,
DRUG,4,9,90777,GBM,"{'reg_lambda': 10, 'reg_alpha': 5, 'num_leaves': np.int64(17), 'n_estimators': np.int64(117), 'min_child_samples': np.int64(15), 'max_depth': np.int64(7)}",paper,FairProjection,,0.1,,,False,failed,RuntimeError('`tf.data.Dataset` only supports Python-style iteration in eager mode or within tf.function.'),,,not_completed,,2.0,500.0,cross-entropy,tf,,,,
DRUG,4,9,90777,GBM,"{'reg_lambda': 10, 'reg_alpha': 5, 'num_leaves': np.int64(17), 'n_estimators': np.int64(117), 'min_child_samples': np.int64(15), 'max_depth': np.int64(7)}",paper,FairProjection,,0.2,,,False,failed,RuntimeError('`tf.data.Dataset` only supports Python-style iteration in eager mode or within tf.function.'),,,not_completed,,2.0,500.0,cross-entropy,tf,,,,
DRUG,4,9,90777,GBM,"{'reg_lambda': 10, 'reg_alpha': 5, 'num_leaves': np.int64(17), 'n_estimators': np.int64(117), 'min_child_samples': np.int64(15), 'max_depth': np.int64(7)}",paper,FairProjection,,0.5,,,False,failed,RuntimeError('`tf.data.Dataset` only supports Python-style iteration in eager mode or within tf.function.'),,,not_completed,,2.0,500.0,cross-entropy,tf,,,,
DRUG,4,9,90777,GBM,"{'reg_lambda': 10, 'reg_alpha': 5, 'num_leaves': np.int64(17), 'n_estimators': np.int64(117), 'min_child_samples': np.int64(15), 'max_depth': np.int64(7)}",paper,FairProjection,,0.75,,,False,failed,RuntimeError('`tf.data.Dataset` only supports Python-style iteration in eager mode or within tf.function.'),,,not_completed,,2.0,500.0,cross-entropy,tf,,,,
DRUG,4,10,100777,reglog,{},paper,FairProjection,,0.0,,,False,failed,RuntimeError('`tf.data.Dataset` only supports Python-style iteration in eager mode or within tf.function.'),,,not_completed,,2.0,500.0,cross-entropy,tf,,,,
DRUG,4,10,100777,reglog,{},paper,FairProjection,,0.1,,,False,failed,RuntimeError('`tf.data.Dataset` only supports Python-style iteration in eager mode or within tf.function.'),,,not_completed,,2.0,500.0,cross-entropy,tf,,,,
DRUG,4,10,100777,reglog,{},paper,FairProjection,,0.2,,,False,failed,RuntimeError('`tf.data.Dataset` only supports Python-style iteration in eager mode or within tf.function.'),,,not_completed,,2.0,500.0,cross-entropy,tf,,,,
DRUG,4,10,100777,reglog,{},paper,FairProjection,,0.5,,,False,failed,RuntimeError('`tf.data.Dataset` only supports Python-style iteration in eager mode or within tf.function.'),,,not_completed,,2.0,500.0,cross-entropy,tf,,,,
DRUG,4,10,100777,reglog,{},paper,FairProjection,,0.75,,,False,failed,RuntimeError('`tf.data.Dataset` only supports Python-style iteration in eager mode or within tf.function.'),,,not_completed,,2.0,500.0,cross-entropy,tf,,,,
DRUG,4,10,100777,RF,"{'n_estimators': np.int64(161), 'min_samples_split': np.int64(4), 'min_samples_leaf': np.int64(6), 'max_depth': np.int64(8)}",paper,FairProjection,,0.0,,,False,failed,RuntimeError('`tf.data.Dataset` only supports Python-style iteration in eager mode or within tf.function.'),,,not_completed,,2.0,500.0,cross-entropy,tf,,,,
DRUG,4,10,100777,RF,"{'n_estimators': np.int64(161), 'min_samples_split': np.int64(4), 'min_samples_leaf': np.int64(6), 'max_depth': np.int64(8)}",paper,FairProjection,,0.1,,,False,failed,RuntimeError('`tf.data.Dataset` only supports Python-style iteration in eager mode or within tf.function.'),,,not_completed,,2.0,500.0,cross-entropy,tf,,,,
DRUG,4,10,100777,RF,"{'n_estimators': np.int64(161), 'min_samples_split': np.int64(4), 'min_samples_leaf': np.int64(6), 'max_depth': np.int64(8)}",paper,FairProjection,,0.2,,,False,failed,RuntimeError('`tf.data.Dataset` only supports Python-style iteration in eager mode or within tf.function.'),,,not_completed,,2.0,500.0,cross-entropy,tf,,,,
DRUG,4,10,100777,RF,"{'n_estimators': np.int64(161), 'min_samples_split': np.int64(4), 'min_samples_leaf': np.int64(6), 'max_depth': np.int64(8)}",paper,FairProjection,,0.5,,,False,failed,RuntimeError('`tf.data.Dataset` only supports Python-style iteration in eager mode or within tf.function.'),,,not_completed,,2.0,500.0,cross-entropy,tf,,,,
DRUG,4,10,100777,RF,"{'n_estimators': np.int64(161), 'min_samples_split': np.int64(4), 'min_samples_leaf': np.int64(6), 'max_depth': np.int64(8)}",paper,FairProjection,,0.75,,,False,failed,RuntimeError('`tf.data.Dataset` only supports Python-style iteration in eager mode or within tf.function.'),,,not_completed,,2.0,500.0,cross-entropy,tf,,,,
DRUG,4,10,100777,GBM,"{'reg_lambda': 0, 'reg_alpha': 1, 'num_leaves': np.int64(40), 'n_estimators': np.int64(56), 'min_child_samples': np.int64(49), 'max_depth': np.int64(16)}",paper,FairProjection,,0.0,,,False,failed,RuntimeError('`tf.data.Dataset` only supports Python-style iteration in eager mode or within tf.function.'),,,not_completed,,2.0,500.0,cross-entropy,tf,,,,
DRUG,4,10,100777,GBM,"{'reg_lambda': 0, 'reg_alpha': 1, 'num_leaves': np.int64(40), 'n_estimators': np.int64(56), 'min_child_samples': np.int64(49), 'max_depth': np.int64(16)}",paper,FairProjection,,0.1,,,False,failed,RuntimeError('`tf.data.Dataset` only supports Python-style iteration in eager mode or within tf.function.'),,,not_completed,,2.0,500.0,cross-entropy,tf,,,,
DRUG,4,10,100777,GBM,"{'reg_lambda': 0, 'reg_alpha': 1, 'num_leaves': np.int64(40), 'n_estimators': np.int64(56), 'min_child_samples': np.int64(49), 'max_depth': np.int64(16)}",paper,FairProjection,,0.2,,,False,failed,RuntimeError('`tf.data.Dataset` only supports Python-style iteration in eager mode or within tf.function.'),,,not_completed,,2.0,500.0,cross-entropy,tf,,,,
DRUG,4,10,100777,GBM,"{'reg_lambda': 0, 'reg_alpha': 1, 'num_leaves': np.int64(40), 'n_estimators': np.int64(56), 'min_child_samples': np.int64(49), 'max_depth': np.int64(16)}",paper,FairProjection,,0.5,,,False,failed,RuntimeError('`tf.data.Dataset` only supports Python-style iteration in eager mode or within tf.function.'),,,not_completed,,2.0,500.0,cross-entropy,tf,,,,
DRUG,4,10,100777,GBM,"{'reg_lambda': 0, 'reg_alpha': 1, 'num_leaves': np.int64(40), 'n_estimators': np.int64(56), 'min_child_samples': np.int64(49), 'max_depth': np.int64(16)}",paper,FairProjection,,0.75,,,False,failed,RuntimeError('`tf.data.Dataset` only supports Python-style iteration in eager mode or within tf.function.'),,,not_completed,,2.0,500.0,cross-entropy,tf,,,,
DRUG,4,11,110777,reglog,{},paper,FairProjection,,0.0,,,False,failed,RuntimeError('`tf.data.Dataset` only supports Python-style iteration in eager mode or within tf.function.'),,,not_completed,,2.0,500.0,cross-entropy,tf,,,,
DRUG,4,11,110777,reglog,{},paper,FairProjection,,0.1,,,False,failed,RuntimeError('`tf.data.Dataset` only supports Python-style iteration in eager mode or within tf.function.'),,,not_completed,,2.0,500.0,cross-entropy,tf,,,,
DRUG,4,11,110777,reglog,{},paper,FairProjection,,0.2,,,False,failed,RuntimeError('`tf.data.Dataset` only supports Python-style iteration in eager mode or within tf.function.'),,,not_completed,,2.0,500.0,cross-entropy,tf,,,,
DRUG,4,11,110777,reglog,{},paper,FairProjection,,0.5,,,False,failed,RuntimeError('`tf.data.Dataset` only supports Python-style iteration in eager mode or within tf.function.'),,,not_completed,,2.0,500.0,cross-entropy,tf,,,,
DRUG,4,11,110777,reglog,{},paper,FairProjection,,0.75,,,False,failed,RuntimeError('`tf.data.Dataset` only supports Python-style iteration in eager mode or within tf.function.'),,,not_completed,,2.0,500.0,cross-entropy,tf,,,,
DRUG,4,11,110777,RF,"{'n_estimators': np.int64(40), 'min_samples_split': np.int64(6), 'min_samples_leaf': np.int64(1), 'max_depth': np.int64(8)}",paper,FairProjection,,0.0,,,False,failed,RuntimeError('`tf.data.Dataset` only supports Python-style iteration in eager mode or within tf.function.'),,,not_completed,,2.0,500.0,cross-entropy,tf,,,,
DRUG,4,11,110777,RF,"{'n_estimators': np.int64(40), 'min_samples_split': np.int64(6), 'min_samples_leaf': np.int64(1), 'max_depth': np.int64(8)}",paper,FairProjection,,0.1,,,False,failed,RuntimeError('`tf.data.Dataset` only supports Python-style iteration in eager mode or within tf.function.'),,,not_completed,,2.0,500.0,cross-entropy,tf,,,,
DRUG,4,11,110777,RF,"{'n_estimators': np.int64(40), 'min_samples_split': np.int64(6), 'min_samples_leaf': np.int64(1), 'max_depth': np.int64(8)}",paper,FairProjection,,0.2,,,False,failed,RuntimeError('`tf.data.Dataset` only supports Python-style iteration in eager mode or within tf.function.'),,,not_completed,,2.0,500.0,cross-entropy,tf,,,,
DRUG,4,11,110777,RF,"{'n_estimators': np.int64(40), 'min_samples_split': np.int64(6), 'min_samples_leaf': np.int64(1), 'max_depth': np.int64(8)}",paper,FairProjection,,0.5,,,False,failed,RuntimeError('`tf.data.Dataset` only supports Python-style iteration in eager mode or within tf.function.'),,,not_completed,,2.0,500.0,cross-entropy,tf,,,,
DRUG,4,11,110777,RF,"{'n_estimators': np.int64(40), 'min_samples_split': np.int64(6), 'min_samples_leaf': np.int64(1), 'max_depth': np.int64(8)}",paper,FairProjection,,0.75,,,False,failed,RuntimeError('`tf.data.Dataset` only supports Python-style iteration in eager mode or within tf.function.'),,,not_completed,,2.0,500.0,cross-entropy,tf,,,,
DRUG,4,11,110777,GBM,"{'reg_lambda': 2, 'reg_alpha': 0.1, 'num_leaves': np.int64(26), 'n_estimators': np.int64(53), 'min_child_samples': np.int64(65), 'max_depth': np.int64(5)}",paper,FairProjection,,0.0,,,False,failed,RuntimeError('`tf.data.Dataset` only supports Python-style iteration in eager mode or within tf.function.'),,,not_completed,,2.0,500.0,cross-entropy,tf,,,,
DRUG,4,11,110777,GBM,"{'reg_lambda': 2, 'reg_alpha': 0.1, 'num_leaves': np.int64(26), 'n_estimators': np.int64(53), 'min_child_samples': np.int64(65), 'max_depth': np.int64(5)}",paper,FairProjection,,0.1,,,False,failed,RuntimeError('`tf.data.Dataset` only supports Python-style iteration in eager mode or within tf.function.'),,,not_completed,,2.0,500.0,cross-entropy,tf,,,,
DRUG,4,11,110777,GBM,"{'reg_lambda': 2, 'reg_alpha': 0.1, 'num_leaves': np.int64(26), 'n_estimators': np.int64(53), 'min_child_samples': np.int64(65), 'max_depth': np.int64(5)}",paper,FairProjection,,0.2,,,False,failed,RuntimeError('`tf.data.Dataset` only supports Python-style iteration in eager mode or within tf.function.'),,,not_completed,,2.0,500.0,cross-entropy,tf,,,,
DRUG,4,11,110777,GBM,"{'reg_lambda': 2, 'reg_alpha': 0.1, 'num_leaves': np.int64(26), 'n_estimators': np.int64(53), 'min_child_samples': np.int64(65), 'max_depth': np.int64(5)}",paper,FairProjection,,0.5,,,False,failed,RuntimeError('`tf.data.Dataset` only supports Python-style iteration in eager mode or within tf.function.'),,,not_completed,,2.0,500.0,cross-entropy,tf,,,,
DRUG,4,11,110777,GBM,"{'reg_lambda': 2, 'reg_alpha': 0.1, 'num_leaves': np.int64(26), 'n_estimators': np.int64(53), 'min_child_samples': np.int64(65), 'max_depth': np.int64(5)}",paper,FairProjection,,0.75,,,False,failed,RuntimeError('`tf.data.Dataset` only supports Python-style iteration in eager mode or within tf.function.'),,,not_completed,,2.0,500.0,cross-entropy,tf,,,,
DRUG,4,12,120777,reglog,{},paper,FairProjection,,0.0,,,False,failed,RuntimeError('`tf.data.Dataset` only supports Python-style iteration in eager mode or within tf.function.'),,,not_completed,,2.0,500.0,cross-entropy,tf,,,,
DRUG,4,12,120777,reglog,{},paper,FairProjection,,0.1,,,False,failed,RuntimeError('`tf.data.Dataset` only supports Python-style iteration in eager mode or within tf.function.'),,,not_completed,,2.0,500.0,cross-entropy,tf,,,,
DRUG,4,12,120777,reglog,{},paper,FairProjection,,0.2,,,False,failed,RuntimeError('`tf.data.Dataset` only supports Python-style iteration in eager mode or within tf.function.'),,,not_completed,,2.0,500.0,cross-entropy,tf,,,,
DRUG,4,12,120777,reglog,{},paper,FairProjection,,0.5,,,False,failed,RuntimeError('`tf.data.Dataset` only supports Python-style iteration in eager mode or within tf.function.'),,,not_completed,,2.0,500.0,cross-entropy,tf,,,,
DRUG,4,12,120777,reglog,{},paper,FairProjection,,0.75,,,False,failed,RuntimeError('`tf.data.Dataset` only supports Python-style iteration in eager mode or within tf.function.'),,,not_completed,,2.0,500.0,cross-entropy,tf,,,,
DRUG,4,12,120777,RF,"{'n_estimators': np.int64(49), 'min_samples_split': np.int64(6), 'min_samples_leaf': np.int64(3), 'max_depth': np.int64(13)}",paper,FairProjection,,0.0,,,False,failed,RuntimeError('`tf.data.Dataset` only supports Python-style iteration in eager mode or within tf.function.'),,,not_completed,,2.0,500.0,cross-entropy,tf,,,,
DRUG,4,12,120777,RF,"{'n_estimators': np.int64(49), 'min_samples_split': np.int64(6), 'min_samples_leaf': np.int64(3), 'max_depth': np.int64(13)}",paper,FairProjection,,0.1,,,False,failed,RuntimeError('`tf.data.Dataset` only supports Python-style iteration in eager mode or within tf.function.'),,,not_completed,,2.0,500.0,cross-entropy,tf,,,,
DRUG,4,12,120777,RF,"{'n_estimators': np.int64(49), 'min_samples_split': np.int64(6), 'min_samples_leaf': np.int64(3), 'max_depth': np.int64(13)}",paper,FairProjection,,0.2,,,False,failed,RuntimeError('`tf.data.Dataset` only supports Python-style iteration in eager mode or within tf.function.'),,,not_completed,,2.0,500.0,cross-entropy,tf,,,,
DRUG,4,12,120777,RF,"{'n_estimators': np.int64(49), 'min_samples_split': np.int64(6), 'min_samples_leaf': np.int64(3), 'max_depth': np.int64(13)}",paper,FairProjection,,0.5,,,False,failed,RuntimeError('`tf.data.Dataset` only supports Python-style iteration in eager mode or within tf.function.'),,,not_completed,,2.0,500.0,cross-entropy,tf,,,,
DRUG,4,12,120777,RF,"{'n_estimators': np.int64(49), 'min_samples_split': np.int64(6), 'min_samples_leaf': np.int64(3), 'max_depth': np.int64(13)}",paper,FairProjection,,0.75,,,False,failed,RuntimeError('`tf.data.Dataset` only supports Python-style iteration in eager mode or within tf.function.'),,,not_completed,,2.0,500.0,cross-entropy,tf,,,,
DRUG,4,12,120777,GBM,"{'reg_lambda': 20, 'reg_alpha': 5, 'num_leaves': np.int64(29), 'n_estimators': np.int64(87), 'min_child_samples': np.int64(29), 'max_depth': np.int64(12)}",paper,FairProjection,,0.0,,,False,failed,RuntimeError('`tf.data.Dataset` only supports Python-style iteration in eager mode or within tf.function.'),,,not_completed,,2.0,500.0,cross-entropy,tf,,,,
DRUG,4,12,120777,GBM,"{'reg_lambda': 20, 'reg_alpha': 5, 'num_leaves': np.int64(29), 'n_estimators': np.int64(87), 'min_child_samples': np.int64(29), 'max_depth': np.int64(12)}",paper,FairProjection,,0.1,,,False,failed,RuntimeError('`tf.data.Dataset` only supports Python-style iteration in eager mode or within tf.function.'),,,not_completed,,2.0,500.0,cross-entropy,tf,,,,
DRUG,4,12,120777,GBM,"{'reg_lambda': 20, 'reg_alpha': 5, 'num_leaves': np.int64(29), 'n_estimators': np.int64(87), 'min_child_samples': np.int64(29), 'max_depth': np.int64(12)}",paper,FairProjection,,0.2,,,False,failed,RuntimeError('`tf.data.Dataset` only supports Python-style iteration in eager mode or within tf.function.'),,,not_completed,,2.0,500.0,cross-entropy,tf,,,,
DRUG,4,12,120777,GBM,"{'reg_lambda': 20, 'reg_alpha': 5, 'num_leaves': np.int64(29), 'n_estimators': np.int64(87), 'min_child_samples': np.int64(29), 'max_depth': np.int64(12)}",paper,FairProjection,,0.5,,,False,failed,RuntimeError('`tf.data.Dataset` only supports Python-style iteration in eager mode or within tf.function.'),,,not_completed,,2.0,500.0,cross-entropy,tf,,,,
DRUG,4,12,120777,GBM,"{'reg_lambda': 20, 'reg_alpha': 5, 'num_leaves': np.int64(29), 'n_estimators': np.int64(87), 'min_child_samples': np.int64(29), 'max_depth': np.int64(12)}",paper,FairProjection,,0.75,,,False,failed,RuntimeError('`tf.data.Dataset` only supports Python-style iteration in eager mode or within tf.function.'),,,not_completed,,2.0,500.0,cross-entropy,tf,,,,
DRUG,4,13,130777,reglog,{},paper,FairProjection,,0.0,,,False,failed,RuntimeError('`tf.data.Dataset` only supports Python-style iteration in eager mode or within tf.function.'),,,not_completed,,2.0,500.0,cross-entropy,tf,,,,
DRUG,4,13,130777,reglog,{},paper,FairProjection,,0.1,,,False,failed,RuntimeError('`tf.data.Dataset` only supports Python-style iteration in eager mode or within tf.function.'),,,not_completed,,2.0,500.0,cross-entropy,tf,,,,
DRUG,4,13,130777,reglog,{},paper,FairProjection,,0.2,,,False,failed,RuntimeError('`tf.data.Dataset` only supports Python-style iteration in eager mode or within tf.function.'),,,not_completed,,2.0,500.0,cross-entropy,tf,,,,
DRUG,4,13,130777,reglog,{},paper,FairProjection,,0.5,,,False,failed,RuntimeError('`tf.data.Dataset` only supports Python-style iteration in eager mode or within tf.function.'),,,not_completed,,2.0,500.0,cross-entropy,tf,,,,
DRUG,4,13,130777,reglog,{},paper,FairProjection,,0.75,,,False,failed,RuntimeError('`tf.data.Dataset` only supports Python-style iteration in eager mode or within tf.function.'),,,not_completed,,2.0,500.0,cross-entropy,tf,,,,
DRUG,4,13,130777,RF,"{'n_estimators': np.int64(43), 'min_samples_split': np.int64(2), 'min_samples_leaf': np.int64(4), 'max_depth': np.int64(2)}",paper,FairProjection,,0.0,,,False,failed,RuntimeError('`tf.data.Dataset` only supports Python-style iteration in eager mode or within tf.function.'),,,not_completed,,2.0,500.0,cross-entropy,tf,,,,
DRUG,4,13,130777,RF,"{'n_estimators': np.int64(43), 'min_samples_split': np.int64(2), 'min_samples_leaf': np.int64(4), 'max_depth': np.int64(2)}",paper,FairProjection,,0.1,,,False,failed,RuntimeError('`tf.data.Dataset` only supports Python-style iteration in eager mode or within tf.function.'),,,not_completed,,2.0,500.0,cross-entropy,tf,,,,
DRUG,4,13,130777,RF,"{'n_estimators': np.int64(43), 'min_samples_split': np.int64(2), 'min_samples_leaf': np.int64(4), 'max_depth': np.int64(2)}",paper,FairProjection,,0.2,,,False,failed,RuntimeError('`tf.data.Dataset` only supports Python-style iteration in eager mode or within tf.function.'),,,not_completed,,2.0,500.0,cross-entropy,tf,,,,
DRUG,4,13,130777,RF,"{'n_estimators': np.int64(43), 'min_samples_split': np.int64(2), 'min_samples_leaf': np.int64(4), 'max_depth': np.int64(2)}",paper,FairProjection,,0.5,,,False,failed,RuntimeError('`tf.data.Dataset` only supports Python-style iteration in eager mode or within tf.function.'),,,not_completed,,2.0,500.0,cross-entropy,tf,,,,
DRUG,4,13,130777,RF,"{'n_estimators': np.int64(43), 'min_samples_split': np.int64(2), 'min_samples_leaf': np.int64(4), 'max_depth': np.int64(2)}",paper,FairProjection,,0.75,,,False,failed,RuntimeError('`tf.data.Dataset` only supports Python-style iteration in eager mode or within tf.function.'),,,not_completed,,2.0,500.0,cross-entropy,tf,,,,
DRUG,4,13,130777,GBM,"{'reg_lambda': 0, 'reg_alpha': 0, 'num_leaves': np.int64(9), 'n_estimators': np.int64(173), 'min_child_samples': np.int64(12), 'max_depth': np.int64(10)}",paper,FairProjection,,0.0,,,False,failed,RuntimeError('`tf.data.Dataset` only supports Python-style iteration in eager mode or within tf.function.'),,,not_completed,,2.0,500.0,cross-entropy,tf,,,,
DRUG,4,13,130777,GBM,"{'reg_lambda': 0, 'reg_alpha': 0, 'num_leaves': np.int64(9), 'n_estimators': np.int64(173), 'min_child_samples': np.int64(12), 'max_depth': np.int64(10)}",paper,FairProjection,,0.1,,,False,failed,RuntimeError('`tf.data.Dataset` only supports Python-style iteration in eager mode or within tf.function.'),,,not_completed,,2.0,500.0,cross-entropy,tf,,,,
DRUG,4,13,130777,GBM,"{'reg_lambda': 0, 'reg_alpha': 0, 'num_leaves': np.int64(9), 'n_estimators': np.int64(173), 'min_child_samples': np.int64(12), 'max_depth': np.int64(10)}",paper,FairProjection,,0.2,,,False,failed,RuntimeError('`tf.data.Dataset` only supports Python-style iteration in eager mode or within tf.function.'),,,not_completed,,2.0,500.0,cross-entropy,tf,,,,
DRUG,4,13,130777,GBM,"{'reg_lambda': 0, 'reg_alpha': 0, 'num_leaves': np.int64(9), 'n_estimators': np.int64(173), 'min_child_samples': np.int64(12), 'max_depth': np.int64(10)}",paper,FairProjection,,0.5,,,False,failed,RuntimeError('`tf.data.Dataset` only supports Python-style iteration in eager mode or within tf.function.'),,,not_completed,,2.0,500.0,cross-entropy,tf,,,,
DRUG,4,13,130777,GBM,"{'reg_lambda': 0, 'reg_alpha': 0, 'num_leaves': np.int64(9), 'n_estimators': np.int64(173), 'min_child_samples': np.int64(12), 'max_depth': np.int64(10)}",paper,FairProjection,,0.75,,,False,failed,RuntimeError('`tf.data.Dataset` only supports Python-style iteration in eager mode or within tf.function.'),,,not_completed,,2.0,500.0,cross-entropy,tf,,,,
DRUG,4,14,140777,reglog,{},paper,FairProjection,,0.0,,,False,failed,RuntimeError('`tf.data.Dataset` only supports Python-style iteration in eager mode or within tf.function.'),,,not_completed,,2.0,500.0,cross-entropy,tf,,,,
DRUG,4,14,140777,reglog,{},paper,FairProjection,,0.1,,,False,failed,RuntimeError('`tf.data.Dataset` only supports Python-style iteration in eager mode or within tf.function.'),,,not_completed,,2.0,500.0,cross-entropy,tf,,,,
DRUG,4,14,140777,reglog,{},paper,FairProjection,,0.2,,,False,failed,RuntimeError('`tf.data.Dataset` only supports Python-style iteration in eager mode or within tf.function.'),,,not_completed,,2.0,500.0,cross-entropy,tf,,,,
DRUG,4,14,140777,reglog,{},paper,FairProjection,,0.5,,,False,failed,RuntimeError('`tf.data.Dataset` only supports Python-style iteration in eager mode or within tf.function.'),,,not_completed,,2.0,500.0,cross-entropy,tf,,,,
DRUG,4,14,140777,reglog,{},paper,FairProjection,,0.75,,,False,failed,RuntimeError('`tf.data.Dataset` only supports Python-style iteration in eager mode or within tf.function.'),,,not_completed,,2.0,500.0,cross-entropy,tf,,,,
DRUG,4,14,140777,RF,"{'n_estimators': np.int64(192), 'min_samples_split': np.int64(3), 'min_samples_leaf': np.int64(5), 'max_depth': np.int64(3)}",paper,FairProjection,,0.0,,,False,failed,RuntimeError('`tf.data.Dataset` only supports Python-style iteration in eager mode or within tf.function.'),,,not_completed,,2.0,500.0,cross-entropy,tf,,,,
DRUG,4,14,140777,RF,"{'n_estimators': np.int64(192), 'min_samples_split': np.int64(3), 'min_samples_leaf': np.int64(5), 'max_depth': np.int64(3)}",paper,FairProjection,,0.1,,,False,failed,RuntimeError('`tf.data.Dataset` only supports Python-style iteration in eager mode or within tf.function.'),,,not_completed,,2.0,500.0,cross-entropy,tf,,,,
DRUG,4,14,140777,RF,"{'n_estimators': np.int64(192), 'min_samples_split': np.int64(3), 'min_samples_leaf': np.int64(5), 'max_depth': np.int64(3)}",paper,FairProjection,,0.2,,,False,failed,RuntimeError('`tf.data.Dataset` only supports Python-style iteration in eager mode or within tf.function.'),,,not_completed,,2.0,500.0,cross-entropy,tf,,,,
DRUG,4,14,140777,RF,"{'n_estimators': np.int64(192), 'min_samples_split': np.int64(3), 'min_samples_leaf': np.int64(5), 'max_depth': np.int64(3)}",paper,FairProjection,,0.5,,,False,failed,RuntimeError('`tf.data.Dataset` only supports Python-style iteration in eager mode or within tf.function.'),,,not_completed,,2.0,500.0,cross-entropy,tf,,,,
DRUG,4,14,140777,RF,"{'n_estimators': np.int64(192), 'min_samples_split': np.int64(3), 'min_samples_leaf': np.int64(5), 'max_depth': np.int64(3)}",paper,FairProjection,,0.75,,,False,failed,RuntimeError('`tf.data.Dataset` only supports Python-style iteration in eager mode or within tf.function.'),,,not_completed,,2.0,500.0,cross-entropy,tf,,,,
DRUG,4,14,140777,GBM,"{'reg_lambda': 0, 'reg_alpha': 5, 'num_leaves': np.int64(46), 'n_estimators': np.int64(120), 'min_child_samples': np.int64(16), 'max_depth': np.int64(8)}",paper,FairProjection,,0.0,,,False,failed,RuntimeError('`tf.data.Dataset` only supports Python-style iteration in eager mode or within tf.function.'),,,not_completed,,2.0,500.0,cross-entropy,tf,,,,
DRUG,4,14,140777,GBM,"{'reg_lambda': 0, 'reg_alpha': 5, 'num_leaves': np.int64(46), 'n_estimators': np.int64(120), 'min_child_samples': np.int64(16), 'max_depth': np.int64(8)}",paper,FairProjection,,0.1,,,False,failed,RuntimeError('`tf.data.Dataset` only supports Python-style iteration in eager mode or within tf.function.'),,,not_completed,,2.0,500.0,cross-entropy,tf,,,,
DRUG,4,14,140777,GBM,"{'reg_lambda': 0, 'reg_alpha': 5, 'num_leaves': np.int64(46), 'n_estimators': np.int64(120), 'min_child_samples': np.int64(16), 'max_depth': np.int64(8)}",paper,FairProjection,,0.2,,,False,failed,RuntimeError('`tf.data.Dataset` only supports Python-style iteration in eager mode or within tf.function.'),,,not_completed,,2.0,500.0,cross-entropy,tf,,,,
DRUG,4,14,140777,GBM,"{'reg_lambda': 0, 'reg_alpha': 5, 'num_leaves': np.int64(46), 'n_estimators': np.int64(120), 'min_child_samples': np.int64(16), 'max_depth': np.int64(8)}",paper,FairProjection,,0.5,,,False,failed,RuntimeError('`tf.data.Dataset` only supports Python-style iteration in eager mode or within tf.function.'),,,not_completed,,2.0,500.0,cross-entropy,tf,,,,
DRUG,4,14,140777,GBM,"{'reg_lambda': 0, 'reg_alpha': 5, 'num_leaves': np.int64(46), 'n_estimators': np.int64(120), 'min_child_samples': np.int64(16), 'max_depth': np.int64(8)}",paper,FairProjection,,0.75,,,False,failed,RuntimeError('`tf.data.Dataset` only supports Python-style iteration in eager mode or within tf.function.'),,,not_completed,,2.0,500.0,cross-entropy,tf,,,,
DRUG,4,15,150777,reglog,{},paper,FairProjection,,0.0,,,False,failed,RuntimeError('`tf.data.Dataset` only supports Python-style iteration in eager mode or within tf.function.'),,,not_completed,,2.0,500.0,cross-entropy,tf,,,,
DRUG,4,15,150777,reglog,{},paper,FairProjection,,0.1,,,False,failed,RuntimeError('`tf.data.Dataset` only supports Python-style iteration in eager mode or within tf.function.'),,,not_completed,,2.0,500.0,cross-entropy,tf,,,,
DRUG,4,15,150777,reglog,{},paper,FairProjection,,0.2,,,False,failed,RuntimeError('`tf.data.Dataset` only supports Python-style iteration in eager mode or within tf.function.'),,,not_completed,,2.0,500.0,cross-entropy,tf,,,,
DRUG,4,15,150777,reglog,{},paper,FairProjection,,0.5,,,False,failed,RuntimeError('`tf.data.Dataset` only supports Python-style iteration in eager mode or within tf.function.'),,,not_completed,,2.0,500.0,cross-entropy,tf,,,,
DRUG,4,15,150777,reglog,{},paper,FairProjection,,0.75,,,False,failed,RuntimeError('`tf.data.Dataset` only supports Python-style iteration in eager mode or within tf.function.'),,,not_completed,,2.0,500.0,cross-entropy,tf,,,,
DRUG,4,15,150777,RF,"{'n_estimators': np.int64(109), 'min_samples_split': np.int64(10), 'min_samples_leaf': np.int64(2), 'max_depth': np.int64(3)}",paper,FairProjection,,0.0,,,False,failed,RuntimeError('`tf.data.Dataset` only supports Python-style iteration in eager mode or within tf.function.'),,,not_completed,,2.0,500.0,cross-entropy,tf,,,,
DRUG,4,15,150777,RF,"{'n_estimators': np.int64(109), 'min_samples_split': np.int64(10), 'min_samples_leaf': np.int64(2), 'max_depth': np.int64(3)}",paper,FairProjection,,0.1,,,False,failed,RuntimeError('`tf.data.Dataset` only supports Python-style iteration in eager mode or within tf.function.'),,,not_completed,,2.0,500.0,cross-entropy,tf,,,,
DRUG,4,15,150777,RF,"{'n_estimators': np.int64(109), 'min_samples_split': np.int64(10), 'min_samples_leaf': np.int64(2), 'max_depth': np.int64(3)}",paper,FairProjection,,0.2,,,False,failed,RuntimeError('`tf.data.Dataset` only supports Python-style iteration in eager mode or within tf.function.'),,,not_completed,,2.0,500.0,cross-entropy,tf,,,,
DRUG,4,15,150777,RF,"{'n_estimators': np.int64(109), 'min_samples_split': np.int64(10), 'min_samples_leaf': np.int64(2), 'max_depth': np.int64(3)}",paper,FairProjection,,0.5,,,False,failed,RuntimeError('`tf.data.Dataset` only supports Python-style iteration in eager mode or within tf.function.'),,,not_completed,,2.0,500.0,cross-entropy,tf,,,,
DRUG,4,15,150777,RF,"{'n_estimators': np.int64(109), 'min_samples_split': np.int64(10), 'min_samples_leaf': np.int64(2), 'max_depth': np.int64(3)}",paper,FairProjection,,0.75,,,False,failed,RuntimeError('`tf.data.Dataset` only supports Python-style iteration in eager mode or within tf.function.'),,,not_completed,,2.0,500.0,cross-entropy,tf,,,,
DRUG,4,15,150777,GBM,"{'reg_lambda': 50, 'reg_alpha': 2, 'num_leaves': np.int64(46), 'n_estimators': np.int64(97), 'min_child_samples': np.int64(66), 'max_depth': np.int64(9)}",paper,FairProjection,,0.0,,,False,failed,RuntimeError('`tf.data.Dataset` only supports Python-style iteration in eager mode or within tf.function.'),,,not_completed,,2.0,500.0,cross-entropy,tf,,,,
DRUG,4,15,150777,GBM,"{'reg_lambda': 50, 'reg_alpha': 2, 'num_leaves': np.int64(46), 'n_estimators': np.int64(97), 'min_child_samples': np.int64(66), 'max_depth': np.int64(9)}",paper,FairProjection,,0.1,,,False,failed,RuntimeError('`tf.data.Dataset` only supports Python-style iteration in eager mode or within tf.function.'),,,not_completed,,2.0,500.0,cross-entropy,tf,,,,
DRUG,4,15,150777,GBM,"{'reg_lambda': 50, 'reg_alpha': 2, 'num_leaves': np.int64(46), 'n_estimators': np.int64(97), 'min_child_samples': np.int64(66), 'max_depth': np.int64(9)}",paper,FairProjection,,0.2,,,False,failed,RuntimeError('`tf.data.Dataset` only supports Python-style iteration in eager mode or within tf.function.'),,,not_completed,,2.0,500.0,cross-entropy,tf,,,,
DRUG,4,15,150777,GBM,"{'reg_lambda': 50, 'reg_alpha': 2, 'num_leaves': np.int64(46), 'n_estimators': np.int64(97), 'min_child_samples': np.int64(66), 'max_depth': np.int64(9)}",paper,FairProjection,,0.5,,,False,failed,RuntimeError('`tf.data.Dataset` only supports Python-style iteration in eager mode or within tf.function.'),,,not_completed,,2.0,500.0,cross-entropy,tf,,,,
DRUG,4,15,150777,GBM,"{'reg_lambda': 50, 'reg_alpha': 2, 'num_leaves': np.int64(46), 'n_estimators': np.int64(97), 'min_child_samples': np.int64(66), 'max_depth': np.int64(9)}",paper,FairProjection,,0.75,,,False,failed,RuntimeError('`tf.data.Dataset` only supports Python-style iteration in eager mode or within tf.function.'),,,not_completed,,2.0,500.0,cross-entropy,tf,,,,
DRUG,4,16,160777,reglog,{},paper,FairProjection,,0.0,,,False,failed,RuntimeError('`tf.data.Dataset` only supports Python-style iteration in eager mode or within tf.function.'),,,not_completed,,2.0,500.0,cross-entropy,tf,,,,
DRUG,4,16,160777,reglog,{},paper,FairProjection,,0.1,,,False,failed,RuntimeError('`tf.data.Dataset` only supports Python-style iteration in eager mode or within tf.function.'),,,not_completed,,2.0,500.0,cross-entropy,tf,,,,
DRUG,4,16,160777,reglog,{},paper,FairProjection,,0.2,,,False,failed,RuntimeError('`tf.data.Dataset` only supports Python-style iteration in eager mode or within tf.function.'),,,not_completed,,2.0,500.0,cross-entropy,tf,,,,
DRUG,4,16,160777,reglog,{},paper,FairProjection,,0.5,,,False,failed,RuntimeError('`tf.data.Dataset` only supports Python-style iteration in eager mode or within tf.function.'),,,not_completed,,2.0,500.0,cross-entropy,tf,,,,
DRUG,4,16,160777,reglog,{},paper,FairProjection,,0.75,,,False,failed,RuntimeError('`tf.data.Dataset` only supports Python-style iteration in eager mode or within tf.function.'),,,not_completed,,2.0,500.0,cross-entropy,tf,,,,
DRUG,4,16,160777,RF,"{'n_estimators': np.int64(108), 'min_samples_split': np.int64(4), 'min_samples_leaf': np.int64(6), 'max_depth': np.int64(3)}",paper,FairProjection,,0.0,,,False,failed,RuntimeError('`tf.data.Dataset` only supports Python-style iteration in eager mode or within tf.function.'),,,not_completed,,2.0,500.0,cross-entropy,tf,,,,
DRUG,4,16,160777,RF,"{'n_estimators': np.int64(108), 'min_samples_split': np.int64(4), 'min_samples_leaf': np.int64(6), 'max_depth': np.int64(3)}",paper,FairProjection,,0.1,,,False,failed,RuntimeError('`tf.data.Dataset` only supports Python-style iteration in eager mode or within tf.function.'),,,not_completed,,2.0,500.0,cross-entropy,tf,,,,
DRUG,4,16,160777,RF,"{'n_estimators': np.int64(108), 'min_samples_split': np.int64(4), 'min_samples_leaf': np.int64(6), 'max_depth': np.int64(3)}",paper,FairProjection,,0.2,,,False,failed,RuntimeError('`tf.data.Dataset` only supports Python-style iteration in eager mode or within tf.function.'),,,not_completed,,2.0,500.0,cross-entropy,tf,,,,
DRUG,4,16,160777,RF,"{'n_estimators': np.int64(108), 'min_samples_split': np.int64(4), 'min_samples_leaf': np.int64(6), 'max_depth': np.int64(3)}",paper,FairProjection,,0.5,,,False,failed,RuntimeError('`tf.data.Dataset` only supports Python-style iteration in eager mode or within tf.function.'),,,not_completed,,2.0,500.0,cross-entropy,tf,,,,
DRUG,4,16,160777,RF,"{'n_estimators': np.int64(108), 'min_samples_split': np.int64(4), 'min_samples_leaf': np.int64(6), 'max_depth': np.int64(3)}",paper,FairProjection,,0.75,,,False,failed,RuntimeError('`tf.data.Dataset` only supports Python-style iteration in eager mode or within tf.function.'),,,not_completed,,2.0,500.0,cross-entropy,tf,,,,
DRUG,4,16,160777,GBM,"{'reg_lambda': 50, 'reg_alpha': 0, 'num_leaves': np.int64(12), 'n_estimators': np.int64(43), 'min_child_samples': np.int64(16), 'max_depth': np.int64(11)}",paper,FairProjection,,0.0,,,False,failed,RuntimeError('`tf.data.Dataset` only supports Python-style iteration in eager mode or within tf.function.'),,,not_completed,,2.0,500.0,cross-entropy,tf,,,,
DRUG,4,16,160777,GBM,"{'reg_lambda': 50, 'reg_alpha': 0, 'num_leaves': np.int64(12), 'n_estimators': np.int64(43), 'min_child_samples': np.int64(16), 'max_depth': np.int64(11)}",paper,FairProjection,,0.1,,,False,failed,RuntimeError('`tf.data.Dataset` only supports Python-style iteration in eager mode or within tf.function.'),,,not_completed,,2.0,500.0,cross-entropy,tf,,,,
DRUG,4,16,160777,GBM,"{'reg_lambda': 50, 'reg_alpha': 0, 'num_leaves': np.int64(12), 'n_estimators': np.int64(43), 'min_child_samples': np.int64(16), 'max_depth': np.int64(11)}",paper,FairProjection,,0.2,,,False,failed,RuntimeError('`tf.data.Dataset` only supports Python-style iteration in eager mode or within tf.function.'),,,not_completed,,2.0,500.0,cross-entropy,tf,,,,
DRUG,4,16,160777,GBM,"{'reg_lambda': 50, 'reg_alpha': 0, 'num_leaves': np.int64(12), 'n_estimators': np.int64(43), 'min_child_samples': np.int64(16), 'max_depth': np.int64(11)}",paper,FairProjection,,0.5,,,False,failed,RuntimeError('`tf.data.Dataset` only supports Python-style iteration in eager mode or within tf.function.'),,,not_completed,,2.0,500.0,cross-entropy,tf,,,,
DRUG,4,16,160777,GBM,"{'reg_lambda': 50, 'reg_alpha': 0, 'num_leaves': np.int64(12), 'n_estimators': np.int64(43), 'min_child_samples': np.int64(16), 'max_depth': np.int64(11)}",paper,FairProjection,,0.75,,,False,failed,RuntimeError('`tf.data.Dataset` only supports Python-style iteration in eager mode or within tf.function.'),,,not_completed,,2.0,500.0,cross-entropy,tf,,,,
DRUG,4,17,170777,reglog,{},paper,FairProjection,,0.0,,,False,failed,RuntimeError('`tf.data.Dataset` only supports Python-style iteration in eager mode or within tf.function.'),,,not_completed,,2.0,500.0,cross-entropy,tf,,,,
DRUG,4,17,170777,reglog,{},paper,FairProjection,,0.1,,,False,failed,RuntimeError('`tf.data.Dataset` only supports Python-style iteration in eager mode or within tf.function.'),,,not_completed,,2.0,500.0,cross-entropy,tf,,,,
DRUG,4,17,170777,reglog,{},paper,FairProjection,,0.2,,,False,failed,RuntimeError('`tf.data.Dataset` only supports Python-style iteration in eager mode or within tf.function.'),,,not_completed,,2.0,500.0,cross-entropy,tf,,,,
DRUG,4,17,170777,reglog,{},paper,FairProjection,,0.5,,,False,failed,RuntimeError('`tf.data.Dataset` only supports Python-style iteration in eager mode or within tf.function.'),,,not_completed,,2.0,500.0,cross-entropy,tf,,,,
DRUG,4,17,170777,reglog,{},paper,FairProjection,,0.75,,,False,failed,RuntimeError('`tf.data.Dataset` only supports Python-style iteration in eager mode or within tf.function.'),,,not_completed,,2.0,500.0,cross-entropy,tf,,,,
DRUG,4,17,170777,RF,"{'n_estimators': np.int64(18), 'min_samples_split': np.int64(4), 'min_samples_leaf': np.int64(5), 'max_depth': np.int64(14)}",paper,FairProjection,,0.0,,,False,failed,RuntimeError('`tf.data.Dataset` only supports Python-style iteration in eager mode or within tf.function.'),,,not_completed,,2.0,500.0,cross-entropy,tf,,,,
DRUG,4,17,170777,RF,"{'n_estimators': np.int64(18), 'min_samples_split': np.int64(4), 'min_samples_leaf': np.int64(5), 'max_depth': np.int64(14)}",paper,FairProjection,,0.1,,,False,failed,RuntimeError('`tf.data.Dataset` only supports Python-style iteration in eager mode or within tf.function.'),,,not_completed,,2.0,500.0,cross-entropy,tf,,,,
DRUG,4,17,170777,RF,"{'n_estimators': np.int64(18), 'min_samples_split': np.int64(4), 'min_samples_leaf': np.int64(5), 'max_depth': np.int64(14)}",paper,FairProjection,,0.2,,,False,failed,RuntimeError('`tf.data.Dataset` only supports Python-style iteration in eager mode or within tf.function.'),,,not_completed,,2.0,500.0,cross-entropy,tf,,,,
DRUG,4,17,170777,RF,"{'n_estimators': np.int64(18), 'min_samples_split': np.int64(4), 'min_samples_leaf': np.int64(5), 'max_depth': np.int64(14)}",paper,FairProjection,,0.5,,,False,failed,RuntimeError('`tf.data.Dataset` only supports Python-style iteration in eager mode or within tf.function.'),,,not_completed,,2.0,500.0,cross-entropy,tf,,,,
DRUG,4,17,170777,RF,"{'n_estimators': np.int64(18), 'min_samples_split': np.int64(4), 'min_samples_leaf': np.int64(5), 'max_depth': np.int64(14)}",paper,FairProjection,,0.75,,,False,failed,RuntimeError('`tf.data.Dataset` only supports Python-style iteration in eager mode or within tf.function.'),,,not_completed,,2.0,500.0,cross-entropy,tf,,,,
DRUG,4,17,170777,GBM,"{'reg_lambda': 10, 'reg_alpha': 20, 'num_leaves': np.int64(20), 'n_estimators': np.int64(115), 'min_child_samples': np.int64(53), 'max_depth': np.int64(10)}",paper,FairProjection,,0.0,,,False,failed,RuntimeError('`tf.data.Dataset` only supports Python-style iteration in eager mode or within tf.function.'),,,not_completed,,2.0,500.0,cross-entropy,tf,,,,
DRUG,4,17,170777,GBM,"{'reg_lambda': 10, 'reg_alpha': 20, 'num_leaves': np.int64(20), 'n_estimators': np.int64(115), 'min_child_samples': np.int64(53), 'max_depth': np.int64(10)}",paper,FairProjection,,0.1,,,False,failed,RuntimeError('`tf.data.Dataset` only supports Python-style iteration in eager mode or within tf.function.'),,,not_completed,,2.0,500.0,cross-entropy,tf,,,,
DRUG,4,17,170777,GBM,"{'reg_lambda': 10, 'reg_alpha': 20, 'num_leaves': np.int64(20), 'n_estimators': np.int64(115), 'min_child_samples': np.int64(53), 'max_depth': np.int64(10)}",paper,FairProjection,,0.2,,,False,failed,RuntimeError('`tf.data.Dataset` only supports Python-style iteration in eager mode or within tf.function.'),,,not_completed,,2.0,500.0,cross-entropy,tf,,,,
DRUG,4,17,170777,GBM,"{'reg_lambda': 10, 'reg_alpha': 20, 'num_leaves': np.int64(20), 'n_estimators': np.int64(115), 'min_child_samples': np.int64(53), 'max_depth': np.int64(10)}",paper,FairProjection,,0.5,,,False,failed,RuntimeError('`tf.data.Dataset` only supports Python-style iteration in eager mode or within tf.function.'),,,not_completed,,2.0,500.0,cross-entropy,tf,,,,
DRUG,4,17,170777,GBM,"{'reg_lambda': 10, 'reg_alpha': 20, 'num_leaves': np.int64(20), 'n_estimators': np.int64(115), 'min_child_samples': np.int64(53), 'max_depth': np.int64(10)}",paper,FairProjection,,0.75,,,False,failed,RuntimeError('`tf.data.Dataset` only supports Python-style iteration in eager mode or within tf.function.'),,,not_completed,,2.0,500.0,cross-entropy,tf,,,,
DRUG,4,18,180777,reglog,{},paper,FairProjection,,0.0,,,False,failed,RuntimeError('`tf.data.Dataset` only supports Python-style iteration in eager mode or within tf.function.'),,,not_completed,,2.0,500.0,cross-entropy,tf,,,,
DRUG,4,18,180777,reglog,{},paper,FairProjection,,0.1,,,False,failed,RuntimeError('`tf.data.Dataset` only supports Python-style iteration in eager mode or within tf.function.'),,,not_completed,,2.0,500.0,cross-entropy,tf,,,,
DRUG,4,18,180777,reglog,{},paper,FairProjection,,0.2,,,False,failed,RuntimeError('`tf.data.Dataset` only supports Python-style iteration in eager mode or within tf.function.'),,,not_completed,,2.0,500.0,cross-entropy,tf,,,,
DRUG,4,18,180777,reglog,{},paper,FairProjection,,0.5,,,False,failed,RuntimeError('`tf.data.Dataset` only supports Python-style iteration in eager mode or within tf.function.'),,,not_completed,,2.0,500.0,cross-entropy,tf,,,,
DRUG,4,18,180777,reglog,{},paper,FairProjection,,0.75,,,False,failed,RuntimeError('`tf.data.Dataset` only supports Python-style iteration in eager mode or within tf.function.'),,,not_completed,,2.0,500.0,cross-entropy,tf,,,,
DRUG,4,18,180777,RF,"{'n_estimators': np.int64(77), 'min_samples_split': np.int64(8), 'min_samples_leaf': np.int64(6), 'max_depth': np.int64(3)}",paper,FairProjection,,0.0,,,False,failed,RuntimeError('`tf.data.Dataset` only supports Python-style iteration in eager mode or within tf.function.'),,,not_completed,,2.0,500.0,cross-entropy,tf,,,,
DRUG,4,18,180777,RF,"{'n_estimators': np.int64(77), 'min_samples_split': np.int64(8), 'min_samples_leaf': np.int64(6), 'max_depth': np.int64(3)}",paper,FairProjection,,0.1,,,False,failed,RuntimeError('`tf.data.Dataset` only supports Python-style iteration in eager mode or within tf.function.'),,,not_completed,,2.0,500.0,cross-entropy,tf,,,,
DRUG,4,18,180777,RF,"{'n_estimators': np.int64(77), 'min_samples_split': np.int64(8), 'min_samples_leaf': np.int64(6), 'max_depth': np.int64(3)}",paper,FairProjection,,0.2,,,False,failed,RuntimeError('`tf.data.Dataset` only supports Python-style iteration in eager mode or within tf.function.'),,,not_completed,,2.0,500.0,cross-entropy,tf,,,,
DRUG,4,18,180777,RF,"{'n_estimators': np.int64(77), 'min_samples_split': np.int64(8), 'min_samples_leaf': np.int64(6), 'max_depth': np.int64(3)}",paper,FairProjection,,0.5,,,False,failed,RuntimeError('`tf.data.Dataset` only supports Python-style iteration in eager mode or within tf.function.'),,,not_completed,,2.0,500.0,cross-entropy,tf,,,,
DRUG,4,18,180777,RF,"{'n_estimators': np.int64(77), 'min_samples_split': np.int64(8), 'min_samples_leaf': np.int64(6), 'max_depth': np.int64(3)}",paper,FairProjection,,0.75,,,False,failed,RuntimeError('`tf.data.Dataset` only supports Python-style iteration in eager mode or within tf.function.'),,,not_completed,,2.0,500.0,cross-entropy,tf,,,,
DRUG,4,18,180777,GBM,"{'reg_lambda': 20, 'reg_alpha': 0, 'num_leaves': np.int64(35), 'n_estimators': np.int64(87), 'min_child_samples': np.int64(36), 'max_depth': np.int64(2)}",paper,FairProjection,,0.0,,,False,failed,RuntimeError('`tf.data.Dataset` only supports Python-style iteration in eager mode or within tf.function.'),,,not_completed,,2.0,500.0,cross-entropy,tf,,,,
DRUG,4,18,180777,GBM,"{'reg_lambda': 20, 'reg_alpha': 0, 'num_leaves': np.int64(35), 'n_estimators': np.int64(87), 'min_child_samples': np.int64(36), 'max_depth': np.int64(2)}",paper,FairProjection,,0.1,,,False,failed,RuntimeError('`tf.data.Dataset` only supports Python-style iteration in eager mode or within tf.function.'),,,not_completed,,2.0,500.0,cross-entropy,tf,,,,
DRUG,4,18,180777,GBM,"{'reg_lambda': 20, 'reg_alpha': 0, 'num_leaves': np.int64(35), 'n_estimators': np.int64(87), 'min_child_samples': np.int64(36), 'max_depth': np.int64(2)}",paper,FairProjection,,0.2,,,False,failed,RuntimeError('`tf.data.Dataset` only supports Python-style iteration in eager mode or within tf.function.'),,,not_completed,,2.0,500.0,cross-entropy,tf,,,,
DRUG,4,18,180777,GBM,"{'reg_lambda': 20, 'reg_alpha': 0, 'num_leaves': np.int64(35), 'n_estimators': np.int64(87), 'min_child_samples': np.int64(36), 'max_depth': np.int64(2)}",paper,FairProjection,,0.5,,,False,failed,RuntimeError('`tf.data.Dataset` only supports Python-style iteration in eager mode or within tf.function.'),,,not_completed,,2.0,500.0,cross-entropy,tf,,,,
DRUG,4,18,180777,GBM,"{'reg_lambda': 20, 'reg_alpha': 0, 'num_leaves': np.int64(35), 'n_estimators': np.int64(87), 'min_child_samples': np.int64(36), 'max_depth': np.int64(2)}",paper,FairProjection,,0.75,,,False,failed,RuntimeError('`tf.data.Dataset` only supports Python-style iteration in eager mode or within tf.function.'),,,not_completed,,2.0,500.0,cross-entropy,tf,,,,
DRUG,4,19,190777,reglog,{},paper,FairProjection,,0.0,,,False,failed,RuntimeError('`tf.data.Dataset` only supports Python-style iteration in eager mode or within tf.function.'),,,not_completed,,2.0,500.0,cross-entropy,tf,,,,
DRUG,4,19,190777,reglog,{},paper,FairProjection,,0.1,,,False,failed,RuntimeError('`tf.data.Dataset` only supports Python-style iteration in eager mode or within tf.function.'),,,not_completed,,2.0,500.0,cross-entropy,tf,,,,
DRUG,4,19,190777,reglog,{},paper,FairProjection,,0.2,,,False,failed,RuntimeError('`tf.data.Dataset` only supports Python-style iteration in eager mode or within tf.function.'),,,not_completed,,2.0,500.0,cross-entropy,tf,,,,
DRUG,4,19,190777,reglog,{},paper,FairProjection,,0.5,,,False,failed,RuntimeError('`tf.data.Dataset` only supports Python-style iteration in eager mode or within tf.function.'),,,not_completed,,2.0,500.0,cross-entropy,tf,,,,
DRUG,4,19,190777,reglog,{},paper,FairProjection,,0.75,,,False,failed,RuntimeError('`tf.data.Dataset` only supports Python-style iteration in eager mode or within tf.function.'),,,not_completed,,2.0,500.0,cross-entropy,tf,,,,
DRUG,4,19,190777,RF,"{'n_estimators': np.int64(132), 'min_samples_split': np.int64(5), 'min_samples_leaf': np.int64(4), 'max_depth': np.int64(4)}",paper,FairProjection,,0.0,,,False,failed,RuntimeError('`tf.data.Dataset` only supports Python-style iteration in eager mode or within tf.function.'),,,not_completed,,2.0,500.0,cross-entropy,tf,,,,
DRUG,4,19,190777,RF,"{'n_estimators': np.int64(132), 'min_samples_split': np.int64(5), 'min_samples_leaf': np.int64(4), 'max_depth': np.int64(4)}",paper,FairProjection,,0.1,,,False,failed,RuntimeError('`tf.data.Dataset` only supports Python-style iteration in eager mode or within tf.function.'),,,not_completed,,2.0,500.0,cross-entropy,tf,,,,
DRUG,4,19,190777,RF,"{'n_estimators': np.int64(132), 'min_samples_split': np.int64(5), 'min_samples_leaf': np.int64(4), 'max_depth': np.int64(4)}",paper,FairProjection,,0.2,,,False,failed,RuntimeError('`tf.data.Dataset` only supports Python-style iteration in eager mode or within tf.function.'),,,not_completed,,2.0,500.0,cross-entropy,tf,,,,
DRUG,4,19,190777,RF,"{'n_estimators': np.int64(132), 'min_samples_split': np.int64(5), 'min_samples_leaf': np.int64(4), 'max_depth': np.int64(4)}",paper,FairProjection,,0.5,,,False,failed,RuntimeError('`tf.data.Dataset` only supports Python-style iteration in eager mode or within tf.function.'),,,not_completed,,2.0,500.0,cross-entropy,tf,,,,
DRUG,4,19,190777,RF,"{'n_estimators': np.int64(132), 'min_samples_split': np.int64(5), 'min_samples_leaf': np.int64(4), 'max_depth': np.int64(4)}",paper,FairProjection,,0.75,,,False,failed,RuntimeError('`tf.data.Dataset` only supports Python-style iteration in eager mode or within tf.function.'),,,not_completed,,2.0,500.0,cross-entropy,tf,,,,
DRUG,4,19,190777,GBM,"{'reg_lambda': 20, 'reg_alpha': 1, 'num_leaves': np.int64(38), 'n_estimators': np.int64(83), 'min_child_samples': np.int64(22), 'max_depth': np.int64(2)}",paper,FairProjection,,0.0,,,False,failed,RuntimeError('`tf.data.Dataset` only supports Python-style iteration in eager mode or within tf.function.'),,,not_completed,,2.0,500.0,cross-entropy,tf,,,,
DRUG,4,19,190777,GBM,"{'reg_lambda': 20, 'reg_alpha': 1, 'num_leaves': np.int64(38), 'n_estimators': np.int64(83), 'min_child_samples': np.int64(22), 'max_depth': np.int64(2)}",paper,FairProjection,,0.1,,,False,failed,RuntimeError('`tf.data.Dataset` only supports Python-style iteration in eager mode or within tf.function.'),,,not_completed,,2.0,500.0,cross-entropy,tf,,,,
DRUG,4,19,190777,GBM,"{'reg_lambda': 20, 'reg_alpha': 1, 'num_leaves': np.int64(38), 'n_estimators': np.int64(83), 'min_child_samples': np.int64(22), 'max_depth': np.int64(2)}",paper,FairProjection,,0.2,,,False,failed,RuntimeError('`tf.data.Dataset` only supports Python-style iteration in eager mode or within tf.function.'),,,not_completed,,2.0,500.0,cross-entropy,tf,,,,
DRUG,4,19,190777,GBM,"{'reg_lambda': 20, 'reg_alpha': 1, 'num_leaves': np.int64(38), 'n_estimators': np.int64(83), 'min_child_samples': np.int64(22), 'max_depth': np.int64(2)}",paper,FairProjection,,0.5,,,False,failed,RuntimeError('`tf.data.Dataset` only supports Python-style iteration in eager mode or within tf.function.'),,,not_completed,,2.0,500.0,cross-entropy,tf,,,,
DRUG,4,19,190777,GBM,"{'reg_lambda': 20, 'reg_alpha': 1, 'num_leaves': np.int64(38), 'n_estimators': np.int64(83), 'min_child_samples': np.int64(22), 'max_depth': np.int64(2)}",paper,FairProjection,,0.75,,,False,failed,RuntimeError('`tf.data.Dataset` only supports Python-style iteration in eager mode or within tf.function.'),,,not_completed,,2.0,500.0,cross-entropy,tf,,,,
DRUG,4,20,200777,reglog,{},paper,FairProjection,,0.0,,,False,failed,RuntimeError('`tf.data.Dataset` only supports Python-style iteration in eager mode or within tf.function.'),,,not_completed,,2.0,500.0,cross-entropy,tf,,,,
DRUG,4,20,200777,reglog,{},paper,FairProjection,,0.1,,,False,failed,RuntimeError('`tf.data.Dataset` only supports Python-style iteration in eager mode or within tf.function.'),,,not_completed,,2.0,500.0,cross-entropy,tf,,,,
DRUG,4,20,200777,reglog,{},paper,FairProjection,,0.2,,,False,failed,RuntimeError('`tf.data.Dataset` only supports Python-style iteration in eager mode or within tf.function.'),,,not_completed,,2.0,500.0,cross-entropy,tf,,,,
DRUG,4,20,200777,reglog,{},paper,FairProjection,,0.5,,,False,failed,RuntimeError('`tf.data.Dataset` only supports Python-style iteration in eager mode or within tf.function.'),,,not_completed,,2.0,500.0,cross-entropy,tf,,,,
DRUG,4,20,200777,reglog,{},paper,FairProjection,,0.75,,,False,failed,RuntimeError('`tf.data.Dataset` only supports Python-style iteration in eager mode or within tf.function.'),,,not_completed,,2.0,500.0,cross-entropy,tf,,,,
DRUG,4,20,200777,RF,"{'n_estimators': np.int64(102), 'min_samples_split': np.int64(4), 'min_samples_leaf': np.int64(1), 'max_depth': np.int64(2)}",paper,FairProjection,,0.0,,,False,failed,RuntimeError('`tf.data.Dataset` only supports Python-style iteration in eager mode or within tf.function.'),,,not_completed,,2.0,500.0,cross-entropy,tf,,,,
DRUG,4,20,200777,RF,"{'n_estimators': np.int64(102), 'min_samples_split': np.int64(4), 'min_samples_leaf': np.int64(1), 'max_depth': np.int64(2)}",paper,FairProjection,,0.1,,,False,failed,RuntimeError('`tf.data.Dataset` only supports Python-style iteration in eager mode or within tf.function.'),,,not_completed,,2.0,500.0,cross-entropy,tf,,,,
DRUG,4,20,200777,RF,"{'n_estimators': np.int64(102), 'min_samples_split': np.int64(4), 'min_samples_leaf': np.int64(1), 'max_depth': np.int64(2)}",paper,FairProjection,,0.2,,,False,failed,RuntimeError('`tf.data.Dataset` only supports Python-style iteration in eager mode or within tf.function.'),,,not_completed,,2.0,500.0,cross-entropy,tf,,,,
DRUG,4,20,200777,RF,"{'n_estimators': np.int64(102), 'min_samples_split': np.int64(4), 'min_samples_leaf': np.int64(1), 'max_depth': np.int64(2)}",paper,FairProjection,,0.5,,,False,failed,RuntimeError('`tf.data.Dataset` only supports Python-style iteration in eager mode or within tf.function.'),,,not_completed,,2.0,500.0,cross-entropy,tf,,,,
DRUG,4,20,200777,RF,"{'n_estimators': np.int64(102), 'min_samples_split': np.int64(4), 'min_samples_leaf': np.int64(1), 'max_depth': np.int64(2)}",paper,FairProjection,,0.75,,,False,failed,RuntimeError('`tf.data.Dataset` only supports Python-style iteration in eager mode or within tf.function.'),,,not_completed,,2.0,500.0,cross-entropy,tf,,,,
DRUG,4,20,200777,GBM,"{'reg_lambda': 2, 'reg_alpha': 0.1, 'num_leaves': np.int64(31), 'n_estimators': np.int64(51), 'min_child_samples': np.int64(20), 'max_depth': np.int64(12)}",paper,FairProjection,,0.0,,,False,failed,RuntimeError('`tf.data.Dataset` only supports Python-style iteration in eager mode or within tf.function.'),,,not_completed,,2.0,500.0,cross-entropy,tf,,,,
DRUG,4,20,200777,GBM,"{'reg_lambda': 2, 'reg_alpha': 0.1, 'num_leaves': np.int64(31), 'n_estimators': np.int64(51), 'min_child_samples': np.int64(20), 'max_depth': np.int64(12)}",paper,FairProjection,,0.1,,,False,failed,RuntimeError('`tf.data.Dataset` only supports Python-style iteration in eager mode or within tf.function.'),,,not_completed,,2.0,500.0,cross-entropy,tf,,,,
DRUG,4,20,200777,GBM,"{'reg_lambda': 2, 'reg_alpha': 0.1, 'num_leaves': np.int64(31), 'n_estimators': np.int64(51), 'min_child_samples': np.int64(20), 'max_depth': np.int64(12)}",paper,FairProjection,,0.2,,,False,failed,RuntimeError('`tf.data.Dataset` only supports Python-style iteration in eager mode or within tf.function.'),,,not_completed,,2.0,500.0,cross-entropy,tf,,,,
DRUG,4,20,200777,GBM,"{'reg_lambda': 2, 'reg_alpha': 0.1, 'num_leaves': np.int64(31), 'n_estimators': np.int64(51), 'min_child_samples': np.int64(20), 'max_depth': np.int64(12)}",paper,FairProjection,,0.5,,,False,failed,RuntimeError('`tf.data.Dataset` only supports Python-style iteration in eager mode or within tf.function.'),,,not_completed,,2.0,500.0,cross-entropy,tf,,,,
DRUG,4,20,200777,GBM,"{'reg_lambda': 2, 'reg_alpha': 0.1, 'num_leaves': np.int64(31), 'n_estimators': np.int64(51), 'min_child_samples': np.int64(20), 'max_depth': np.int64(12)}",paper,FairProjection,,0.75,,,False,failed,RuntimeError('`tf.data.Dataset` only supports Python-style iteration in eager mode or within tf.function.'),,,not_completed,,2.0,500.0,cross-entropy,tf,,,,
DRUG,4,21,210777,reglog,{},paper,FairProjection,,0.0,,,False,failed,RuntimeError('`tf.data.Dataset` only supports Python-style iteration in eager mode or within tf.function.'),,,not_completed,,2.0,500.0,cross-entropy,tf,,,,
DRUG,4,21,210777,reglog,{},paper,FairProjection,,0.1,,,False,failed,RuntimeError('`tf.data.Dataset` only supports Python-style iteration in eager mode or within tf.function.'),,,not_completed,,2.0,500.0,cross-entropy,tf,,,,
DRUG,4,21,210777,reglog,{},paper,FairProjection,,0.2,,,False,failed,RuntimeError('`tf.data.Dataset` only supports Python-style iteration in eager mode or within tf.function.'),,,not_completed,,2.0,500.0,cross-entropy,tf,,,,
DRUG,4,21,210777,reglog,{},paper,FairProjection,,0.5,,,False,failed,RuntimeError('`tf.data.Dataset` only supports Python-style iteration in eager mode or within tf.function.'),,,not_completed,,2.0,500.0,cross-entropy,tf,,,,
DRUG,4,21,210777,reglog,{},paper,FairProjection,,0.75,,,False,failed,RuntimeError('`tf.data.Dataset` only supports Python-style iteration in eager mode or within tf.function.'),,,not_completed,,2.0,500.0,cross-entropy,tf,,,,
DRUG,4,21,210777,RF,"{'n_estimators': np.int64(145), 'min_samples_split': np.int64(4), 'min_samples_leaf': np.int64(6), 'max_depth': np.int64(3)}",paper,FairProjection,,0.0,,,False,failed,RuntimeError('`tf.data.Dataset` only supports Python-style iteration in eager mode or within tf.function.'),,,not_completed,,2.0,500.0,cross-entropy,tf,,,,
DRUG,4,21,210777,RF,"{'n_estimators': np.int64(145), 'min_samples_split': np.int64(4), 'min_samples_leaf': np.int64(6), 'max_depth': np.int64(3)}",paper,FairProjection,,0.1,,,False,failed,RuntimeError('`tf.data.Dataset` only supports Python-style iteration in eager mode or within tf.function.'),,,not_completed,,2.0,500.0,cross-entropy,tf,,,,
DRUG,4,21,210777,RF,"{'n_estimators': np.int64(145), 'min_samples_split': np.int64(4), 'min_samples_leaf': np.int64(6), 'max_depth': np.int64(3)}",paper,FairProjection,,0.2,,,False,failed,RuntimeError('`tf.data.Dataset` only supports Python-style iteration in eager mode or within tf.function.'),,,not_completed,,2.0,500.0,cross-entropy,tf,,,,
DRUG,4,21,210777,RF,"{'n_estimators': np.int64(145), 'min_samples_split': np.int64(4), 'min_samples_leaf': np.int64(6), 'max_depth': np.int64(3)}",paper,FairProjection,,0.5,,,False,failed,RuntimeError('`tf.data.Dataset` only supports Python-style iteration in eager mode or within tf.function.'),,,not_completed,,2.0,500.0,cross-entropy,tf,,,,
DRUG,4,21,210777,RF,"{'n_estimators': np.int64(145), 'min_samples_split': np.int64(4), 'min_samples_leaf': np.int64(6), 'max_depth': np.int64(3)}",paper,FairProjection,,0.75,,,False,failed,RuntimeError('`tf.data.Dataset` only supports Python-style iteration in eager mode or within tf.function.'),,,not_completed,,2.0,500.0,cross-entropy,tf,,,,
DRUG,4,21,210777,GBM,"{'reg_lambda': 50, 'reg_alpha': 5, 'num_leaves': np.int64(42), 'n_estimators': np.int64(94), 'min_child_samples': np.int64(11), 'max_depth': np.int64(7)}",paper,FairProjection,,0.0,,,False,failed,RuntimeError('`tf.data.Dataset` only supports Python-style iteration in eager mode or within tf.function.'),,,not_completed,,2.0,500.0,cross-entropy,tf,,,,
DRUG,4,21,210777,GBM,"{'reg_lambda': 50, 'reg_alpha': 5, 'num_leaves': np.int64(42), 'n_estimators': np.int64(94), 'min_child_samples': np.int64(11), 'max_depth': np.int64(7)}",paper,FairProjection,,0.1,,,False,failed,RuntimeError('`tf.data.Dataset` only supports Python-style iteration in eager mode or within tf.function.'),,,not_completed,,2.0,500.0,cross-entropy,tf,,,,
DRUG,4,21,210777,GBM,"{'reg_lambda': 50, 'reg_alpha': 5, 'num_leaves': np.int64(42), 'n_estimators': np.int64(94), 'min_child_samples': np.int64(11), 'max_depth': np.int64(7)}",paper,FairProjection,,0.2,,,False,failed,RuntimeError('`tf.data.Dataset` only supports Python-style iteration in eager mode or within tf.function.'),,,not_completed,,2.0,500.0,cross-entropy,tf,,,,
DRUG,4,21,210777,GBM,"{'reg_lambda': 50, 'reg_alpha': 5, 'num_leaves': np.int64(42), 'n_estimators': np.int64(94), 'min_child_samples': np.int64(11), 'max_depth': np.int64(7)}",paper,FairProjection,,0.5,,,False,failed,RuntimeError('`tf.data.Dataset` only supports Python-style iteration in eager mode or within tf.function.'),,,not_completed,,2.0,500.0,cross-entropy,tf,,,,
DRUG,4,21,210777,GBM,"{'reg_lambda': 50, 'reg_alpha': 5, 'num_leaves': np.int64(42), 'n_estimators': np.int64(94), 'min_child_samples': np.int64(11), 'max_depth': np.int64(7)}",paper,FairProjection,,0.75,,,False,failed,RuntimeError('`tf.data.Dataset` only supports Python-style iteration in eager mode or within tf.function.'),,,not_completed,,2.0,500.0,cross-entropy,tf,,,,
DRUG,4,22,220777,reglog,{},paper,FairProjection,,0.0,,,False,failed,RuntimeError('`tf.data.Dataset` only supports Python-style iteration in eager mode or within tf.function.'),,,not_completed,,2.0,500.0,cross-entropy,tf,,,,
DRUG,4,22,220777,reglog,{},paper,FairProjection,,0.1,,,False,failed,RuntimeError('`tf.data.Dataset` only supports Python-style iteration in eager mode or within tf.function.'),,,not_completed,,2.0,500.0,cross-entropy,tf,,,,
DRUG,4,22,220777,reglog,{},paper,FairProjection,,0.2,,,False,failed,RuntimeError('`tf.data.Dataset` only supports Python-style iteration in eager mode or within tf.function.'),,,not_completed,,2.0,500.0,cross-entropy,tf,,,,
DRUG,4,22,220777,reglog,{},paper,FairProjection,,0.5,,,False,failed,RuntimeError('`tf.data.Dataset` only supports Python-style iteration in eager mode or within tf.function.'),,,not_completed,,2.0,500.0,cross-entropy,tf,,,,
DRUG,4,22,220777,reglog,{},paper,FairProjection,,0.75,,,False,failed,RuntimeError('`tf.data.Dataset` only supports Python-style iteration in eager mode or within tf.function.'),,,not_completed,,2.0,500.0,cross-entropy,tf,,,,
DRUG,4,22,220777,RF,"{'n_estimators': np.int64(98), 'min_samples_split': np.int64(4), 'min_samples_leaf': np.int64(3), 'max_depth': np.int64(2)}",paper,FairProjection,,0.0,,,False,failed,RuntimeError('`tf.data.Dataset` only supports Python-style iteration in eager mode or within tf.function.'),,,not_completed,,2.0,500.0,cross-entropy,tf,,,,
DRUG,4,22,220777,RF,"{'n_estimators': np.int64(98), 'min_samples_split': np.int64(4), 'min_samples_leaf': np.int64(3), 'max_depth': np.int64(2)}",paper,FairProjection,,0.1,,,False,failed,RuntimeError('`tf.data.Dataset` only supports Python-style iteration in eager mode or within tf.function.'),,,not_completed,,2.0,500.0,cross-entropy,tf,,,,
DRUG,4,22,220777,RF,"{'n_estimators': np.int64(98), 'min_samples_split': np.int64(4), 'min_samples_leaf': np.int64(3), 'max_depth': np.int64(2)}",paper,FairProjection,,0.2,,,False,failed,RuntimeError('`tf.data.Dataset` only supports Python-style iteration in eager mode or within tf.function.'),,,not_completed,,2.0,500.0,cross-entropy,tf,,,,
DRUG,4,22,220777,RF,"{'n_estimators': np.int64(98), 'min_samples_split': np.int64(4), 'min_samples_leaf': np.int64(3), 'max_depth': np.int64(2)}",paper,FairProjection,,0.5,,,False,failed,RuntimeError('`tf.data.Dataset` only supports Python-style iteration in eager mode or within tf.function.'),,,not_completed,,2.0,500.0,cross-entropy,tf,,,,
DRUG,4,22,220777,RF,"{'n_estimators': np.int64(98), 'min_samples_split': np.int64(4), 'min_samples_leaf': np.int64(3), 'max_depth': np.int64(2)}",paper,FairProjection,,0.75,,,False,failed,RuntimeError('`tf.data.Dataset` only supports Python-style iteration in eager mode or within tf.function.'),,,not_completed,,2.0,500.0,cross-entropy,tf,,,,
DRUG,4,22,220777,GBM,"{'reg_lambda': 5, 'reg_alpha': 2, 'num_leaves': np.int64(44), 'n_estimators': np.int64(70), 'min_child_samples': np.int64(46), 'max_depth': np.int64(4)}",paper,FairProjection,,0.0,,,False,failed,RuntimeError('`tf.data.Dataset` only supports Python-style iteration in eager mode or within tf.function.'),,,not_completed,,2.0,500.0,cross-entropy,tf,,,,
DRUG,4,22,220777,GBM,"{'reg_lambda': 5, 'reg_alpha': 2, 'num_leaves': np.int64(44), 'n_estimators': np.int64(70), 'min_child_samples': np.int64(46), 'max_depth': np.int64(4)}",paper,FairProjection,,0.1,,,False,failed,RuntimeError('`tf.data.Dataset` only supports Python-style iteration in eager mode or within tf.function.'),,,not_completed,,2.0,500.0,cross-entropy,tf,,,,
DRUG,4,22,220777,GBM,"{'reg_lambda': 5, 'reg_alpha': 2, 'num_leaves': np.int64(44), 'n_estimators': np.int64(70), 'min_child_samples': np.int64(46), 'max_depth': np.int64(4)}",paper,FairProjection,,0.2,,,False,failed,RuntimeError('`tf.data.Dataset` only supports Python-style iteration in eager mode or within tf.function.'),,,not_completed,,2.0,500.0,cross-entropy,tf,,,,
DRUG,4,22,220777,GBM,"{'reg_lambda': 5, 'reg_alpha': 2, 'num_leaves': np.int64(44), 'n_estimators': np.int64(70), 'min_child_samples': np.int64(46), 'max_depth': np.int64(4)}",paper,FairProjection,,0.5,,,False,failed,RuntimeError('`tf.data.Dataset` only supports Python-style iteration in eager mode or within tf.function.'),,,not_completed,,2.0,500.0,cross-entropy,tf,,,,
DRUG,4,22,220777,GBM,"{'reg_lambda': 5, 'reg_alpha': 2, 'num_leaves': np.int64(44), 'n_estimators': np.int64(70), 'min_child_samples': np.int64(46), 'max_depth': np.int64(4)}",paper,FairProjection,,0.75,,,False,failed,RuntimeError('`tf.data.Dataset` only supports Python-style iteration in eager mode or within tf.function.'),,,not_completed,,2.0,500.0,cross-entropy,tf,,,,
DRUG,4,23,230777,reglog,{},paper,FairProjection,,0.0,,,False,failed,RuntimeError('`tf.data.Dataset` only supports Python-style iteration in eager mode or within tf.function.'),,,not_completed,,2.0,500.0,cross-entropy,tf,,,,
DRUG,4,23,230777,reglog,{},paper,FairProjection,,0.1,,,False,failed,RuntimeError('`tf.data.Dataset` only supports Python-style iteration in eager mode or within tf.function.'),,,not_completed,,2.0,500.0,cross-entropy,tf,,,,
DRUG,4,23,230777,reglog,{},paper,FairProjection,,0.2,,,False,failed,RuntimeError('`tf.data.Dataset` only supports Python-style iteration in eager mode or within tf.function.'),,,not_completed,,2.0,500.0,cross-entropy,tf,,,,
DRUG,4,23,230777,reglog,{},paper,FairProjection,,0.5,,,False,failed,RuntimeError('`tf.data.Dataset` only supports Python-style iteration in eager mode or within tf.function.'),,,not_completed,,2.0,500.0,cross-entropy,tf,,,,
DRUG,4,23,230777,reglog,{},paper,FairProjection,,0.75,,,False,failed,RuntimeError('`tf.data.Dataset` only supports Python-style iteration in eager mode or within tf.function.'),,,not_completed,,2.0,500.0,cross-entropy,tf,,,,
DRUG,4,23,230777,RF,"{'n_estimators': np.int64(94), 'min_samples_split': np.int64(10), 'min_samples_leaf': np.int64(7), 'max_depth': np.int64(2)}",paper,FairProjection,,0.0,,,False,failed,RuntimeError('`tf.data.Dataset` only supports Python-style iteration in eager mode or within tf.function.'),,,not_completed,,2.0,500.0,cross-entropy,tf,,,,
DRUG,4,23,230777,RF,"{'n_estimators': np.int64(94), 'min_samples_split': np.int64(10), 'min_samples_leaf': np.int64(7), 'max_depth': np.int64(2)}",paper,FairProjection,,0.1,,,False,failed,RuntimeError('`tf.data.Dataset` only supports Python-style iteration in eager mode or within tf.function.'),,,not_completed,,2.0,500.0,cross-entropy,tf,,,,
DRUG,4,23,230777,RF,"{'n_estimators': np.int64(94), 'min_samples_split': np.int64(10), 'min_samples_leaf': np.int64(7), 'max_depth': np.int64(2)}",paper,FairProjection,,0.2,,,False,failed,RuntimeError('`tf.data.Dataset` only supports Python-style iteration in eager mode or within tf.function.'),,,not_completed,,2.0,500.0,cross-entropy,tf,,,,
DRUG,4,23,230777,RF,"{'n_estimators': np.int64(94), 'min_samples_split': np.int64(10), 'min_samples_leaf': np.int64(7), 'max_depth': np.int64(2)}",paper,FairProjection,,0.5,,,False,failed,RuntimeError('`tf.data.Dataset` only supports Python-style iteration in eager mode or within tf.function.'),,,not_completed,,2.0,500.0,cross-entropy,tf,,,,
DRUG,4,23,230777,RF,"{'n_estimators': np.int64(94), 'min_samples_split': np.int64(10), 'min_samples_leaf': np.int64(7), 'max_depth': np.int64(2)}",paper,FairProjection,,0.75,,,False,failed,RuntimeError('`tf.data.Dataset` only supports Python-style iteration in eager mode or within tf.function.'),,,not_completed,,2.0,500.0,cross-entropy,tf,,,,
DRUG,4,23,230777,GBM,"{'reg_lambda': 1, 'reg_alpha': 5, 'num_leaves': np.int64(32), 'n_estimators': np.int64(197), 'min_child_samples': np.int64(78), 'max_depth': np.int64(14)}",paper,FairProjection,,0.0,,,False,failed,RuntimeError('`tf.data.Dataset` only supports Python-style iteration in eager mode or within tf.function.'),,,not_completed,,2.0,500.0,cross-entropy,tf,,,,
DRUG,4,23,230777,GBM,"{'reg_lambda': 1, 'reg_alpha': 5, 'num_leaves': np.int64(32), 'n_estimators': np.int64(197), 'min_child_samples': np.int64(78), 'max_depth': np.int64(14)}",paper,FairProjection,,0.1,,,False,failed,RuntimeError('`tf.data.Dataset` only supports Python-style iteration in eager mode or within tf.function.'),,,not_completed,,2.0,500.0,cross-entropy,tf,,,,
DRUG,4,23,230777,GBM,"{'reg_lambda': 1, 'reg_alpha': 5, 'num_leaves': np.int64(32), 'n_estimators': np.int64(197), 'min_child_samples': np.int64(78), 'max_depth': np.int64(14)}",paper,FairProjection,,0.2,,,False,failed,RuntimeError('`tf.data.Dataset` only supports Python-style iteration in eager mode or within tf.function.'),,,not_completed,,2.0,500.0,cross-entropy,tf,,,,
DRUG,4,23,230777,GBM,"{'reg_lambda': 1, 'reg_alpha': 5, 'num_leaves': np.int64(32), 'n_estimators': np.int64(197), 'min_child_samples': np.int64(78), 'max_depth': np.int64(14)}",paper,FairProjection,,0.5,,,False,failed,RuntimeError('`tf.data.Dataset` only supports Python-style iteration in eager mode or within tf.function.'),,,not_completed,,2.0,500.0,cross-entropy,tf,,,,
DRUG,4,23,230777,GBM,"{'reg_lambda': 1, 'reg_alpha': 5, 'num_leaves': np.int64(32), 'n_estimators': np.int64(197), 'min_child_samples': np.int64(78), 'max_depth': np.int64(14)}",paper,FairProjection,,0.75,,,False,failed,RuntimeError('`tf.data.Dataset` only supports Python-style iteration in eager mode or within tf.function.'),,,not_completed,,2.0,500.0,cross-entropy,tf,,,,
DRUG,4,24,240777,reglog,{},paper,FairProjection,,0.0,,,False,failed,RuntimeError('`tf.data.Dataset` only supports Python-style iteration in eager mode or within tf.function.'),,,not_completed,,2.0,500.0,cross-entropy,tf,,,,
DRUG,4,24,240777,reglog,{},paper,FairProjection,,0.1,,,False,failed,RuntimeError('`tf.data.Dataset` only supports Python-style iteration in eager mode or within tf.function.'),,,not_completed,,2.0,500.0,cross-entropy,tf,,,,
DRUG,4,24,240777,reglog,{},paper,FairProjection,,0.2,,,False,failed,RuntimeError('`tf.data.Dataset` only supports Python-style iteration in eager mode or within tf.function.'),,,not_completed,,2.0,500.0,cross-entropy,tf,,,,
DRUG,4,24,240777,reglog,{},paper,FairProjection,,0.5,,,False,failed,RuntimeError('`tf.data.Dataset` only supports Python-style iteration in eager mode or within tf.function.'),,,not_completed,,2.0,500.0,cross-entropy,tf,,,,
DRUG,4,24,240777,reglog,{},paper,FairProjection,,0.75,,,False,failed,RuntimeError('`tf.data.Dataset` only supports Python-style iteration in eager mode or within tf.function.'),,,not_completed,,2.0,500.0,cross-entropy,tf,,,,
DRUG,4,24,240777,RF,"{'n_estimators': np.int64(19), 'min_samples_split': np.int64(3), 'min_samples_leaf': np.int64(6), 'max_depth': np.int64(2)}",paper,FairProjection,,0.0,,,False,failed,RuntimeError('`tf.data.Dataset` only supports Python-style iteration in eager mode or within tf.function.'),,,not_completed,,2.0,500.0,cross-entropy,tf,,,,
DRUG,4,24,240777,RF,"{'n_estimators': np.int64(19), 'min_samples_split': np.int64(3), 'min_samples_leaf': np.int64(6), 'max_depth': np.int64(2)}",paper,FairProjection,,0.1,,,False,failed,RuntimeError('`tf.data.Dataset` only supports Python-style iteration in eager mode or within tf.function.'),,,not_completed,,2.0,500.0,cross-entropy,tf,,,,
DRUG,4,24,240777,RF,"{'n_estimators': np.int64(19), 'min_samples_split': np.int64(3), 'min_samples_leaf': np.int64(6), 'max_depth': np.int64(2)}",paper,FairProjection,,0.2,,,False,failed,RuntimeError('`tf.data.Dataset` only supports Python-style iteration in eager mode or within tf.function.'),,,not_completed,,2.0,500.0,cross-entropy,tf,,,,
DRUG,4,24,240777,RF,"{'n_estimators': np.int64(19), 'min_samples_split': np.int64(3), 'min_samples_leaf': np.int64(6), 'max_depth': np.int64(2)}",paper,FairProjection,,0.5,,,False,failed,RuntimeError('`tf.data.Dataset` only supports Python-style iteration in eager mode or within tf.function.'),,,not_completed,,2.0,500.0,cross-entropy,tf,,,,
DRUG,4,24,240777,RF,"{'n_estimators': np.int64(19), 'min_samples_split': np.int64(3), 'min_samples_leaf': np.int64(6), 'max_depth': np.int64(2)}",paper,FairProjection,,0.75,,,False,failed,RuntimeError('`tf.data.Dataset` only supports Python-style iteration in eager mode or within tf.function.'),,,not_completed,,2.0,500.0,cross-entropy,tf,,,,
DRUG,4,24,240777,GBM,"{'reg_lambda': 0.1, 'reg_alpha': 20, 'num_leaves': np.int64(19), 'n_estimators': np.int64(51), 'min_child_samples': np.int64(81), 'max_depth': np.int64(16)}",paper,FairProjection,,0.0,,,False,failed,RuntimeError('`tf.data.Dataset` only supports Python-style iteration in eager mode or within tf.function.'),,,not_completed,,2.0,500.0,cross-entropy,tf,,,,
DRUG,4,24,240777,GBM,"{'reg_lambda': 0.1, 'reg_alpha': 20, 'num_leaves': np.int64(19), 'n_estimators': np.int64(51), 'min_child_samples': np.int64(81), 'max_depth': np.int64(16)}",paper,FairProjection,,0.1,,,False,failed,RuntimeError('`tf.data.Dataset` only supports Python-style iteration in eager mode or within tf.function.'),,,not_completed,,2.0,500.0,cross-entropy,tf,,,,
DRUG,4,24,240777,GBM,"{'reg_lambda': 0.1, 'reg_alpha': 20, 'num_leaves': np.int64(19), 'n_estimators': np.int64(51), 'min_child_samples': np.int64(81), 'max_depth': np.int64(16)}",paper,FairProjection,,0.2,,,False,failed,RuntimeError('`tf.data.Dataset` only supports Python-style iteration in eager mode or within tf.function.'),,,not_completed,,2.0,500.0,cross-entropy,tf,,,,
DRUG,4,24,240777,GBM,"{'reg_lambda': 0.1, 'reg_alpha': 20, 'num_leaves': np.int64(19), 'n_estimators': np.int64(51), 'min_child_samples': np.int64(81), 'max_depth': np.int64(16)}",paper,FairProjection,,0.5,,,False,failed,RuntimeError('`tf.data.Dataset` only supports Python-style iteration in eager mode or within tf.function.'),,,not_completed,,2.0,500.0,cross-entropy,tf,,,,
DRUG,4,24,240777,GBM,"{'reg_lambda': 0.1, 'reg_alpha': 20, 'num_leaves': np.int64(19), 'n_estimators': np.int64(51), 'min_child_samples': np.int64(81), 'max_depth': np.int64(16)}",paper,FairProjection,,0.75,,,False,failed,RuntimeError('`tf.data.Dataset` only supports Python-style iteration in eager mode or within tf.function.'),,,not_completed,,2.0,500.0,cross-entropy,tf,,,,
DRUG,4,25,250777,reglog,{},paper,FairProjection,,0.0,,,False,failed,RuntimeError('`tf.data.Dataset` only supports Python-style iteration in eager mode or within tf.function.'),,,not_completed,,2.0,500.0,cross-entropy,tf,,,,
DRUG,4,25,250777,reglog,{},paper,FairProjection,,0.1,,,False,failed,RuntimeError('`tf.data.Dataset` only supports Python-style iteration in eager mode or within tf.function.'),,,not_completed,,2.0,500.0,cross-entropy,tf,,,,
DRUG,4,25,250777,reglog,{},paper,FairProjection,,0.2,,,False,failed,RuntimeError('`tf.data.Dataset` only supports Python-style iteration in eager mode or within tf.function.'),,,not_completed,,2.0,500.0,cross-entropy,tf,,,,
DRUG,4,25,250777,reglog,{},paper,FairProjection,,0.5,,,False,failed,RuntimeError('`tf.data.Dataset` only supports Python-style iteration in eager mode or within tf.function.'),,,not_completed,,2.0,500.0,cross-entropy,tf,,,,
DRUG,4,25,250777,reglog,{},paper,FairProjection,,0.75,,,False,failed,RuntimeError('`tf.data.Dataset` only supports Python-style iteration in eager mode or within tf.function.'),,,not_completed,,2.0,500.0,cross-entropy,tf,,,,
DRUG,4,25,250777,RF,"{'n_estimators': np.int64(76), 'min_samples_split': np.int64(3), 'min_samples_leaf': np.int64(4), 'max_depth': np.int64(3)}",paper,FairProjection,,0.0,,,False,failed,RuntimeError('`tf.data.Dataset` only supports Python-style iteration in eager mode or within tf.function.'),,,not_completed,,2.0,500.0,cross-entropy,tf,,,,
DRUG,4,25,250777,RF,"{'n_estimators': np.int64(76), 'min_samples_split': np.int64(3), 'min_samples_leaf': np.int64(4), 'max_depth': np.int64(3)}",paper,FairProjection,,0.1,,,False,failed,RuntimeError('`tf.data.Dataset` only supports Python-style iteration in eager mode or within tf.function.'),,,not_completed,,2.0,500.0,cross-entropy,tf,,,,
DRUG,4,25,250777,RF,"{'n_estimators': np.int64(76), 'min_samples_split': np.int64(3), 'min_samples_leaf': np.int64(4), 'max_depth': np.int64(3)}",paper,FairProjection,,0.2,,,False,failed,RuntimeError('`tf.data.Dataset` only supports Python-style iteration in eager mode or within tf.function.'),,,not_completed,,2.0,500.0,cross-entropy,tf,,,,
DRUG,4,25,250777,RF,"{'n_estimators': np.int64(76), 'min_samples_split': np.int64(3), 'min_samples_leaf': np.int64(4), 'max_depth': np.int64(3)}",paper,FairProjection,,0.5,,,False,failed,RuntimeError('`tf.data.Dataset` only supports Python-style iteration in eager mode or within tf.function.'),,,not_completed,,2.0,500.0,cross-entropy,tf,,,,
DRUG,4,25,250777,RF,"{'n_estimators': np.int64(76), 'min_samples_split': np.int64(3), 'min_samples_leaf': np.int64(4), 'max_depth': np.int64(3)}",paper,FairProjection,,0.75,,,False,failed,RuntimeError('`tf.data.Dataset` only supports Python-style iteration in eager mode or within tf.function.'),,,not_completed,,2.0,500.0,cross-entropy,tf,,,,
DRUG,4,25,250777,GBM,"{'reg_lambda': 1, 'reg_alpha': 0.1, 'num_leaves': np.int64(25), 'n_estimators': np.int64(50), 'min_child_samples': np.int64(97), 'max_depth': np.int64(15)}",paper,FairProjection,,0.0,,,False,failed,RuntimeError('`tf.data.Dataset` only supports Python-style iteration in eager mode or within tf.function.'),,,not_completed,,2.0,500.0,cross-entropy,tf,,,,
DRUG,4,25,250777,GBM,"{'reg_lambda': 1, 'reg_alpha': 0.1, 'num_leaves': np.int64(25), 'n_estimators': np.int64(50), 'min_child_samples': np.int64(97), 'max_depth': np.int64(15)}",paper,FairProjection,,0.1,,,False,failed,RuntimeError('`tf.data.Dataset` only supports Python-style iteration in eager mode or within tf.function.'),,,not_completed,,2.0,500.0,cross-entropy,tf,,,,
DRUG,4,25,250777,GBM,"{'reg_lambda': 1, 'reg_alpha': 0.1, 'num_leaves': np.int64(25), 'n_estimators': np.int64(50), 'min_child_samples': np.int64(97), 'max_depth': np.int64(15)}",paper,FairProjection,,0.2,,,False,failed,RuntimeError('`tf.data.Dataset` only supports Python-style iteration in eager mode or within tf.function.'),,,not_completed,,2.0,500.0,cross-entropy,tf,,,,
DRUG,4,25,250777,GBM,"{'reg_lambda': 1, 'reg_alpha': 0.1, 'num_leaves': np.int64(25), 'n_estimators': np.int64(50), 'min_child_samples': np.int64(97), 'max_depth': np.int64(15)}",paper,FairProjection,,0.5,,,False,failed,RuntimeError('`tf.data.Dataset` only supports Python-style iteration in eager mode or within tf.function.'),,,not_completed,,2.0,500.0,cross-entropy,tf,,,,
DRUG,4,25,250777,GBM,"{'reg_lambda': 1, 'reg_alpha': 0.1, 'num_leaves': np.int64(25), 'n_estimators': np.int64(50), 'min_child_samples': np.int64(97), 'max_depth': np.int64(15)}",paper,FairProjection,,0.75,,,False,failed,RuntimeError('`tf.data.Dataset` only supports Python-style iteration in eager mode or within tf.function.'),,,not_completed,,2.0,500.0,cross-entropy,tf,,,,
DRUG,4,26,260777,reglog,{},paper,FairProjection,,0.0,,,False,failed,RuntimeError('`tf.data.Dataset` only supports Python-style iteration in eager mode or within tf.function.'),,,not_completed,,2.0,500.0,cross-entropy,tf,,,,
DRUG,4,26,260777,reglog,{},paper,FairProjection,,0.1,,,False,failed,RuntimeError('`tf.data.Dataset` only supports Python-style iteration in eager mode or within tf.function.'),,,not_completed,,2.0,500.0,cross-entropy,tf,,,,
DRUG,4,26,260777,reglog,{},paper,FairProjection,,0.2,,,False,failed,RuntimeError('`tf.data.Dataset` only supports Python-style iteration in eager mode or within tf.function.'),,,not_completed,,2.0,500.0,cross-entropy,tf,,,,
DRUG,4,26,260777,reglog,{},paper,FairProjection,,0.5,,,False,failed,RuntimeError('`tf.data.Dataset` only supports Python-style iteration in eager mode or within tf.function.'),,,not_completed,,2.0,500.0,cross-entropy,tf,,,,
DRUG,4,26,260777,reglog,{},paper,FairProjection,,0.75,,,False,failed,RuntimeError('`tf.data.Dataset` only supports Python-style iteration in eager mode or within tf.function.'),,,not_completed,,2.0,500.0,cross-entropy,tf,,,,
DRUG,4,26,260777,RF,"{'n_estimators': np.int64(80), 'min_samples_split': np.int64(9), 'min_samples_leaf': np.int64(5), 'max_depth': np.int64(8)}",paper,FairProjection,,0.0,,,False,failed,RuntimeError('`tf.data.Dataset` only supports Python-style iteration in eager mode or within tf.function.'),,,not_completed,,2.0,500.0,cross-entropy,tf,,,,
DRUG,4,26,260777,RF,"{'n_estimators': np.int64(80), 'min_samples_split': np.int64(9), 'min_samples_leaf': np.int64(5), 'max_depth': np.int64(8)}",paper,FairProjection,,0.1,,,False,failed,RuntimeError('`tf.data.Dataset` only supports Python-style iteration in eager mode or within tf.function.'),,,not_completed,,2.0,500.0,cross-entropy,tf,,,,
DRUG,4,26,260777,RF,"{'n_estimators': np.int64(80), 'min_samples_split': np.int64(9), 'min_samples_leaf': np.int64(5), 'max_depth': np.int64(8)}",paper,FairProjection,,0.2,,,False,failed,RuntimeError('`tf.data.Dataset` only supports Python-style iteration in eager mode or within tf.function.'),,,not_completed,,2.0,500.0,cross-entropy,tf,,,,
DRUG,4,26,260777,RF,"{'n_estimators': np.int64(80), 'min_samples_split': np.int64(9), 'min_samples_leaf': np.int64(5), 'max_depth': np.int64(8)}",paper,FairProjection,,0.5,,,False,failed,RuntimeError('`tf.data.Dataset` only supports Python-style iteration in eager mode or within tf.function.'),,,not_completed,,2.0,500.0,cross-entropy,tf,,,,
DRUG,4,26,260777,RF,"{'n_estimators': np.int64(80), 'min_samples_split': np.int64(9), 'min_samples_leaf': np.int64(5), 'max_depth': np.int64(8)}",paper,FairProjection,,0.75,,,False,failed,RuntimeError('`tf.data.Dataset` only supports Python-style iteration in eager mode or within tf.function.'),,,not_completed,,2.0,500.0,cross-entropy,tf,,,,
DRUG,4,26,260777,GBM,"{'reg_lambda': 5, 'reg_alpha': 0.1, 'num_leaves': np.int64(29), 'n_estimators': np.int64(176), 'min_child_samples': np.int64(15), 'max_depth': np.int64(9)}",paper,FairProjection,,0.0,,,False,failed,RuntimeError('`tf.data.Dataset` only supports Python-style iteration in eager mode or within tf.function.'),,,not_completed,,2.0,500.0,cross-entropy,tf,,,,
DRUG,4,26,260777,GBM,"{'reg_lambda': 5, 'reg_alpha': 0.1, 'num_leaves': np.int64(29), 'n_estimators': np.int64(176), 'min_child_samples': np.int64(15), 'max_depth': np.int64(9)}",paper,FairProjection,,0.1,,,False,failed,RuntimeError('`tf.data.Dataset` only supports Python-style iteration in eager mode or within tf.function.'),,,not_completed,,2.0,500.0,cross-entropy,tf,,,,
DRUG,4,26,260777,GBM,"{'reg_lambda': 5, 'reg_alpha': 0.1, 'num_leaves': np.int64(29), 'n_estimators': np.int64(176), 'min_child_samples': np.int64(15), 'max_depth': np.int64(9)}",paper,FairProjection,,0.2,,,False,failed,RuntimeError('`tf.data.Dataset` only supports Python-style iteration in eager mode or within tf.function.'),,,not_completed,,2.0,500.0,cross-entropy,tf,,,,
DRUG,4,26,260777,GBM,"{'reg_lambda': 5, 'reg_alpha': 0.1, 'num_leaves': np.int64(29), 'n_estimators': np.int64(176), 'min_child_samples': np.int64(15), 'max_depth': np.int64(9)}",paper,FairProjection,,0.5,,,False,failed,RuntimeError('`tf.data.Dataset` only supports Python-style iteration in eager mode or within tf.function.'),,,not_completed,,2.0,500.0,cross-entropy,tf,,,,
DRUG,4,26,260777,GBM,"{'reg_lambda': 5, 'reg_alpha': 0.1, 'num_leaves': np.int64(29), 'n_estimators': np.int64(176), 'min_child_samples': np.int64(15), 'max_depth': np.int64(9)}",paper,FairProjection,,0.75,,,False,failed,RuntimeError('`tf.data.Dataset` only supports Python-style iteration in eager mode or within tf.function.'),,,not_completed,,2.0,500.0,cross-entropy,tf,,,,
DRUG,4,27,270777,reglog,{},paper,FairProjection,,0.0,,,False,failed,RuntimeError('`tf.data.Dataset` only supports Python-style iteration in eager mode or within tf.function.'),,,not_completed,,2.0,500.0,cross-entropy,tf,,,,
DRUG,4,27,270777,reglog,{},paper,FairProjection,,0.1,,,False,failed,RuntimeError('`tf.data.Dataset` only supports Python-style iteration in eager mode or within tf.function.'),,,not_completed,,2.0,500.0,cross-entropy,tf,,,,
DRUG,4,27,270777,reglog,{},paper,FairProjection,,0.2,,,False,failed,RuntimeError('`tf.data.Dataset` only supports Python-style iteration in eager mode or within tf.function.'),,,not_completed,,2.0,500.0,cross-entropy,tf,,,,
DRUG,4,27,270777,reglog,{},paper,FairProjection,,0.5,,,False,failed,RuntimeError('`tf.data.Dataset` only supports Python-style iteration in eager mode or within tf.function.'),,,not_completed,,2.0,500.0,cross-entropy,tf,,,,
DRUG,4,27,270777,reglog,{},paper,FairProjection,,0.75,,,False,failed,RuntimeError('`tf.data.Dataset` only supports Python-style iteration in eager mode or within tf.function.'),,,not_completed,,2.0,500.0,cross-entropy,tf,,,,
DRUG,4,27,270777,RF,"{'n_estimators': np.int64(145), 'min_samples_split': np.int64(9), 'min_samples_leaf': np.int64(4), 'max_depth': np.int64(4)}",paper,FairProjection,,0.0,,,False,failed,RuntimeError('`tf.data.Dataset` only supports Python-style iteration in eager mode or within tf.function.'),,,not_completed,,2.0,500.0,cross-entropy,tf,,,,
DRUG,4,27,270777,RF,"{'n_estimators': np.int64(145), 'min_samples_split': np.int64(9), 'min_samples_leaf': np.int64(4), 'max_depth': np.int64(4)}",paper,FairProjection,,0.1,,,False,failed,RuntimeError('`tf.data.Dataset` only supports Python-style iteration in eager mode or within tf.function.'),,,not_completed,,2.0,500.0,cross-entropy,tf,,,,
DRUG,4,27,270777,RF,"{'n_estimators': np.int64(145), 'min_samples_split': np.int64(9), 'min_samples_leaf': np.int64(4), 'max_depth': np.int64(4)}",paper,FairProjection,,0.2,,,False,failed,RuntimeError('`tf.data.Dataset` only supports Python-style iteration in eager mode or within tf.function.'),,,not_completed,,2.0,500.0,cross-entropy,tf,,,,
DRUG,4,27,270777,RF,"{'n_estimators': np.int64(145), 'min_samples_split': np.int64(9), 'min_samples_leaf': np.int64(4), 'max_depth': np.int64(4)}",paper,FairProjection,,0.5,,,False,failed,RuntimeError('`tf.data.Dataset` only supports Python-style iteration in eager mode or within tf.function.'),,,not_completed,,2.0,500.0,cross-entropy,tf,,,,
DRUG,4,27,270777,RF,"{'n_estimators': np.int64(145), 'min_samples_split': np.int64(9), 'min_samples_leaf': np.int64(4), 'max_depth': np.int64(4)}",paper,FairProjection,,0.75,,,False,failed,RuntimeError('`tf.data.Dataset` only supports Python-style iteration in eager mode or within tf.function.'),,,not_completed,,2.0,500.0,cross-entropy,tf,,,,
DRUG,4,27,270777,GBM,"{'reg_lambda': 10, 'reg_alpha': 0, 'num_leaves': np.int64(29), 'n_estimators': np.int64(57), 'min_child_samples': np.int64(15), 'max_depth': np.int64(9)}",paper,FairProjection,,0.0,,,False,failed,RuntimeError('`tf.data.Dataset` only supports Python-style iteration in eager mode or within tf.function.'),,,not_completed,,2.0,500.0,cross-entropy,tf,,,,
DRUG,4,27,270777,GBM,"{'reg_lambda': 10, 'reg_alpha': 0, 'num_leaves': np.int64(29), 'n_estimators': np.int64(57), 'min_child_samples': np.int64(15), 'max_depth': np.int64(9)}",paper,FairProjection,,0.1,,,False,failed,RuntimeError('`tf.data.Dataset` only supports Python-style iteration in eager mode or within tf.function.'),,,not_completed,,2.0,500.0,cross-entropy,tf,,,,
DRUG,4,27,270777,GBM,"{'reg_lambda': 10, 'reg_alpha': 0, 'num_leaves': np.int64(29), 'n_estimators': np.int64(57), 'min_child_samples': np.int64(15), 'max_depth': np.int64(9)}",paper,FairProjection,,0.2,,,False,failed,RuntimeError('`tf.data.Dataset` only supports Python-style iteration in eager mode or within tf.function.'),,,not_completed,,2.0,500.0,cross-entropy,tf,,,,
DRUG,4,27,270777,GBM,"{'reg_lambda': 10, 'reg_alpha': 0, 'num_leaves': np.int64(29), 'n_estimators': np.int64(57), 'min_child_samples': np.int64(15), 'max_depth': np.int64(9)}",paper,FairProjection,,0.5,,,False,failed,RuntimeError('`tf.data.Dataset` only supports Python-style iteration in eager mode or within tf.function.'),,,not_completed,,2.0,500.0,cross-entropy,tf,,,,
DRUG,4,27,270777,GBM,"{'reg_lambda': 10, 'reg_alpha': 0, 'num_leaves': np.int64(29), 'n_estimators': np.int64(57), 'min_child_samples': np.int64(15), 'max_depth': np.int64(9)}",paper,FairProjection,,0.75,,,False,failed,RuntimeError('`tf.data.Dataset` only supports Python-style iteration in eager mode or within tf.function.'),,,not_completed,,2.0,500.0,cross-entropy,tf,,,,
DRUG,4,28,280777,reglog,{},paper,FairProjection,,0.0,,,False,failed,RuntimeError('`tf.data.Dataset` only supports Python-style iteration in eager mode or within tf.function.'),,,not_completed,,2.0,500.0,cross-entropy,tf,,,,
DRUG,4,28,280777,reglog,{},paper,FairProjection,,0.1,,,False,failed,RuntimeError('`tf.data.Dataset` only supports Python-style iteration in eager mode or within tf.function.'),,,not_completed,,2.0,500.0,cross-entropy,tf,,,,
DRUG,4,28,280777,reglog,{},paper,FairProjection,,0.2,,,False,failed,RuntimeError('`tf.data.Dataset` only supports Python-style iteration in eager mode or within tf.function.'),,,not_completed,,2.0,500.0,cross-entropy,tf,,,,
DRUG,4,28,280777,reglog,{},paper,FairProjection,,0.5,,,False,failed,RuntimeError('`tf.data.Dataset` only supports Python-style iteration in eager mode or within tf.function.'),,,not_completed,,2.0,500.0,cross-entropy,tf,,,,
DRUG,4,28,280777,reglog,{},paper,FairProjection,,0.75,,,False,failed,RuntimeError('`tf.data.Dataset` only supports Python-style iteration in eager mode or within tf.function.'),,,not_completed,,2.0,500.0,cross-entropy,tf,,,,
DRUG,4,28,280777,RF,"{'n_estimators': np.int64(104), 'min_samples_split': np.int64(7), 'min_samples_leaf': np.int64(2), 'max_depth': np.int64(8)}",paper,FairProjection,,0.0,,,False,failed,RuntimeError('`tf.data.Dataset` only supports Python-style iteration in eager mode or within tf.function.'),,,not_completed,,2.0,500.0,cross-entropy,tf,,,,
DRUG,4,28,280777,RF,"{'n_estimators': np.int64(104), 'min_samples_split': np.int64(7), 'min_samples_leaf': np.int64(2), 'max_depth': np.int64(8)}",paper,FairProjection,,0.1,,,False,failed,RuntimeError('`tf.data.Dataset` only supports Python-style iteration in eager mode or within tf.function.'),,,not_completed,,2.0,500.0,cross-entropy,tf,,,,
DRUG,4,28,280777,RF,"{'n_estimators': np.int64(104), 'min_samples_split': np.int64(7), 'min_samples_leaf': np.int64(2), 'max_depth': np.int64(8)}",paper,FairProjection,,0.2,,,False,failed,RuntimeError('`tf.data.Dataset` only supports Python-style iteration in eager mode or within tf.function.'),,,not_completed,,2.0,500.0,cross-entropy,tf,,,,
DRUG,4,28,280777,RF,"{'n_estimators': np.int64(104), 'min_samples_split': np.int64(7), 'min_samples_leaf': np.int64(2), 'max_depth': np.int64(8)}",paper,FairProjection,,0.5,,,False,failed,RuntimeError('`tf.data.Dataset` only supports Python-style iteration in eager mode or within tf.function.'),,,not_completed,,2.0,500.0,cross-entropy,tf,,,,
DRUG,4,28,280777,RF,"{'n_estimators': np.int64(104), 'min_samples_split': np.int64(7), 'min_samples_leaf': np.int64(2), 'max_depth': np.int64(8)}",paper,FairProjection,,0.75,,,False,failed,RuntimeError('`tf.data.Dataset` only supports Python-style iteration in eager mode or within tf.function.'),,,not_completed,,2.0,500.0,cross-entropy,tf,,,,
DRUG,4,28,280777,GBM,"{'reg_lambda': 0, 'reg_alpha': 0, 'num_leaves': np.int64(47), 'n_estimators': np.int64(15), 'min_child_samples': np.int64(24), 'max_depth': np.int64(5)}",paper,FairProjection,,0.0,,,False,failed,RuntimeError('`tf.data.Dataset` only supports Python-style iteration in eager mode or within tf.function.'),,,not_completed,,2.0,500.0,cross-entropy,tf,,,,
DRUG,4,28,280777,GBM,"{'reg_lambda': 0, 'reg_alpha': 0, 'num_leaves': np.int64(47), 'n_estimators': np.int64(15), 'min_child_samples': np.int64(24), 'max_depth': np.int64(5)}",paper,FairProjection,,0.1,,,False,failed,RuntimeError('`tf.data.Dataset` only supports Python-style iteration in eager mode or within tf.function.'),,,not_completed,,2.0,500.0,cross-entropy,tf,,,,
DRUG,4,28,280777,GBM,"{'reg_lambda': 0, 'reg_alpha': 0, 'num_leaves': np.int64(47), 'n_estimators': np.int64(15), 'min_child_samples': np.int64(24), 'max_depth': np.int64(5)}",paper,FairProjection,,0.2,,,False,failed,RuntimeError('`tf.data.Dataset` only supports Python-style iteration in eager mode or within tf.function.'),,,not_completed,,2.0,500.0,cross-entropy,tf,,,,
DRUG,4,28,280777,GBM,"{'reg_lambda': 0, 'reg_alpha': 0, 'num_leaves': np.int64(47), 'n_estimators': np.int64(15), 'min_child_samples': np.int64(24), 'max_depth': np.int64(5)}",paper,FairProjection,,0.5,,,False,failed,RuntimeError('`tf.data.Dataset` only supports Python-style iteration in eager mode or within tf.function.'),,,not_completed,,2.0,500.0,cross-entropy,tf,,,,
DRUG,4,28,280777,GBM,"{'reg_lambda': 0, 'reg_alpha': 0, 'num_leaves': np.int64(47), 'n_estimators': np.int64(15), 'min_child_samples': np.int64(24), 'max_depth': np.int64(5)}",paper,FairProjection,,0.75,,,False,failed,RuntimeError('`tf.data.Dataset` only supports Python-style iteration in eager mode or within tf.function.'),,,not_completed,,2.0,500.0,cross-entropy,tf,,,,
DRUG,4,29,290777,reglog,{},paper,FairProjection,,0.0,,,False,failed,RuntimeError('`tf.data.Dataset` only supports Python-style iteration in eager mode or within tf.function.'),,,not_completed,,2.0,500.0,cross-entropy,tf,,,,
DRUG,4,29,290777,reglog,{},paper,FairProjection,,0.1,,,False,failed,RuntimeError('`tf.data.Dataset` only supports Python-style iteration in eager mode or within tf.function.'),,,not_completed,,2.0,500.0,cross-entropy,tf,,,,
DRUG,4,29,290777,reglog,{},paper,FairProjection,,0.2,,,False,failed,RuntimeError('`tf.data.Dataset` only supports Python-style iteration in eager mode or within tf.function.'),,,not_completed,,2.0,500.0,cross-entropy,tf,,,,
DRUG,4,29,290777,reglog,{},paper,FairProjection,,0.5,,,False,failed,RuntimeError('`tf.data.Dataset` only supports Python-style iteration in eager mode or within tf.function.'),,,not_completed,,2.0,500.0,cross-entropy,tf,,,,
DRUG,4,29,290777,reglog,{},paper,FairProjection,,0.75,,,False,failed,RuntimeError('`tf.data.Dataset` only supports Python-style iteration in eager mode or within tf.function.'),,,not_completed,,2.0,500.0,cross-entropy,tf,,,,
DRUG,4,29,290777,RF,"{'n_estimators': np.int64(57), 'min_samples_split': np.int64(10), 'min_samples_leaf': np.int64(1), 'max_depth': np.int64(5)}",paper,FairProjection,,0.0,,,False,failed,RuntimeError('`tf.data.Dataset` only supports Python-style iteration in eager mode or within tf.function.'),,,not_completed,,2.0,500.0,cross-entropy,tf,,,,
DRUG,4,29,290777,RF,"{'n_estimators': np.int64(57), 'min_samples_split': np.int64(10), 'min_samples_leaf': np.int64(1), 'max_depth': np.int64(5)}",paper,FairProjection,,0.1,,,False,failed,RuntimeError('`tf.data.Dataset` only supports Python-style iteration in eager mode or within tf.function.'),,,not_completed,,2.0,500.0,cross-entropy,tf,,,,
DRUG,4,29,290777,RF,"{'n_estimators': np.int64(57), 'min_samples_split': np.int64(10), 'min_samples_leaf': np.int64(1), 'max_depth': np.int64(5)}",paper,FairProjection,,0.2,,,False,failed,RuntimeError('`tf.data.Dataset` only supports Python-style iteration in eager mode or within tf.function.'),,,not_completed,,2.0,500.0,cross-entropy,tf,,,,
DRUG,4,29,290777,RF,"{'n_estimators': np.int64(57), 'min_samples_split': np.int64(10), 'min_samples_leaf': np.int64(1), 'max_depth': np.int64(5)}",paper,FairProjection,,0.5,,,False,failed,RuntimeError('`tf.data.Dataset` only supports Python-style iteration in eager mode or within tf.function.'),,,not_completed,,2.0,500.0,cross-entropy,tf,,,,
DRUG,4,29,290777,RF,"{'n_estimators': np.int64(57), 'min_samples_split': np.int64(10), 'min_samples_leaf': np.int64(1), 'max_depth': np.int64(5)}",paper,FairProjection,,0.75,,,False,failed,RuntimeError('`tf.data.Dataset` only supports Python-style iteration in eager mode or within tf.function.'),,,not_completed,,2.0,500.0,cross-entropy,tf,,,,
DRUG,4,29,290777,GBM,"{'reg_lambda': 10, 'reg_alpha': 0.1, 'num_leaves': np.int64(31), 'n_estimators': np.int64(29), 'min_child_samples': np.int64(76), 'max_depth': np.int64(14)}",paper,FairProjection,,0.0,,,False,failed,RuntimeError('`tf.data.Dataset` only supports Python-style iteration in eager mode or within tf.function.'),,,not_completed,,2.0,500.0,cross-entropy,tf,,,,
DRUG,4,29,290777,GBM,"{'reg_lambda': 10, 'reg_alpha': 0.1, 'num_leaves': np.int64(31), 'n_estimators': np.int64(29), 'min_child_samples': np.int64(76), 'max_depth': np.int64(14)}",paper,FairProjection,,0.1,,,False,failed,RuntimeError('`tf.data.Dataset` only supports Python-style iteration in eager mode or within tf.function.'),,,not_completed,,2.0,500.0,cross-entropy,tf,,,,
DRUG,4,29,290777,GBM,"{'reg_lambda': 10, 'reg_alpha': 0.1, 'num_leaves': np.int64(31), 'n_estimators': np.int64(29), 'min_child_samples': np.int64(76), 'max_depth': np.int64(14)}",paper,FairProjection,,0.2,,,False,failed,RuntimeError('`tf.data.Dataset` only supports Python-style iteration in eager mode or within tf.function.'),,,not_completed,,2.0,500.0,cross-entropy,tf,,,,
DRUG,4,29,290777,GBM,"{'reg_lambda': 10, 'reg_alpha': 0.1, 'num_leaves': np.int64(31), 'n_estimators': np.int64(29), 'min_child_samples': np.int64(76), 'max_depth': np.int64(14)}",paper,FairProjection,,0.5,,,False,failed,RuntimeError('`tf.data.Dataset` only supports Python-style iteration in eager mode or within tf.function.'),,,not_completed,,2.0,500.0,cross-entropy,tf,,,,
DRUG,4,29,290777,GBM,"{'reg_lambda': 10, 'reg_alpha': 0.1, 'num_leaves': np.int64(31), 'n_estimators': np.int64(29), 'min_child_samples': np.int64(76), 'max_depth': np.int64(14)}",paper,FairProjection,,0.75,,,False,failed,RuntimeError('`tf.data.Dataset` only supports Python-style iteration in eager mode or within tf.function.'),,,not_completed,,2.0,500.0,cross-entropy,tf,,,,
CRIME,5,0,1777,reglog,{},paper,FairProjection,,0.0,,,False,failed,RuntimeError('`tf.data.Dataset` only supports Python-style iteration in eager mode or within tf.function.'),,,not_completed,,2.0,500.0,cross-entropy,tf,,,,
CRIME,5,0,1777,reglog,{},paper,FairProjection,,0.1,,,False,failed,RuntimeError('`tf.data.Dataset` only supports Python-style iteration in eager mode or within tf.function.'),,,not_completed,,2.0,500.0,cross-entropy,tf,,,,
CRIME,5,0,1777,reglog,{},paper,FairProjection,,0.2,,,False,failed,RuntimeError('`tf.data.Dataset` only supports Python-style iteration in eager mode or within tf.function.'),,,not_completed,,2.0,500.0,cross-entropy,tf,,,,
CRIME,5,0,1777,reglog,{},paper,FairProjection,,0.5,,,False,failed,RuntimeError('`tf.data.Dataset` only supports Python-style iteration in eager mode or within tf.function.'),,,not_completed,,2.0,500.0,cross-entropy,tf,,,,
CRIME,5,0,1777,reglog,{},paper,FairProjection,,0.75,,,False,failed,RuntimeError('`tf.data.Dataset` only supports Python-style iteration in eager mode or within tf.function.'),,,not_completed,,2.0,500.0,cross-entropy,tf,,,,
CRIME,5,0,1777,RF,"{'n_estimators': np.int64(191), 'min_samples_split': np.int64(5), 'min_samples_leaf': np.int64(1), 'max_depth': np.int64(15)}",paper,FairProjection,,0.0,,,False,failed,RuntimeError('`tf.data.Dataset` only supports Python-style iteration in eager mode or within tf.function.'),,,not_completed,,2.0,500.0,cross-entropy,tf,,,,
CRIME,5,0,1777,RF,"{'n_estimators': np.int64(191), 'min_samples_split': np.int64(5), 'min_samples_leaf': np.int64(1), 'max_depth': np.int64(15)}",paper,FairProjection,,0.1,,,False,failed,RuntimeError('`tf.data.Dataset` only supports Python-style iteration in eager mode or within tf.function.'),,,not_completed,,2.0,500.0,cross-entropy,tf,,,,
CRIME,5,0,1777,RF,"{'n_estimators': np.int64(191), 'min_samples_split': np.int64(5), 'min_samples_leaf': np.int64(1), 'max_depth': np.int64(15)}",paper,FairProjection,,0.2,,,False,failed,RuntimeError('`tf.data.Dataset` only supports Python-style iteration in eager mode or within tf.function.'),,,not_completed,,2.0,500.0,cross-entropy,tf,,,,
CRIME,5,0,1777,RF,"{'n_estimators': np.int64(191), 'min_samples_split': np.int64(5), 'min_samples_leaf': np.int64(1), 'max_depth': np.int64(15)}",paper,FairProjection,,0.5,,,False,failed,RuntimeError('`tf.data.Dataset` only supports Python-style iteration in eager mode or within tf.function.'),,,not_completed,,2.0,500.0,cross-entropy,tf,,,,
CRIME,5,0,1777,RF,"{'n_estimators': np.int64(191), 'min_samples_split': np.int64(5), 'min_samples_leaf': np.int64(1), 'max_depth': np.int64(15)}",paper,FairProjection,,0.75,,,False,failed,RuntimeError('`tf.data.Dataset` only supports Python-style iteration in eager mode or within tf.function.'),,,not_completed,,2.0,500.0,cross-entropy,tf,,,,
CRIME,5,0,1777,GBM,"{'reg_lambda': 0.1, 'reg_alpha': 10, 'num_leaves': np.int64(45), 'n_estimators': np.int64(177), 'min_child_samples': np.int64(44), 'max_depth': np.int64(12)}",paper,FairProjection,,0.0,,,False,failed,RuntimeError('`tf.data.Dataset` only supports Python-style iteration in eager mode or within tf.function.'),,,not_completed,,2.0,500.0,cross-entropy,tf,,,,
CRIME,5,0,1777,GBM,"{'reg_lambda': 0.1, 'reg_alpha': 10, 'num_leaves': np.int64(45), 'n_estimators': np.int64(177), 'min_child_samples': np.int64(44), 'max_depth': np.int64(12)}",paper,FairProjection,,0.1,,,False,failed,RuntimeError('`tf.data.Dataset` only supports Python-style iteration in eager mode or within tf.function.'),,,not_completed,,2.0,500.0,cross-entropy,tf,,,,
CRIME,5,0,1777,GBM,"{'reg_lambda': 0.1, 'reg_alpha': 10, 'num_leaves': np.int64(45), 'n_estimators': np.int64(177), 'min_child_samples': np.int64(44), 'max_depth': np.int64(12)}",paper,FairProjection,,0.2,,,False,failed,RuntimeError('`tf.data.Dataset` only supports Python-style iteration in eager mode or within tf.function.'),,,not_completed,,2.0,500.0,cross-entropy,tf,,,,
CRIME,5,0,1777,GBM,"{'reg_lambda': 0.1, 'reg_alpha': 10, 'num_leaves': np.int64(45), 'n_estimators': np.int64(177), 'min_child_samples': np.int64(44), 'max_depth': np.int64(12)}",paper,FairProjection,,0.5,,,False,failed,RuntimeError('`tf.data.Dataset` only supports Python-style iteration in eager mode or within tf.function.'),,,not_completed,,2.0,500.0,cross-entropy,tf,,,,
CRIME,5,0,1777,GBM,"{'reg_lambda': 0.1, 'reg_alpha': 10, 'num_leaves': np.int64(45), 'n_estimators': np.int64(177), 'min_child_samples': np.int64(44), 'max_depth': np.int64(12)}",paper,FairProjection,,0.75,,,False,failed,RuntimeError('`tf.data.Dataset` only supports Python-style iteration in eager mode or within tf.function.'),,,not_completed,,2.0,500.0,cross-entropy,tf,,,,
CRIME,5,1,11777,reglog,{},paper,FairProjection,,0.0,,,False,failed,RuntimeError('`tf.data.Dataset` only supports Python-style iteration in eager mode or within tf.function.'),,,not_completed,,2.0,500.0,cross-entropy,tf,,,,
CRIME,5,1,11777,reglog,{},paper,FairProjection,,0.1,,,False,failed,RuntimeError('`tf.data.Dataset` only supports Python-style iteration in eager mode or within tf.function.'),,,not_completed,,2.0,500.0,cross-entropy,tf,,,,
CRIME,5,1,11777,reglog,{},paper,FairProjection,,0.2,,,False,failed,RuntimeError('`tf.data.Dataset` only supports Python-style iteration in eager mode or within tf.function.'),,,not_completed,,2.0,500.0,cross-entropy,tf,,,,
CRIME,5,1,11777,reglog,{},paper,FairProjection,,0.5,,,False,failed,RuntimeError('`tf.data.Dataset` only supports Python-style iteration in eager mode or within tf.function.'),,,not_completed,,2.0,500.0,cross-entropy,tf,,,,
CRIME,5,1,11777,reglog,{},paper,FairProjection,,0.75,,,False,failed,RuntimeError('`tf.data.Dataset` only supports Python-style iteration in eager mode or within tf.function.'),,,not_completed,,2.0,500.0,cross-entropy,tf,,,,
CRIME,5,1,11777,RF,"{'n_estimators': np.int64(173), 'min_samples_split': np.int64(4), 'min_samples_leaf': np.int64(7), 'max_depth': np.int64(11)}",paper,FairProjection,,0.0,,,False,failed,RuntimeError('`tf.data.Dataset` only supports Python-style iteration in eager mode or within tf.function.'),,,not_completed,,2.0,500.0,cross-entropy,tf,,,,
CRIME,5,1,11777,RF,"{'n_estimators': np.int64(173), 'min_samples_split': np.int64(4), 'min_samples_leaf': np.int64(7), 'max_depth': np.int64(11)}",paper,FairProjection,,0.1,,,False,failed,RuntimeError('`tf.data.Dataset` only supports Python-style iteration in eager mode or within tf.function.'),,,not_completed,,2.0,500.0,cross-entropy,tf,,,,
CRIME,5,1,11777,RF,"{'n_estimators': np.int64(173), 'min_samples_split': np.int64(4), 'min_samples_leaf': np.int64(7), 'max_depth': np.int64(11)}",paper,FairProjection,,0.2,,,False,failed,RuntimeError('`tf.data.Dataset` only supports Python-style iteration in eager mode or within tf.function.'),,,not_completed,,2.0,500.0,cross-entropy,tf,,,,
CRIME,5,1,11777,RF,"{'n_estimators': np.int64(173), 'min_samples_split': np.int64(4), 'min_samples_leaf': np.int64(7), 'max_depth': np.int64(11)}",paper,FairProjection,,0.5,,,False,failed,RuntimeError('`tf.data.Dataset` only supports Python-style iteration in eager mode or within tf.function.'),,,not_completed,,2.0,500.0,cross-entropy,tf,,,,
CRIME,5,1,11777,RF,"{'n_estimators': np.int64(173), 'min_samples_split': np.int64(4), 'min_samples_leaf': np.int64(7), 'max_depth': np.int64(11)}",paper,FairProjection,,0.75,,,False,failed,RuntimeError('`tf.data.Dataset` only supports Python-style iteration in eager mode or within tf.function.'),,,not_completed,,2.0,500.0,cross-entropy,tf,,,,
CRIME,5,1,11777,GBM,"{'reg_lambda': 10, 'reg_alpha': 0.1, 'num_leaves': np.int64(39), 'n_estimators': np.int64(143), 'min_child_samples': np.int64(17), 'max_depth': np.int64(11)}",paper,FairProjection,,0.0,,,False,failed,RuntimeError('`tf.data.Dataset` only supports Python-style iteration in eager mode or within tf.function.'),,,not_completed,,2.0,500.0,cross-entropy,tf,,,,
CRIME,5,1,11777,GBM,"{'reg_lambda': 10, 'reg_alpha': 0.1, 'num_leaves': np.int64(39), 'n_estimators': np.int64(143), 'min_child_samples': np.int64(17), 'max_depth': np.int64(11)}",paper,FairProjection,,0.1,,,False,failed,RuntimeError('`tf.data.Dataset` only supports Python-style iteration in eager mode or within tf.function.'),,,not_completed,,2.0,500.0,cross-entropy,tf,,,,
CRIME,5,1,11777,GBM,"{'reg_lambda': 10, 'reg_alpha': 0.1, 'num_leaves': np.int64(39), 'n_estimators': np.int64(143), 'min_child_samples': np.int64(17), 'max_depth': np.int64(11)}",paper,FairProjection,,0.2,,,False,failed,RuntimeError('`tf.data.Dataset` only supports Python-style iteration in eager mode or within tf.function.'),,,not_completed,,2.0,500.0,cross-entropy,tf,,,,
CRIME,5,1,11777,GBM,"{'reg_lambda': 10, 'reg_alpha': 0.1, 'num_leaves': np.int64(39), 'n_estimators': np.int64(143), 'min_child_samples': np.int64(17), 'max_depth': np.int64(11)}",paper,FairProjection,,0.5,,,False,failed,RuntimeError('`tf.data.Dataset` only supports Python-style iteration in eager mode or within tf.function.'),,,not_completed,,2.0,500.0,cross-entropy,tf,,,,
CRIME,5,1,11777,GBM,"{'reg_lambda': 10, 'reg_alpha': 0.1, 'num_leaves': np.int64(39), 'n_estimators': np.int64(143), 'min_child_samples': np.int64(17), 'max_depth': np.int64(11)}",paper,FairProjection,,0.75,,,False,failed,RuntimeError('`tf.data.Dataset` only supports Python-style iteration in eager mode or within tf.function.'),,,not_completed,,2.0,500.0,cross-entropy,tf,,,,
CRIME,5,2,21777,reglog,{},paper,FairProjection,,0.0,,,False,failed,RuntimeError('`tf.data.Dataset` only supports Python-style iteration in eager mode or within tf.function.'),,,not_completed,,2.0,500.0,cross-entropy,tf,,,,
CRIME,5,2,21777,reglog,{},paper,FairProjection,,0.1,,,False,failed,RuntimeError('`tf.data.Dataset` only supports Python-style iteration in eager mode or within tf.function.'),,,not_completed,,2.0,500.0,cross-entropy,tf,,,,
CRIME,5,2,21777,reglog,{},paper,FairProjection,,0.2,,,False,failed,RuntimeError('`tf.data.Dataset` only supports Python-style iteration in eager mode or within tf.function.'),,,not_completed,,2.0,500.0,cross-entropy,tf,,,,
CRIME,5,2,21777,reglog,{},paper,FairProjection,,0.5,,,False,failed,RuntimeError('`tf.data.Dataset` only supports Python-style iteration in eager mode or within tf.function.'),,,not_completed,,2.0,500.0,cross-entropy,tf,,,,
CRIME,5,2,21777,reglog,{},paper,FairProjection,,0.75,,,False,failed,RuntimeError('`tf.data.Dataset` only supports Python-style iteration in eager mode or within tf.function.'),,,not_completed,,2.0,500.0,cross-entropy,tf,,,,
CRIME,5,2,21777,RF,"{'n_estimators': np.int64(111), 'min_samples_split': np.int64(4), 'min_samples_leaf': np.int64(2), 'max_depth': np.int64(5)}",paper,FairProjection,,0.0,,,False,failed,RuntimeError('`tf.data.Dataset` only supports Python-style iteration in eager mode or within tf.function.'),,,not_completed,,2.0,500.0,cross-entropy,tf,,,,
CRIME,5,2,21777,RF,"{'n_estimators': np.int64(111), 'min_samples_split': np.int64(4), 'min_samples_leaf': np.int64(2), 'max_depth': np.int64(5)}",paper,FairProjection,,0.1,,,False,failed,RuntimeError('`tf.data.Dataset` only supports Python-style iteration in eager mode or within tf.function.'),,,not_completed,,2.0,500.0,cross-entropy,tf,,,,
CRIME,5,2,21777,RF,"{'n_estimators': np.int64(111), 'min_samples_split': np.int64(4), 'min_samples_leaf': np.int64(2), 'max_depth': np.int64(5)}",paper,FairProjection,,0.2,,,False,failed,RuntimeError('`tf.data.Dataset` only supports Python-style iteration in eager mode or within tf.function.'),,,not_completed,,2.0,500.0,cross-entropy,tf,,,,
CRIME,5,2,21777,RF,"{'n_estimators': np.int64(111), 'min_samples_split': np.int64(4), 'min_samples_leaf': np.int64(2), 'max_depth': np.int64(5)}",paper,FairProjection,,0.5,,,False,failed,RuntimeError('`tf.data.Dataset` only supports Python-style iteration in eager mode or within tf.function.'),,,not_completed,,2.0,500.0,cross-entropy,tf,,,,
CRIME,5,2,21777,RF,"{'n_estimators': np.int64(111), 'min_samples_split': np.int64(4), 'min_samples_leaf': np.int64(2), 'max_depth': np.int64(5)}",paper,FairProjection,,0.75,,,False,failed,RuntimeError('`tf.data.Dataset` only supports Python-style iteration in eager mode or within tf.function.'),,,not_completed,,2.0,500.0,cross-entropy,tf,,,,
CRIME,5,2,21777,GBM,"{'reg_lambda': 20, 'reg_alpha': 20, 'num_leaves': np.int64(42), 'n_estimators': np.int64(40), 'min_child_samples': np.int64(26), 'max_depth': np.int64(10)}",paper,FairProjection,,0.0,,,False,failed,RuntimeError('`tf.data.Dataset` only supports Python-style iteration in eager mode or within tf.function.'),,,not_completed,,2.0,500.0,cross-entropy,tf,,,,
CRIME,5,2,21777,GBM,"{'reg_lambda': 20, 'reg_alpha': 20, 'num_leaves': np.int64(42), 'n_estimators': np.int64(40), 'min_child_samples': np.int64(26), 'max_depth': np.int64(10)}",paper,FairProjection,,0.1,,,False,failed,RuntimeError('`tf.data.Dataset` only supports Python-style iteration in eager mode or within tf.function.'),,,not_completed,,2.0,500.0,cross-entropy,tf,,,,
CRIME,5,2,21777,GBM,"{'reg_lambda': 20, 'reg_alpha': 20, 'num_leaves': np.int64(42), 'n_estimators': np.int64(40), 'min_child_samples': np.int64(26), 'max_depth': np.int64(10)}",paper,FairProjection,,0.2,,,False,failed,RuntimeError('`tf.data.Dataset` only supports Python-style iteration in eager mode or within tf.function.'),,,not_completed,,2.0,500.0,cross-entropy,tf,,,,
CRIME,5,2,21777,GBM,"{'reg_lambda': 20, 'reg_alpha': 20, 'num_leaves': np.int64(42), 'n_estimators': np.int64(40), 'min_child_samples': np.int64(26), 'max_depth': np.int64(10)}",paper,FairProjection,,0.5,,,False,failed,RuntimeError('`tf.data.Dataset` only supports Python-style iteration in eager mode or within tf.function.'),,,not_completed,,2.0,500.0,cross-entropy,tf,,,,
CRIME,5,2,21777,GBM,"{'reg_lambda': 20, 'reg_alpha': 20, 'num_leaves': np.int64(42), 'n_estimators': np.int64(40), 'min_child_samples': np.int64(26), 'max_depth': np.int64(10)}",paper,FairProjection,,0.75,,,False,failed,RuntimeError('`tf.data.Dataset` only supports Python-style iteration in eager mode or within tf.function.'),,,not_completed,,2.0,500.0,cross-entropy,tf,,,,
CRIME,5,3,31777,reglog,{},paper,FairProjection,,0.0,,,False,failed,RuntimeError('`tf.data.Dataset` only supports Python-style iteration in eager mode or within tf.function.'),,,not_completed,,2.0,500.0,cross-entropy,tf,,,,
CRIME,5,3,31777,reglog,{},paper,FairProjection,,0.1,,,False,failed,RuntimeError('`tf.data.Dataset` only supports Python-style iteration in eager mode or within tf.function.'),,,not_completed,,2.0,500.0,cross-entropy,tf,,,,
CRIME,5,3,31777,reglog,{},paper,FairProjection,,0.2,,,False,failed,RuntimeError('`tf.data.Dataset` only supports Python-style iteration in eager mode or within tf.function.'),,,not_completed,,2.0,500.0,cross-entropy,tf,,,,
CRIME,5,3,31777,reglog,{},paper,FairProjection,,0.5,,,False,failed,RuntimeError('`tf.data.Dataset` only supports Python-style iteration in eager mode or within tf.function.'),,,not_completed,,2.0,500.0,cross-entropy,tf,,,,
CRIME,5,3,31777,reglog,{},paper,FairProjection,,0.75,,,False,failed,RuntimeError('`tf.data.Dataset` only supports Python-style iteration in eager mode or within tf.function.'),,,not_completed,,2.0,500.0,cross-entropy,tf,,,,
CRIME,5,3,31777,RF,"{'n_estimators': np.int64(45), 'min_samples_split': np.int64(7), 'min_samples_leaf': np.int64(8), 'max_depth': np.int64(10)}",paper,FairProjection,,0.0,,,False,failed,RuntimeError('`tf.data.Dataset` only supports Python-style iteration in eager mode or within tf.function.'),,,not_completed,,2.0,500.0,cross-entropy,tf,,,,
CRIME,5,3,31777,RF,"{'n_estimators': np.int64(45), 'min_samples_split': np.int64(7), 'min_samples_leaf': np.int64(8), 'max_depth': np.int64(10)}",paper,FairProjection,,0.1,,,False,failed,RuntimeError('`tf.data.Dataset` only supports Python-style iteration in eager mode or within tf.function.'),,,not_completed,,2.0,500.0,cross-entropy,tf,,,,
CRIME,5,3,31777,RF,"{'n_estimators': np.int64(45), 'min_samples_split': np.int64(7), 'min_samples_leaf': np.int64(8), 'max_depth': np.int64(10)}",paper,FairProjection,,0.2,,,False,failed,RuntimeError('`tf.data.Dataset` only supports Python-style iteration in eager mode or within tf.function.'),,,not_completed,,2.0,500.0,cross-entropy,tf,,,,
CRIME,5,3,31777,RF,"{'n_estimators': np.int64(45), 'min_samples_split': np.int64(7), 'min_samples_leaf': np.int64(8), 'max_depth': np.int64(10)}",paper,FairProjection,,0.5,,,False,failed,RuntimeError('`tf.data.Dataset` only supports Python-style iteration in eager mode or within tf.function.'),,,not_completed,,2.0,500.0,cross-entropy,tf,,,,
CRIME,5,3,31777,RF,"{'n_estimators': np.int64(45), 'min_samples_split': np.int64(7), 'min_samples_leaf': np.int64(8), 'max_depth': np.int64(10)}",paper,FairProjection,,0.75,,,False,failed,RuntimeError('`tf.data.Dataset` only supports Python-style iteration in eager mode or within tf.function.'),,,not_completed,,2.0,500.0,cross-entropy,tf,,,,
CRIME,5,3,31777,GBM,"{'reg_lambda': 0, 'reg_alpha': 2, 'num_leaves': np.int64(15), 'n_estimators': np.int64(28), 'min_child_samples': np.int64(87), 'max_depth': np.int64(12)}",paper,FairProjection,,0.0,,,False,failed,RuntimeError('`tf.data.Dataset` only supports Python-style iteration in eager mode or within tf.function.'),,,not_completed,,2.0,500.0,cross-entropy,tf,,,,
CRIME,5,3,31777,GBM,"{'reg_lambda': 0, 'reg_alpha': 2, 'num_leaves': np.int64(15), 'n_estimators': np.int64(28), 'min_child_samples': np.int64(87), 'max_depth': np.int64(12)}",paper,FairProjection,,0.1,,,False,failed,RuntimeError('`tf.data.Dataset` only supports Python-style iteration in eager mode or within tf.function.'),,,not_completed,,2.0,500.0,cross-entropy,tf,,,,
CRIME,5,3,31777,GBM,"{'reg_lambda': 0, 'reg_alpha': 2, 'num_leaves': np.int64(15), 'n_estimators': np.int64(28), 'min_child_samples': np.int64(87), 'max_depth': np.int64(12)}",paper,FairProjection,,0.2,,,False,failed,RuntimeError('`tf.data.Dataset` only supports Python-style iteration in eager mode or within tf.function.'),,,not_completed,,2.0,500.0,cross-entropy,tf,,,,
CRIME,5,3,31777,GBM,"{'reg_lambda': 0, 'reg_alpha': 2, 'num_leaves': np.int64(15), 'n_estimators': np.int64(28), 'min_child_samples': np.int64(87), 'max_depth': np.int64(12)}",paper,FairProjection,,0.5,,,False,failed,RuntimeError('`tf.data.Dataset` only supports Python-style iteration in eager mode or within tf.function.'),,,not_completed,,2.0,500.0,cross-entropy,tf,,,,
CRIME,5,3,31777,GBM,"{'reg_lambda': 0, 'reg_alpha': 2, 'num_leaves': np.int64(15), 'n_estimators': np.int64(28), 'min_child_samples': np.int64(87), 'max_depth': np.int64(12)}",paper,FairProjection,,0.75,,,False,failed,RuntimeError('`tf.data.Dataset` only supports Python-style iteration in eager mode or within tf.function.'),,,not_completed,,2.0,500.0,cross-entropy,tf,,,,
CRIME,5,4,41777,reglog,{},paper,FairProjection,,0.0,,,False,failed,RuntimeError('`tf.data.Dataset` only supports Python-style iteration in eager mode or within tf.function.'),,,not_completed,,2.0,500.0,cross-entropy,tf,,,,
CRIME,5,4,41777,reglog,{},paper,FairProjection,,0.1,,,False,failed,RuntimeError('`tf.data.Dataset` only supports Python-style iteration in eager mode or within tf.function.'),,,not_completed,,2.0,500.0,cross-entropy,tf,,,,
CRIME,5,4,41777,reglog,{},paper,FairProjection,,0.2,,,False,failed,RuntimeError('`tf.data.Dataset` only supports Python-style iteration in eager mode or within tf.function.'),,,not_completed,,2.0,500.0,cross-entropy,tf,,,,
CRIME,5,4,41777,reglog,{},paper,FairProjection,,0.5,,,False,failed,RuntimeError('`tf.data.Dataset` only supports Python-style iteration in eager mode or within tf.function.'),,,not_completed,,2.0,500.0,cross-entropy,tf,,,,
CRIME,5,4,41777,reglog,{},paper,FairProjection,,0.75,,,False,failed,RuntimeError('`tf.data.Dataset` only supports Python-style iteration in eager mode or within tf.function.'),,,not_completed,,2.0,500.0,cross-entropy,tf,,,,
CRIME,5,4,41777,RF,"{'n_estimators': np.int64(151), 'min_samples_split': np.int64(10), 'min_samples_leaf': np.int64(7), 'max_depth': np.int64(14)}",paper,FairProjection,,0.0,,,False,failed,RuntimeError('`tf.data.Dataset` only supports Python-style iteration in eager mode or within tf.function.'),,,not_completed,,2.0,500.0,cross-entropy,tf,,,,
CRIME,5,4,41777,RF,"{'n_estimators': np.int64(151), 'min_samples_split': np.int64(10), 'min_samples_leaf': np.int64(7), 'max_depth': np.int64(14)}",paper,FairProjection,,0.1,,,False,failed,RuntimeError('`tf.data.Dataset` only supports Python-style iteration in eager mode or within tf.function.'),,,not_completed,,2.0,500.0,cross-entropy,tf,,,,
CRIME,5,4,41777,RF,"{'n_estimators': np.int64(151), 'min_samples_split': np.int64(10), 'min_samples_leaf': np.int64(7), 'max_depth': np.int64(14)}",paper,FairProjection,,0.2,,,False,failed,RuntimeError('`tf.data.Dataset` only supports Python-style iteration in eager mode or within tf.function.'),,,not_completed,,2.0,500.0,cross-entropy,tf,,,,
CRIME,5,4,41777,RF,"{'n_estimators': np.int64(151), 'min_samples_split': np.int64(10), 'min_samples_leaf': np.int64(7), 'max_depth': np.int64(14)}",paper,FairProjection,,0.5,,,False,failed,RuntimeError('`tf.data.Dataset` only supports Python-style iteration in eager mode or within tf.function.'),,,not_completed,,2.0,500.0,cross-entropy,tf,,,,
CRIME,5,4,41777,RF,"{'n_estimators': np.int64(151), 'min_samples_split': np.int64(10), 'min_samples_leaf': np.int64(7), 'max_depth': np.int64(14)}",paper,FairProjection,,0.75,,,False,failed,RuntimeError('`tf.data.Dataset` only supports Python-style iteration in eager mode or within tf.function.'),,,not_completed,,2.0,500.0,cross-entropy,tf,,,,
CRIME,5,4,41777,GBM,"{'reg_lambda': 20, 'reg_alpha': 0, 'num_leaves': np.int64(24), 'n_estimators': np.int64(48), 'min_child_samples': np.int64(12), 'max_depth': np.int64(2)}",paper,FairProjection,,0.0,,,False,failed,RuntimeError('`tf.data.Dataset` only supports Python-style iteration in eager mode or within tf.function.'),,,not_completed,,2.0,500.0,cross-entropy,tf,,,,
CRIME,5,4,41777,GBM,"{'reg_lambda': 20, 'reg_alpha': 0, 'num_leaves': np.int64(24), 'n_estimators': np.int64(48), 'min_child_samples': np.int64(12), 'max_depth': np.int64(2)}",paper,FairProjection,,0.1,,,False,failed,RuntimeError('`tf.data.Dataset` only supports Python-style iteration in eager mode or within tf.function.'),,,not_completed,,2.0,500.0,cross-entropy,tf,,,,
CRIME,5,4,41777,GBM,"{'reg_lambda': 20, 'reg_alpha': 0, 'num_leaves': np.int64(24), 'n_estimators': np.int64(48), 'min_child_samples': np.int64(12), 'max_depth': np.int64(2)}",paper,FairProjection,,0.2,,,False,failed,RuntimeError('`tf.data.Dataset` only supports Python-style iteration in eager mode or within tf.function.'),,,not_completed,,2.0,500.0,cross-entropy,tf,,,,
CRIME,5,4,41777,GBM,"{'reg_lambda': 20, 'reg_alpha': 0, 'num_leaves': np.int64(24), 'n_estimators': np.int64(48), 'min_child_samples': np.int64(12), 'max_depth': np.int64(2)}",paper,FairProjection,,0.5,,,False,failed,RuntimeError('`tf.data.Dataset` only supports Python-style iteration in eager mode or within tf.function.'),,,not_completed,,2.0,500.0,cross-entropy,tf,,,,
CRIME,5,4,41777,GBM,"{'reg_lambda': 20, 'reg_alpha': 0, 'num_leaves': np.int64(24), 'n_estimators': np.int64(48), 'min_child_samples': np.int64(12), 'max_depth': np.int64(2)}",paper,FairProjection,,0.75,,,False,failed,RuntimeError('`tf.data.Dataset` only supports Python-style iteration in eager mode or within tf.function.'),,,not_completed,,2.0,500.0,cross-entropy,tf,,,,
CRIME,5,5,51777,reglog,{},paper,FairProjection,,0.0,,,False,failed,RuntimeError('`tf.data.Dataset` only supports Python-style iteration in eager mode or within tf.function.'),,,not_completed,,2.0,500.0,cross-entropy,tf,,,,
CRIME,5,5,51777,reglog,{},paper,FairProjection,,0.1,,,False,failed,RuntimeError('`tf.data.Dataset` only supports Python-style iteration in eager mode or within tf.function.'),,,not_completed,,2.0,500.0,cross-entropy,tf,,,,
CRIME,5,5,51777,reglog,{},paper,FairProjection,,0.2,,,False,failed,RuntimeError('`tf.data.Dataset` only supports Python-style iteration in eager mode or within tf.function.'),,,not_completed,,2.0,500.0,cross-entropy,tf,,,,
CRIME,5,5,51777,reglog,{},paper,FairProjection,,0.5,,,False,failed,RuntimeError('`tf.data.Dataset` only supports Python-style iteration in eager mode or within tf.function.'),,,not_completed,,2.0,500.0,cross-entropy,tf,,,,
CRIME,5,5,51777,reglog,{},paper,FairProjection,,0.75,,,False,failed,RuntimeError('`tf.data.Dataset` only supports Python-style iteration in eager mode or within tf.function.'),,,not_completed,,2.0,500.0,cross-entropy,tf,,,,
CRIME,5,5,51777,RF,"{'n_estimators': np.int64(73), 'min_samples_split': np.int64(10), 'min_samples_leaf': np.int64(2), 'max_depth': np.int64(11)}",paper,FairProjection,,0.0,,,False,failed,RuntimeError('`tf.data.Dataset` only supports Python-style iteration in eager mode or within tf.function.'),,,not_completed,,2.0,500.0,cross-entropy,tf,,,,
CRIME,5,5,51777,RF,"{'n_estimators': np.int64(73), 'min_samples_split': np.int64(10), 'min_samples_leaf': np.int64(2), 'max_depth': np.int64(11)}",paper,FairProjection,,0.1,,,False,failed,RuntimeError('`tf.data.Dataset` only supports Python-style iteration in eager mode or within tf.function.'),,,not_completed,,2.0,500.0,cross-entropy,tf,,,,
CRIME,5,5,51777,RF,"{'n_estimators': np.int64(73), 'min_samples_split': np.int64(10), 'min_samples_leaf': np.int64(2), 'max_depth': np.int64(11)}",paper,FairProjection,,0.2,,,False,failed,RuntimeError('`tf.data.Dataset` only supports Python-style iteration in eager mode or within tf.function.'),,,not_completed,,2.0,500.0,cross-entropy,tf,,,,
CRIME,5,5,51777,RF,"{'n_estimators': np.int64(73), 'min_samples_split': np.int64(10), 'min_samples_leaf': np.int64(2), 'max_depth': np.int64(11)}",paper,FairProjection,,0.5,,,False,failed,RuntimeError('`tf.data.Dataset` only supports Python-style iteration in eager mode or within tf.function.'),,,not_completed,,2.0,500.0,cross-entropy,tf,,,,
CRIME,5,5,51777,RF,"{'n_estimators': np.int64(73), 'min_samples_split': np.int64(10), 'min_samples_leaf': np.int64(2), 'max_depth': np.int64(11)}",paper,FairProjection,,0.75,,,False,failed,RuntimeError('`tf.data.Dataset` only supports Python-style iteration in eager mode or within tf.function.'),,,not_completed,,2.0,500.0,cross-entropy,tf,,,,
CRIME,5,5,51777,GBM,"{'reg_lambda': 0.1, 'reg_alpha': 10, 'num_leaves': np.int64(23), 'n_estimators': np.int64(187), 'min_child_samples': np.int64(20), 'max_depth': np.int64(14)}",paper,FairProjection,,0.0,,,False,failed,RuntimeError('`tf.data.Dataset` only supports Python-style iteration in eager mode or within tf.function.'),,,not_completed,,2.0,500.0,cross-entropy,tf,,,,
CRIME,5,5,51777,GBM,"{'reg_lambda': 0.1, 'reg_alpha': 10, 'num_leaves': np.int64(23), 'n_estimators': np.int64(187), 'min_child_samples': np.int64(20), 'max_depth': np.int64(14)}",paper,FairProjection,,0.1,,,False,failed,RuntimeError('`tf.data.Dataset` only supports Python-style iteration in eager mode or within tf.function.'),,,not_completed,,2.0,500.0,cross-entropy,tf,,,,
CRIME,5,5,51777,GBM,"{'reg_lambda': 0.1, 'reg_alpha': 10, 'num_leaves': np.int64(23), 'n_estimators': np.int64(187), 'min_child_samples': np.int64(20), 'max_depth': np.int64(14)}",paper,FairProjection,,0.2,,,False,failed,RuntimeError('`tf.data.Dataset` only supports Python-style iteration in eager mode or within tf.function.'),,,not_completed,,2.0,500.0,cross-entropy,tf,,,,
CRIME,5,5,51777,GBM,"{'reg_lambda': 0.1, 'reg_alpha': 10, 'num_leaves': np.int64(23), 'n_estimators': np.int64(187), 'min_child_samples': np.int64(20), 'max_depth': np.int64(14)}",paper,FairProjection,,0.5,,,False,failed,RuntimeError('`tf.data.Dataset` only supports Python-style iteration in eager mode or within tf.function.'),,,not_completed,,2.0,500.0,cross-entropy,tf,,,,
CRIME,5,5,51777,GBM,"{'reg_lambda': 0.1, 'reg_alpha': 10, 'num_leaves': np.int64(23), 'n_estimators': np.int64(187), 'min_child_samples': np.int64(20), 'max_depth': np.int64(14)}",paper,FairProjection,,0.75,,,False,failed,RuntimeError('`tf.data.Dataset` only supports Python-style iteration in eager mode or within tf.function.'),,,not_completed,,2.0,500.0,cross-entropy,tf,,,,
CRIME,5,6,61777,reglog,{},paper,FairProjection,,0.0,,,False,failed,RuntimeError('`tf.data.Dataset` only supports Python-style iteration in eager mode or within tf.function.'),,,not_completed,,2.0,500.0,cross-entropy,tf,,,,
CRIME,5,6,61777,reglog,{},paper,FairProjection,,0.1,,,False,failed,RuntimeError('`tf.data.Dataset` only supports Python-style iteration in eager mode or within tf.function.'),,,not_completed,,2.0,500.0,cross-entropy,tf,,,,
CRIME,5,6,61777,reglog,{},paper,FairProjection,,0.2,,,False,failed,RuntimeError('`tf.data.Dataset` only supports Python-style iteration in eager mode or within tf.function.'),,,not_completed,,2.0,500.0,cross-entropy,tf,,,,
CRIME,5,6,61777,reglog,{},paper,FairProjection,,0.5,,,False,failed,RuntimeError('`tf.data.Dataset` only supports Python-style iteration in eager mode or within tf.function.'),,,not_completed,,2.0,500.0,cross-entropy,tf,,,,
CRIME,5,6,61777,reglog,{},paper,FairProjection,,0.75,,,False,failed,RuntimeError('`tf.data.Dataset` only supports Python-style iteration in eager mode or within tf.function.'),,,not_completed,,2.0,500.0,cross-entropy,tf,,,,
CRIME,5,6,61777,RF,"{'n_estimators': np.int64(51), 'min_samples_split': np.int64(4), 'min_samples_leaf': np.int64(5), 'max_depth': np.int64(12)}",paper,FairProjection,,0.0,,,False,failed,RuntimeError('`tf.data.Dataset` only supports Python-style iteration in eager mode or within tf.function.'),,,not_completed,,2.0,500.0,cross-entropy,tf,,,,
CRIME,5,6,61777,RF,"{'n_estimators': np.int64(51), 'min_samples_split': np.int64(4), 'min_samples_leaf': np.int64(5), 'max_depth': np.int64(12)}",paper,FairProjection,,0.1,,,False,failed,RuntimeError('`tf.data.Dataset` only supports Python-style iteration in eager mode or within tf.function.'),,,not_completed,,2.0,500.0,cross-entropy,tf,,,,
CRIME,5,6,61777,RF,"{'n_estimators': np.int64(51), 'min_samples_split': np.int64(4), 'min_samples_leaf': np.int64(5), 'max_depth': np.int64(12)}",paper,FairProjection,,0.2,,,False,failed,RuntimeError('`tf.data.Dataset` only supports Python-style iteration in eager mode or within tf.function.'),,,not_completed,,2.0,500.0,cross-entropy,tf,,,,
CRIME,5,6,61777,RF,"{'n_estimators': np.int64(51), 'min_samples_split': np.int64(4), 'min_samples_leaf': np.int64(5), 'max_depth': np.int64(12)}",paper,FairProjection,,0.5,,,False,failed,RuntimeError('`tf.data.Dataset` only supports Python-style iteration in eager mode or within tf.function.'),,,not_completed,,2.0,500.0,cross-entropy,tf,,,,
CRIME,5,6,61777,RF,"{'n_estimators': np.int64(51), 'min_samples_split': np.int64(4), 'min_samples_leaf': np.int64(5), 'max_depth': np.int64(12)}",paper,FairProjection,,0.75,,,False,failed,RuntimeError('`tf.data.Dataset` only supports Python-style iteration in eager mode or within tf.function.'),,,not_completed,,2.0,500.0,cross-entropy,tf,,,,
CRIME,5,6,61777,GBM,"{'reg_lambda': 5, 'reg_alpha': 10, 'num_leaves': np.int64(41), 'n_estimators': np.int64(119), 'min_child_samples': np.int64(70), 'max_depth': np.int64(8)}",paper,FairProjection,,0.0,,,False,failed,RuntimeError('`tf.data.Dataset` only supports Python-style iteration in eager mode or within tf.function.'),,,not_completed,,2.0,500.0,cross-entropy,tf,,,,
CRIME,5,6,61777,GBM,"{'reg_lambda': 5, 'reg_alpha': 10, 'num_leaves': np.int64(41), 'n_estimators': np.int64(119), 'min_child_samples': np.int64(70), 'max_depth': np.int64(8)}",paper,FairProjection,,0.1,,,False,failed,RuntimeError('`tf.data.Dataset` only supports Python-style iteration in eager mode or within tf.function.'),,,not_completed,,2.0,500.0,cross-entropy,tf,,,,
CRIME,5,6,61777,GBM,"{'reg_lambda': 5, 'reg_alpha': 10, 'num_leaves': np.int64(41), 'n_estimators': np.int64(119), 'min_child_samples': np.int64(70), 'max_depth': np.int64(8)}",paper,FairProjection,,0.2,,,False,failed,RuntimeError('`tf.data.Dataset` only supports Python-style iteration in eager mode or within tf.function.'),,,not_completed,,2.0,500.0,cross-entropy,tf,,,,
CRIME,5,6,61777,GBM,"{'reg_lambda': 5, 'reg_alpha': 10, 'num_leaves': np.int64(41), 'n_estimators': np.int64(119), 'min_child_samples': np.int64(70), 'max_depth': np.int64(8)}",paper,FairProjection,,0.5,,,False,failed,RuntimeError('`tf.data.Dataset` only supports Python-style iteration in eager mode or within tf.function.'),,,not_completed,,2.0,500.0,cross-entropy,tf,,,,
CRIME,5,6,61777,GBM,"{'reg_lambda': 5, 'reg_alpha': 10, 'num_leaves': np.int64(41), 'n_estimators': np.int64(119), 'min_child_samples': np.int64(70), 'max_depth': np.int64(8)}",paper,FairProjection,,0.75,,,False,failed,RuntimeError('`tf.data.Dataset` only supports Python-style iteration in eager mode or within tf.function.'),,,not_completed,,2.0,500.0,cross-entropy,tf,,,,
CRIME,5,7,71777,reglog,{},paper,FairProjection,,0.0,,,False,failed,RuntimeError('`tf.data.Dataset` only supports Python-style iteration in eager mode or within tf.function.'),,,not_completed,,2.0,500.0,cross-entropy,tf,,,,
CRIME,5,7,71777,reglog,{},paper,FairProjection,,0.1,,,False,failed,RuntimeError('`tf.data.Dataset` only supports Python-style iteration in eager mode or within tf.function.'),,,not_completed,,2.0,500.0,cross-entropy,tf,,,,
CRIME,5,7,71777,reglog,{},paper,FairProjection,,0.2,,,False,failed,RuntimeError('`tf.data.Dataset` only supports Python-style iteration in eager mode or within tf.function.'),,,not_completed,,2.0,500.0,cross-entropy,tf,,,,
CRIME,5,7,71777,reglog,{},paper,FairProjection,,0.5,,,False,failed,RuntimeError('`tf.data.Dataset` only supports Python-style iteration in eager mode or within tf.function.'),,,not_completed,,2.0,500.0,cross-entropy,tf,,,,
CRIME,5,7,71777,reglog,{},paper,FairProjection,,0.75,,,False,failed,RuntimeError('`tf.data.Dataset` only supports Python-style iteration in eager mode or within tf.function.'),,,not_completed,,2.0,500.0,cross-entropy,tf,,,,
CRIME,5,7,71777,RF,"{'n_estimators': np.int64(34), 'min_samples_split': np.int64(9), 'min_samples_leaf': np.int64(7), 'max_depth': np.int64(12)}",paper,FairProjection,,0.0,,,False,failed,RuntimeError('`tf.data.Dataset` only supports Python-style iteration in eager mode or within tf.function.'),,,not_completed,,2.0,500.0,cross-entropy,tf,,,,
CRIME,5,7,71777,RF,"{'n_estimators': np.int64(34), 'min_samples_split': np.int64(9), 'min_samples_leaf': np.int64(7), 'max_depth': np.int64(12)}",paper,FairProjection,,0.1,,,False,failed,RuntimeError('`tf.data.Dataset` only supports Python-style iteration in eager mode or within tf.function.'),,,not_completed,,2.0,500.0,cross-entropy,tf,,,,
CRIME,5,7,71777,RF,"{'n_estimators': np.int64(34), 'min_samples_split': np.int64(9), 'min_samples_leaf': np.int64(7), 'max_depth': np.int64(12)}",paper,FairProjection,,0.2,,,False,failed,RuntimeError('`tf.data.Dataset` only supports Python-style iteration in eager mode or within tf.function.'),,,not_completed,,2.0,500.0,cross-entropy,tf,,,,
CRIME,5,7,71777,RF,"{'n_estimators': np.int64(34), 'min_samples_split': np.int64(9), 'min_samples_leaf': np.int64(7), 'max_depth': np.int64(12)}",paper,FairProjection,,0.5,,,False,failed,RuntimeError('`tf.data.Dataset` only supports Python-style iteration in eager mode or within tf.function.'),,,not_completed,,2.0,500.0,cross-entropy,tf,,,,
CRIME,5,7,71777,RF,"{'n_estimators': np.int64(34), 'min_samples_split': np.int64(9), 'min_samples_leaf': np.int64(7), 'max_depth': np.int64(12)}",paper,FairProjection,,0.75,,,False,failed,RuntimeError('`tf.data.Dataset` only supports Python-style iteration in eager mode or within tf.function.'),,,not_completed,,2.0,500.0,cross-entropy,tf,,,,
CRIME,5,7,71777,GBM,"{'reg_lambda': 0.1, 'reg_alpha': 10, 'num_leaves': np.int64(45), 'n_estimators': np.int64(91), 'min_child_samples': np.int64(69), 'max_depth': np.int64(3)}",paper,FairProjection,,0.0,,,False,failed,RuntimeError('`tf.data.Dataset` only supports Python-style iteration in eager mode or within tf.function.'),,,not_completed,,2.0,500.0,cross-entropy,tf,,,,
CRIME,5,7,71777,GBM,"{'reg_lambda': 0.1, 'reg_alpha': 10, 'num_leaves': np.int64(45), 'n_estimators': np.int64(91), 'min_child_samples': np.int64(69), 'max_depth': np.int64(3)}",paper,FairProjection,,0.1,,,False,failed,RuntimeError('`tf.data.Dataset` only supports Python-style iteration in eager mode or within tf.function.'),,,not_completed,,2.0,500.0,cross-entropy,tf,,,,
CRIME,5,7,71777,GBM,"{'reg_lambda': 0.1, 'reg_alpha': 10, 'num_leaves': np.int64(45), 'n_estimators': np.int64(91), 'min_child_samples': np.int64(69), 'max_depth': np.int64(3)}",paper,FairProjection,,0.2,,,False,failed,RuntimeError('`tf.data.Dataset` only supports Python-style iteration in eager mode or within tf.function.'),,,not_completed,,2.0,500.0,cross-entropy,tf,,,,
CRIME,5,7,71777,GBM,"{'reg_lambda': 0.1, 'reg_alpha': 10, 'num_leaves': np.int64(45), 'n_estimators': np.int64(91), 'min_child_samples': np.int64(69), 'max_depth': np.int64(3)}",paper,FairProjection,,0.5,,,False,failed,RuntimeError('`tf.data.Dataset` only supports Python-style iteration in eager mode or within tf.function.'),,,not_completed,,2.0,500.0,cross-entropy,tf,,,,
CRIME,5,7,71777,GBM,"{'reg_lambda': 0.1, 'reg_alpha': 10, 'num_leaves': np.int64(45), 'n_estimators': np.int64(91), 'min_child_samples': np.int64(69), 'max_depth': np.int64(3)}",paper,FairProjection,,0.75,,,False,failed,RuntimeError('`tf.data.Dataset` only supports Python-style iteration in eager mode or within tf.function.'),,,not_completed,,2.0,500.0,cross-entropy,tf,,,,
CRIME,5,8,81777,reglog,{},paper,FairProjection,,0.0,,,False,failed,RuntimeError('`tf.data.Dataset` only supports Python-style iteration in eager mode or within tf.function.'),,,not_completed,,2.0,500.0,cross-entropy,tf,,,,
CRIME,5,8,81777,reglog,{},paper,FairProjection,,0.1,,,False,failed,RuntimeError('`tf.data.Dataset` only supports Python-style iteration in eager mode or within tf.function.'),,,not_completed,,2.0,500.0,cross-entropy,tf,,,,
CRIME,5,8,81777,reglog,{},paper,FairProjection,,0.2,,,False,failed,RuntimeError('`tf.data.Dataset` only supports Python-style iteration in eager mode or within tf.function.'),,,not_completed,,2.0,500.0,cross-entropy,tf,,,,
CRIME,5,8,81777,reglog,{},paper,FairProjection,,0.5,,,False,failed,RuntimeError('`tf.data.Dataset` only supports Python-style iteration in eager mode or within tf.function.'),,,not_completed,,2.0,500.0,cross-entropy,tf,,,,
CRIME,5,8,81777,reglog,{},paper,FairProjection,,0.75,,,False,failed,RuntimeError('`tf.data.Dataset` only supports Python-style iteration in eager mode or within tf.function.'),,,not_completed,,2.0,500.0,cross-entropy,tf,,,,
CRIME,5,8,81777,RF,"{'n_estimators': np.int64(135), 'min_samples_split': np.int64(7), 'min_samples_leaf': np.int64(8), 'max_depth': np.int64(15)}",paper,FairProjection,,0.0,,,False,failed,RuntimeError('`tf.data.Dataset` only supports Python-style iteration in eager mode or within tf.function.'),,,not_completed,,2.0,500.0,cross-entropy,tf,,,,
CRIME,5,8,81777,RF,"{'n_estimators': np.int64(135), 'min_samples_split': np.int64(7), 'min_samples_leaf': np.int64(8), 'max_depth': np.int64(15)}",paper,FairProjection,,0.1,,,False,failed,RuntimeError('`tf.data.Dataset` only supports Python-style iteration in eager mode or within tf.function.'),,,not_completed,,2.0,500.0,cross-entropy,tf,,,,
CRIME,5,8,81777,RF,"{'n_estimators': np.int64(135), 'min_samples_split': np.int64(7), 'min_samples_leaf': np.int64(8), 'max_depth': np.int64(15)}",paper,FairProjection,,0.2,,,False,failed,RuntimeError('`tf.data.Dataset` only supports Python-style iteration in eager mode or within tf.function.'),,,not_completed,,2.0,500.0,cross-entropy,tf,,,,
CRIME,5,8,81777,RF,"{'n_estimators': np.int64(135), 'min_samples_split': np.int64(7), 'min_samples_leaf': np.int64(8), 'max_depth': np.int64(15)}",paper,FairProjection,,0.5,,,False,failed,RuntimeError('`tf.data.Dataset` only supports Python-style iteration in eager mode or within tf.function.'),,,not_completed,,2.0,500.0,cross-entropy,tf,,,,
CRIME,5,8,81777,RF,"{'n_estimators': np.int64(135), 'min_samples_split': np.int64(7), 'min_samples_leaf': np.int64(8), 'max_depth': np.int64(15)}",paper,FairProjection,,0.75,,,False,failed,RuntimeError('`tf.data.Dataset` only supports Python-style iteration in eager mode or within tf.function.'),,,not_completed,,2.0,500.0,cross-entropy,tf,,,,
CRIME,5,8,81777,GBM,"{'reg_lambda': 50, 'reg_alpha': 10, 'num_leaves': np.int64(30), 'n_estimators': np.int64(159), 'min_child_samples': np.int64(100), 'max_depth': np.int64(15)}",paper,FairProjection,,0.0,,,False,failed,RuntimeError('`tf.data.Dataset` only supports Python-style iteration in eager mode or within tf.function.'),,,not_completed,,2.0,500.0,cross-entropy,tf,,,,
CRIME,5,8,81777,GBM,"{'reg_lambda': 50, 'reg_alpha': 10, 'num_leaves': np.int64(30), 'n_estimators': np.int64(159), 'min_child_samples': np.int64(100), 'max_depth': np.int64(15)}",paper,FairProjection,,0.1,,,False,failed,RuntimeError('`tf.data.Dataset` only supports Python-style iteration in eager mode or within tf.function.'),,,not_completed,,2.0,500.0,cross-entropy,tf,,,,
CRIME,5,8,81777,GBM,"{'reg_lambda': 50, 'reg_alpha': 10, 'num_leaves': np.int64(30), 'n_estimators': np.int64(159), 'min_child_samples': np.int64(100), 'max_depth': np.int64(15)}",paper,FairProjection,,0.2,,,False,failed,RuntimeError('`tf.data.Dataset` only supports Python-style iteration in eager mode or within tf.function.'),,,not_completed,,2.0,500.0,cross-entropy,tf,,,,
CRIME,5,8,81777,GBM,"{'reg_lambda': 50, 'reg_alpha': 10, 'num_leaves': np.int64(30), 'n_estimators': np.int64(159), 'min_child_samples': np.int64(100), 'max_depth': np.int64(15)}",paper,FairProjection,,0.5,,,False,failed,RuntimeError('`tf.data.Dataset` only supports Python-style iteration in eager mode or within tf.function.'),,,not_completed,,2.0,500.0,cross-entropy,tf,,,,
CRIME,5,8,81777,GBM,"{'reg_lambda': 50, 'reg_alpha': 10, 'num_leaves': np.int64(30), 'n_estimators': np.int64(159), 'min_child_samples': np.int64(100), 'max_depth': np.int64(15)}",paper,FairProjection,,0.75,,,False,failed,RuntimeError('`tf.data.Dataset` only supports Python-style iteration in eager mode or within tf.function.'),,,not_completed,,2.0,500.0,cross-entropy,tf,,,,
CRIME,5,9,91777,reglog,{},paper,FairProjection,,0.0,,,False,failed,RuntimeError('`tf.data.Dataset` only supports Python-style iteration in eager mode or within tf.function.'),,,not_completed,,2.0,500.0,cross-entropy,tf,,,,
CRIME,5,9,91777,reglog,{},paper,FairProjection,,0.1,,,False,failed,RuntimeError('`tf.data.Dataset` only supports Python-style iteration in eager mode or within tf.function.'),,,not_completed,,2.0,500.0,cross-entropy,tf,,,,
CRIME,5,9,91777,reglog,{},paper,FairProjection,,0.2,,,False,failed,RuntimeError('`tf.data.Dataset` only supports Python-style iteration in eager mode or within tf.function.'),,,not_completed,,2.0,500.0,cross-entropy,tf,,,,
CRIME,5,9,91777,reglog,{},paper,FairProjection,,0.5,,,False,failed,RuntimeError('`tf.data.Dataset` only supports Python-style iteration in eager mode or within tf.function.'),,,not_completed,,2.0,500.0,cross-entropy,tf,,,,
CRIME,5,9,91777,reglog,{},paper,FairProjection,,0.75,,,False,failed,RuntimeError('`tf.data.Dataset` only supports Python-style iteration in eager mode or within tf.function.'),,,not_completed,,2.0,500.0,cross-entropy,tf,,,,
CRIME,5,9,91777,RF,"{'n_estimators': np.int64(173), 'min_samples_split': np.int64(6), 'min_samples_leaf': np.int64(8), 'max_depth': np.int64(6)}",paper,FairProjection,,0.0,,,False,failed,RuntimeError('`tf.data.Dataset` only supports Python-style iteration in eager mode or within tf.function.'),,,not_completed,,2.0,500.0,cross-entropy,tf,,,,
CRIME,5,9,91777,RF,"{'n_estimators': np.int64(173), 'min_samples_split': np.int64(6), 'min_samples_leaf': np.int64(8), 'max_depth': np.int64(6)}",paper,FairProjection,,0.1,,,False,failed,RuntimeError('`tf.data.Dataset` only supports Python-style iteration in eager mode or within tf.function.'),,,not_completed,,2.0,500.0,cross-entropy,tf,,,,
CRIME,5,9,91777,RF,"{'n_estimators': np.int64(173), 'min_samples_split': np.int64(6), 'min_samples_leaf': np.int64(8), 'max_depth': np.int64(6)}",paper,FairProjection,,0.2,,,False,failed,RuntimeError('`tf.data.Dataset` only supports Python-style iteration in eager mode or within tf.function.'),,,not_completed,,2.0,500.0,cross-entropy,tf,,,,
CRIME,5,9,91777,RF,"{'n_estimators': np.int64(173), 'min_samples_split': np.int64(6), 'min_samples_leaf': np.int64(8), 'max_depth': np.int64(6)}",paper,FairProjection,,0.5,,,False,failed,RuntimeError('`tf.data.Dataset` only supports Python-style iteration in eager mode or within tf.function.'),,,not_completed,,2.0,500.0,cross-entropy,tf,,,,
CRIME,5,9,91777,RF,"{'n_estimators': np.int64(173), 'min_samples_split': np.int64(6), 'min_samples_leaf': np.int64(8), 'max_depth': np.int64(6)}",paper,FairProjection,,0.75,,,False,failed,RuntimeError('`tf.data.Dataset` only supports Python-style iteration in eager mode or within tf.function.'),,,not_completed,,2.0,500.0,cross-entropy,tf,,,,
CRIME,5,9,91777,GBM,"{'reg_lambda': 0.1, 'reg_alpha': 10, 'num_leaves': np.int64(41), 'n_estimators': np.int64(93), 'min_child_samples': np.int64(59), 'max_depth': np.int64(5)}",paper,FairProjection,,0.0,,,False,failed,RuntimeError('`tf.data.Dataset` only supports Python-style iteration in eager mode or within tf.function.'),,,not_completed,,2.0,500.0,cross-entropy,tf,,,,
CRIME,5,9,91777,GBM,"{'reg_lambda': 0.1, 'reg_alpha': 10, 'num_leaves': np.int64(41), 'n_estimators': np.int64(93), 'min_child_samples': np.int64(59), 'max_depth': np.int64(5)}",paper,FairProjection,,0.1,,,False,failed,RuntimeError('`tf.data.Dataset` only supports Python-style iteration in eager mode or within tf.function.'),,,not_completed,,2.0,500.0,cross-entropy,tf,,,,
CRIME,5,9,91777,GBM,"{'reg_lambda': 0.1, 'reg_alpha': 10, 'num_leaves': np.int64(41), 'n_estimators': np.int64(93), 'min_child_samples': np.int64(59), 'max_depth': np.int64(5)}",paper,FairProjection,,0.2,,,False,failed,RuntimeError('`tf.data.Dataset` only supports Python-style iteration in eager mode or within tf.function.'),,,not_completed,,2.0,500.0,cross-entropy,tf,,,,
CRIME,5,9,91777,GBM,"{'reg_lambda': 0.1, 'reg_alpha': 10, 'num_leaves': np.int64(41), 'n_estimators': np.int64(93), 'min_child_samples': np.int64(59), 'max_depth': np.int64(5)}",paper,FairProjection,,0.5,,,False,failed,RuntimeError('`tf.data.Dataset` only supports Python-style iteration in eager mode or within tf.function.'),,,not_completed,,2.0,500.0,cross-entropy,tf,,,,
CRIME,5,9,91777,GBM,"{'reg_lambda': 0.1, 'reg_alpha': 10, 'num_leaves': np.int64(41), 'n_estimators': np.int64(93), 'min_child_samples': np.int64(59), 'max_depth': np.int64(5)}",paper,FairProjection,,0.75,,,False,failed,RuntimeError('`tf.data.Dataset` only supports Python-style iteration in eager mode or within tf.function.'),,,not_completed,,2.0,500.0,cross-entropy,tf,,,,
CRIME,5,10,101777,reglog,{},paper,FairProjection,,0.0,,,False,failed,RuntimeError('`tf.data.Dataset` only supports Python-style iteration in eager mode or within tf.function.'),,,not_completed,,2.0,500.0,cross-entropy,tf,,,,
CRIME,5,10,101777,reglog,{},paper,FairProjection,,0.1,,,False,failed,RuntimeError('`tf.data.Dataset` only supports Python-style iteration in eager mode or within tf.function.'),,,not_completed,,2.0,500.0,cross-entropy,tf,,,,
CRIME,5,10,101777,reglog,{},paper,FairProjection,,0.2,,,False,failed,RuntimeError('`tf.data.Dataset` only supports Python-style iteration in eager mode or within tf.function.'),,,not_completed,,2.0,500.0,cross-entropy,tf,,,,
CRIME,5,10,101777,reglog,{},paper,FairProjection,,0.5,,,False,failed,RuntimeError('`tf.data.Dataset` only supports Python-style iteration in eager mode or within tf.function.'),,,not_completed,,2.0,500.0,cross-entropy,tf,,,,
CRIME,5,10,101777,reglog,{},paper,FairProjection,,0.75,,,False,failed,RuntimeError('`tf.data.Dataset` only supports Python-style iteration in eager mode or within tf.function.'),,,not_completed,,2.0,500.0,cross-entropy,tf,,,,
CRIME,5,10,101777,RF,"{'n_estimators': np.int64(168), 'min_samples_split': np.int64(5), 'min_samples_leaf': np.int64(4), 'max_depth': np.int64(9)}",paper,FairProjection,,0.0,,,False,failed,RuntimeError('`tf.data.Dataset` only supports Python-style iteration in eager mode or within tf.function.'),,,not_completed,,2.0,500.0,cross-entropy,tf,,,,
CRIME,5,10,101777,RF,"{'n_estimators': np.int64(168), 'min_samples_split': np.int64(5), 'min_samples_leaf': np.int64(4), 'max_depth': np.int64(9)}",paper,FairProjection,,0.1,,,False,failed,RuntimeError('`tf.data.Dataset` only supports Python-style iteration in eager mode or within tf.function.'),,,not_completed,,2.0,500.0,cross-entropy,tf,,,,
CRIME,5,10,101777,RF,"{'n_estimators': np.int64(168), 'min_samples_split': np.int64(5), 'min_samples_leaf': np.int64(4), 'max_depth': np.int64(9)}",paper,FairProjection,,0.2,,,False,failed,RuntimeError('`tf.data.Dataset` only supports Python-style iteration in eager mode or within tf.function.'),,,not_completed,,2.0,500.0,cross-entropy,tf,,,,
CRIME,5,10,101777,RF,"{'n_estimators': np.int64(168), 'min_samples_split': np.int64(5), 'min_samples_leaf': np.int64(4), 'max_depth': np.int64(9)}",paper,FairProjection,,0.5,,,False,failed,RuntimeError('`tf.data.Dataset` only supports Python-style iteration in eager mode or within tf.function.'),,,not_completed,,2.0,500.0,cross-entropy,tf,,,,
CRIME,5,10,101777,RF,"{'n_estimators': np.int64(168), 'min_samples_split': np.int64(5), 'min_samples_leaf': np.int64(4), 'max_depth': np.int64(9)}",paper,FairProjection,,0.75,,,False,failed,RuntimeError('`tf.data.Dataset` only supports Python-style iteration in eager mode or within tf.function.'),,,not_completed,,2.0,500.0,cross-entropy,tf,,,,
CRIME,5,10,101777,GBM,"{'reg_lambda': 50, 'reg_alpha': 0, 'num_leaves': np.int64(12), 'n_estimators': np.int64(126), 'min_child_samples': np.int64(67), 'max_depth': np.int64(13)}",paper,FairProjection,,0.0,,,False,failed,RuntimeError('`tf.data.Dataset` only supports Python-style iteration in eager mode or within tf.function.'),,,not_completed,,2.0,500.0,cross-entropy,tf,,,,
CRIME,5,10,101777,GBM,"{'reg_lambda': 50, 'reg_alpha': 0, 'num_leaves': np.int64(12), 'n_estimators': np.int64(126), 'min_child_samples': np.int64(67), 'max_depth': np.int64(13)}",paper,FairProjection,,0.1,,,False,failed,RuntimeError('`tf.data.Dataset` only supports Python-style iteration in eager mode or within tf.function.'),,,not_completed,,2.0,500.0,cross-entropy,tf,,,,
CRIME,5,10,101777,GBM,"{'reg_lambda': 50, 'reg_alpha': 0, 'num_leaves': np.int64(12), 'n_estimators': np.int64(126), 'min_child_samples': np.int64(67), 'max_depth': np.int64(13)}",paper,FairProjection,,0.2,,,False,failed,RuntimeError('`tf.data.Dataset` only supports Python-style iteration in eager mode or within tf.function.'),,,not_completed,,2.0,500.0,cross-entropy,tf,,,,
CRIME,5,10,101777,GBM,"{'reg_lambda': 50, 'reg_alpha': 0, 'num_leaves': np.int64(12), 'n_estimators': np.int64(126), 'min_child_samples': np.int64(67), 'max_depth': np.int64(13)}",paper,FairProjection,,0.5,,,False,failed,RuntimeError('`tf.data.Dataset` only supports Python-style iteration in eager mode or within tf.function.'),,,not_completed,,2.0,500.0,cross-entropy,tf,,,,
CRIME,5,10,101777,GBM,"{'reg_lambda': 50, 'reg_alpha': 0, 'num_leaves': np.int64(12), 'n_estimators': np.int64(126), 'min_child_samples': np.int64(67), 'max_depth': np.int64(13)}",paper,FairProjection,,0.75,,,False,failed,RuntimeError('`tf.data.Dataset` only supports Python-style iteration in eager mode or within tf.function.'),,,not_completed,,2.0,500.0,cross-entropy,tf,,,,
CRIME,5,11,111777,reglog,{},paper,FairProjection,,0.0,,,False,failed,RuntimeError('`tf.data.Dataset` only supports Python-style iteration in eager mode or within tf.function.'),,,not_completed,,2.0,500.0,cross-entropy,tf,,,,
CRIME,5,11,111777,reglog,{},paper,FairProjection,,0.1,,,False,failed,RuntimeError('`tf.data.Dataset` only supports Python-style iteration in eager mode or within tf.function.'),,,not_completed,,2.0,500.0,cross-entropy,tf,,,,
CRIME,5,11,111777,reglog,{},paper,FairProjection,,0.2,,,False,failed,RuntimeError('`tf.data.Dataset` only supports Python-style iteration in eager mode or within tf.function.'),,,not_completed,,2.0,500.0,cross-entropy,tf,,,,
CRIME,5,11,111777,reglog,{},paper,FairProjection,,0.5,,,False,failed,RuntimeError('`tf.data.Dataset` only supports Python-style iteration in eager mode or within tf.function.'),,,not_completed,,2.0,500.0,cross-entropy,tf,,,,
CRIME,5,11,111777,reglog,{},paper,FairProjection,,0.75,,,False,failed,RuntimeError('`tf.data.Dataset` only supports Python-style iteration in eager mode or within tf.function.'),,,not_completed,,2.0,500.0,cross-entropy,tf,,,,
CRIME,5,11,111777,RF,"{'n_estimators': np.int64(82), 'min_samples_split': np.int64(7), 'min_samples_leaf': np.int64(4), 'max_depth': np.int64(12)}",paper,FairProjection,,0.0,,,False,failed,RuntimeError('`tf.data.Dataset` only supports Python-style iteration in eager mode or within tf.function.'),,,not_completed,,2.0,500.0,cross-entropy,tf,,,,
CRIME,5,11,111777,RF,"{'n_estimators': np.int64(82), 'min_samples_split': np.int64(7), 'min_samples_leaf': np.int64(4), 'max_depth': np.int64(12)}",paper,FairProjection,,0.1,,,False,failed,RuntimeError('`tf.data.Dataset` only supports Python-style iteration in eager mode or within tf.function.'),,,not_completed,,2.0,500.0,cross-entropy,tf,,,,
CRIME,5,11,111777,RF,"{'n_estimators': np.int64(82), 'min_samples_split': np.int64(7), 'min_samples_leaf': np.int64(4), 'max_depth': np.int64(12)}",paper,FairProjection,,0.2,,,False,failed,RuntimeError('`tf.data.Dataset` only supports Python-style iteration in eager mode or within tf.function.'),,,not_completed,,2.0,500.0,cross-entropy,tf,,,,
CRIME,5,11,111777,RF,"{'n_estimators': np.int64(82), 'min_samples_split': np.int64(7), 'min_samples_leaf': np.int64(4), 'max_depth': np.int64(12)}",paper,FairProjection,,0.5,,,False,failed,RuntimeError('`tf.data.Dataset` only supports Python-style iteration in eager mode or within tf.function.'),,,not_completed,,2.0,500.0,cross-entropy,tf,,,,
CRIME,5,11,111777,RF,"{'n_estimators': np.int64(82), 'min_samples_split': np.int64(7), 'min_samples_leaf': np.int64(4), 'max_depth': np.int64(12)}",paper,FairProjection,,0.75,,,False,failed,RuntimeError('`tf.data.Dataset` only supports Python-style iteration in eager mode or within tf.function.'),,,not_completed,,2.0,500.0,cross-entropy,tf,,,,
CRIME,5,11,111777,GBM,"{'reg_lambda': 10, 'reg_alpha': 1, 'num_leaves': np.int64(15), 'n_estimators': np.int64(110), 'min_child_samples': np.int64(67), 'max_depth': np.int64(13)}",paper,FairProjection,,0.0,,,False,failed,RuntimeError('`tf.data.Dataset` only supports Python-style iteration in eager mode or within tf.function.'),,,not_completed,,2.0,500.0,cross-entropy,tf,,,,
CRIME,5,11,111777,GBM,"{'reg_lambda': 10, 'reg_alpha': 1, 'num_leaves': np.int64(15), 'n_estimators': np.int64(110), 'min_child_samples': np.int64(67), 'max_depth': np.int64(13)}",paper,FairProjection,,0.1,,,False,failed,RuntimeError('`tf.data.Dataset` only supports Python-style iteration in eager mode or within tf.function.'),,,not_completed,,2.0,500.0,cross-entropy,tf,,,,
CRIME,5,11,111777,GBM,"{'reg_lambda': 10, 'reg_alpha': 1, 'num_leaves': np.int64(15), 'n_estimators': np.int64(110), 'min_child_samples': np.int64(67), 'max_depth': np.int64(13)}",paper,FairProjection,,0.2,,,False,failed,RuntimeError('`tf.data.Dataset` only supports Python-style iteration in eager mode or within tf.function.'),,,not_completed,,2.0,500.0,cross-entropy,tf,,,,
CRIME,5,11,111777,GBM,"{'reg_lambda': 10, 'reg_alpha': 1, 'num_leaves': np.int64(15), 'n_estimators': np.int64(110), 'min_child_samples': np.int64(67), 'max_depth': np.int64(13)}",paper,FairProjection,,0.5,,,False,failed,RuntimeError('`tf.data.Dataset` only supports Python-style iteration in eager mode or within tf.function.'),,,not_completed,,2.0,500.0,cross-entropy,tf,,,,
CRIME,5,11,111777,GBM,"{'reg_lambda': 10, 'reg_alpha': 1, 'num_leaves': np.int64(15), 'n_estimators': np.int64(110), 'min_child_samples': np.int64(67), 'max_depth': np.int64(13)}",paper,FairProjection,,0.75,,,False,failed,RuntimeError('`tf.data.Dataset` only supports Python-style iteration in eager mode or within tf.function.'),,,not_completed,,2.0,500.0,cross-entropy,tf,,,,
CRIME,5,12,121777,reglog,{},paper,FairProjection,,0.0,,,False,failed,RuntimeError('`tf.data.Dataset` only supports Python-style iteration in eager mode or within tf.function.'),,,not_completed,,2.0,500.0,cross-entropy,tf,,,,
CRIME,5,12,121777,reglog,{},paper,FairProjection,,0.1,,,False,failed,RuntimeError('`tf.data.Dataset` only supports Python-style iteration in eager mode or within tf.function.'),,,not_completed,,2.0,500.0,cross-entropy,tf,,,,
CRIME,5,12,121777,reglog,{},paper,FairProjection,,0.2,,,False,failed,RuntimeError('`tf.data.Dataset` only supports Python-style iteration in eager mode or within tf.function.'),,,not_completed,,2.0,500.0,cross-entropy,tf,,,,
CRIME,5,12,121777,reglog,{},paper,FairProjection,,0.5,,,False,failed,RuntimeError('`tf.data.Dataset` only supports Python-style iteration in eager mode or within tf.function.'),,,not_completed,,2.0,500.0,cross-entropy,tf,,,,
CRIME,5,12,121777,reglog,{},paper,FairProjection,,0.75,,,False,failed,RuntimeError('`tf.data.Dataset` only supports Python-style iteration in eager mode or within tf.function.'),,,not_completed,,2.0,500.0,cross-entropy,tf,,,,
CRIME,5,12,121777,RF,"{'n_estimators': np.int64(160), 'min_samples_split': np.int64(5), 'min_samples_leaf': np.int64(8), 'max_depth': np.int64(9)}",paper,FairProjection,,0.0,,,False,failed,RuntimeError('`tf.data.Dataset` only supports Python-style iteration in eager mode or within tf.function.'),,,not_completed,,2.0,500.0,cross-entropy,tf,,,,
CRIME,5,12,121777,RF,"{'n_estimators': np.int64(160), 'min_samples_split': np.int64(5), 'min_samples_leaf': np.int64(8), 'max_depth': np.int64(9)}",paper,FairProjection,,0.1,,,False,failed,RuntimeError('`tf.data.Dataset` only supports Python-style iteration in eager mode or within tf.function.'),,,not_completed,,2.0,500.0,cross-entropy,tf,,,,
CRIME,5,12,121777,RF,"{'n_estimators': np.int64(160), 'min_samples_split': np.int64(5), 'min_samples_leaf': np.int64(8), 'max_depth': np.int64(9)}",paper,FairProjection,,0.2,,,False,failed,RuntimeError('`tf.data.Dataset` only supports Python-style iteration in eager mode or within tf.function.'),,,not_completed,,2.0,500.0,cross-entropy,tf,,,,
CRIME,5,12,121777,RF,"{'n_estimators': np.int64(160), 'min_samples_split': np.int64(5), 'min_samples_leaf': np.int64(8), 'max_depth': np.int64(9)}",paper,FairProjection,,0.5,,,False,failed,RuntimeError('`tf.data.Dataset` only supports Python-style iteration in eager mode or within tf.function.'),,,not_completed,,2.0,500.0,cross-entropy,tf,,,,
CRIME,5,12,121777,RF,"{'n_estimators': np.int64(160), 'min_samples_split': np.int64(5), 'min_samples_leaf': np.int64(8), 'max_depth': np.int64(9)}",paper,FairProjection,,0.75,,,False,failed,RuntimeError('`tf.data.Dataset` only supports Python-style iteration in eager mode or within tf.function.'),,,not_completed,,2.0,500.0,cross-entropy,tf,,,,
CRIME,5,12,121777,GBM,"{'reg_lambda': 1, 'reg_alpha': 20, 'num_leaves': np.int64(31), 'n_estimators': np.int64(76), 'min_child_samples': np.int64(90), 'max_depth': np.int64(6)}",paper,FairProjection,,0.0,,,False,failed,RuntimeError('`tf.data.Dataset` only supports Python-style iteration in eager mode or within tf.function.'),,,not_completed,,2.0,500.0,cross-entropy,tf,,,,
CRIME,5,12,121777,GBM,"{'reg_lambda': 1, 'reg_alpha': 20, 'num_leaves': np.int64(31), 'n_estimators': np.int64(76), 'min_child_samples': np.int64(90), 'max_depth': np.int64(6)}",paper,FairProjection,,0.1,,,False,failed,RuntimeError('`tf.data.Dataset` only supports Python-style iteration in eager mode or within tf.function.'),,,not_completed,,2.0,500.0,cross-entropy,tf,,,,
CRIME,5,12,121777,GBM,"{'reg_lambda': 1, 'reg_alpha': 20, 'num_leaves': np.int64(31), 'n_estimators': np.int64(76), 'min_child_samples': np.int64(90), 'max_depth': np.int64(6)}",paper,FairProjection,,0.2,,,False,failed,RuntimeError('`tf.data.Dataset` only supports Python-style iteration in eager mode or within tf.function.'),,,not_completed,,2.0,500.0,cross-entropy,tf,,,,
CRIME,5,12,121777,GBM,"{'reg_lambda': 1, 'reg_alpha': 20, 'num_leaves': np.int64(31), 'n_estimators': np.int64(76), 'min_child_samples': np.int64(90), 'max_depth': np.int64(6)}",paper,FairProjection,,0.5,,,False,failed,RuntimeError('`tf.data.Dataset` only supports Python-style iteration in eager mode or within tf.function.'),,,not_completed,,2.0,500.0,cross-entropy,tf,,,,
CRIME,5,12,121777,GBM,"{'reg_lambda': 1, 'reg_alpha': 20, 'num_leaves': np.int64(31), 'n_estimators': np.int64(76), 'min_child_samples': np.int64(90), 'max_depth': np.int64(6)}",paper,FairProjection,,0.75,,,False,failed,RuntimeError('`tf.data.Dataset` only supports Python-style iteration in eager mode or within tf.function.'),,,not_completed,,2.0,500.0,cross-entropy,tf,,,,
CRIME,5,13,131777,reglog,{},paper,FairProjection,,0.0,,,False,failed,RuntimeError('`tf.data.Dataset` only supports Python-style iteration in eager mode or within tf.function.'),,,not_completed,,2.0,500.0,cross-entropy,tf,,,,
CRIME,5,13,131777,reglog,{},paper,FairProjection,,0.1,,,False,failed,RuntimeError('`tf.data.Dataset` only supports Python-style iteration in eager mode or within tf.function.'),,,not_completed,,2.0,500.0,cross-entropy,tf,,,,
CRIME,5,13,131777,reglog,{},paper,FairProjection,,0.2,,,False,failed,RuntimeError('`tf.data.Dataset` only supports Python-style iteration in eager mode or within tf.function.'),,,not_completed,,2.0,500.0,cross-entropy,tf,,,,
CRIME,5,13,131777,reglog,{},paper,FairProjection,,0.5,,,False,failed,RuntimeError('`tf.data.Dataset` only supports Python-style iteration in eager mode or within tf.function.'),,,not_completed,,2.0,500.0,cross-entropy,tf,,,,
CRIME,5,13,131777,reglog,{},paper,FairProjection,,0.75,,,False,failed,RuntimeError('`tf.data.Dataset` only supports Python-style iteration in eager mode or within tf.function.'),,,not_completed,,2.0,500.0,cross-entropy,tf,,,,
CRIME,5,13,131777,RF,"{'n_estimators': np.int64(142), 'min_samples_split': np.int64(3), 'min_samples_leaf': np.int64(5), 'max_depth': np.int64(9)}",paper,FairProjection,,0.0,,,False,failed,RuntimeError('`tf.data.Dataset` only supports Python-style iteration in eager mode or within tf.function.'),,,not_completed,,2.0,500.0,cross-entropy,tf,,,,
CRIME,5,13,131777,RF,"{'n_estimators': np.int64(142), 'min_samples_split': np.int64(3), 'min_samples_leaf': np.int64(5), 'max_depth': np.int64(9)}",paper,FairProjection,,0.1,,,False,failed,RuntimeError('`tf.data.Dataset` only supports Python-style iteration in eager mode or within tf.function.'),,,not_completed,,2.0,500.0,cross-entropy,tf,,,,
CRIME,5,13,131777,RF,"{'n_estimators': np.int64(142), 'min_samples_split': np.int64(3), 'min_samples_leaf': np.int64(5), 'max_depth': np.int64(9)}",paper,FairProjection,,0.2,,,False,failed,RuntimeError('`tf.data.Dataset` only supports Python-style iteration in eager mode or within tf.function.'),,,not_completed,,2.0,500.0,cross-entropy,tf,,,,
CRIME,5,13,131777,RF,"{'n_estimators': np.int64(142), 'min_samples_split': np.int64(3), 'min_samples_leaf': np.int64(5), 'max_depth': np.int64(9)}",paper,FairProjection,,0.5,,,False,failed,RuntimeError('`tf.data.Dataset` only supports Python-style iteration in eager mode or within tf.function.'),,,not_completed,,2.0,500.0,cross-entropy,tf,,,,
CRIME,5,13,131777,RF,"{'n_estimators': np.int64(142), 'min_samples_split': np.int64(3), 'min_samples_leaf': np.int64(5), 'max_depth': np.int64(9)}",paper,FairProjection,,0.75,,,False,failed,RuntimeError('`tf.data.Dataset` only supports Python-style iteration in eager mode or within tf.function.'),,,not_completed,,2.0,500.0,cross-entropy,tf,,,,
CRIME,5,13,131777,GBM,"{'reg_lambda': 0, 'reg_alpha': 10, 'num_leaves': np.int64(47), 'n_estimators': np.int64(56), 'min_child_samples': np.int64(14), 'max_depth': np.int64(3)}",paper,FairProjection,,0.0,,,False,failed,RuntimeError('`tf.data.Dataset` only supports Python-style iteration in eager mode or within tf.function.'),,,not_completed,,2.0,500.0,cross-entropy,tf,,,,
CRIME,5,13,131777,GBM,"{'reg_lambda': 0, 'reg_alpha': 10, 'num_leaves': np.int64(47), 'n_estimators': np.int64(56), 'min_child_samples': np.int64(14), 'max_depth': np.int64(3)}",paper,FairProjection,,0.1,,,False,failed,RuntimeError('`tf.data.Dataset` only supports Python-style iteration in eager mode or within tf.function.'),,,not_completed,,2.0,500.0,cross-entropy,tf,,,,
CRIME,5,13,131777,GBM,"{'reg_lambda': 0, 'reg_alpha': 10, 'num_leaves': np.int64(47), 'n_estimators': np.int64(56), 'min_child_samples': np.int64(14), 'max_depth': np.int64(3)}",paper,FairProjection,,0.2,,,False,failed,RuntimeError('`tf.data.Dataset` only supports Python-style iteration in eager mode or within tf.function.'),,,not_completed,,2.0,500.0,cross-entropy,tf,,,,
CRIME,5,13,131777,GBM,"{'reg_lambda': 0, 'reg_alpha': 10, 'num_leaves': np.int64(47), 'n_estimators': np.int64(56), 'min_child_samples': np.int64(14), 'max_depth': np.int64(3)}",paper,FairProjection,,0.5,,,False,failed,RuntimeError('`tf.data.Dataset` only supports Python-style iteration in eager mode or within tf.function.'),,,not_completed,,2.0,500.0,cross-entropy,tf,,,,
CRIME,5,13,131777,GBM,"{'reg_lambda': 0, 'reg_alpha': 10, 'num_leaves': np.int64(47), 'n_estimators': np.int64(56), 'min_child_samples': np.int64(14), 'max_depth': np.int64(3)}",paper,FairProjection,,0.75,,,False,failed,RuntimeError('`tf.data.Dataset` only supports Python-style iteration in eager mode or within tf.function.'),,,not_completed,,2.0,500.0,cross-entropy,tf,,,,
CRIME,5,14,141777,reglog,{},paper,FairProjection,,0.0,,,False,failed,RuntimeError('`tf.data.Dataset` only supports Python-style iteration in eager mode or within tf.function.'),,,not_completed,,2.0,500.0,cross-entropy,tf,,,,
CRIME,5,14,141777,reglog,{},paper,FairProjection,,0.1,,,False,failed,RuntimeError('`tf.data.Dataset` only supports Python-style iteration in eager mode or within tf.function.'),,,not_completed,,2.0,500.0,cross-entropy,tf,,,,
CRIME,5,14,141777,reglog,{},paper,FairProjection,,0.2,,,False,failed,RuntimeError('`tf.data.Dataset` only supports Python-style iteration in eager mode or within tf.function.'),,,not_completed,,2.0,500.0,cross-entropy,tf,,,,
CRIME,5,14,141777,reglog,{},paper,FairProjection,,0.5,,,False,failed,RuntimeError('`tf.data.Dataset` only supports Python-style iteration in eager mode or within tf.function.'),,,not_completed,,2.0,500.0,cross-entropy,tf,,,,
CRIME,5,14,141777,reglog,{},paper,FairProjection,,0.75,,,False,failed,RuntimeError('`tf.data.Dataset` only supports Python-style iteration in eager mode or within tf.function.'),,,not_completed,,2.0,500.0,cross-entropy,tf,,,,
CRIME,5,14,141777,RF,"{'n_estimators': np.int64(156), 'min_samples_split': np.int64(3), 'min_samples_leaf': np.int64(6), 'max_depth': np.int64(4)}",paper,FairProjection,,0.0,,,False,failed,RuntimeError('`tf.data.Dataset` only supports Python-style iteration in eager mode or within tf.function.'),,,not_completed,,2.0,500.0,cross-entropy,tf,,,,
CRIME,5,14,141777,RF,"{'n_estimators': np.int64(156), 'min_samples_split': np.int64(3), 'min_samples_leaf': np.int64(6), 'max_depth': np.int64(4)}",paper,FairProjection,,0.1,,,False,failed,RuntimeError('`tf.data.Dataset` only supports Python-style iteration in eager mode or within tf.function.'),,,not_completed,,2.0,500.0,cross-entropy,tf,,,,
CRIME,5,14,141777,RF,"{'n_estimators': np.int64(156), 'min_samples_split': np.int64(3), 'min_samples_leaf': np.int64(6), 'max_depth': np.int64(4)}",paper,FairProjection,,0.2,,,False,failed,RuntimeError('`tf.data.Dataset` only supports Python-style iteration in eager mode or within tf.function.'),,,not_completed,,2.0,500.0,cross-entropy,tf,,,,
CRIME,5,14,141777,RF,"{'n_estimators': np.int64(156), 'min_samples_split': np.int64(3), 'min_samples_leaf': np.int64(6), 'max_depth': np.int64(4)}",paper,FairProjection,,0.5,,,False,failed,RuntimeError('`tf.data.Dataset` only supports Python-style iteration in eager mode or within tf.function.'),,,not_completed,,2.0,500.0,cross-entropy,tf,,,,
CRIME,5,14,141777,RF,"{'n_estimators': np.int64(156), 'min_samples_split': np.int64(3), 'min_samples_leaf': np.int64(6), 'max_depth': np.int64(4)}",paper,FairProjection,,0.75,,,False,failed,RuntimeError('`tf.data.Dataset` only supports Python-style iteration in eager mode or within tf.function.'),,,not_completed,,2.0,500.0,cross-entropy,tf,,,,
CRIME,5,14,141777,GBM,"{'reg_lambda': 2, 'reg_alpha': 10, 'num_leaves': np.int64(44), 'n_estimators': np.int64(51), 'min_child_samples': np.int64(15), 'max_depth': np.int64(4)}",paper,FairProjection,,0.0,,,False,failed,RuntimeError('`tf.data.Dataset` only supports Python-style iteration in eager mode or within tf.function.'),,,not_completed,,2.0,500.0,cross-entropy,tf,,,,
CRIME,5,14,141777,GBM,"{'reg_lambda': 2, 'reg_alpha': 10, 'num_leaves': np.int64(44), 'n_estimators': np.int64(51), 'min_child_samples': np.int64(15), 'max_depth': np.int64(4)}",paper,FairProjection,,0.1,,,False,failed,RuntimeError('`tf.data.Dataset` only supports Python-style iteration in eager mode or within tf.function.'),,,not_completed,,2.0,500.0,cross-entropy,tf,,,,
CRIME,5,14,141777,GBM,"{'reg_lambda': 2, 'reg_alpha': 10, 'num_leaves': np.int64(44), 'n_estimators': np.int64(51), 'min_child_samples': np.int64(15), 'max_depth': np.int64(4)}",paper,FairProjection,,0.2,,,False,failed,RuntimeError('`tf.data.Dataset` only supports Python-style iteration in eager mode or within tf.function.'),,,not_completed,,2.0,500.0,cross-entropy,tf,,,,
CRIME,5,14,141777,GBM,"{'reg_lambda': 2, 'reg_alpha': 10, 'num_leaves': np.int64(44), 'n_estimators': np.int64(51), 'min_child_samples': np.int64(15), 'max_depth': np.int64(4)}",paper,FairProjection,,0.5,,,False,failed,RuntimeError('`tf.data.Dataset` only supports Python-style iteration in eager mode or within tf.function.'),,,not_completed,,2.0,500.0,cross-entropy,tf,,,,
CRIME,5,14,141777,GBM,"{'reg_lambda': 2, 'reg_alpha': 10, 'num_leaves': np.int64(44), 'n_estimators': np.int64(51), 'min_child_samples': np.int64(15), 'max_depth': np.int64(4)}",paper,FairProjection,,0.75,,,False,failed,RuntimeError('`tf.data.Dataset` only supports Python-style iteration in eager mode or within tf.function.'),,,not_completed,,2.0,500.0,cross-entropy,tf,,,,
CRIME,5,15,151777,reglog,{},paper,FairProjection,,0.0,,,False,failed,RuntimeError('`tf.data.Dataset` only supports Python-style iteration in eager mode or within tf.function.'),,,not_completed,,2.0,500.0,cross-entropy,tf,,,,
CRIME,5,15,151777,reglog,{},paper,FairProjection,,0.1,,,False,failed,RuntimeError('`tf.data.Dataset` only supports Python-style iteration in eager mode or within tf.function.'),,,not_completed,,2.0,500.0,cross-entropy,tf,,,,
CRIME,5,15,151777,reglog,{},paper,FairProjection,,0.2,,,False,failed,RuntimeError('`tf.data.Dataset` only supports Python-style iteration in eager mode or within tf.function.'),,,not_completed,,2.0,500.0,cross-entropy,tf,,,,
CRIME,5,15,151777,reglog,{},paper,FairProjection,,0.5,,,False,failed,RuntimeError('`tf.data.Dataset` only supports Python-style iteration in eager mode or within tf.function.'),,,not_completed,,2.0,500.0,cross-entropy,tf,,,,
CRIME,5,15,151777,reglog,{},paper,FairProjection,,0.75,,,False,failed,RuntimeError('`tf.data.Dataset` only supports Python-style iteration in eager mode or within tf.function.'),,,not_completed,,2.0,500.0,cross-entropy,tf,,,,
CRIME,5,15,151777,RF,"{'n_estimators': np.int64(79), 'min_samples_split': np.int64(2), 'min_samples_leaf': np.int64(1), 'max_depth': np.int64(9)}",paper,FairProjection,,0.0,,,False,failed,RuntimeError('`tf.data.Dataset` only supports Python-style iteration in eager mode or within tf.function.'),,,not_completed,,2.0,500.0,cross-entropy,tf,,,,
CRIME,5,15,151777,RF,"{'n_estimators': np.int64(79), 'min_samples_split': np.int64(2), 'min_samples_leaf': np.int64(1), 'max_depth': np.int64(9)}",paper,FairProjection,,0.1,,,False,failed,RuntimeError('`tf.data.Dataset` only supports Python-style iteration in eager mode or within tf.function.'),,,not_completed,,2.0,500.0,cross-entropy,tf,,,,
CRIME,5,15,151777,RF,"{'n_estimators': np.int64(79), 'min_samples_split': np.int64(2), 'min_samples_leaf': np.int64(1), 'max_depth': np.int64(9)}",paper,FairProjection,,0.2,,,False,failed,RuntimeError('`tf.data.Dataset` only supports Python-style iteration in eager mode or within tf.function.'),,,not_completed,,2.0,500.0,cross-entropy,tf,,,,
CRIME,5,15,151777,RF,"{'n_estimators': np.int64(79), 'min_samples_split': np.int64(2), 'min_samples_leaf': np.int64(1), 'max_depth': np.int64(9)}",paper,FairProjection,,0.5,,,False,failed,RuntimeError('`tf.data.Dataset` only supports Python-style iteration in eager mode or within tf.function.'),,,not_completed,,2.0,500.0,cross-entropy,tf,,,,
CRIME,5,15,151777,RF,"{'n_estimators': np.int64(79), 'min_samples_split': np.int64(2), 'min_samples_leaf': np.int64(1), 'max_depth': np.int64(9)}",paper,FairProjection,,0.75,,,False,failed,RuntimeError('`tf.data.Dataset` only supports Python-style iteration in eager mode or within tf.function.'),,,not_completed,,2.0,500.0,cross-entropy,tf,,,,
CRIME,5,15,151777,GBM,"{'reg_lambda': 2, 'reg_alpha': 10, 'num_leaves': np.int64(34), 'n_estimators': np.int64(46), 'min_child_samples': np.int64(35), 'max_depth': np.int64(16)}",paper,FairProjection,,0.0,,,False,failed,RuntimeError('`tf.data.Dataset` only supports Python-style iteration in eager mode or within tf.function.'),,,not_completed,,2.0,500.0,cross-entropy,tf,,,,
CRIME,5,15,151777,GBM,"{'reg_lambda': 2, 'reg_alpha': 10, 'num_leaves': np.int64(34), 'n_estimators': np.int64(46), 'min_child_samples': np.int64(35), 'max_depth': np.int64(16)}",paper,FairProjection,,0.1,,,False,failed,RuntimeError('`tf.data.Dataset` only supports Python-style iteration in eager mode or within tf.function.'),,,not_completed,,2.0,500.0,cross-entropy,tf,,,,
CRIME,5,15,151777,GBM,"{'reg_lambda': 2, 'reg_alpha': 10, 'num_leaves': np.int64(34), 'n_estimators': np.int64(46), 'min_child_samples': np.int64(35), 'max_depth': np.int64(16)}",paper,FairProjection,,0.2,,,False,failed,RuntimeError('`tf.data.Dataset` only supports Python-style iteration in eager mode or within tf.function.'),,,not_completed,,2.0,500.0,cross-entropy,tf,,,,
CRIME,5,15,151777,GBM,"{'reg_lambda': 2, 'reg_alpha': 10, 'num_leaves': np.int64(34), 'n_estimators': np.int64(46), 'min_child_samples': np.int64(35), 'max_depth': np.int64(16)}",paper,FairProjection,,0.5,,,False,failed,RuntimeError('`tf.data.Dataset` only supports Python-style iteration in eager mode or within tf.function.'),,,not_completed,,2.0,500.0,cross-entropy,tf,,,,
CRIME,5,15,151777,GBM,"{'reg_lambda': 2, 'reg_alpha': 10, 'num_leaves': np.int64(34), 'n_estimators': np.int64(46), 'min_child_samples': np.int64(35), 'max_depth': np.int64(16)}",paper,FairProjection,,0.75,,,False,failed,RuntimeError('`tf.data.Dataset` only supports Python-style iteration in eager mode or within tf.function.'),,,not_completed,,2.0,500.0,cross-entropy,tf,,,,
CRIME,5,16,161777,reglog,{},paper,FairProjection,,0.0,,,False,failed,RuntimeError('`tf.data.Dataset` only supports Python-style iteration in eager mode or within tf.function.'),,,not_completed,,2.0,500.0,cross-entropy,tf,,,,
CRIME,5,16,161777,reglog,{},paper,FairProjection,,0.1,,,False,failed,RuntimeError('`tf.data.Dataset` only supports Python-style iteration in eager mode or within tf.function.'),,,not_completed,,2.0,500.0,cross-entropy,tf,,,,
CRIME,5,16,161777,reglog,{},paper,FairProjection,,0.2,,,False,failed,RuntimeError('`tf.data.Dataset` only supports Python-style iteration in eager mode or within tf.function.'),,,not_completed,,2.0,500.0,cross-entropy,tf,,,,
CRIME,5,16,161777,reglog,{},paper,FairProjection,,0.5,,,False,failed,RuntimeError('`tf.data.Dataset` only supports Python-style iteration in eager mode or within tf.function.'),,,not_completed,,2.0,500.0,cross-entropy,tf,,,,
CRIME,5,16,161777,reglog,{},paper,FairProjection,,0.75,,,False,failed,RuntimeError('`tf.data.Dataset` only supports Python-style iteration in eager mode or within tf.function.'),,,not_completed,,2.0,500.0,cross-entropy,tf,,,,
CRIME,5,16,161777,RF,"{'n_estimators': np.int64(55), 'min_samples_split': np.int64(3), 'min_samples_leaf': np.int64(7), 'max_depth': np.int64(8)}",paper,FairProjection,,0.0,,,False,failed,RuntimeError('`tf.data.Dataset` only supports Python-style iteration in eager mode or within tf.function.'),,,not_completed,,2.0,500.0,cross-entropy,tf,,,,
CRIME,5,16,161777,RF,"{'n_estimators': np.int64(55), 'min_samples_split': np.int64(3), 'min_samples_leaf': np.int64(7), 'max_depth': np.int64(8)}",paper,FairProjection,,0.1,,,False,failed,RuntimeError('`tf.data.Dataset` only supports Python-style iteration in eager mode or within tf.function.'),,,not_completed,,2.0,500.0,cross-entropy,tf,,,,
CRIME,5,16,161777,RF,"{'n_estimators': np.int64(55), 'min_samples_split': np.int64(3), 'min_samples_leaf': np.int64(7), 'max_depth': np.int64(8)}",paper,FairProjection,,0.2,,,False,failed,RuntimeError('`tf.data.Dataset` only supports Python-style iteration in eager mode or within tf.function.'),,,not_completed,,2.0,500.0,cross-entropy,tf,,,,
CRIME,5,16,161777,RF,"{'n_estimators': np.int64(55), 'min_samples_split': np.int64(3), 'min_samples_leaf': np.int64(7), 'max_depth': np.int64(8)}",paper,FairProjection,,0.5,,,False,failed,RuntimeError('`tf.data.Dataset` only supports Python-style iteration in eager mode or within tf.function.'),,,not_completed,,2.0,500.0,cross-entropy,tf,,,,
CRIME,5,16,161777,RF,"{'n_estimators': np.int64(55), 'min_samples_split': np.int64(3), 'min_samples_leaf': np.int64(7), 'max_depth': np.int64(8)}",paper,FairProjection,,0.75,,,False,failed,RuntimeError('`tf.data.Dataset` only supports Python-style iteration in eager mode or within tf.function.'),,,not_completed,,2.0,500.0,cross-entropy,tf,,,,
CRIME,5,16,161777,GBM,"{'reg_lambda': 50, 'reg_alpha': 10, 'num_leaves': np.int64(47), 'n_estimators': np.int64(33), 'min_child_samples': np.int64(19), 'max_depth': np.int64(3)}",paper,FairProjection,,0.0,,,False,failed,RuntimeError('`tf.data.Dataset` only supports Python-style iteration in eager mode or within tf.function.'),,,not_completed,,2.0,500.0,cross-entropy,tf,,,,
CRIME,5,16,161777,GBM,"{'reg_lambda': 50, 'reg_alpha': 10, 'num_leaves': np.int64(47), 'n_estimators': np.int64(33), 'min_child_samples': np.int64(19), 'max_depth': np.int64(3)}",paper,FairProjection,,0.1,,,False,failed,RuntimeError('`tf.data.Dataset` only supports Python-style iteration in eager mode or within tf.function.'),,,not_completed,,2.0,500.0,cross-entropy,tf,,,,
CRIME,5,16,161777,GBM,"{'reg_lambda': 50, 'reg_alpha': 10, 'num_leaves': np.int64(47), 'n_estimators': np.int64(33), 'min_child_samples': np.int64(19), 'max_depth': np.int64(3)}",paper,FairProjection,,0.2,,,False,failed,RuntimeError('`tf.data.Dataset` only supports Python-style iteration in eager mode or within tf.function.'),,,not_completed,,2.0,500.0,cross-entropy,tf,,,,
CRIME,5,16,161777,GBM,"{'reg_lambda': 50, 'reg_alpha': 10, 'num_leaves': np.int64(47), 'n_estimators': np.int64(33), 'min_child_samples': np.int64(19), 'max_depth': np.int64(3)}",paper,FairProjection,,0.5,,,False,failed,RuntimeError('`tf.data.Dataset` only supports Python-style iteration in eager mode or within tf.function.'),,,not_completed,,2.0,500.0,cross-entropy,tf,,,,
CRIME,5,16,161777,GBM,"{'reg_lambda': 50, 'reg_alpha': 10, 'num_leaves': np.int64(47), 'n_estimators': np.int64(33), 'min_child_samples': np.int64(19), 'max_depth': np.int64(3)}",paper,FairProjection,,0.75,,,False,failed,RuntimeError('`tf.data.Dataset` only supports Python-style iteration in eager mode or within tf.function.'),,,not_completed,,2.0,500.0,cross-entropy,tf,,,,
CRIME,5,17,171777,reglog,{},paper,FairProjection,,0.0,,,False,failed,RuntimeError('`tf.data.Dataset` only supports Python-style iteration in eager mode or within tf.function.'),,,not_completed,,2.0,500.0,cross-entropy,tf,,,,
CRIME,5,17,171777,reglog,{},paper,FairProjection,,0.1,,,False,failed,RuntimeError('`tf.data.Dataset` only supports Python-style iteration in eager mode or within tf.function.'),,,not_completed,,2.0,500.0,cross-entropy,tf,,,,
CRIME,5,17,171777,reglog,{},paper,FairProjection,,0.2,,,False,failed,RuntimeError('`tf.data.Dataset` only supports Python-style iteration in eager mode or within tf.function.'),,,not_completed,,2.0,500.0,cross-entropy,tf,,,,
CRIME,5,17,171777,reglog,{},paper,FairProjection,,0.5,,,False,failed,RuntimeError('`tf.data.Dataset` only supports Python-style iteration in eager mode or within tf.function.'),,,not_completed,,2.0,500.0,cross-entropy,tf,,,,
CRIME,5,17,171777,reglog,{},paper,FairProjection,,0.75,,,False,failed,RuntimeError('`tf.data.Dataset` only supports Python-style iteration in eager mode or within tf.function.'),,,not_completed,,2.0,500.0,cross-entropy,tf,,,,
CRIME,5,17,171777,RF,"{'n_estimators': np.int64(51), 'min_samples_split': np.int64(9), 'min_samples_leaf': np.int64(5), 'max_depth': np.int64(6)}",paper,FairProjection,,0.0,,,False,failed,RuntimeError('`tf.data.Dataset` only supports Python-style iteration in eager mode or within tf.function.'),,,not_completed,,2.0,500.0,cross-entropy,tf,,,,
CRIME,5,17,171777,RF,"{'n_estimators': np.int64(51), 'min_samples_split': np.int64(9), 'min_samples_leaf': np.int64(5), 'max_depth': np.int64(6)}",paper,FairProjection,,0.1,,,False,failed,RuntimeError('`tf.data.Dataset` only supports Python-style iteration in eager mode or within tf.function.'),,,not_completed,,2.0,500.0,cross-entropy,tf,,,,
CRIME,5,17,171777,RF,"{'n_estimators': np.int64(51), 'min_samples_split': np.int64(9), 'min_samples_leaf': np.int64(5), 'max_depth': np.int64(6)}",paper,FairProjection,,0.2,,,False,failed,RuntimeError('`tf.data.Dataset` only supports Python-style iteration in eager mode or within tf.function.'),,,not_completed,,2.0,500.0,cross-entropy,tf,,,,
CRIME,5,17,171777,RF,"{'n_estimators': np.int64(51), 'min_samples_split': np.int64(9), 'min_samples_leaf': np.int64(5), 'max_depth': np.int64(6)}",paper,FairProjection,,0.5,,,False,failed,RuntimeError('`tf.data.Dataset` only supports Python-style iteration in eager mode or within tf.function.'),,,not_completed,,2.0,500.0,cross-entropy,tf,,,,
CRIME,5,17,171777,RF,"{'n_estimators': np.int64(51), 'min_samples_split': np.int64(9), 'min_samples_leaf': np.int64(5), 'max_depth': np.int64(6)}",paper,FairProjection,,0.75,,,False,failed,RuntimeError('`tf.data.Dataset` only supports Python-style iteration in eager mode or within tf.function.'),,,not_completed,,2.0,500.0,cross-entropy,tf,,,,
CRIME,5,17,171777,GBM,"{'reg_lambda': 20, 'reg_alpha': 2, 'num_leaves': np.int64(9), 'n_estimators': np.int64(23), 'min_child_samples': np.int64(24), 'max_depth': np.int64(8)}",paper,FairProjection,,0.0,,,False,failed,RuntimeError('`tf.data.Dataset` only supports Python-style iteration in eager mode or within tf.function.'),,,not_completed,,2.0,500.0,cross-entropy,tf,,,,
CRIME,5,17,171777,GBM,"{'reg_lambda': 20, 'reg_alpha': 2, 'num_leaves': np.int64(9), 'n_estimators': np.int64(23), 'min_child_samples': np.int64(24), 'max_depth': np.int64(8)}",paper,FairProjection,,0.1,,,False,failed,RuntimeError('`tf.data.Dataset` only supports Python-style iteration in eager mode or within tf.function.'),,,not_completed,,2.0,500.0,cross-entropy,tf,,,,
CRIME,5,17,171777,GBM,"{'reg_lambda': 20, 'reg_alpha': 2, 'num_leaves': np.int64(9), 'n_estimators': np.int64(23), 'min_child_samples': np.int64(24), 'max_depth': np.int64(8)}",paper,FairProjection,,0.2,,,False,failed,RuntimeError('`tf.data.Dataset` only supports Python-style iteration in eager mode or within tf.function.'),,,not_completed,,2.0,500.0,cross-entropy,tf,,,,
CRIME,5,17,171777,GBM,"{'reg_lambda': 20, 'reg_alpha': 2, 'num_leaves': np.int64(9), 'n_estimators': np.int64(23), 'min_child_samples': np.int64(24), 'max_depth': np.int64(8)}",paper,FairProjection,,0.5,,,False,failed,RuntimeError('`tf.data.Dataset` only supports Python-style iteration in eager mode or within tf.function.'),,,not_completed,,2.0,500.0,cross-entropy,tf,,,,
CRIME,5,17,171777,GBM,"{'reg_lambda': 20, 'reg_alpha': 2, 'num_leaves': np.int64(9), 'n_estimators': np.int64(23), 'min_child_samples': np.int64(24), 'max_depth': np.int64(8)}",paper,FairProjection,,0.75,,,False,failed,RuntimeError('`tf.data.Dataset` only supports Python-style iteration in eager mode or within tf.function.'),,,not_completed,,2.0,500.0,cross-entropy,tf,,,,
CRIME,5,18,181777,reglog,{},paper,FairProjection,,0.0,,,False,failed,RuntimeError('`tf.data.Dataset` only supports Python-style iteration in eager mode or within tf.function.'),,,not_completed,,2.0,500.0,cross-entropy,tf,,,,
CRIME,5,18,181777,reglog,{},paper,FairProjection,,0.1,,,False,failed,RuntimeError('`tf.data.Dataset` only supports Python-style iteration in eager mode or within tf.function.'),,,not_completed,,2.0,500.0,cross-entropy,tf,,,,
CRIME,5,18,181777,reglog,{},paper,FairProjection,,0.2,,,False,failed,RuntimeError('`tf.data.Dataset` only supports Python-style iteration in eager mode or within tf.function.'),,,not_completed,,2.0,500.0,cross-entropy,tf,,,,
CRIME,5,18,181777,reglog,{},paper,FairProjection,,0.5,,,False,failed,RuntimeError('`tf.data.Dataset` only supports Python-style iteration in eager mode or within tf.function.'),,,not_completed,,2.0,500.0,cross-entropy,tf,,,,
CRIME,5,18,181777,reglog,{},paper,FairProjection,,0.75,,,False,failed,RuntimeError('`tf.data.Dataset` only supports Python-style iteration in eager mode or within tf.function.'),,,not_completed,,2.0,500.0,cross-entropy,tf,,,,
CRIME,5,18,181777,RF,"{'n_estimators': np.int64(137), 'min_samples_split': np.int64(8), 'min_samples_leaf': np.int64(6), 'max_depth': np.int64(12)}",paper,FairProjection,,0.0,,,False,failed,RuntimeError('`tf.data.Dataset` only supports Python-style iteration in eager mode or within tf.function.'),,,not_completed,,2.0,500.0,cross-entropy,tf,,,,
CRIME,5,18,181777,RF,"{'n_estimators': np.int64(137), 'min_samples_split': np.int64(8), 'min_samples_leaf': np.int64(6), 'max_depth': np.int64(12)}",paper,FairProjection,,0.1,,,False,failed,RuntimeError('`tf.data.Dataset` only supports Python-style iteration in eager mode or within tf.function.'),,,not_completed,,2.0,500.0,cross-entropy,tf,,,,
CRIME,5,18,181777,RF,"{'n_estimators': np.int64(137), 'min_samples_split': np.int64(8), 'min_samples_leaf': np.int64(6), 'max_depth': np.int64(12)}",paper,FairProjection,,0.2,,,False,failed,RuntimeError('`tf.data.Dataset` only supports Python-style iteration in eager mode or within tf.function.'),,,not_completed,,2.0,500.0,cross-entropy,tf,,,,
CRIME,5,18,181777,RF,"{'n_estimators': np.int64(137), 'min_samples_split': np.int64(8), 'min_samples_leaf': np.int64(6), 'max_depth': np.int64(12)}",paper,FairProjection,,0.5,,,False,failed,RuntimeError('`tf.data.Dataset` only supports Python-style iteration in eager mode or within tf.function.'),,,not_completed,,2.0,500.0,cross-entropy,tf,,,,
CRIME,5,18,181777,RF,"{'n_estimators': np.int64(137), 'min_samples_split': np.int64(8), 'min_samples_leaf': np.int64(6), 'max_depth': np.int64(12)}",paper,FairProjection,,0.75,,,False,failed,RuntimeError('`tf.data.Dataset` only supports Python-style iteration in eager mode or within tf.function.'),,,not_completed,,2.0,500.0,cross-entropy,tf,,,,
CRIME,5,18,181777,GBM,"{'reg_lambda': 50, 'reg_alpha': 0.1, 'num_leaves': np.int64(47), 'n_estimators': np.int64(88), 'min_child_samples': np.int64(42), 'max_depth': np.int64(6)}",paper,FairProjection,,0.0,,,False,failed,RuntimeError('`tf.data.Dataset` only supports Python-style iteration in eager mode or within tf.function.'),,,not_completed,,2.0,500.0,cross-entropy,tf,,,,
CRIME,5,18,181777,GBM,"{'reg_lambda': 50, 'reg_alpha': 0.1, 'num_leaves': np.int64(47), 'n_estimators': np.int64(88), 'min_child_samples': np.int64(42), 'max_depth': np.int64(6)}",paper,FairProjection,,0.1,,,False,failed,RuntimeError('`tf.data.Dataset` only supports Python-style iteration in eager mode or within tf.function.'),,,not_completed,,2.0,500.0,cross-entropy,tf,,,,
CRIME,5,18,181777,GBM,"{'reg_lambda': 50, 'reg_alpha': 0.1, 'num_leaves': np.int64(47), 'n_estimators': np.int64(88), 'min_child_samples': np.int64(42), 'max_depth': np.int64(6)}",paper,FairProjection,,0.2,,,False,failed,RuntimeError('`tf.data.Dataset` only supports Python-style iteration in eager mode or within tf.function.'),,,not_completed,,2.0,500.0,cross-entropy,tf,,,,
CRIME,5,18,181777,GBM,"{'reg_lambda': 50, 'reg_alpha': 0.1, 'num_leaves': np.int64(47), 'n_estimators': np.int64(88), 'min_child_samples': np.int64(42), 'max_depth': np.int64(6)}",paper,FairProjection,,0.5,,,False,failed,RuntimeError('`tf.data.Dataset` only supports Python-style iteration in eager mode or within tf.function.'),,,not_completed,,2.0,500.0,cross-entropy,tf,,,,
CRIME,5,18,181777,GBM,"{'reg_lambda': 50, 'reg_alpha': 0.1, 'num_leaves': np.int64(47), 'n_estimators': np.int64(88), 'min_child_samples': np.int64(42), 'max_depth': np.int64(6)}",paper,FairProjection,,0.75,,,False,failed,RuntimeError('`tf.data.Dataset` only supports Python-style iteration in eager mode or within tf.function.'),,,not_completed,,2.0,500.0,cross-entropy,tf,,,,
CRIME,5,19,191777,reglog,{},paper,FairProjection,,0.0,,,False,failed,RuntimeError('`tf.data.Dataset` only supports Python-style iteration in eager mode or within tf.function.'),,,not_completed,,2.0,500.0,cross-entropy,tf,,,,
CRIME,5,19,191777,reglog,{},paper,FairProjection,,0.1,,,False,failed,RuntimeError('`tf.data.Dataset` only supports Python-style iteration in eager mode or within tf.function.'),,,not_completed,,2.0,500.0,cross-entropy,tf,,,,
CRIME,5,19,191777,reglog,{},paper,FairProjection,,0.2,,,False,failed,RuntimeError('`tf.data.Dataset` only supports Python-style iteration in eager mode or within tf.function.'),,,not_completed,,2.0,500.0,cross-entropy,tf,,,,
CRIME,5,19,191777,reglog,{},paper,FairProjection,,0.5,,,False,failed,RuntimeError('`tf.data.Dataset` only supports Python-style iteration in eager mode or within tf.function.'),,,not_completed,,2.0,500.0,cross-entropy,tf,,,,
CRIME,5,19,191777,reglog,{},paper,FairProjection,,0.75,,,False,failed,RuntimeError('`tf.data.Dataset` only supports Python-style iteration in eager mode or within tf.function.'),,,not_completed,,2.0,500.0,cross-entropy,tf,,,,
CRIME,5,19,191777,RF,"{'n_estimators': np.int64(195), 'min_samples_split': np.int64(10), 'min_samples_leaf': np.int64(3), 'max_depth': np.int64(7)}",paper,FairProjection,,0.0,,,False,failed,RuntimeError('`tf.data.Dataset` only supports Python-style iteration in eager mode or within tf.function.'),,,not_completed,,2.0,500.0,cross-entropy,tf,,,,
CRIME,5,19,191777,RF,"{'n_estimators': np.int64(195), 'min_samples_split': np.int64(10), 'min_samples_leaf': np.int64(3), 'max_depth': np.int64(7)}",paper,FairProjection,,0.1,,,False,failed,RuntimeError('`tf.data.Dataset` only supports Python-style iteration in eager mode or within tf.function.'),,,not_completed,,2.0,500.0,cross-entropy,tf,,,,
CRIME,5,19,191777,RF,"{'n_estimators': np.int64(195), 'min_samples_split': np.int64(10), 'min_samples_leaf': np.int64(3), 'max_depth': np.int64(7)}",paper,FairProjection,,0.2,,,False,failed,RuntimeError('`tf.data.Dataset` only supports Python-style iteration in eager mode or within tf.function.'),,,not_completed,,2.0,500.0,cross-entropy,tf,,,,
CRIME,5,19,191777,RF,"{'n_estimators': np.int64(195), 'min_samples_split': np.int64(10), 'min_samples_leaf': np.int64(3), 'max_depth': np.int64(7)}",paper,FairProjection,,0.5,,,False,failed,RuntimeError('`tf.data.Dataset` only supports Python-style iteration in eager mode or within tf.function.'),,,not_completed,,2.0,500.0,cross-entropy,tf,,,,
CRIME,5,19,191777,RF,"{'n_estimators': np.int64(195), 'min_samples_split': np.int64(10), 'min_samples_leaf': np.int64(3), 'max_depth': np.int64(7)}",paper,FairProjection,,0.75,,,False,failed,RuntimeError('`tf.data.Dataset` only supports Python-style iteration in eager mode or within tf.function.'),,,not_completed,,2.0,500.0,cross-entropy,tf,,,,
CRIME,5,19,191777,GBM,"{'reg_lambda': 50, 'reg_alpha': 0.1, 'num_leaves': np.int64(6), 'n_estimators': np.int64(97), 'min_child_samples': np.int64(86), 'max_depth': np.int64(10)}",paper,FairProjection,,0.0,,,False,failed,RuntimeError('`tf.data.Dataset` only supports Python-style iteration in eager mode or within tf.function.'),,,not_completed,,2.0,500.0,cross-entropy,tf,,,,
CRIME,5,19,191777,GBM,"{'reg_lambda': 50, 'reg_alpha': 0.1, 'num_leaves': np.int64(6), 'n_estimators': np.int64(97), 'min_child_samples': np.int64(86), 'max_depth': np.int64(10)}",paper,FairProjection,,0.1,,,False,failed,RuntimeError('`tf.data.Dataset` only supports Python-style iteration in eager mode or within tf.function.'),,,not_completed,,2.0,500.0,cross-entropy,tf,,,,
CRIME,5,19,191777,GBM,"{'reg_lambda': 50, 'reg_alpha': 0.1, 'num_leaves': np.int64(6), 'n_estimators': np.int64(97), 'min_child_samples': np.int64(86), 'max_depth': np.int64(10)}",paper,FairProjection,,0.2,,,False,failed,RuntimeError('`tf.data.Dataset` only supports Python-style iteration in eager mode or within tf.function.'),,,not_completed,,2.0,500.0,cross-entropy,tf,,,,
CRIME,5,19,191777,GBM,"{'reg_lambda': 50, 'reg_alpha': 0.1, 'num_leaves': np.int64(6), 'n_estimators': np.int64(97), 'min_child_samples': np.int64(86), 'max_depth': np.int64(10)}",paper,FairProjection,,0.5,,,False,failed,RuntimeError('`tf.data.Dataset` only supports Python-style iteration in eager mode or within tf.function.'),,,not_completed,,2.0,500.0,cross-entropy,tf,,,,
CRIME,5,19,191777,GBM,"{'reg_lambda': 50, 'reg_alpha': 0.1, 'num_leaves': np.int64(6), 'n_estimators': np.int64(97), 'min_child_samples': np.int64(86), 'max_depth': np.int64(10)}",paper,FairProjection,,0.75,,,False,failed,RuntimeError('`tf.data.Dataset` only supports Python-style iteration in eager mode or within tf.function.'),,,not_completed,,2.0,500.0,cross-entropy,tf,,,,
CRIME,5,20,201777,reglog,{},paper,FairProjection,,0.0,,,False,failed,RuntimeError('`tf.data.Dataset` only supports Python-style iteration in eager mode or within tf.function.'),,,not_completed,,2.0,500.0,cross-entropy,tf,,,,
CRIME,5,20,201777,reglog,{},paper,FairProjection,,0.1,,,False,failed,RuntimeError('`tf.data.Dataset` only supports Python-style iteration in eager mode or within tf.function.'),,,not_completed,,2.0,500.0,cross-entropy,tf,,,,
CRIME,5,20,201777,reglog,{},paper,FairProjection,,0.2,,,False,failed,RuntimeError('`tf.data.Dataset` only supports Python-style iteration in eager mode or within tf.function.'),,,not_completed,,2.0,500.0,cross-entropy,tf,,,,
CRIME,5,20,201777,reglog,{},paper,FairProjection,,0.5,,,False,failed,RuntimeError('`tf.data.Dataset` only supports Python-style iteration in eager mode or within tf.function.'),,,not_completed,,2.0,500.0,cross-entropy,tf,,,,
CRIME,5,20,201777,reglog,{},paper,FairProjection,,0.75,,,False,failed,RuntimeError('`tf.data.Dataset` only supports Python-style iteration in eager mode or within tf.function.'),,,not_completed,,2.0,500.0,cross-entropy,tf,,,,
CRIME,5,20,201777,RF,"{'n_estimators': np.int64(178), 'min_samples_split': np.int64(6), 'min_samples_leaf': np.int64(1), 'max_depth': np.int64(12)}",paper,FairProjection,,0.0,,,False,failed,RuntimeError('`tf.data.Dataset` only supports Python-style iteration in eager mode or within tf.function.'),,,not_completed,,2.0,500.0,cross-entropy,tf,,,,
CRIME,5,20,201777,RF,"{'n_estimators': np.int64(178), 'min_samples_split': np.int64(6), 'min_samples_leaf': np.int64(1), 'max_depth': np.int64(12)}",paper,FairProjection,,0.1,,,False,failed,RuntimeError('`tf.data.Dataset` only supports Python-style iteration in eager mode or within tf.function.'),,,not_completed,,2.0,500.0,cross-entropy,tf,,,,
CRIME,5,20,201777,RF,"{'n_estimators': np.int64(178), 'min_samples_split': np.int64(6), 'min_samples_leaf': np.int64(1), 'max_depth': np.int64(12)}",paper,FairProjection,,0.2,,,False,failed,RuntimeError('`tf.data.Dataset` only supports Python-style iteration in eager mode or within tf.function.'),,,not_completed,,2.0,500.0,cross-entropy,tf,,,,
CRIME,5,20,201777,RF,"{'n_estimators': np.int64(178), 'min_samples_split': np.int64(6), 'min_samples_leaf': np.int64(1), 'max_depth': np.int64(12)}",paper,FairProjection,,0.5,,,False,failed,RuntimeError('`tf.data.Dataset` only supports Python-style iteration in eager mode or within tf.function.'),,,not_completed,,2.0,500.0,cross-entropy,tf,,,,
CRIME,5,20,201777,RF,"{'n_estimators': np.int64(178), 'min_samples_split': np.int64(6), 'min_samples_leaf': np.int64(1), 'max_depth': np.int64(12)}",paper,FairProjection,,0.75,,,False,failed,RuntimeError('`tf.data.Dataset` only supports Python-style iteration in eager mode or within tf.function.'),,,not_completed,,2.0,500.0,cross-entropy,tf,,,,
CRIME,5,20,201777,GBM,"{'reg_lambda': 10, 'reg_alpha': 10, 'num_leaves': np.int64(23), 'n_estimators': np.int64(164), 'min_child_samples': np.int64(56), 'max_depth': np.int64(15)}",paper,FairProjection,,0.0,,,False,failed,RuntimeError('`tf.data.Dataset` only supports Python-style iteration in eager mode or within tf.function.'),,,not_completed,,2.0,500.0,cross-entropy,tf,,,,
CRIME,5,20,201777,GBM,"{'reg_lambda': 10, 'reg_alpha': 10, 'num_leaves': np.int64(23), 'n_estimators': np.int64(164), 'min_child_samples': np.int64(56), 'max_depth': np.int64(15)}",paper,FairProjection,,0.1,,,False,failed,RuntimeError('`tf.data.Dataset` only supports Python-style iteration in eager mode or within tf.function.'),,,not_completed,,2.0,500.0,cross-entropy,tf,,,,
CRIME,5,20,201777,GBM,"{'reg_lambda': 10, 'reg_alpha': 10, 'num_leaves': np.int64(23), 'n_estimators': np.int64(164), 'min_child_samples': np.int64(56), 'max_depth': np.int64(15)}",paper,FairProjection,,0.2,,,False,failed,RuntimeError('`tf.data.Dataset` only supports Python-style iteration in eager mode or within tf.function.'),,,not_completed,,2.0,500.0,cross-entropy,tf,,,,
CRIME,5,20,201777,GBM,"{'reg_lambda': 10, 'reg_alpha': 10, 'num_leaves': np.int64(23), 'n_estimators': np.int64(164), 'min_child_samples': np.int64(56), 'max_depth': np.int64(15)}",paper,FairProjection,,0.5,,,False,failed,RuntimeError('`tf.data.Dataset` only supports Python-style iteration in eager mode or within tf.function.'),,,not_completed,,2.0,500.0,cross-entropy,tf,,,,
CRIME,5,20,201777,GBM,"{'reg_lambda': 10, 'reg_alpha': 10, 'num_leaves': np.int64(23), 'n_estimators': np.int64(164), 'min_child_samples': np.int64(56), 'max_depth': np.int64(15)}",paper,FairProjection,,0.75,,,False,failed,RuntimeError('`tf.data.Dataset` only supports Python-style iteration in eager mode or within tf.function.'),,,not_completed,,2.0,500.0,cross-entropy,tf,,,,
CRIME,5,21,211777,reglog,{},paper,FairProjection,,0.0,,,False,failed,RuntimeError('`tf.data.Dataset` only supports Python-style iteration in eager mode or within tf.function.'),,,not_completed,,2.0,500.0,cross-entropy,tf,,,,
CRIME,5,21,211777,reglog,{},paper,FairProjection,,0.1,,,False,failed,RuntimeError('`tf.data.Dataset` only supports Python-style iteration in eager mode or within tf.function.'),,,not_completed,,2.0,500.0,cross-entropy,tf,,,,
CRIME,5,21,211777,reglog,{},paper,FairProjection,,0.2,,,False,failed,RuntimeError('`tf.data.Dataset` only supports Python-style iteration in eager mode or within tf.function.'),,,not_completed,,2.0,500.0,cross-entropy,tf,,,,
CRIME,5,21,211777,reglog,{},paper,FairProjection,,0.5,,,False,failed,RuntimeError('`tf.data.Dataset` only supports Python-style iteration in eager mode or within tf.function.'),,,not_completed,,2.0,500.0,cross-entropy,tf,,,,
CRIME,5,21,211777,reglog,{},paper,FairProjection,,0.75,,,False,failed,RuntimeError('`tf.data.Dataset` only supports Python-style iteration in eager mode or within tf.function.'),,,not_completed,,2.0,500.0,cross-entropy,tf,,,,
CRIME,5,21,211777,RF,"{'n_estimators': np.int64(200), 'min_samples_split': np.int64(8), 'min_samples_leaf': np.int64(4), 'max_depth': np.int64(7)}",paper,FairProjection,,0.0,,,False,failed,RuntimeError('`tf.data.Dataset` only supports Python-style iteration in eager mode or within tf.function.'),,,not_completed,,2.0,500.0,cross-entropy,tf,,,,
CRIME,5,21,211777,RF,"{'n_estimators': np.int64(200), 'min_samples_split': np.int64(8), 'min_samples_leaf': np.int64(4), 'max_depth': np.int64(7)}",paper,FairProjection,,0.1,,,False,failed,RuntimeError('`tf.data.Dataset` only supports Python-style iteration in eager mode or within tf.function.'),,,not_completed,,2.0,500.0,cross-entropy,tf,,,,
CRIME,5,21,211777,RF,"{'n_estimators': np.int64(200), 'min_samples_split': np.int64(8), 'min_samples_leaf': np.int64(4), 'max_depth': np.int64(7)}",paper,FairProjection,,0.2,,,False,failed,RuntimeError('`tf.data.Dataset` only supports Python-style iteration in eager mode or within tf.function.'),,,not_completed,,2.0,500.0,cross-entropy,tf,,,,
CRIME,5,21,211777,RF,"{'n_estimators': np.int64(200), 'min_samples_split': np.int64(8), 'min_samples_leaf': np.int64(4), 'max_depth': np.int64(7)}",paper,FairProjection,,0.5,,,False,failed,RuntimeError('`tf.data.Dataset` only supports Python-style iteration in eager mode or within tf.function.'),,,not_completed,,2.0,500.0,cross-entropy,tf,,,,
CRIME,5,21,211777,RF,"{'n_estimators': np.int64(200), 'min_samples_split': np.int64(8), 'min_samples_leaf': np.int64(4), 'max_depth': np.int64(7)}",paper,FairProjection,,0.75,,,False,failed,RuntimeError('`tf.data.Dataset` only supports Python-style iteration in eager mode or within tf.function.'),,,not_completed,,2.0,500.0,cross-entropy,tf,,,,
CRIME,5,21,211777,GBM,"{'reg_lambda': 5, 'reg_alpha': 1, 'num_leaves': np.int64(13), 'n_estimators': np.int64(98), 'min_child_samples': np.int64(71), 'max_depth': np.int64(11)}",paper,FairProjection,,0.0,,,False,failed,RuntimeError('`tf.data.Dataset` only supports Python-style iteration in eager mode or within tf.function.'),,,not_completed,,2.0,500.0,cross-entropy,tf,,,,
CRIME,5,21,211777,GBM,"{'reg_lambda': 5, 'reg_alpha': 1, 'num_leaves': np.int64(13), 'n_estimators': np.int64(98), 'min_child_samples': np.int64(71), 'max_depth': np.int64(11)}",paper,FairProjection,,0.1,,,False,failed,RuntimeError('`tf.data.Dataset` only supports Python-style iteration in eager mode or within tf.function.'),,,not_completed,,2.0,500.0,cross-entropy,tf,,,,
CRIME,5,21,211777,GBM,"{'reg_lambda': 5, 'reg_alpha': 1, 'num_leaves': np.int64(13), 'n_estimators': np.int64(98), 'min_child_samples': np.int64(71), 'max_depth': np.int64(11)}",paper,FairProjection,,0.2,,,False,failed,RuntimeError('`tf.data.Dataset` only supports Python-style iteration in eager mode or within tf.function.'),,,not_completed,,2.0,500.0,cross-entropy,tf,,,,
CRIME,5,21,211777,GBM,"{'reg_lambda': 5, 'reg_alpha': 1, 'num_leaves': np.int64(13), 'n_estimators': np.int64(98), 'min_child_samples': np.int64(71), 'max_depth': np.int64(11)}",paper,FairProjection,,0.5,,,False,failed,RuntimeError('`tf.data.Dataset` only supports Python-style iteration in eager mode or within tf.function.'),,,not_completed,,2.0,500.0,cross-entropy,tf,,,,
CRIME,5,21,211777,GBM,"{'reg_lambda': 5, 'reg_alpha': 1, 'num_leaves': np.int64(13), 'n_estimators': np.int64(98), 'min_child_samples': np.int64(71), 'max_depth': np.int64(11)}",paper,FairProjection,,0.75,,,False,failed,RuntimeError('`tf.data.Dataset` only supports Python-style iteration in eager mode or within tf.function.'),,,not_completed,,2.0,500.0,cross-entropy,tf,,,,
CRIME,5,22,221777,reglog,{},paper,FairProjection,,0.0,,,False,failed,RuntimeError('`tf.data.Dataset` only supports Python-style iteration in eager mode or within tf.function.'),,,not_completed,,2.0,500.0,cross-entropy,tf,,,,
CRIME,5,22,221777,reglog,{},paper,FairProjection,,0.1,,,False,failed,RuntimeError('`tf.data.Dataset` only supports Python-style iteration in eager mode or within tf.function.'),,,not_completed,,2.0,500.0,cross-entropy,tf,,,,
CRIME,5,22,221777,reglog,{},paper,FairProjection,,0.2,,,False,failed,RuntimeError('`tf.data.Dataset` only supports Python-style iteration in eager mode or within tf.function.'),,,not_completed,,2.0,500.0,cross-entropy,tf,,,,
CRIME,5,22,221777,reglog,{},paper,FairProjection,,0.5,,,False,failed,RuntimeError('`tf.data.Dataset` only supports Python-style iteration in eager mode or within tf.function.'),,,not_completed,,2.0,500.0,cross-entropy,tf,,,,
CRIME,5,22,221777,reglog,{},paper,FairProjection,,0.75,,,False,failed,RuntimeError('`tf.data.Dataset` only supports Python-style iteration in eager mode or within tf.function.'),,,not_completed,,2.0,500.0,cross-entropy,tf,,,,
CRIME,5,22,221777,RF,"{'n_estimators': np.int64(43), 'min_samples_split': np.int64(4), 'min_samples_leaf': np.int64(6), 'max_depth': np.int64(12)}",paper,FairProjection,,0.0,,,False,failed,RuntimeError('`tf.data.Dataset` only supports Python-style iteration in eager mode or within tf.function.'),,,not_completed,,2.0,500.0,cross-entropy,tf,,,,
CRIME,5,22,221777,RF,"{'n_estimators': np.int64(43), 'min_samples_split': np.int64(4), 'min_samples_leaf': np.int64(6), 'max_depth': np.int64(12)}",paper,FairProjection,,0.1,,,False,failed,RuntimeError('`tf.data.Dataset` only supports Python-style iteration in eager mode or within tf.function.'),,,not_completed,,2.0,500.0,cross-entropy,tf,,,,
CRIME,5,22,221777,RF,"{'n_estimators': np.int64(43), 'min_samples_split': np.int64(4), 'min_samples_leaf': np.int64(6), 'max_depth': np.int64(12)}",paper,FairProjection,,0.2,,,False,failed,RuntimeError('`tf.data.Dataset` only supports Python-style iteration in eager mode or within tf.function.'),,,not_completed,,2.0,500.0,cross-entropy,tf,,,,
CRIME,5,22,221777,RF,"{'n_estimators': np.int64(43), 'min_samples_split': np.int64(4), 'min_samples_leaf': np.int64(6), 'max_depth': np.int64(12)}",paper,FairProjection,,0.5,,,False,failed,RuntimeError('`tf.data.Dataset` only supports Python-style iteration in eager mode or within tf.function.'),,,not_completed,,2.0,500.0,cross-entropy,tf,,,,
CRIME,5,22,221777,RF,"{'n_estimators': np.int64(43), 'min_samples_split': np.int64(4), 'min_samples_leaf': np.int64(6), 'max_depth': np.int64(12)}",paper,FairProjection,,0.75,,,False,failed,RuntimeError('`tf.data.Dataset` only supports Python-style iteration in eager mode or within tf.function.'),,,not_completed,,2.0,500.0,cross-entropy,tf,,,,
CRIME,5,22,221777,GBM,"{'reg_lambda': 10, 'reg_alpha': 0.1, 'num_leaves': np.int64(48), 'n_estimators': np.int64(195), 'min_child_samples': np.int64(72), 'max_depth': np.int64(7)}",paper,FairProjection,,0.0,,,False,failed,RuntimeError('`tf.data.Dataset` only supports Python-style iteration in eager mode or within tf.function.'),,,not_completed,,2.0,500.0,cross-entropy,tf,,,,
CRIME,5,22,221777,GBM,"{'reg_lambda': 10, 'reg_alpha': 0.1, 'num_leaves': np.int64(48), 'n_estimators': np.int64(195), 'min_child_samples': np.int64(72), 'max_depth': np.int64(7)}",paper,FairProjection,,0.1,,,False,failed,RuntimeError('`tf.data.Dataset` only supports Python-style iteration in eager mode or within tf.function.'),,,not_completed,,2.0,500.0,cross-entropy,tf,,,,
CRIME,5,22,221777,GBM,"{'reg_lambda': 10, 'reg_alpha': 0.1, 'num_leaves': np.int64(48), 'n_estimators': np.int64(195), 'min_child_samples': np.int64(72), 'max_depth': np.int64(7)}",paper,FairProjection,,0.2,,,False,failed,RuntimeError('`tf.data.Dataset` only supports Python-style iteration in eager mode or within tf.function.'),,,not_completed,,2.0,500.0,cross-entropy,tf,,,,
CRIME,5,22,221777,GBM,"{'reg_lambda': 10, 'reg_alpha': 0.1, 'num_leaves': np.int64(48), 'n_estimators': np.int64(195), 'min_child_samples': np.int64(72), 'max_depth': np.int64(7)}",paper,FairProjection,,0.5,,,False,failed,RuntimeError('`tf.data.Dataset` only supports Python-style iteration in eager mode or within tf.function.'),,,not_completed,,2.0,500.0,cross-entropy,tf,,,,
CRIME,5,22,221777,GBM,"{'reg_lambda': 10, 'reg_alpha': 0.1, 'num_leaves': np.int64(48), 'n_estimators': np.int64(195), 'min_child_samples': np.int64(72), 'max_depth': np.int64(7)}",paper,FairProjection,,0.75,,,False,failed,RuntimeError('`tf.data.Dataset` only supports Python-style iteration in eager mode or within tf.function.'),,,not_completed,,2.0,500.0,cross-entropy,tf,,,,
CRIME,5,23,231777,reglog,{},paper,FairProjection,,0.0,,,False,failed,RuntimeError('`tf.data.Dataset` only supports Python-style iteration in eager mode or within tf.function.'),,,not_completed,,2.0,500.0,cross-entropy,tf,,,,
CRIME,5,23,231777,reglog,{},paper,FairProjection,,0.1,,,False,failed,RuntimeError('`tf.data.Dataset` only supports Python-style iteration in eager mode or within tf.function.'),,,not_completed,,2.0,500.0,cross-entropy,tf,,,,
CRIME,5,23,231777,reglog,{},paper,FairProjection,,0.2,,,False,failed,RuntimeError('`tf.data.Dataset` only supports Python-style iteration in eager mode or within tf.function.'),,,not_completed,,2.0,500.0,cross-entropy,tf,,,,
CRIME,5,23,231777,reglog,{},paper,FairProjection,,0.5,,,False,failed,RuntimeError('`tf.data.Dataset` only supports Python-style iteration in eager mode or within tf.function.'),,,not_completed,,2.0,500.0,cross-entropy,tf,,,,
CRIME,5,23,231777,reglog,{},paper,FairProjection,,0.75,,,False,failed,RuntimeError('`tf.data.Dataset` only supports Python-style iteration in eager mode or within tf.function.'),,,not_completed,,2.0,500.0,cross-entropy,tf,,,,
CRIME,5,23,231777,RF,"{'n_estimators': np.int64(163), 'min_samples_split': np.int64(6), 'min_samples_leaf': np.int64(1), 'max_depth': np.int64(14)}",paper,FairProjection,,0.0,,,False,failed,RuntimeError('`tf.data.Dataset` only supports Python-style iteration in eager mode or within tf.function.'),,,not_completed,,2.0,500.0,cross-entropy,tf,,,,
CRIME,5,23,231777,RF,"{'n_estimators': np.int64(163), 'min_samples_split': np.int64(6), 'min_samples_leaf': np.int64(1), 'max_depth': np.int64(14)}",paper,FairProjection,,0.1,,,False,failed,RuntimeError('`tf.data.Dataset` only supports Python-style iteration in eager mode or within tf.function.'),,,not_completed,,2.0,500.0,cross-entropy,tf,,,,
CRIME,5,23,231777,RF,"{'n_estimators': np.int64(163), 'min_samples_split': np.int64(6), 'min_samples_leaf': np.int64(1), 'max_depth': np.int64(14)}",paper,FairProjection,,0.2,,,False,failed,RuntimeError('`tf.data.Dataset` only supports Python-style iteration in eager mode or within tf.function.'),,,not_completed,,2.0,500.0,cross-entropy,tf,,,,
CRIME,5,23,231777,RF,"{'n_estimators': np.int64(163), 'min_samples_split': np.int64(6), 'min_samples_leaf': np.int64(1), 'max_depth': np.int64(14)}",paper,FairProjection,,0.5,,,False,failed,RuntimeError('`tf.data.Dataset` only supports Python-style iteration in eager mode or within tf.function.'),,,not_completed,,2.0,500.0,cross-entropy,tf,,,,
CRIME,5,23,231777,RF,"{'n_estimators': np.int64(163), 'min_samples_split': np.int64(6), 'min_samples_leaf': np.int64(1), 'max_depth': np.int64(14)}",paper,FairProjection,,0.75,,,False,failed,RuntimeError('`tf.data.Dataset` only supports Python-style iteration in eager mode or within tf.function.'),,,not_completed,,2.0,500.0,cross-entropy,tf,,,,
CRIME,5,23,231777,GBM,"{'reg_lambda': 20, 'reg_alpha': 10, 'num_leaves': np.int64(21), 'n_estimators': np.int64(63), 'min_child_samples': np.int64(37), 'max_depth': np.int64(8)}",paper,FairProjection,,0.0,,,False,failed,RuntimeError('`tf.data.Dataset` only supports Python-style iteration in eager mode or within tf.function.'),,,not_completed,,2.0,500.0,cross-entropy,tf,,,,
CRIME,5,23,231777,GBM,"{'reg_lambda': 20, 'reg_alpha': 10, 'num_leaves': np.int64(21), 'n_estimators': np.int64(63), 'min_child_samples': np.int64(37), 'max_depth': np.int64(8)}",paper,FairProjection,,0.1,,,False,failed,RuntimeError('`tf.data.Dataset` only supports Python-style iteration in eager mode or within tf.function.'),,,not_completed,,2.0,500.0,cross-entropy,tf,,,,
CRIME,5,23,231777,GBM,"{'reg_lambda': 20, 'reg_alpha': 10, 'num_leaves': np.int64(21), 'n_estimators': np.int64(63), 'min_child_samples': np.int64(37), 'max_depth': np.int64(8)}",paper,FairProjection,,0.2,,,False,failed,RuntimeError('`tf.data.Dataset` only supports Python-style iteration in eager mode or within tf.function.'),,,not_completed,,2.0,500.0,cross-entropy,tf,,,,
CRIME,5,23,231777,GBM,"{'reg_lambda': 20, 'reg_alpha': 10, 'num_leaves': np.int64(21), 'n_estimators': np.int64(63), 'min_child_samples': np.int64(37), 'max_depth': np.int64(8)}",paper,FairProjection,,0.5,,,False,failed,RuntimeError('`tf.data.Dataset` only supports Python-style iteration in eager mode or within tf.function.'),,,not_completed,,2.0,500.0,cross-entropy,tf,,,,
CRIME,5,23,231777,GBM,"{'reg_lambda': 20, 'reg_alpha': 10, 'num_leaves': np.int64(21), 'n_estimators': np.int64(63), 'min_child_samples': np.int64(37), 'max_depth': np.int64(8)}",paper,FairProjection,,0.75,,,False,failed,RuntimeError('`tf.data.Dataset` only supports Python-style iteration in eager mode or within tf.function.'),,,not_completed,,2.0,500.0,cross-entropy,tf,,,,
CRIME,5,24,241777,reglog,{},paper,FairProjection,,0.0,,,False,failed,RuntimeError('`tf.data.Dataset` only supports Python-style iteration in eager mode or within tf.function.'),,,not_completed,,2.0,500.0,cross-entropy,tf,,,,
CRIME,5,24,241777,reglog,{},paper,FairProjection,,0.1,,,False,failed,RuntimeError('`tf.data.Dataset` only supports Python-style iteration in eager mode or within tf.function.'),,,not_completed,,2.0,500.0,cross-entropy,tf,,,,
CRIME,5,24,241777,reglog,{},paper,FairProjection,,0.2,,,False,failed,RuntimeError('`tf.data.Dataset` only supports Python-style iteration in eager mode or within tf.function.'),,,not_completed,,2.0,500.0,cross-entropy,tf,,,,
CRIME,5,24,241777,reglog,{},paper,FairProjection,,0.5,,,False,failed,RuntimeError('`tf.data.Dataset` only supports Python-style iteration in eager mode or within tf.function.'),,,not_completed,,2.0,500.0,cross-entropy,tf,,,,
CRIME,5,24,241777,reglog,{},paper,FairProjection,,0.75,,,False,failed,RuntimeError('`tf.data.Dataset` only supports Python-style iteration in eager mode or within tf.function.'),,,not_completed,,2.0,500.0,cross-entropy,tf,,,,
CRIME,5,24,241777,RF,"{'n_estimators': np.int64(56), 'min_samples_split': np.int64(7), 'min_samples_leaf': np.int64(8), 'max_depth': np.int64(13)}",paper,FairProjection,,0.0,,,False,failed,RuntimeError('`tf.data.Dataset` only supports Python-style iteration in eager mode or within tf.function.'),,,not_completed,,2.0,500.0,cross-entropy,tf,,,,
CRIME,5,24,241777,RF,"{'n_estimators': np.int64(56), 'min_samples_split': np.int64(7), 'min_samples_leaf': np.int64(8), 'max_depth': np.int64(13)}",paper,FairProjection,,0.1,,,False,failed,RuntimeError('`tf.data.Dataset` only supports Python-style iteration in eager mode or within tf.function.'),,,not_completed,,2.0,500.0,cross-entropy,tf,,,,
CRIME,5,24,241777,RF,"{'n_estimators': np.int64(56), 'min_samples_split': np.int64(7), 'min_samples_leaf': np.int64(8), 'max_depth': np.int64(13)}",paper,FairProjection,,0.2,,,False,failed,RuntimeError('`tf.data.Dataset` only supports Python-style iteration in eager mode or within tf.function.'),,,not_completed,,2.0,500.0,cross-entropy,tf,,,,
CRIME,5,24,241777,RF,"{'n_estimators': np.int64(56), 'min_samples_split': np.int64(7), 'min_samples_leaf': np.int64(8), 'max_depth': np.int64(13)}",paper,FairProjection,,0.5,,,False,failed,RuntimeError('`tf.data.Dataset` only supports Python-style iteration in eager mode or within tf.function.'),,,not_completed,,2.0,500.0,cross-entropy,tf,,,,
CRIME,5,24,241777,RF,"{'n_estimators': np.int64(56), 'min_samples_split': np.int64(7), 'min_samples_leaf': np.int64(8), 'max_depth': np.int64(13)}",paper,FairProjection,,0.75,,,False,failed,RuntimeError('`tf.data.Dataset` only supports Python-style iteration in eager mode or within tf.function.'),,,not_completed,,2.0,500.0,cross-entropy,tf,,,,
CRIME,5,24,241777,GBM,"{'reg_lambda': 50, 'reg_alpha': 20, 'num_leaves': np.int64(47), 'n_estimators': np.int64(59), 'min_child_samples': np.int64(67), 'max_depth': np.int64(2)}",paper,FairProjection,,0.0,,,False,failed,RuntimeError('`tf.data.Dataset` only supports Python-style iteration in eager mode or within tf.function.'),,,not_completed,,2.0,500.0,cross-entropy,tf,,,,
CRIME,5,24,241777,GBM,"{'reg_lambda': 50, 'reg_alpha': 20, 'num_leaves': np.int64(47), 'n_estimators': np.int64(59), 'min_child_samples': np.int64(67), 'max_depth': np.int64(2)}",paper,FairProjection,,0.1,,,False,failed,RuntimeError('`tf.data.Dataset` only supports Python-style iteration in eager mode or within tf.function.'),,,not_completed,,2.0,500.0,cross-entropy,tf,,,,
CRIME,5,24,241777,GBM,"{'reg_lambda': 50, 'reg_alpha': 20, 'num_leaves': np.int64(47), 'n_estimators': np.int64(59), 'min_child_samples': np.int64(67), 'max_depth': np.int64(2)}",paper,FairProjection,,0.2,,,False,failed,RuntimeError('`tf.data.Dataset` only supports Python-style iteration in eager mode or within tf.function.'),,,not_completed,,2.0,500.0,cross-entropy,tf,,,,
CRIME,5,24,241777,GBM,"{'reg_lambda': 50, 'reg_alpha': 20, 'num_leaves': np.int64(47), 'n_estimators': np.int64(59), 'min_child_samples': np.int64(67), 'max_depth': np.int64(2)}",paper,FairProjection,,0.5,,,False,failed,RuntimeError('`tf.data.Dataset` only supports Python-style iteration in eager mode or within tf.function.'),,,not_completed,,2.0,500.0,cross-entropy,tf,,,,
CRIME,5,24,241777,GBM,"{'reg_lambda': 50, 'reg_alpha': 20, 'num_leaves': np.int64(47), 'n_estimators': np.int64(59), 'min_child_samples': np.int64(67), 'max_depth': np.int64(2)}",paper,FairProjection,,0.75,,,False,failed,RuntimeError('`tf.data.Dataset` only supports Python-style iteration in eager mode or within tf.function.'),,,not_completed,,2.0,500.0,cross-entropy,tf,,,,
CRIME,5,25,251777,reglog,{},paper,FairProjection,,0.0,,,False,failed,RuntimeError('`tf.data.Dataset` only supports Python-style iteration in eager mode or within tf.function.'),,,not_completed,,2.0,500.0,cross-entropy,tf,,,,
CRIME,5,25,251777,reglog,{},paper,FairProjection,,0.1,,,False,failed,RuntimeError('`tf.data.Dataset` only supports Python-style iteration in eager mode or within tf.function.'),,,not_completed,,2.0,500.0,cross-entropy,tf,,,,
CRIME,5,25,251777,reglog,{},paper,FairProjection,,0.2,,,False,failed,RuntimeError('`tf.data.Dataset` only supports Python-style iteration in eager mode or within tf.function.'),,,not_completed,,2.0,500.0,cross-entropy,tf,,,,
CRIME,5,25,251777,reglog,{},paper,FairProjection,,0.5,,,False,failed,RuntimeError('`tf.data.Dataset` only supports Python-style iteration in eager mode or within tf.function.'),,,not_completed,,2.0,500.0,cross-entropy,tf,,,,
CRIME,5,25,251777,reglog,{},paper,FairProjection,,0.75,,,False,failed,RuntimeError('`tf.data.Dataset` only supports Python-style iteration in eager mode or within tf.function.'),,,not_completed,,2.0,500.0,cross-entropy,tf,,,,
CRIME,5,25,251777,RF,"{'n_estimators': np.int64(149), 'min_samples_split': np.int64(6), 'min_samples_leaf': np.int64(6), 'max_depth': np.int64(14)}",paper,FairProjection,,0.0,,,False,failed,RuntimeError('`tf.data.Dataset` only supports Python-style iteration in eager mode or within tf.function.'),,,not_completed,,2.0,500.0,cross-entropy,tf,,,,
CRIME,5,25,251777,RF,"{'n_estimators': np.int64(149), 'min_samples_split': np.int64(6), 'min_samples_leaf': np.int64(6), 'max_depth': np.int64(14)}",paper,FairProjection,,0.1,,,False,failed,RuntimeError('`tf.data.Dataset` only supports Python-style iteration in eager mode or within tf.function.'),,,not_completed,,2.0,500.0,cross-entropy,tf,,,,
CRIME,5,25,251777,RF,"{'n_estimators': np.int64(149), 'min_samples_split': np.int64(6), 'min_samples_leaf': np.int64(6), 'max_depth': np.int64(14)}",paper,FairProjection,,0.2,,,False,failed,RuntimeError('`tf.data.Dataset` only supports Python-style iteration in eager mode or within tf.function.'),,,not_completed,,2.0,500.0,cross-entropy,tf,,,,
CRIME,5,25,251777,RF,"{'n_estimators': np.int64(149), 'min_samples_split': np.int64(6), 'min_samples_leaf': np.int64(6), 'max_depth': np.int64(14)}",paper,FairProjection,,0.5,,,False,failed,RuntimeError('`tf.data.Dataset` only supports Python-style iteration in eager mode or within tf.function.'),,,not_completed,,2.0,500.0,cross-entropy,tf,,,,
CRIME,5,25,251777,RF,"{'n_estimators': np.int64(149), 'min_samples_split': np.int64(6), 'min_samples_leaf': np.int64(6), 'max_depth': np.int64(14)}",paper,FairProjection,,0.75,,,False,failed,RuntimeError('`tf.data.Dataset` only supports Python-style iteration in eager mode or within tf.function.'),,,not_completed,,2.0,500.0,cross-entropy,tf,,,,
CRIME,5,25,251777,GBM,"{'reg_lambda': 1, 'reg_alpha': 10, 'num_leaves': np.int64(9), 'n_estimators': np.int64(196), 'min_child_samples': np.int64(69), 'max_depth': np.int64(7)}",paper,FairProjection,,0.0,,,False,failed,RuntimeError('`tf.data.Dataset` only supports Python-style iteration in eager mode or within tf.function.'),,,not_completed,,2.0,500.0,cross-entropy,tf,,,,
CRIME,5,25,251777,GBM,"{'reg_lambda': 1, 'reg_alpha': 10, 'num_leaves': np.int64(9), 'n_estimators': np.int64(196), 'min_child_samples': np.int64(69), 'max_depth': np.int64(7)}",paper,FairProjection,,0.1,,,False,failed,RuntimeError('`tf.data.Dataset` only supports Python-style iteration in eager mode or within tf.function.'),,,not_completed,,2.0,500.0,cross-entropy,tf,,,,
CRIME,5,25,251777,GBM,"{'reg_lambda': 1, 'reg_alpha': 10, 'num_leaves': np.int64(9), 'n_estimators': np.int64(196), 'min_child_samples': np.int64(69), 'max_depth': np.int64(7)}",paper,FairProjection,,0.2,,,False,failed,RuntimeError('`tf.data.Dataset` only supports Python-style iteration in eager mode or within tf.function.'),,,not_completed,,2.0,500.0,cross-entropy,tf,,,,
CRIME,5,25,251777,GBM,"{'reg_lambda': 1, 'reg_alpha': 10, 'num_leaves': np.int64(9), 'n_estimators': np.int64(196), 'min_child_samples': np.int64(69), 'max_depth': np.int64(7)}",paper,FairProjection,,0.5,,,False,failed,RuntimeError('`tf.data.Dataset` only supports Python-style iteration in eager mode or within tf.function.'),,,not_completed,,2.0,500.0,cross-entropy,tf,,,,
CRIME,5,25,251777,GBM,"{'reg_lambda': 1, 'reg_alpha': 10, 'num_leaves': np.int64(9), 'n_estimators': np.int64(196), 'min_child_samples': np.int64(69), 'max_depth': np.int64(7)}",paper,FairProjection,,0.75,,,False,failed,RuntimeError('`tf.data.Dataset` only supports Python-style iteration in eager mode or within tf.function.'),,,not_completed,,2.0,500.0,cross-entropy,tf,,,,
CRIME,5,26,261777,reglog,{},paper,FairProjection,,0.0,,,False,failed,RuntimeError('`tf.data.Dataset` only supports Python-style iteration in eager mode or within tf.function.'),,,not_completed,,2.0,500.0,cross-entropy,tf,,,,
CRIME,5,26,261777,reglog,{},paper,FairProjection,,0.1,,,False,failed,RuntimeError('`tf.data.Dataset` only supports Python-style iteration in eager mode or within tf.function.'),,,not_completed,,2.0,500.0,cross-entropy,tf,,,,
CRIME,5,26,261777,reglog,{},paper,FairProjection,,0.2,,,False,failed,RuntimeError('`tf.data.Dataset` only supports Python-style iteration in eager mode or within tf.function.'),,,not_completed,,2.0,500.0,cross-entropy,tf,,,,
CRIME,5,26,261777,reglog,{},paper,FairProjection,,0.5,,,False,failed,RuntimeError('`tf.data.Dataset` only supports Python-style iteration in eager mode or within tf.function.'),,,not_completed,,2.0,500.0,cross-entropy,tf,,,,
CRIME,5,26,261777,reglog,{},paper,FairProjection,,0.75,,,False,failed,RuntimeError('`tf.data.Dataset` only supports Python-style iteration in eager mode or within tf.function.'),,,not_completed,,2.0,500.0,cross-entropy,tf,,,,
CRIME,5,26,261777,RF,"{'n_estimators': np.int64(116), 'min_samples_split': np.int64(5), 'min_samples_leaf': np.int64(2), 'max_depth': np.int64(7)}",paper,FairProjection,,0.0,,,False,failed,RuntimeError('`tf.data.Dataset` only supports Python-style iteration in eager mode or within tf.function.'),,,not_completed,,2.0,500.0,cross-entropy,tf,,,,
CRIME,5,26,261777,RF,"{'n_estimators': np.int64(116), 'min_samples_split': np.int64(5), 'min_samples_leaf': np.int64(2), 'max_depth': np.int64(7)}",paper,FairProjection,,0.1,,,False,failed,RuntimeError('`tf.data.Dataset` only supports Python-style iteration in eager mode or within tf.function.'),,,not_completed,,2.0,500.0,cross-entropy,tf,,,,
CRIME,5,26,261777,RF,"{'n_estimators': np.int64(116), 'min_samples_split': np.int64(5), 'min_samples_leaf': np.int64(2), 'max_depth': np.int64(7)}",paper,FairProjection,,0.2,,,False,failed,RuntimeError('`tf.data.Dataset` only supports Python-style iteration in eager mode or within tf.function.'),,,not_completed,,2.0,500.0,cross-entropy,tf,,,,
CRIME,5,26,261777,RF,"{'n_estimators': np.int64(116), 'min_samples_split': np.int64(5), 'min_samples_leaf': np.int64(2), 'max_depth': np.int64(7)}",paper,FairProjection,,0.5,,,False,failed,RuntimeError('`tf.data.Dataset` only supports Python-style iteration in eager mode or within tf.function.'),,,not_completed,,2.0,500.0,cross-entropy,tf,,,,
CRIME,5,26,261777,RF,"{'n_estimators': np.int64(116), 'min_samples_split': np.int64(5), 'min_samples_leaf': np.int64(2), 'max_depth': np.int64(7)}",paper,FairProjection,,0.75,,,False,failed,RuntimeError('`tf.data.Dataset` only supports Python-style iteration in eager mode or within tf.function.'),,,not_completed,,2.0,500.0,cross-entropy,tf,,,,
CRIME,5,26,261777,GBM,"{'reg_lambda': 50, 'reg_alpha': 2, 'num_leaves': np.int64(6), 'n_estimators': np.int64(164), 'min_child_samples': np.int64(75), 'max_depth': np.int64(4)}",paper,FairProjection,,0.0,,,False,failed,RuntimeError('`tf.data.Dataset` only supports Python-style iteration in eager mode or within tf.function.'),,,not_completed,,2.0,500.0,cross-entropy,tf,,,,
CRIME,5,26,261777,GBM,"{'reg_lambda': 50, 'reg_alpha': 2, 'num_leaves': np.int64(6), 'n_estimators': np.int64(164), 'min_child_samples': np.int64(75), 'max_depth': np.int64(4)}",paper,FairProjection,,0.1,,,False,failed,RuntimeError('`tf.data.Dataset` only supports Python-style iteration in eager mode or within tf.function.'),,,not_completed,,2.0,500.0,cross-entropy,tf,,,,
CRIME,5,26,261777,GBM,"{'reg_lambda': 50, 'reg_alpha': 2, 'num_leaves': np.int64(6), 'n_estimators': np.int64(164), 'min_child_samples': np.int64(75), 'max_depth': np.int64(4)}",paper,FairProjection,,0.2,,,False,failed,RuntimeError('`tf.data.Dataset` only supports Python-style iteration in eager mode or within tf.function.'),,,not_completed,,2.0,500.0,cross-entropy,tf,,,,
CRIME,5,26,261777,GBM,"{'reg_lambda': 50, 'reg_alpha': 2, 'num_leaves': np.int64(6), 'n_estimators': np.int64(164), 'min_child_samples': np.int64(75), 'max_depth': np.int64(4)}",paper,FairProjection,,0.5,,,False,failed,RuntimeError('`tf.data.Dataset` only supports Python-style iteration in eager mode or within tf.function.'),,,not_completed,,2.0,500.0,cross-entropy,tf,,,,
CRIME,5,26,261777,GBM,"{'reg_lambda': 50, 'reg_alpha': 2, 'num_leaves': np.int64(6), 'n_estimators': np.int64(164), 'min_child_samples': np.int64(75), 'max_depth': np.int64(4)}",paper,FairProjection,,0.75,,,False,failed,RuntimeError('`tf.data.Dataset` only supports Python-style iteration in eager mode or within tf.function.'),,,not_completed,,2.0,500.0,cross-entropy,tf,,,,
CRIME,5,27,271777,reglog,{},paper,FairProjection,,0.0,,,False,failed,RuntimeError('`tf.data.Dataset` only supports Python-style iteration in eager mode or within tf.function.'),,,not_completed,,2.0,500.0,cross-entropy,tf,,,,
CRIME,5,27,271777,reglog,{},paper,FairProjection,,0.1,,,False,failed,RuntimeError('`tf.data.Dataset` only supports Python-style iteration in eager mode or within tf.function.'),,,not_completed,,2.0,500.0,cross-entropy,tf,,,,
CRIME,5,27,271777,reglog,{},paper,FairProjection,,0.2,,,False,failed,RuntimeError('`tf.data.Dataset` only supports Python-style iteration in eager mode or within tf.function.'),,,not_completed,,2.0,500.0,cross-entropy,tf,,,,
CRIME,5,27,271777,reglog,{},paper,FairProjection,,0.5,,,False,failed,RuntimeError('`tf.data.Dataset` only supports Python-style iteration in eager mode or within tf.function.'),,,not_completed,,2.0,500.0,cross-entropy,tf,,,,
CRIME,5,27,271777,reglog,{},paper,FairProjection,,0.75,,,False,failed,RuntimeError('`tf.data.Dataset` only supports Python-style iteration in eager mode or within tf.function.'),,,not_completed,,2.0,500.0,cross-entropy,tf,,,,
CRIME,5,27,271777,RF,"{'n_estimators': np.int64(143), 'min_samples_split': np.int64(4), 'min_samples_leaf': np.int64(8), 'max_depth': np.int64(14)}",paper,FairProjection,,0.0,,,False,failed,RuntimeError('`tf.data.Dataset` only supports Python-style iteration in eager mode or within tf.function.'),,,not_completed,,2.0,500.0,cross-entropy,tf,,,,
CRIME,5,27,271777,RF,"{'n_estimators': np.int64(143), 'min_samples_split': np.int64(4), 'min_samples_leaf': np.int64(8), 'max_depth': np.int64(14)}",paper,FairProjection,,0.1,,,False,failed,RuntimeError('`tf.data.Dataset` only supports Python-style iteration in eager mode or within tf.function.'),,,not_completed,,2.0,500.0,cross-entropy,tf,,,,
CRIME,5,27,271777,RF,"{'n_estimators': np.int64(143), 'min_samples_split': np.int64(4), 'min_samples_leaf': np.int64(8), 'max_depth': np.int64(14)}",paper,FairProjection,,0.2,,,False,failed,RuntimeError('`tf.data.Dataset` only supports Python-style iteration in eager mode or within tf.function.'),,,not_completed,,2.0,500.0,cross-entropy,tf,,,,
CRIME,5,27,271777,RF,"{'n_estimators': np.int64(143), 'min_samples_split': np.int64(4), 'min_samples_leaf': np.int64(8), 'max_depth': np.int64(14)}",paper,FairProjection,,0.5,,,False,failed,RuntimeError('`tf.data.Dataset` only supports Python-style iteration in eager mode or within tf.function.'),,,not_completed,,2.0,500.0,cross-entropy,tf,,,,
CRIME,5,27,271777,RF,"{'n_estimators': np.int64(143), 'min_samples_split': np.int64(4), 'min_samples_leaf': np.int64(8), 'max_depth': np.int64(14)}",paper,FairProjection,,0.75,,,False,failed,RuntimeError('`tf.data.Dataset` only supports Python-style iteration in eager mode or within tf.function.'),,,not_completed,,2.0,500.0,cross-entropy,tf,,,,
CRIME,5,27,271777,GBM,"{'reg_lambda': 0.1, 'reg_alpha': 20, 'num_leaves': np.int64(32), 'n_estimators': np.int64(63), 'min_child_samples': np.int64(39), 'max_depth': np.int64(8)}",paper,FairProjection,,0.0,,,False,failed,RuntimeError('`tf.data.Dataset` only supports Python-style iteration in eager mode or within tf.function.'),,,not_completed,,2.0,500.0,cross-entropy,tf,,,,
CRIME,5,27,271777,GBM,"{'reg_lambda': 0.1, 'reg_alpha': 20, 'num_leaves': np.int64(32), 'n_estimators': np.int64(63), 'min_child_samples': np.int64(39), 'max_depth': np.int64(8)}",paper,FairProjection,,0.1,,,False,failed,RuntimeError('`tf.data.Dataset` only supports Python-style iteration in eager mode or within tf.function.'),,,not_completed,,2.0,500.0,cross-entropy,tf,,,,
CRIME,5,27,271777,GBM,"{'reg_lambda': 0.1, 'reg_alpha': 20, 'num_leaves': np.int64(32), 'n_estimators': np.int64(63), 'min_child_samples': np.int64(39), 'max_depth': np.int64(8)}",paper,FairProjection,,0.2,,,False,failed,RuntimeError('`tf.data.Dataset` only supports Python-style iteration in eager mode or within tf.function.'),,,not_completed,,2.0,500.0,cross-entropy,tf,,,,
CRIME,5,27,271777,GBM,"{'reg_lambda': 0.1, 'reg_alpha': 20, 'num_leaves': np.int64(32), 'n_estimators': np.int64(63), 'min_child_samples': np.int64(39), 'max_depth': np.int64(8)}",paper,FairProjection,,0.5,,,False,failed,RuntimeError('`tf.data.Dataset` only supports Python-style iteration in eager mode or within tf.function.'),,,not_completed,,2.0,500.0,cross-entropy,tf,,,,
CRIME,5,27,271777,GBM,"{'reg_lambda': 0.1, 'reg_alpha': 20, 'num_leaves': np.int64(32), 'n_estimators': np.int64(63), 'min_child_samples': np.int64(39), 'max_depth': np.int64(8)}",paper,FairProjection,,0.75,,,False,failed,RuntimeError('`tf.data.Dataset` only supports Python-style iteration in eager mode or within tf.function.'),,,not_completed,,2.0,500.0,cross-entropy,tf,,,,
CRIME,5,28,281777,reglog,{},paper,FairProjection,,0.0,,,False,failed,RuntimeError('`tf.data.Dataset` only supports Python-style iteration in eager mode or within tf.function.'),,,not_completed,,2.0,500.0,cross-entropy,tf,,,,
CRIME,5,28,281777,reglog,{},paper,FairProjection,,0.1,,,False,failed,RuntimeError('`tf.data.Dataset` only supports Python-style iteration in eager mode or within tf.function.'),,,not_completed,,2.0,500.0,cross-entropy,tf,,,,
CRIME,5,28,281777,reglog,{},paper,FairProjection,,0.2,,,False,failed,RuntimeError('`tf.data.Dataset` only supports Python-style iteration in eager mode or within tf.function.'),,,not_completed,,2.0,500.0,cross-entropy,tf,,,,
CRIME,5,28,281777,reglog,{},paper,FairProjection,,0.5,,,False,failed,RuntimeError('`tf.data.Dataset` only supports Python-style iteration in eager mode or within tf.function.'),,,not_completed,,2.0,500.0,cross-entropy,tf,,,,
CRIME,5,28,281777,reglog,{},paper,FairProjection,,0.75,,,False,failed,RuntimeError('`tf.data.Dataset` only supports Python-style iteration in eager mode or within tf.function.'),,,not_completed,,2.0,500.0,cross-entropy,tf,,,,
CRIME,5,28,281777,RF,"{'n_estimators': np.int64(128), 'min_samples_split': np.int64(4), 'min_samples_leaf': np.int64(6), 'max_depth': np.int64(13)}",paper,FairProjection,,0.0,,,False,failed,RuntimeError('`tf.data.Dataset` only supports Python-style iteration in eager mode or within tf.function.'),,,not_completed,,2.0,500.0,cross-entropy,tf,,,,
CRIME,5,28,281777,RF,"{'n_estimators': np.int64(128), 'min_samples_split': np.int64(4), 'min_samples_leaf': np.int64(6), 'max_depth': np.int64(13)}",paper,FairProjection,,0.1,,,False,failed,RuntimeError('`tf.data.Dataset` only supports Python-style iteration in eager mode or within tf.function.'),,,not_completed,,2.0,500.0,cross-entropy,tf,,,,
CRIME,5,28,281777,RF,"{'n_estimators': np.int64(128), 'min_samples_split': np.int64(4), 'min_samples_leaf': np.int64(6), 'max_depth': np.int64(13)}",paper,FairProjection,,0.2,,,False,failed,RuntimeError('`tf.data.Dataset` only supports Python-style iteration in eager mode or within tf.function.'),,,not_completed,,2.0,500.0,cross-entropy,tf,,,,
CRIME,5,28,281777,RF,"{'n_estimators': np.int64(128), 'min_samples_split': np.int64(4), 'min_samples_leaf': np.int64(6), 'max_depth': np.int64(13)}",paper,FairProjection,,0.5,,,False,failed,RuntimeError('`tf.data.Dataset` only supports Python-style iteration in eager mode or within tf.function.'),,,not_completed,,2.0,500.0,cross-entropy,tf,,,,
CRIME,5,28,281777,RF,"{'n_estimators': np.int64(128), 'min_samples_split': np.int64(4), 'min_samples_leaf': np.int64(6), 'max_depth': np.int64(13)}",paper,FairProjection,,0.75,,,False,failed,RuntimeError('`tf.data.Dataset` only supports Python-style iteration in eager mode or within tf.function.'),,,not_completed,,2.0,500.0,cross-entropy,tf,,,,
CRIME,5,28,281777,GBM,"{'reg_lambda': 20, 'reg_alpha': 2, 'num_leaves': np.int64(31), 'n_estimators': np.int64(144), 'min_child_samples': np.int64(58), 'max_depth': np.int64(11)}",paper,FairProjection,,0.0,,,False,failed,RuntimeError('`tf.data.Dataset` only supports Python-style iteration in eager mode or within tf.function.'),,,not_completed,,2.0,500.0,cross-entropy,tf,,,,
CRIME,5,28,281777,GBM,"{'reg_lambda': 20, 'reg_alpha': 2, 'num_leaves': np.int64(31), 'n_estimators': np.int64(144), 'min_child_samples': np.int64(58), 'max_depth': np.int64(11)}",paper,FairProjection,,0.1,,,False,failed,RuntimeError('`tf.data.Dataset` only supports Python-style iteration in eager mode or within tf.function.'),,,not_completed,,2.0,500.0,cross-entropy,tf,,,,
CRIME,5,28,281777,GBM,"{'reg_lambda': 20, 'reg_alpha': 2, 'num_leaves': np.int64(31), 'n_estimators': np.int64(144), 'min_child_samples': np.int64(58), 'max_depth': np.int64(11)}",paper,FairProjection,,0.2,,,False,failed,RuntimeError('`tf.data.Dataset` only supports Python-style iteration in eager mode or within tf.function.'),,,not_completed,,2.0,500.0,cross-entropy,tf,,,,
CRIME,5,28,281777,GBM,"{'reg_lambda': 20, 'reg_alpha': 2, 'num_leaves': np.int64(31), 'n_estimators': np.int64(144), 'min_child_samples': np.int64(58), 'max_depth': np.int64(11)}",paper,FairProjection,,0.5,,,False,failed,RuntimeError('`tf.data.Dataset` only supports Python-style iteration in eager mode or within tf.function.'),,,not_completed,,2.0,500.0,cross-entropy,tf,,,,
CRIME,5,28,281777,GBM,"{'reg_lambda': 20, 'reg_alpha': 2, 'num_leaves': np.int64(31), 'n_estimators': np.int64(144), 'min_child_samples': np.int64(58), 'max_depth': np.int64(11)}",paper,FairProjection,,0.75,,,False,failed,RuntimeError('`tf.data.Dataset` only supports Python-style iteration in eager mode or within tf.function.'),,,not_completed,,2.0,500.0,cross-entropy,tf,,,,
CRIME,5,29,291777,reglog,{},paper,FairProjection,,0.0,,,False,failed,RuntimeError('`tf.data.Dataset` only supports Python-style iteration in eager mode or within tf.function.'),,,not_completed,,2.0,500.0,cross-entropy,tf,,,,
CRIME,5,29,291777,reglog,{},paper,FairProjection,,0.1,,,False,failed,RuntimeError('`tf.data.Dataset` only supports Python-style iteration in eager mode or within tf.function.'),,,not_completed,,2.0,500.0,cross-entropy,tf,,,,
CRIME,5,29,291777,reglog,{},paper,FairProjection,,0.2,,,False,failed,RuntimeError('`tf.data.Dataset` only supports Python-style iteration in eager mode or within tf.function.'),,,not_completed,,2.0,500.0,cross-entropy,tf,,,,
CRIME,5,29,291777,reglog,{},paper,FairProjection,,0.5,,,False,failed,RuntimeError('`tf.data.Dataset` only supports Python-style iteration in eager mode or within tf.function.'),,,not_completed,,2.0,500.0,cross-entropy,tf,,,,
CRIME,5,29,291777,reglog,{},paper,FairProjection,,0.75,,,False,failed,RuntimeError('`tf.data.Dataset` only supports Python-style iteration in eager mode or within tf.function.'),,,not_completed,,2.0,500.0,cross-entropy,tf,,,,
CRIME,5,29,291777,RF,"{'n_estimators': np.int64(110), 'min_samples_split': np.int64(8), 'min_samples_leaf': np.int64(5), 'max_depth': np.int64(9)}",paper,FairProjection,,0.0,,,False,failed,RuntimeError('`tf.data.Dataset` only supports Python-style iteration in eager mode or within tf.function.'),,,not_completed,,2.0,500.0,cross-entropy,tf,,,,
CRIME,5,29,291777,RF,"{'n_estimators': np.int64(110), 'min_samples_split': np.int64(8), 'min_samples_leaf': np.int64(5), 'max_depth': np.int64(9)}",paper,FairProjection,,0.1,,,False,failed,RuntimeError('`tf.data.Dataset` only supports Python-style iteration in eager mode or within tf.function.'),,,not_completed,,2.0,500.0,cross-entropy,tf,,,,
CRIME,5,29,291777,RF,"{'n_estimators': np.int64(110), 'min_samples_split': np.int64(8), 'min_samples_leaf': np.int64(5), 'max_depth': np.int64(9)}",paper,FairProjection,,0.2,,,False,failed,RuntimeError('`tf.data.Dataset` only supports Python-style iteration in eager mode or within tf.function.'),,,not_completed,,2.0,500.0,cross-entropy,tf,,,,
CRIME,5,29,291777,RF,"{'n_estimators': np.int64(110), 'min_samples_split': np.int64(8), 'min_samples_leaf': np.int64(5), 'max_depth': np.int64(9)}",paper,FairProjection,,0.5,,,False,failed,RuntimeError('`tf.data.Dataset` only supports Python-style iteration in eager mode or within tf.function.'),,,not_completed,,2.0,500.0,cross-entropy,tf,,,,
CRIME,5,29,291777,RF,"{'n_estimators': np.int64(110), 'min_samples_split': np.int64(8), 'min_samples_leaf': np.int64(5), 'max_depth': np.int64(9)}",paper,FairProjection,,0.75,,,False,failed,RuntimeError('`tf.data.Dataset` only supports Python-style iteration in eager mode or within tf.function.'),,,not_completed,,2.0,500.0,cross-entropy,tf,,,,
CRIME,5,29,291777,GBM,"{'reg_lambda': 1, 'reg_alpha': 0, 'num_leaves': np.int64(23), 'n_estimators': np.int64(87), 'min_child_samples': np.int64(30), 'max_depth': np.int64(11)}",paper,FairProjection,,0.0,,,False,failed,RuntimeError('`tf.data.Dataset` only supports Python-style iteration in eager mode or within tf.function.'),,,not_completed,,2.0,500.0,cross-entropy,tf,,,,
CRIME,5,29,291777,GBM,"{'reg_lambda': 1, 'reg_alpha': 0, 'num_leaves': np.int64(23), 'n_estimators': np.int64(87), 'min_child_samples': np.int64(30), 'max_depth': np.int64(11)}",paper,FairProjection,,0.1,,,False,failed,RuntimeError('`tf.data.Dataset` only supports Python-style iteration in eager mode or within tf.function.'),,,not_completed,,2.0,500.0,cross-entropy,tf,,,,
CRIME,5,29,291777,GBM,"{'reg_lambda': 1, 'reg_alpha': 0, 'num_leaves': np.int64(23), 'n_estimators': np.int64(87), 'min_child_samples': np.int64(30), 'max_depth': np.int64(11)}",paper,FairProjection,,0.2,,,False,failed,RuntimeError('`tf.data.Dataset` only supports Python-style iteration in eager mode or within tf.function.'),,,not_completed,,2.0,500.0,cross-entropy,tf,,,,
CRIME,5,29,291777,GBM,"{'reg_lambda': 1, 'reg_alpha': 0, 'num_leaves': np.int64(23), 'n_estimators': np.int64(87), 'min_child_samples': np.int64(30), 'max_depth': np.int64(11)}",paper,FairProjection,,0.5,,,False,failed,RuntimeError('`tf.data.Dataset` only supports Python-style iteration in eager mode or within tf.function.'),,,not_completed,,2.0,500.0,cross-entropy,tf,,,,
CRIME,5,29,291777,GBM,"{'reg_lambda': 1, 'reg_alpha': 0, 'num_leaves': np.int64(23), 'n_estimators': np.int64(87), 'min_child_samples': np.int64(30), 'max_depth': np.int64(11)}",paper,FairProjection,,0.75,,,False,failed,RuntimeError('`tf.data.Dataset` only supports Python-style iteration in eager mode or within tf.function.'),,,not_completed,,2.0,500.0,cross-entropy,tf,,,,
