Dataset,K,Repetition,Seed,Model,Method,Epsilon,FairlearnTolerance,AdversarialWeight,Accuracy,Unfairness,RuntimeSeconds
CRIME,2,0,1777,reglog,Unfair,,,,0.8446115288220551,0.7113386385523848,0.00015210000856313854
CRIME,2,0,1777,reglog,Our Eps-Fair,0.0,,,0.6791979949874687,0.0918951796847281,0.004709990011178888
CRIME,2,0,1777,reglog,Our Eps-Fair,0.1,,,0.7418546365914787,0.22606315576055558,0.006888269999762997
CRIME,2,0,1777,reglog,Our Eps-Fair,0.2,,,0.7568922305764411,0.3097724162400527,0.007041182994726114
CRIME,2,0,1777,reglog,Our Eps-Fair,0.3,,,0.8070175438596491,0.44946525419433325,0.01237140801094938
CRIME,2,0,1777,reglog,Our Eps-Fair,0.4,,,0.8220551378446115,0.49908763748796187,0.008812576998025179
CRIME,2,0,1777,reglog,Our Eps-Fair,0.5,,,0.8270676691729323,0.5679963505499519,0.009835015996941365
CRIME,2,0,1777,reglog,Fairlearn,,0.0001,,0.681704260651629,0.10117086522378227,0.2708027329936158
CRIME,2,0,1777,reglog,Fairlearn,,0.5,,0.6691729323308271,0.07823508540726848,0.32126633600273635
CRIME,2,0,1777,reglog,Fairlearn,,1.0,,0.6716791979949874,0.09293425921232701,0.35753055299574044
CRIME,2,0,1777,reglog,Fairlearn,,2.5,,0.8145363408521303,0.5330731410613818,0.2942853679996915
CRIME,2,0,1777,reglog,Fairlearn,,5.0,,0.8446115288220551,0.6019818541233717,0.35234523899271153
CRIME,2,0,1777,reglog,Fairlearn,,10.0,,0.8446115288220551,0.6708905671853617,0.3562690249964362
CRIME,2,0,1777,RF,Unfair,,,,0.8596491228070176,0.6727659790156623,0.001220527003169991
CRIME,2,0,1777,RF,Our Eps-Fair,0.0,,,0.6917293233082706,0.12139490090729382,0.01020431300275959
CRIME,2,0,1777,RF,Our Eps-Fair,0.1,,,0.7017543859649122,0.16914187237062195,0.005011476008803584
CRIME,2,0,1777,RF,Our Eps-Fair,0.2,,,0.7368421052631579,0.2693243448730296,0.003684561001136899
CRIME,2,0,1777,RF,Our Eps-Fair,0.3,,,0.7744360902255639,0.36773277915758534,0.009779932996025309
CRIME,2,0,1777,RF,Our Eps-Fair,0.4,,,0.7894736842105263,0.4164174565360637,0.007691120001254603
CRIME,2,0,1777,RF,Our Eps-Fair,0.5,,,0.8145363408521303,0.4862638755132039,0.005967973993392661
CRIME,2,0,1777,RF,Fairlearn,,0.0001,,0.681704260651629,0.17175224289117547,1.1515666789928218
CRIME,2,0,1777,RF,Fairlearn,,0.5,,0.6365914786967418,0.1461047189416595,1.1122538249910576
CRIME,2,0,1777,RF,Fairlearn,,1.0,,0.6090225563909775,0.05968371432916014,1.0971438440028578
CRIME,2,0,1777,RF,Fairlearn,,2.5,,0.8195488721804511,0.5826955243550104,1.0277302610047627
CRIME,2,0,1777,RF,Fairlearn,,5.0,,0.8195488721804511,0.5826955243550104,1.0800376849947497
CRIME,2,0,1777,RF,Fairlearn,,10.0,,0.8471177944862155,0.6460793755385473,1.1410086620016955
CRIME,2,0,1777,GBM,Unfair,,,,0.8546365914786967,0.6819402909422677,0.0008888830052455887
CRIME,2,0,1777,GBM,Our Eps-Fair,0.0,,,0.6791979949874687,0.062496832074610986,0.009699343994725496
CRIME,2,0,1777,GBM,Our Eps-Fair,0.1,,,0.7218045112781954,0.20229104364134015,0.0045829729933757335
CRIME,2,0,1777,GBM,Our Eps-Fair,0.2,,,0.7619047619047619,0.3015358102285975,0.004083234001882374
CRIME,2,0,1777,GBM,Our Eps-Fair,0.3,,,0.7719298245614035,0.37044452329058747,0.0057246770011261106
CRIME,2,0,1777,GBM,Our Eps-Fair,0.4,,,0.7919799498746867,0.43654011860712655,0.007466048002243042
CRIME,2,0,1777,GBM,Our Eps-Fair,0.5,,,0.8320802005012531,0.5689340564651021,0.006353646997013129
CRIME,2,0,1777,GBM,Fairlearn,,0.0001,,0.6716791979949874,0.09407471235237475,0.7536660610057879
CRIME,2,0,1777,GBM,Fairlearn,,0.5,,0.6666666666666666,0.04163921131329518,0.6413720760028809
CRIME,2,0,1777,GBM,Fairlearn,,1.0,,0.6591478696741855,0.09939682700593039,0.8657127290061908
CRIME,2,0,1777,GBM,Fairlearn,,2.5,,0.8395989974937343,0.5946829540270668,0.8787305759906303
CRIME,2,0,1777,GBM,Fairlearn,,5.0,,0.8270676691729323,0.590095798063764,0.779742985003395
CRIME,2,0,1777,GBM,Fairlearn,,10.0,,0.8095238095238095,0.5175376349536216,0.8944194470095681
CRIME,2,0,1777,NN,Unfair,,,,0.8571428571428571,0.6691165289675097,
CRIME,2,0,1777,NN,Our Eps-Fair,0.01,,,0.7092731829573935,0.15819352222616456,0.006164474005345255
CRIME,2,0,1777,NN,Our Eps-Fair,0.1,,,0.7268170426065163,0.22063966749455116,0.005032549001043662
CRIME,2,0,1777,NN,Our Eps-Fair,0.3,,,0.7844611528822055,0.41735516245121396,0.007568072993308306
CRIME,2,0,1777,NN,Our Eps-Fair,0.5,,,0.8220551378446115,0.5477723148664403,0.007211542004370131
CRIME,2,0,1777,NN,Our Eps-Fair,0.9,,,0.8571428571428571,0.6691165289675097,0.0010902259964495897
CRIME,2,0,1777,NN,Fair-adversarial,,,0.01,0.8446115288220551,0.6819402909422677,1.5876761340041412
CRIME,2,0,1777,NN,Fair-adversarial,,,0.1,0.8345864661654135,0.6092807542196766,1.7017906369874254
CRIME,2,0,1777,NN,Fair-adversarial,,,0.5,0.581453634085213,0.06933955091489687,1.6874506219901377
CRIME,2,0,1777,NN,Fair-adversarial,,,0.9,0.7393483709273183,0.2613158294895839,1.620983710992732
CRIME,2,0,1777,NN,Fair-adversarial,,,1.0,0.5463659147869674,0.1843225708348117,1.6308677869965322
CRIME,2,1,11777,reglog,Unfair,,,,0.8421052631578947,0.7541203235591507,0.00014643900794908404
CRIME,2,1,11777,reglog,Our Eps-Fair,0.0,,,0.7042606516290727,0.10475227502527812,0.005798418991616927
CRIME,2,1,11777,reglog,Our Eps-Fair,0.1,,,0.7518796992481203,0.2195652173913043,0.009240603001671843
CRIME,2,1,11777,reglog,Our Eps-Fair,0.2,,,0.7919799498746867,0.3258088978766431,0.009804750006878749
CRIME,2,1,11777,reglog,Our Eps-Fair,0.3,,,0.8120300751879699,0.447623862487361,0.005474577003042214
CRIME,2,1,11777,reglog,Our Eps-Fair,0.4,,,0.8295739348370927,0.5337462082912032,0.005959521004115231
CRIME,2,1,11777,reglog,Our Eps-Fair,0.5,,,0.8220551378446115,0.5888270980788675,0.0053420159965753555
CRIME,2,1,11777,reglog,Fairlearn,,0.0001,,0.6591478696741855,0.00154196157735087,0.40252544499526266
CRIME,2,1,11777,reglog,Fairlearn,,0.5,,0.6791979949874687,0.044236602628918154,0.5606677210016642
CRIME,2,1,11777,reglog,Fairlearn,,1.0,,0.6616541353383458,0.007760364004044562,0.40011345500533935
CRIME,2,1,11777,reglog,Fairlearn,,2.5,,0.8245614035087719,0.5740899898887766,0.46757777500897646
CRIME,2,1,11777,reglog,Fairlearn,,5.0,,0.8270676691729323,0.6307381193124368,0.3853592849918641
CRIME,2,1,11777,reglog,Fairlearn,,10.0,,0.8421052631578947,0.702906976744186,0.33459421899169683
CRIME,2,1,11777,RF,Unfair,,,,0.8446115288220551,0.6834681496461072,0.010223356992355548
CRIME,2,1,11777,RF,Our Eps-Fair,0.0,,,0.6992481203007519,0.0519716885743175,0.007314207992749289
CRIME,2,1,11777,RF,Our Eps-Fair,0.1,,,0.7368421052631579,0.17530333670374115,0.0059235459921183065
CRIME,2,1,11777,RF,Our Eps-Fair,0.2,,,0.7719298245614035,0.31572295247724974,0.006482235010480508
CRIME,2,1,11777,RF,Our Eps-Fair,0.3,,,0.8045112781954887,0.3925429726996967,0.005991892991005443
CRIME,2,1,11777,RF,Our Eps-Fair,0.4,,,0.8145363408521303,0.4926188068756319,0.005095579996122979
CRIME,2,1,11777,RF,Our Eps-Fair,0.5,,,0.8395989974937343,0.5919110212335693,0.004299182997783646
CRIME,2,1,11777,RF,Fairlearn,,0.0001,,0.6716791979949874,0.07522750252780586,9.041517689998727
CRIME,2,1,11777,RF,Fairlearn,,0.5,,0.6466165413533834,0.04820525783619822,6.629452125009266
CRIME,2,1,11777,RF,Fairlearn,,1.0,,0.6365914786967418,0.04428715874620831,10.034191612008726
CRIME,2,1,11777,RF,Fairlearn,,2.5,,0.8471177944862155,0.5856926188068756,9.940071031989646
CRIME,2,1,11777,RF,Fairlearn,,5.0,,0.8521303258145363,0.596562184024267,8.893457555008354
CRIME,2,1,11777,RF,Fairlearn,,10.0,,0.8295739348370927,0.5414812942366026,9.415058871003566
CRIME,2,1,11777,GBM,Unfair,,,,0.8446115288220551,0.7253791708796764,0.0011186940100742504
CRIME,2,1,11777,GBM,Our Eps-Fair,0.0,,,0.7142857142857143,0.09231547017189085,0.0050499339995440096
CRIME,2,1,11777,GBM,Our Eps-Fair,0.1,,,0.7568922305764411,0.21643073811931246,0.007430706988088787
CRIME,2,1,11777,GBM,Our Eps-Fair,0.2,,,0.7969924812030075,0.32502527805864506,0.009301997008151375
CRIME,2,1,11777,GBM,Our Eps-Fair,0.3,,,0.8170426065162907,0.3948432760364004,0.006497113994555548
CRIME,2,1,11777,GBM,Our Eps-Fair,0.4,,,0.8270676691729323,0.4856167846309404,0.008207626000512391
CRIME,2,1,11777,GBM,Our Eps-Fair,0.5,,,0.8395989974937343,0.5895601617795753,0.0038838489999761805
CRIME,2,1,11777,GBM,Fairlearn,,0.0001,,0.6641604010025063,0.01862992922143586,1.3871722839976428
CRIME,2,1,11777,GBM,Fairlearn,,0.5,,0.656641604010025,0.02328109201213352,1.1483995070011588
CRIME,2,1,11777,GBM,Fairlearn,,1.0,,0.6591478696741855,0.041936299292214374,1.4163726630067686
CRIME,2,1,11777,GBM,Fairlearn,,2.5,,0.8295739348370927,0.6112992922143579,1.8057829919998767
CRIME,2,1,11777,GBM,Fairlearn,,5.0,,0.8345864661654135,0.6314711830131445,1.2539129090000642
CRIME,2,1,11777,GBM,Fairlearn,,10.0,,0.8370927318295739,0.5336956521739131,1.4907101619901368
CRIME,2,1,11777,NN,Unfair,,,,0.8421052631578947,0.7153437815975733,
CRIME,2,1,11777,NN,Our Eps-Fair,0.01,,,0.7117794486215538,0.13427704752275027,0.01068502600537613
CRIME,2,1,11777,NN,Our Eps-Fair,0.1,,,0.7493734335839599,0.21883215369059655,0.006283927999902517
CRIME,2,1,11777,NN,Our Eps-Fair,0.3,,,0.8070175438596491,0.44380687563195154,0.005265405008685775
CRIME,2,1,11777,NN,Our Eps-Fair,0.5,,,0.8320802005012531,0.61448432760364,0.014231898996513337
CRIME,2,1,11777,NN,Our Eps-Fair,0.9,,,0.8421052631578947,0.7153437815975733,0.0009788369934540242
CRIME,2,1,11777,NN,Fair-adversarial,,,0.01,0.8471177944862155,0.766557128412538,1.659007981987088
CRIME,2,1,11777,NN,Fair-adversarial,,,0.1,0.8320802005012531,0.6097826086956522,1.9449002019973705
CRIME,2,1,11777,NN,Fair-adversarial,,,0.5,0.6766917293233082,0.13066228513650158,1.8186038759886287
CRIME,2,1,11777,NN,Fair-adversarial,,,0.9,0.7418546365914787,0.2624620829120324,1.7926110629923642
CRIME,2,1,11777,NN,Fair-adversarial,,,1.0,0.5087719298245614,0.24304853387259862,1.977989078994142
CRIME,2,2,21777,reglog,Unfair,,,,0.8295739348370927,0.7993718592964825,0.00018862099386751652
CRIME,2,2,21777,reglog,Our Eps-Fair,0.0,,,0.656641604010025,0.048140703517588035,0.007847632994526066
CRIME,2,2,21777,reglog,Our Eps-Fair,0.1,,,0.7117794486215538,0.08231155778894472,0.006618101993808523
CRIME,2,2,21777,reglog,Our Eps-Fair,0.2,,,0.7418546365914787,0.2227889447236181,0.0065300120040774345
CRIME,2,2,21777,reglog,Our Eps-Fair,0.3,,,0.7744360902255639,0.3181155778894473,0.008505666992277838
CRIME,2,2,21777,reglog,Our Eps-Fair,0.4,,,0.8070175438596491,0.423391959798995,0.007511181989684701
CRIME,2,2,21777,reglog,Our Eps-Fair,0.5,,,0.8270676691729323,0.5236934673366834,0.0070531100063817576
CRIME,2,2,21777,reglog,Fairlearn,,0.0001,,0.7192982456140351,0.13791457286432168,0.6478814389993204
CRIME,2,2,21777,reglog,Fairlearn,,0.5,,0.7092731829573935,0.11778894472361812,0.665140031996998
CRIME,2,2,21777,reglog,Fairlearn,,1.0,,0.7192982456140351,0.11791457286432167,0.6025087970047025
CRIME,2,2,21777,reglog,Fairlearn,,2.5,,0.8421052631578947,0.6040201005025126,0.41635473200585693
CRIME,2,2,21777,reglog,Fairlearn,,5.0,,0.8421052631578947,0.6641708542713567,0.48919891299738083
CRIME,2,2,21777,reglog,Fairlearn,,10.0,,0.8295739348370927,0.7993718592964825,0.5394825889961794
CRIME,2,2,21777,RF,Unfair,,,,0.8170426065162907,0.7142462311557789,0.009860844991635531
CRIME,2,2,21777,RF,Our Eps-Fair,0.0,,,0.6691729323308271,0.0130150753768844,0.016384828006266616
CRIME,2,2,21777,RF,Our Eps-Fair,0.1,,,0.7192982456140351,0.10738693467336685,0.012009569996735081
CRIME,2,2,21777,RF,Our Eps-Fair,0.2,,,0.7744360902255639,0.24796482412060306,0.015140696996240877
CRIME,2,2,21777,RF,Our Eps-Fair,0.3,,,0.8195488721804511,0.3582663316582915,0.005470488002174534
CRIME,2,2,21777,RF,Our Eps-Fair,0.4,,,0.8245614035087719,0.4285175879396985,0.007648814003914595
CRIME,2,2,21777,RF,Our Eps-Fair,0.5,,,0.8245614035087719,0.4986934673366834,0.013232095006969757
CRIME,2,2,21777,RF,Fairlearn,,0.0001,,0.6691729323308271,0.10741206030150752,5.737159327996778
CRIME,2,2,21777,RF,Fairlearn,,0.5,,0.6666666666666666,0.08221105527638195,5.558965824995539
CRIME,2,2,21777,RF,Fairlearn,,1.0,,0.6516290726817042,0.10223618090452269,4.770901915995637
CRIME,2,2,21777,RF,Fairlearn,,2.5,,0.8320802005012531,0.5839195979899499,7.688923148001777
CRIME,2,2,21777,RF,Fairlearn,,5.0,,0.8195488721804511,0.6089698492462312,6.03175179300888
CRIME,2,2,21777,RF,Fairlearn,,10.0,,0.8270676691729323,0.6440703517587939,5.52379110599577
CRIME,2,2,21777,GBM,Unfair,,,,0.8170426065162907,0.7242964824120603,0.0012161859922343865
CRIME,2,2,21777,GBM,Our Eps-Fair,0.0,,,0.6365914786967418,0.04831658291457286,0.006321686989394948
CRIME,2,2,21777,GBM,Our Eps-Fair,0.1,,,0.6842105263157895,0.05713567839195982,0.007789412993588485
CRIME,2,2,21777,GBM,Our Eps-Fair,0.2,,,0.7418546365914787,0.20276381909547742,0.00817034998908639
CRIME,2,2,21777,GBM,Our Eps-Fair,0.3,,,0.7944862155388471,0.3282412060301508,0.005996179999783635
CRIME,2,2,21777,GBM,Our Eps-Fair,0.4,,,0.8120300751879699,0.3733668341708543,0.007061726006213576
CRIME,2,2,21777,GBM,Our Eps-Fair,0.5,,,0.8145363408521303,0.44864321608040203,0.006504282995592803
CRIME,2,2,21777,GBM,Fairlearn,,0.0001,,0.656641604010025,0.12258793969849247,2.356406769991736
CRIME,2,2,21777,GBM,Fairlearn,,0.5,,0.6666666666666666,0.07238693467336682,2.399643600991112
CRIME,2,2,21777,GBM,Fairlearn,,1.0,,0.6416040100250626,0.06258793969849252,2.2542496679961914
CRIME,2,2,21777,GBM,Fairlearn,,2.5,,0.8170426065162907,0.6341457286432162,2.260451011999976
CRIME,2,2,21777,GBM,Fairlearn,,5.0,,0.8245614035087719,0.6089949748743719,2.6400225320103345
CRIME,2,2,21777,GBM,Fairlearn,,10.0,,0.8345864661654135,0.5989447236180905,2.790007268995396
CRIME,2,2,21777,NN,Unfair,,,,0.8220551378446115,0.744321608040201,
CRIME,2,2,21777,NN,Our Eps-Fair,0.01,,,0.6541353383458647,0.043316582914572854,0.006406257001799531
CRIME,2,2,21777,NN,Our Eps-Fair,0.1,,,0.681704260651629,0.04198492462311565,0.007401121998555027
CRIME,2,2,21777,NN,Our Eps-Fair,0.3,,,0.7794486215538847,0.3582160804020101,0.006862684997031465
CRIME,2,2,21777,NN,Our Eps-Fair,0.5,,,0.8070175438596491,0.49359296482412063,0.006636108999373391
CRIME,2,2,21777,NN,Our Eps-Fair,0.9,,,0.8220551378446115,0.744321608040201,0.0010846920049516484
CRIME,2,2,21777,NN,Fair-adversarial,,,0.01,0.8195488721804511,0.7593969849246232,1.7024732020072406
CRIME,2,2,21777,NN,Fair-adversarial,,,0.1,0.8370927318295739,0.684321608040201,1.550351881000097
CRIME,2,2,21777,NN,Fair-adversarial,,,0.5,0.8320802005012531,0.5135678391959799,1.6206667149963323
CRIME,2,2,21777,NN,Fair-adversarial,,,0.9,0.556390977443609,0.11957286432160803,1.6127204109943705
CRIME,2,2,21777,NN,Fair-adversarial,,,1.0,0.5664160401002506,0.07949748743718599,1.584345335009857
CRIME,2,3,31777,reglog,Unfair,,,,0.8145363408521303,0.7548906210711591,0.00022861501201987267
CRIME,2,3,31777,reglog,Our Eps-Fair,0.0,,,0.6892230576441103,0.052149861704802625,0.016042040995671414
CRIME,2,3,31777,reglog,Our Eps-Fair,0.1,,,0.7418546365914787,0.10404827759617807,0.015264101995853707
CRIME,2,3,31777,reglog,Our Eps-Fair,0.2,,,0.7769423558897243,0.24533568016092538,0.014597467001294717
CRIME,2,3,31777,reglog,Our Eps-Fair,0.3,,,0.7994987468671679,0.4224289665577068,0.016854093002621084
CRIME,2,3,31777,reglog,Our Eps-Fair,0.4,,,0.8245614035087719,0.5442041740005029,0.009537347999867052
CRIME,2,3,31777,reglog,Our Eps-Fair,0.5,,,0.8245614035087719,0.6247422680412371,0.010102549989824183
CRIME,2,3,31777,reglog,Fairlearn,,0.0001,,0.6967418546365914,0.025722906713603222,0.5275577370048268
CRIME,2,3,31777,reglog,Fairlearn,,0.5,,0.7142857142857143,0.020291677143575604,0.4956234560086159
CRIME,2,3,31777,reglog,Fairlearn,,1.0,,0.7117794486215538,0.06613024893135533,0.42662919500435237
CRIME,2,3,31777,reglog,Fairlearn,,2.5,,0.8270676691729323,0.6198642192607493,0.47150148800574243
CRIME,2,3,31777,reglog,Fairlearn,,5.0,,0.8220551378446115,0.7096052300729193,0.30492746499658097
CRIME,2,3,31777,reglog,Fairlearn,,10.0,,0.8220551378446115,0.7096052300729193,0.5064699320064392
CRIME,2,3,31777,RF,Unfair,,,,0.8320802005012531,0.7305003771687201,0.0099149490124546
CRIME,2,3,31777,RF,Our Eps-Fair,0.0,,,0.706766917293233,0.004274578828262543,0.026780735002830625
CRIME,2,3,31777,RF,Our Eps-Fair,0.1,,,0.7468671679197995,0.11546391752577317,0.014245444006519392
CRIME,2,3,31777,RF,Our Eps-Fair,0.2,,,0.7819548872180451,0.2659542368619563,0.01000113200279884
CRIME,2,3,31777,RF,Our Eps-Fair,0.3,,,0.8120300751879699,0.3757606235856173,0.005004923004889861
CRIME,2,3,31777,RF,Our Eps-Fair,0.4,,,0.8370927318295739,0.5067387477998492,0.00673503200232517
CRIME,2,3,31777,RF,Our Eps-Fair,0.5,,,0.8320802005012531,0.6081719889363841,0.005782926004030742
CRIME,2,3,31777,RF,Fairlearn,,0.0001,,0.6967418546365914,0.1146341463414634,4.000537138999789
CRIME,2,3,31777,RF,Fairlearn,,0.5,,0.6967418546365914,0.10487804878048779,5.773933801014209
CRIME,2,3,31777,RF,Fairlearn,,1.0,,0.6741854636591479,0.08913754085994469,4.503648723999504
CRIME,2,3,31777,RF,Fairlearn,,2.5,,0.8195488721804511,0.5528539099823988,4.960814730002312
CRIME,2,3,31777,RF,Fairlearn,,5.0,,0.8270676691729323,0.6388232335931607,4.790820373993483
CRIME,2,3,31777,RF,Fairlearn,,10.0,,0.8220551378446115,0.6797837566004525,5.615534242999274
CRIME,2,3,31777,GBM,Unfair,,,,0.8195488721804511,0.7247925572039225,0.0010135820048162714
CRIME,2,3,31777,GBM,Our Eps-Fair,0.0,,,0.6967418546365914,0.047271812924314816,0.006762136006727815
CRIME,2,3,31777,GBM,Our Eps-Fair,0.1,,,0.7468671679197995,0.10404827759617807,0.008093338998151012
CRIME,2,3,31777,GBM,Our Eps-Fair,0.2,,,0.7744360902255639,0.2098063867236611,0.004775856010382995
CRIME,2,3,31777,GBM,Our Eps-Fair,0.3,,,0.7944862155388471,0.3614030676389239,0.0054079580004327
CRIME,2,3,31777,GBM,Our Eps-Fair,0.4,,,0.8095238095238095,0.5132763389489565,0.004900311003439128
CRIME,2,3,31777,GBM,Our Eps-Fair,0.5,,,0.8170426065162907,0.6388232335931607,0.006500759001937695
CRIME,2,3,31777,GBM,Fairlearn,,0.0001,,0.6290726817042607,0.03917525773195879,1.4089312569994945
CRIME,2,3,31777,GBM,Fairlearn,,0.5,,0.6616541353383458,0.05159668091526276,1.2250839930056827
CRIME,2,3,31777,GBM,Fairlearn,,1.0,,0.6365914786967418,0.028941413125471493,1.4385345230111852
CRIME,2,3,31777,GBM,Fairlearn,,2.5,,0.8220551378446115,0.6101081216997737,1.2570047339977464
CRIME,2,3,31777,GBM,Fairlearn,,5.0,,0.8370927318295739,0.6494091023384461,1.4202580900018802
CRIME,2,3,31777,GBM,Fairlearn,,10.0,,0.8320802005012531,0.6494091023384461,1.5172834490076639
CRIME,2,3,31777,NN,Unfair,,,,0.8220551378446115,0.7299471963791803,
CRIME,2,3,31777,NN,Our Eps-Fair,0.01,,,0.6766917293233082,0.07847623837063122,0.006069532988476567
CRIME,2,3,31777,NN,Our Eps-Fair,0.1,,,0.706766917293233,0.011817953231078704,0.006140632991446182
CRIME,2,3,31777,NN,Our Eps-Fair,0.3,,,0.7694235588972431,0.3310284133769173,0.006464630991104059
CRIME,2,3,31777,NN,Our Eps-Fair,0.5,,,0.8220551378446115,0.6190344480764396,0.0070829030009917915
CRIME,2,3,31777,NN,Our Eps-Fair,0.9,,,0.8220551378446115,0.7299471963791803,0.001109805001760833
CRIME,2,3,31777,NN,Fair-adversarial,,,0.01,0.8195488721804511,0.7557203922554689,1.822167864011135
CRIME,2,3,31777,NN,Fair-adversarial,,,0.1,0.8320802005012531,0.6811667085743023,1.7157134389999555
CRIME,2,3,31777,NN,Fair-adversarial,,,0.5,0.7644110275689223,0.46110133266281117,1.6964267209987156
CRIME,2,3,31777,NN,Fair-adversarial,,,0.9,0.48872180451127817,0.15491576565250187,1.6719438540021656
CRIME,2,3,31777,NN,Fair-adversarial,,,1.0,0.5363408521303258,0.09260749308524019,1.6458295289921807
CRIME,2,4,41777,reglog,Unfair,,,,0.8621553884711779,0.6965059997983262,0.00023121800040826201
CRIME,2,4,41777,reglog,Our Eps-Fair,0.0,,,0.6942355889724311,0.11321468185943329,0.012558300004457124
CRIME,2,4,41777,reglog,Our Eps-Fair,0.1,,,0.7167919799498746,0.17772511848341233,0.003570069995475933
CRIME,2,4,41777,reglog,Our Eps-Fair,0.2,,,0.7268170426065163,0.2280175456287184,0.0049929129891097546
CRIME,2,4,41777,reglog,Our Eps-Fair,0.3,,,0.7719298245614035,0.3622567308661894,0.006888045012601651
CRIME,2,4,41777,reglog,Our Eps-Fair,0.4,,,0.8145363408521303,0.47821921952203295,0.00836431299103424
CRIME,2,4,41777,reglog,Our Eps-Fair,0.5,,,0.8471177944862155,0.5847030351920944,0.006537266992381774
CRIME,2,4,41777,reglog,Fairlearn,,0.0001,,0.656641604010025,0.024906725824342058,0.3484208959998796
CRIME,2,4,41777,reglog,Fairlearn,,0.5,,0.6766917293233082,0.045603509125743735,0.28949318699596915
CRIME,2,4,41777,reglog,Fairlearn,,1.0,,0.6641604010025063,0.07993848946253912,0.3352005670021754
CRIME,2,4,41777,reglog,Fairlearn,,2.5,,0.8446115288220551,0.5704850257134214,0.40954597300151363
CRIME,2,4,41777,reglog,Fairlearn,,5.0,,0.8646616541353384,0.6509529091459111,0.3194066130090505
CRIME,2,4,41777,reglog,Fairlearn,,10.0,,0.8646616541353384,0.6509529091459111,0.3641149460017914
CRIME,2,4,41777,RF,Unfair,,,,0.8270676691729323,0.6568518705253605,0.00213872198946774
CRIME,2,4,41777,RF,Our Eps-Fair,0.0,,,0.6867167919799498,0.04038519713623079,0.004997173004085198
CRIME,2,4,41777,RF,Our Eps-Fair,0.1,,,0.7218045112781954,0.16340627205808206,0.011232258009840734
CRIME,2,4,41777,RF,Our Eps-Fair,0.2,,,0.7543859649122807,0.2604114147423616,0.010221670992905274
CRIME,2,4,41777,RF,Our Eps-Fair,0.3,,,0.7694235588972431,0.3124432792175053,0.008805867008049972
CRIME,2,4,41777,RF,Our Eps-Fair,0.4,,,0.7969924812030075,0.4367248159725724,0.009294155999668874
CRIME,2,4,41777,RF,Our Eps-Fair,0.5,,,0.8170426065162907,0.5065544015327216,0.00862554699415341
CRIME,2,4,41777,RF,Fairlearn,,0.0001,,0.6541353383458647,0.05266209539175154,1.839772567996988
CRIME,2,4,41777,RF,Fairlearn,,0.5,,0.6666666666666666,0.1005344358172835,2.3366992920055054
CRIME,2,4,41777,RF,Fairlearn,,1.0,,0.6791979949874687,0.16098618533830794,2.16179525500047
CRIME,2,4,41777,RF,Fairlearn,,2.5,,0.8320802005012531,0.5763839870928709,1.810676933004288
CRIME,2,4,41777,RF,Fairlearn,,5.0,,0.8421052631578947,0.6249369769083393,1.8749836530041648
CRIME,2,4,41777,RF,Fairlearn,,10.0,,0.8345864661654135,0.6308359382877887,1.8994424279953819
CRIME,2,4,41777,GBM,Unfair,,,,0.849624060150376,0.6989260865181003,0.00173733000701759
CRIME,2,4,41777,GBM,Our Eps-Fair,0.0,,,0.6741854636591479,0.06002319249773119,0.005181572007131763
CRIME,2,4,41777,GBM,Our Eps-Fair,0.1,,,0.6992481203007519,0.14281032570333774,0.00548513799731154
CRIME,2,4,41777,GBM,Our Eps-Fair,0.2,,,0.7694235588972431,0.3267621256428356,0.01063980300386902
CRIME,2,4,41777,GBM,Our Eps-Fair,0.3,,,0.7944862155388471,0.4285066048200061,0.005938597008935176
CRIME,2,4,41777,GBM,Our Eps-Fair,0.4,,,0.8045112781954887,0.4575224362206312,0.007001855003181845
CRIME,2,4,41777,GBM,Our Eps-Fair,0.5,,,0.8095238095238095,0.5279318342240596,0.005604735997621901
CRIME,2,4,41777,GBM,Fairlearn,,0.0001,,0.6365914786967418,0.061661792880911614,2.282760579997557
CRIME,2,4,41777,GBM,Fairlearn,,0.5,,0.6741854636591479,0.09541696077442774,2.4800964309979463
CRIME,2,4,41777,GBM,Fairlearn,,1.0,,0.6917293233082706,0.17578400726026022,2.479736049004714
CRIME,2,4,41777,GBM,Fairlearn,,2.5,,0.8370927318295739,0.5847030351920944,4.0232165500056
CRIME,2,4,41777,GBM,Fairlearn,,5.0,,0.8370927318295739,0.5841232227488151,3.31615892300033
CRIME,2,4,41777,GBM,Fairlearn,,10.0,,0.8220551378446115,0.5640062518906928,4.071074827006669
CRIME,2,4,41777,NN,Unfair,,,,0.8822055137844611,0.6970858122416053,
CRIME,2,4,41777,NN,Our Eps-Fair,0.01,,,0.7243107769423559,0.18710295452253706,0.005210496005020104
CRIME,2,4,41777,NN,Our Eps-Fair,0.1,,,0.7343358395989975,0.23681556922456387,0.006719380005961284
CRIME,2,4,41777,NN,Our Eps-Fair,0.3,,,0.7644110275689223,0.3698951295754765,0.008028272000956349
CRIME,2,4,41777,NN,Our Eps-Fair,0.5,,,0.8320802005012531,0.5378894827064636,0.007683770003495738
CRIME,2,4,41777,NN,Our Eps-Fair,0.9,,,0.8822055137844611,0.6970858122416053,0.0010530500003369525
CRIME,2,4,41777,NN,Fair-adversarial,,,0.01,0.8696741854636592,0.7391600282343451,1.649304234990268
CRIME,2,4,41777,NN,Fair-adversarial,,,0.1,0.8320802005012531,0.5527881415750732,1.6989601669920376
CRIME,2,4,41777,NN,Fair-adversarial,,,0.5,0.8295739348370927,0.513814661692044,1.6451932180061704
CRIME,2,4,41777,NN,Fair-adversarial,,,0.9,0.5463659147869674,0.14160028234345062,1.7320997470087605
CRIME,2,4,41777,NN,Fair-adversarial,,,1.0,0.5864661654135338,0.06307351013411314,1.6126603370066732
CRIME,2,5,51777,reglog,Unfair,,,,0.8471177944862155,0.7449871852856927,0.0001625360018806532
CRIME,2,5,51777,reglog,Our Eps-Fair,0.0,,,0.6641604010025063,0.04372078998944673,0.007536627002991736
CRIME,2,5,51777,reglog,Our Eps-Fair,0.1,,,0.6992481203007519,0.026609377355646058,0.008708756999112666
CRIME,2,5,51777,reglog,Our Eps-Fair,0.2,,,0.7468671679197995,0.1525704809286899,0.006282020010985434
CRIME,2,5,51777,reglog,Our Eps-Fair,0.3,,,0.7719298245614035,0.2530529172320217,0.00788464499055408
CRIME,2,5,51777,reglog,Our Eps-Fair,0.4,,,0.7944862155388471,0.3286597316448063,0.007868384011089802
CRIME,2,5,51777,reglog,Our Eps-Fair,0.5,,,0.8395989974937343,0.4690185436454093,0.0086903929914115
CRIME,2,5,51777,reglog,Fairlearn,,0.0001,,0.6641604010025063,0.042363937886325975,0.26540827899589203
CRIME,2,5,51777,reglog,Fairlearn,,0.5,,0.6766917293233082,0.01273933363485602,0.36112829300691374
CRIME,2,5,51777,reglog,Fairlearn,,1.0,,0.6691729323308271,0.0021860394994723253,0.3321155199955683
CRIME,2,5,51777,reglog,Fairlearn,,2.5,,0.8421052631578947,0.5146992311171417,0.28843251599755604
CRIME,2,5,51777,reglog,Fairlearn,,5.0,,0.8596491228070176,0.6296547565204282,0.3468097730074078
CRIME,2,5,51777,reglog,Fairlearn,,10.0,,0.8571428571428571,0.6846826473692145,0.43242009000096004
CRIME,2,5,51777,RF,Unfair,,,,0.8521303258145363,0.675033921302578,0.004962320002960041
CRIME,2,5,51777,RF,Our Eps-Fair,0.0,,,0.6842105263157895,0.006784260515603879,0.00781873801315669
CRIME,2,5,51777,RF,Our Eps-Fair,0.1,,,0.7117794486215538,0.08239107492838837,0.005322154000168666
CRIME,2,5,51777,RF,Our Eps-Fair,0.2,,,0.7393483709273183,0.1677973767526007,0.006736586001352407
CRIME,2,5,51777,RF,Our Eps-Fair,0.3,,,0.7944862155388471,0.30853309211518165,0.011485736002214253
CRIME,2,5,51777,RF,Our Eps-Fair,0.4,,,0.8145363408521303,0.4189657771747324,0.005728393996832892
CRIME,2,5,51777,RF,Our Eps-Fair,0.5,,,0.8245614035087719,0.45921905623398157,0.006519874994410202
CRIME,2,5,51777,RF,Fairlearn,,0.0001,,0.6165413533834586,0.015754560530679917,4.794000669004163
CRIME,2,5,51777,RF,Fairlearn,,0.5,,0.631578947368421,0.06429971355344494,4.709560090006562
CRIME,2,5,51777,RF,Fairlearn,,1.0,,0.6466165413533834,0.07424996230966385,4.681801920989528
CRIME,2,5,51777,RF,Fairlearn,,2.5,,0.8421052631578947,0.5345243479571838,4.473478344996693
CRIME,2,5,51777,RF,Fairlearn,,5.0,,0.8270676691729323,0.5447007387305896,4.949246863994631
CRIME,2,5,51777,RF,Fairlearn,,10.0,,0.8370927318295739,0.6148047640584954,4.783424209992518
CRIME,2,5,51777,GBM,Unfair,,,,0.8546365914786967,0.7097844112769487,0.0010562480019871145
CRIME,2,5,51777,GBM,Our Eps-Fair,0.0,,,0.6942355889724311,0.016508367254636003,0.007033699992462061
CRIME,2,5,51777,GBM,Our Eps-Fair,0.1,,,0.7142857142857143,0.07688828584350976,0.004190328007098287
CRIME,2,5,51777,GBM,Our Eps-Fair,0.2,,,0.7243107769423559,0.10711593547414439,0.007388347003143281
CRIME,2,5,51777,GBM,Our Eps-Fair,0.3,,,0.7644110275689223,0.2477008894919343,0.007292182999663055
CRIME,2,5,51777,GBM,Our Eps-Fair,0.4,,,0.7919799498746867,0.36333484094678126,0.006585341005120426
CRIME,2,5,51777,GBM,Our Eps-Fair,0.5,,,0.8295739348370927,0.4891451831750339,0.008215791007387452
CRIME,2,5,51777,GBM,Fairlearn,,0.0001,,0.6616541353383458,0.01711141263380067,0.9549378179945052
CRIME,2,5,51777,GBM,Fairlearn,,0.5,,0.6591478696741855,0.002035278154681186,0.9401792879943969
CRIME,2,5,51777,GBM,Fairlearn,,1.0,,0.6691729323308271,0.08804462535805818,1.0147565539955394
CRIME,2,5,51777,GBM,Fairlearn,,2.5,,0.8345864661654135,0.5497512437810945,0.9437308740016306
CRIME,2,5,51777,GBM,Fairlearn,,5.0,,0.8345864661654135,0.5497512437810945,0.9804496490105521
CRIME,2,5,51777,GBM,Fairlearn,,10.0,,0.8270676691729323,0.5246494798733605,1.1568096859991783
CRIME,2,5,51777,NN,Unfair,,,,0.8471177944862155,0.7150610583446404,
CRIME,2,5,51777,NN,Our Eps-Fair,0.01,,,0.656641604010025,0.06874717322478519,0.006189884006744251
CRIME,2,5,51777,NN,Our Eps-Fair,0.1,,,0.6741854636591479,0.016885270616613934,0.0027529910003067926
CRIME,2,5,51777,NN,Our Eps-Fair,0.3,,,0.7669172932330827,0.2835820895522388,0.006708086002618074
CRIME,2,5,51777,NN,Our Eps-Fair,0.5,,,0.8295739348370927,0.46939544700738733,0.005167417009943165
CRIME,2,5,51777,NN,Our Eps-Fair,0.9,,,0.8471177944862155,0.7150610583446404,0.0009516340069239959
CRIME,2,5,51777,NN,Fair-adversarial,,,0.01,0.8546365914786967,0.6798582843358963,1.6408625720068812
CRIME,2,5,51777,NN,Fair-adversarial,,,0.1,0.8395989974937343,0.6800090456806874,1.7009067680046428
CRIME,2,5,51777,NN,Fair-adversarial,,,0.5,0.8045112781954887,0.4101462385044475,1.6556309690058697
CRIME,2,5,51777,NN,Fair-adversarial,,,0.9,0.5614035087719298,0.14194180612091067,1.6548024549992988
CRIME,2,5,51777,NN,Fair-adversarial,,,1.0,0.5614035087719298,0.09143675561586018,1.585635862997151
CRIME,2,6,61777,reglog,Unfair,,,,0.8395989974937343,0.7207442796077445,0.0001450749987270683
CRIME,2,6,61777,reglog,Our Eps-Fair,0.0,,,0.6340852130325815,0.08712597435252706,0.00573774499935098
CRIME,2,6,61777,reglog,Our Eps-Fair,0.1,,,0.6842105263157895,0.024063364344983684,0.008258062007371336
CRIME,2,6,61777,reglog,Our Eps-Fair,0.2,,,0.7493734335839599,0.1859693236107619,0.009161359004792757
CRIME,2,6,61777,reglog,Our Eps-Fair,0.3,,,0.7568922305764411,0.24101081216997738,0.00792264899064321
CRIME,2,6,61777,reglog,Our Eps-Fair,0.4,,,0.7819548872180451,0.3315815941664571,0.008052228993619792
CRIME,2,6,61777,reglog,Our Eps-Fair,0.5,,,0.8220551378446115,0.48373145587125976,0.004464262994588353
CRIME,2,6,61777,reglog,Fairlearn,,0.0001,,0.7017543859649122,0.09300980638672368,0.3095800770097412
CRIME,2,6,61777,reglog,Fairlearn,,0.5,,0.6942355889724311,0.05637415137037971,0.3086813909903867
CRIME,2,6,61777,reglog,Fairlearn,,1.0,,0.681704260651629,0.05315564495851144,0.3249700479937019
CRIME,2,6,61777,reglog,Fairlearn,,2.5,,0.8170426065162907,0.4845612270555695,0.28984107900760137
CRIME,2,6,61777,reglog,Fairlearn,,5.0,,0.8170426065162907,0.4845612270555695,0.2927055170002859
CRIME,2,6,61777,reglog,Fairlearn,,10.0,,0.8446115288220551,0.7107115916519989,0.3066441959963413
CRIME,2,6,61777,RF,Unfair,,,,0.849624060150376,0.669751068644707,0.008443970989901572
CRIME,2,6,61777,RF,Our Eps-Fair,0.0,,,0.6290726817042607,0.07709328639678154,0.0071040670009097084
CRIME,2,6,61777,RF,Our Eps-Fair,0.1,,,0.6842105263157895,0.043575559466934866,0.005429404001915827
CRIME,2,6,61777,RF,Our Eps-Fair,0.2,,,0.7218045112781954,0.11978878551672112,0.008012557998881675
CRIME,2,6,61777,RF,Our Eps-Fair,0.3,,,0.7719298245614035,0.26162936887100835,0.0056055309978546575
CRIME,2,6,61777,RF,Our Eps-Fair,0.4,,,0.8195488721804511,0.41782750817198894,0.008355797996046022
CRIME,2,6,61777,RF,Our Eps-Fair,0.5,,,0.8295739348370927,0.5281870756851899,0.0073780359962256625
CRIME,2,6,61777,RF,Fairlearn,,0.0001,,0.6215538847117794,0.028664822730701534,8.046093500001007
CRIME,2,6,61777,RF,Fairlearn,,0.5,,0.6290726817042607,0.02240382197636409,7.49637080199318
CRIME,2,6,61777,RF,Fairlearn,,1.0,,0.5989974937343359,0.04644204174000505,8.461176630007685
CRIME,2,6,61777,RF,Fairlearn,,2.5,,0.8320802005012531,0.5751320090520493,8.944592621002812
CRIME,2,6,61777,RF,Fairlearn,,5.0,,0.8446115288220551,0.5702539602715615,8.331777970990515
CRIME,2,6,61777,RF,Fairlearn,,10.0,,0.849624060150376,0.6195876288659794,8.498447202990064
CRIME,2,6,61777,GBM,Unfair,,,,0.8345864661654135,0.6800603469952224,0.0010737499978858978
CRIME,2,6,61777,GBM,Our Eps-Fair,0.0,,,0.6390977443609023,0.11161679658033696,0.004493147993343882
CRIME,2,6,61777,GBM,Our Eps-Fair,0.1,,,0.6867167919799498,0.0039225546894644525,0.007933646003948525
CRIME,2,6,61777,GBM,Our Eps-Fair,0.2,,,0.7268170426065163,0.14905707819964797,0.008966291003162041
CRIME,2,6,61777,GBM,Our Eps-Fair,0.3,,,0.7619047619047619,0.291450842343475,0.0055854500096756965
CRIME,2,6,61777,GBM,Our Eps-Fair,0.4,,,0.7819548872180451,0.3630626100075434,0.008001384005183354
CRIME,2,6,61777,GBM,Our Eps-Fair,0.5,,,0.8070175438596491,0.4628363087754589,0.006570360012119636
CRIME,2,6,61777,GBM,Fairlearn,,0.0001,,0.6215538847117794,0.0250691475986925,2.8615665240067756
CRIME,2,6,61777,GBM,Fairlearn,,0.5,,0.6040100250626567,0.020467689212974594,2.9059071030060295
CRIME,2,6,61777,GBM,Fairlearn,,1.0,,0.5964912280701754,0.004199145084234357,3.103268195001874
CRIME,2,6,61777,GBM,Fairlearn,,2.5,,0.8345864661654135,0.6502388735227559,3.118772171001183
CRIME,2,6,61777,GBM,Fairlearn,,5.0,,0.8220551378446115,0.6448076439527283,3.133615850994829
CRIME,2,6,61777,GBM,Fairlearn,,10.0,,0.8270676691729323,0.6551169223032437,3.413498723995872
CRIME,2,6,61777,NN,Unfair,,,,0.8421052631578947,0.7150364596429469,
CRIME,2,6,61777,NN,Our Eps-Fair,0.01,,,0.6441102756892231,0.047271812924314816,0.007624106990988366
CRIME,2,6,61777,NN,Our Eps-Fair,0.1,,,0.6716791979949874,0.039803872265526785,0.0076696720061590895
CRIME,2,6,61777,NN,Our Eps-Fair,0.3,,,0.7443609022556391,0.25592154890621077,0.006007158997817896
CRIME,2,6,61777,NN,Our Eps-Fair,0.5,,,0.7944862155388471,0.4273070153381946,0.004519206995610148
CRIME,2,6,61777,NN,Our Eps-Fair,0.9,,,0.8421052631578947,0.7150364596429469,0.0011395579931559041
CRIME,2,6,61777,NN,Fair-adversarial,,,0.01,0.8395989974937343,0.7709077193864722,1.8749521530116908
CRIME,2,6,61777,NN,Fair-adversarial,,,0.1,0.8320802005012531,0.6356047271812925,1.8686743050056975
CRIME,2,6,61777,NN,Fair-adversarial,,,0.5,0.6591478696741855,0.02303243650993214,1.755109629011713
CRIME,2,6,61777,NN,Fair-adversarial,,,0.9,0.5463659147869674,0.21757606235856175,1.7414523000043118
CRIME,2,6,61777,NN,Fair-adversarial,,,1.0,0.6290726817042607,0.039099823987930604,1.7295673619955778
CRIME,2,7,71777,reglog,Unfair,,,,0.8370927318295739,0.7668145608550974,0.00014932900376152247
CRIME,2,7,71777,reglog,Our Eps-Fair,0.0,,,0.6290726817042607,0.05576283150146216,0.0058578439929988235
CRIME,2,7,71777,reglog,Our Eps-Fair,0.1,,,0.6591478696741855,0.05488050821821122,0.005983130991808139
CRIME,2,7,71777,reglog,Our Eps-Fair,0.2,,,0.7092731829573935,0.1844811939094484,0.010937358005321585
CRIME,2,7,71777,reglog,Our Eps-Fair,0.3,,,0.7543859649122807,0.28390642331350213,0.008374326993362047
CRIME,2,7,71777,reglog,Our Eps-Fair,0.4,,,0.7669172932330827,0.3685338307956035,0.004430147004313767
CRIME,2,7,71777,reglog,Our Eps-Fair,0.5,,,0.7869674185463659,0.43894322879903197,0.0034965789964189753
CRIME,2,7,71777,reglog,Fairlearn,,0.0001,,0.6591478696741855,0.04366239790259152,0.4537571770051727
CRIME,2,7,71777,reglog,Fairlearn,,0.5,,0.6716791979949874,0.05788040738126454,0.586325754004065
CRIME,2,7,71777,reglog,Fairlearn,,1.0,,0.6666666666666666,0.04956135928204097,0.6730951909994474
CRIME,2,7,71777,reglog,Fairlearn,,2.5,,0.8020050125313283,0.508193001915902,0.5582360810076352
CRIME,2,7,71777,reglog,Fairlearn,,5.0,,0.8220551378446115,0.6472723605929213,0.5377963920036564
CRIME,2,7,71777,reglog,Fairlearn,,10.0,,0.8220551378446115,0.6472723605929213,0.5575602760072798
CRIME,2,7,71777,RF,Unfair,,,,0.8245614035087719,0.6839265907028336,0.003557222997187637
CRIME,2,7,71777,RF,Our Eps-Fair,0.0,,,0.6240601503759399,0.0658213169305234,0.014421758009120822
CRIME,2,7,71777,RF,Our Eps-Fair,0.1,,,0.6791979949874687,0.10575274780679644,0.0242704669944942
CRIME,2,7,71777,RF,Our Eps-Fair,0.2,,,0.6992481203007519,0.15604517495210246,0.01723958199727349
CRIME,2,7,71777,RF,Our Eps-Fair,0.3,,,0.7167919799498746,0.2329333467782596,0.008283417992061004
CRIME,2,7,71777,RF,Our Eps-Fair,0.4,,,0.7368421052631579,0.3016033074518504,0.004997359006665647
CRIME,2,7,71777,RF,Our Eps-Fair,0.5,,,0.7869674185463659,0.4217253201573056,0.005630726998788305
CRIME,2,7,71777,RF,Fairlearn,,0.0001,,0.631578947368421,0.06098114349097511,1.7933220759878168
CRIME,2,7,71777,RF,Fairlearn,,0.5,,0.6441102756892231,0.08583745084198852,1.9017269629985094
CRIME,2,7,71777,RF,Fairlearn,,1.0,,0.606516290726817,0.006529192296057307,2.1659462859970517
CRIME,2,7,71777,RF,Fairlearn,,2.5,,0.8145363408521303,0.5756025007562771,1.8019648420013255
CRIME,2,7,71777,RF,Fairlearn,,5.0,,0.8070175438596491,0.5312090349904205,1.9902794800000265
CRIME,2,7,71777,RF,Fairlearn,,10.0,,0.8070175438596491,0.5199909246748009,2.0294196019967785
CRIME,2,7,71777,GBM,Unfair,,,,0.8395989974937343,0.7129424221034587,0.0014783149963477626
CRIME,2,7,71777,GBM,Our Eps-Fair,0.0,,,0.6390977443609023,0.03854492285973582,0.01594970100268256
CRIME,2,7,71777,GBM,Our Eps-Fair,0.1,,,0.6616541353383458,0.048401734395482565,0.007171721998020075
CRIME,2,7,71777,GBM,Our Eps-Fair,0.2,,,0.7092731829573935,0.15430573762226485,0.008089641007245518
CRIME,2,7,71777,GBM,Our Eps-Fair,0.3,,,0.7243107769423559,0.22471513562569329,0.006302510999375954
CRIME,2,7,71777,GBM,Our Eps-Fair,0.4,,,0.7568922305764411,0.35131592215387725,0.005389574987930246
CRIME,2,7,71777,GBM,Our Eps-Fair,0.5,,,0.7769423558897243,0.4519007764444892,0.006485111007350497
CRIME,2,7,71777,GBM,Fairlearn,,0.0001,,0.6390977443609023,0.01900776444489266,1.7182349920039997
CRIME,2,7,71777,GBM,Fairlearn,,0.5,,0.6265664160401002,0.014848240395280876,1.9192786870116834
CRIME,2,7,71777,GBM,Fairlearn,,1.0,,0.6140350877192983,0.007109004739336511,1.9309488509898074
CRIME,2,7,71777,GBM,Fairlearn,,2.5,,0.8095238095238095,0.5554855298981547,2.3571943510032725
CRIME,2,7,71777,GBM,Fairlearn,,5.0,,0.8095238095238095,0.5454270444690934,1.872008692997042
CRIME,2,7,71777,GBM,Fairlearn,,10.0,,0.7994987468671679,0.4951346173237875,2.2300210620014695
CRIME,2,7,71777,NN,Unfair,,,,0.8320802005012531,0.7308409801351216,
CRIME,2,7,71777,NN,Our Eps-Fair,0.01,,,0.6115288220551378,0.06088030654431781,0.005021125005441718
CRIME,2,7,71777,NN,Our Eps-Fair,0.1,,,0.6290726817042607,0.01590702833518204,0.008192494002287276
CRIME,2,7,71777,NN,Our Eps-Fair,0.3,,,0.7167919799498746,0.24977311687002118,0.007447759999195114
CRIME,2,7,71777,NN,Our Eps-Fair,0.5,,,0.7694235588972431,0.4338257537561762,0.007066844002110884
CRIME,2,7,71777,NN,Our Eps-Fair,0.9,,,0.8320802005012531,0.7308409801351216,0.0010343380126869306
CRIME,2,7,71777,NN,Fair-adversarial,,,0.01,0.8220551378446115,0.605878793990118,1.7967540089885006
CRIME,2,7,71777,NN,Fair-adversarial,,,0.1,0.8020050125313283,0.596400121004336,2.072336943994742
CRIME,2,7,71777,NN,Fair-adversarial,,,0.5,0.6516290726817042,0.07492185136634066,1.9915912480064435
CRIME,2,7,71777,NN,Fair-adversarial,,,0.9,0.5087719298245614,0.21279116668347287,1.8856457450019661
CRIME,2,7,71777,NN,Fair-adversarial,,,1.0,0.543859649122807,0.15786023999193305,1.9386244189954596
CRIME,2,8,81777,reglog,Unfair,,,,0.8471177944862155,0.7151265154182807,0.0002762849908322096
CRIME,2,8,81777,reglog,Our Eps-Fair,0.0,,,0.6917293233082706,0.043714472558981865,0.021356308992835693
CRIME,2,8,81777,reglog,Our Eps-Fair,0.1,,,0.7418546365914787,0.1939232355752301,0.01531405899731908
CRIME,2,8,81777,reglog,Our Eps-Fair,0.2,,,0.7869674185463659,0.32438754464510294,0.030506291004712693
CRIME,2,8,81777,reglog,Our Eps-Fair,0.3,,,0.8220551378446115,0.41568992404044475,0.016974343001493253
CRIME,2,8,81777,reglog,Our Eps-Fair,0.4,,,0.8320802005012531,0.5056843905629056,0.006593389989575371
CRIME,2,8,81777,reglog,Our Eps-Fair,0.5,,,0.8320802005012531,0.5953518788671462,0.007614243004354648
CRIME,2,8,81777,reglog,Fairlearn,,0.0001,,0.7192982456140351,0.1418330901956839,1.0314799369953107
CRIME,2,8,81777,reglog,Fairlearn,,0.5,,0.7042606516290727,0.11107198551234976,0.9234412040095776
CRIME,2,8,81777,reglog,Fairlearn,,1.0,,0.7192982456140351,0.13114341767694554,0.7539120000001276
CRIME,2,8,81777,reglog,Fairlearn,,2.5,,0.8345864661654135,0.5603903616882137,1.1347511729982216
CRIME,2,8,81777,reglog,Fairlearn,,5.0,,0.8446115288220551,0.6804919764575683,0.6980515030008974
CRIME,2,8,81777,reglog,Fairlearn,,10.0,,0.8395989974937343,0.690200714321646,0.7798766230116598
CRIME,2,8,81777,RF,Unfair,,,,0.849624060150376,0.6817998893304492,0.0191616459924262
CRIME,2,8,81777,RF,Our Eps-Fair,0.0,,,0.7393483709273183,0.16899743447859555,0.014447446999838576
CRIME,2,8,81777,RF,Our Eps-Fair,0.1,,,0.7518796992481203,0.22468434025856437,0.006169411004520953
CRIME,2,8,81777,RF,Our Eps-Fair,0.2,,,0.7844611528822055,0.34123949896876105,0.00947334899683483
CRIME,2,8,81777,RF,Our Eps-Fair,0.3,,,0.7944862155388471,0.4422506162281805,0.0064231400028802454
CRIME,2,8,81777,RF,Our Eps-Fair,0.4,,,0.8270676691729323,0.5267367573821621,0.005979823006782681
CRIME,2,8,81777,RF,Our Eps-Fair,0.5,,,0.8421052631578947,0.5966597917400271,0.009570135996909812
CRIME,2,8,81777,RF,Fairlearn,,0.0001,,0.6491228070175439,0.06569746969163442,11.211983266010066
CRIME,2,8,81777,RF,Fairlearn,,0.5,,0.6766917293233082,0.11200261582574583,11.585238581013982
CRIME,2,8,81777,RF,Fairlearn,,1.0,,0.6340852130325815,0.07540620755571209,9.54871188000834
CRIME,2,8,81777,RF,Fairlearn,,2.5,,0.8446115288220551,0.6021681171085065,14.152897599007702
CRIME,2,8,81777,RF,Fairlearn,,5.0,,0.8471177944862155,0.6274208964233613,11.635094978002599
CRIME,2,8,81777,RF,Fairlearn,,10.0,,0.8471177944862155,0.6277478746415815,11.224104709996027
CRIME,2,8,81777,GBM,Unfair,,,,0.8446115288220551,0.672745107902812,0.0011688800004776567
CRIME,2,8,81777,GBM,Our Eps-Fair,0.0,,,0.7092731829573935,0.1078022033301474,0.004649959009839222
CRIME,2,8,81777,GBM,Our Eps-Fair,0.1,,,0.7493734335839599,0.19943156094370945,0.007361592011875473
CRIME,2,8,81777,GBM,Our Eps-Fair,0.2,,,0.7644110275689223,0.2803712460385331,0.010339220010791905
CRIME,2,8,81777,GBM,Our Eps-Fair,0.3,,,0.8020050125313283,0.43706926907792143,0.007732722006039694
CRIME,2,8,81777,GBM,Our Eps-Fair,0.4,,,0.8320802005012531,0.5270637356003823,0.006182736993650906
CRIME,2,8,81777,GBM,Our Eps-Fair,0.5,,,0.8395989974937343,0.5927863574626491,0.007435302992234938
CRIME,2,8,81777,GBM,Fairlearn,,0.0001,,0.7243107769423559,0.13212435233160624,2.114693873008946
CRIME,2,8,81777,GBM,Fairlearn,,0.5,,0.7192982456140351,0.1120529201670104,2.1236440150096314
CRIME,2,8,81777,GBM,Fairlearn,,1.0,,0.6691729323308271,0.05991247044619952,2.223490185002447
CRIME,2,8,81777,GBM,Fairlearn,,2.5,,0.8295739348370927,0.6031490517631671,2.16254141900572
CRIME,2,8,81777,GBM,Fairlearn,,5.0,,0.8370927318295739,0.5782232506665326,2.1045205109985545
CRIME,2,8,81777,GBM,Fairlearn,,10.0,,0.8395989974937343,0.522863323104784,3.3423475970048457
CRIME,2,8,81777,NN,Unfair,,,,0.8345864661654135,0.6811459328940087,
CRIME,2,8,81777,NN,Our Eps-Fair,0.01,,,0.7192982456140351,0.16223150057849994,0.010706285000196658
CRIME,2,8,81777,NN,Our Eps-Fair,0.1,,,0.7468671679197995,0.24704461995070176,0.01042684398998972
CRIME,2,8,81777,NN,Our Eps-Fair,0.3,,,0.7844611528822055,0.36261884400623773,0.009199206993798725
CRIME,2,8,81777,NN,Our Eps-Fair,0.5,,,0.8245614035087719,0.5623522309975351,0.004833337996387854
CRIME,2,8,81777,NN,Our Eps-Fair,0.9,,,0.8345864661654135,0.6811459328940087,0.001269276996026747
CRIME,2,8,81777,NN,Fair-adversarial,,,0.01,0.8471177944862155,0.6659288696614518,2.26083002499945
CRIME,2,8,81777,NN,Fair-adversarial,,,0.1,0.8295739348370927,0.5493737109512551,1.6593723580008373
CRIME,2,8,81777,NN,Fair-adversarial,,,0.5,0.7218045112781954,0.1633885004275869,1.6983507919940166
CRIME,2,8,81777,NN,Fair-adversarial,,,0.9,0.5463659147869674,0.20094069118164898,1.6868979279970517
CRIME,2,8,81777,NN,Fair-adversarial,,,1.0,0.5789473684210527,0.08471251068967256,1.653688605001662
CRIME,2,9,91777,reglog,Unfair,,,,0.8045112781954887,0.7013693113169552,0.00022853098926134408
CRIME,2,9,91777,reglog,Our Eps-Fair,0.0,,,0.6691729323308271,0.014272049939589193,0.010051310004200786
CRIME,2,9,91777,reglog,Our Eps-Fair,0.1,,,0.7117794486215538,0.08135320177204997,0.024543859995901585
CRIME,2,9,91777,reglog,Our Eps-Fair,0.2,,,0.7744360902255639,0.25689689891260575,0.01160115200036671
CRIME,2,9,91777,reglog,Our Eps-Fair,0.3,,,0.7894736842105263,0.3280557792992348,0.016212681992328726
CRIME,2,9,91777,reglog,Our Eps-Fair,0.4,,,0.8170426065162907,0.4140656463954893,0.015570789997582324
CRIME,2,9,91777,reglog,Our Eps-Fair,0.5,,,0.8170426065162907,0.5350130890052356,0.010907892006798647
CRIME,2,9,91777,reglog,Fairlearn,,0.0001,,0.6942355889724311,0.040223519935561836,0.33575087500503287
CRIME,2,9,91777,reglog,Fairlearn,,0.5,,0.6917293233082706,0.03456000805477244,0.3972997769888025
CRIME,2,9,91777,reglog,Fairlearn,,1.0,,0.6992481203007519,0.03893979057591623,0.2943870150047587
CRIME,2,9,91777,reglog,Fairlearn,,2.5,,0.8220551378446115,0.5157823197744664,0.3399953070038464
CRIME,2,9,91777,reglog,Fairlearn,,5.0,,0.8095238095238095,0.6515807490938381,0.30860880701220594
CRIME,2,9,91777,reglog,Fairlearn,,10.0,,0.8070175438596491,0.6668596455900121,0.4314438430010341
CRIME,2,9,91777,RF,Unfair,,,,0.8170426065162907,0.6551047120418848,0.009834162003244273
CRIME,2,9,91777,RF,Our Eps-Fair,0.0,,,0.6967418546365914,0.028997180829641644,0.010564094001892954
CRIME,2,9,91777,RF,Our Eps-Fair,0.1,,,0.7243107769423559,0.0940646395489328,0.007872272995882668
CRIME,2,9,91777,RF,Our Eps-Fair,0.2,,,0.7694235588972431,0.20625251711639148,0.004991474997950718
CRIME,2,9,91777,RF,Our Eps-Fair,0.3,,,0.7994987468671679,0.29835380587998395,0.00844358500035014
CRIME,2,9,91777,RF,Our Eps-Fair,0.4,,,0.7994987468671679,0.3887434554973822,0.0072900400118669495
CRIME,2,9,91777,RF,Our Eps-Fair,0.5,,,0.8220551378446115,0.49569573097060005,0.008025023009395227
CRIME,2,9,91777,RF,Fairlearn,,0.0001,,0.6591478696741855,0.00667035843737418,7.9694427009962965
CRIME,2,9,91777,RF,Fairlearn,,0.5,,0.6491228070175439,0.08616089407974226,7.928767915000208
CRIME,2,9,91777,RF,Fairlearn,,1.0,,0.6641604010025063,0.01628574305275876,9.047628608008381
CRIME,2,9,91777,RF,Fairlearn,,2.5,,0.8270676691729323,0.5764699959726137,12.15957061300287
CRIME,2,9,91777,RF,Fairlearn,,5.0,,0.8245614035087719,0.610979661699557,9.214563607005402
CRIME,2,9,91777,RF,Fairlearn,,10.0,,0.8270676691729323,0.6061719693918647,8.837553695993847
CRIME,2,9,91777,GBM,Unfair,,,,0.8320802005012531,0.6672875553765607,0.0011313330032862723
CRIME,2,9,91777,GBM,Our Eps-Fair,0.0,,,0.6917293233082706,0.0172422472815143,0.007440464003593661
CRIME,2,9,91777,GBM,Our Eps-Fair,0.1,,,0.7092731829573935,0.114151228352799,0.006038623992935754
CRIME,2,9,91777,GBM,Our Eps-Fair,0.2,,,0.7443609022556391,0.1966371325010069,0.00506270800542552
CRIME,2,9,91777,GBM,Our Eps-Fair,0.3,,,0.7819548872180451,0.3136327023761579,0.0064187190000666305
CRIME,2,9,91777,GBM,Our Eps-Fair,0.4,,,0.7919799498746867,0.42624848973016516,0.008623102999990806
CRIME,2,9,91777,GBM,Our Eps-Fair,0.5,,,0.8095238095238095,0.5214458316552557,0.005621941003482789
CRIME,2,9,91777,GBM,Fairlearn,,0.0001,,0.6741854636591479,0.01842529198550147,0.9462708480132278
CRIME,2,9,91777,GBM,Fairlearn,,0.5,,0.6892230576441103,0.028468586387434547,1.1556658369954675
CRIME,2,9,91777,GBM,Fairlearn,,1.0,,0.6842105263157895,0.007954087797019782,0.9757148770004278
CRIME,2,9,91777,GBM,Fairlearn,,2.5,,0.8170426065162907,0.5568113169552961,1.3160813839931507
CRIME,2,9,91777,GBM,Fairlearn,,5.0,,0.8145363408521303,0.5419603302456706,1.117139711001073
CRIME,2,9,91777,GBM,Fairlearn,,10.0,,0.8120300751879699,0.5070227547321788,1.3014196750009432
CRIME,2,9,91777,NN,Unfair,,,,0.8095238095238095,0.6641915022150624,
CRIME,2,9,91777,NN,Our Eps-Fair,0.01,,,0.6791979949874687,0.02622835279903346,0.01072522799950093
CRIME,2,9,91777,NN,Our Eps-Fair,0.1,,,0.7017543859649122,0.06811316955296015,0.005502774001797661
CRIME,2,9,91777,NN,Our Eps-Fair,0.3,,,0.7719298245614035,0.30872432541280714,0.009264935011742637
CRIME,2,9,91777,NN,Our Eps-Fair,0.5,,,0.8070175438596491,0.5781816351188079,0.008072956989053637
CRIME,2,9,91777,NN,Our Eps-Fair,0.9,,,0.8095238095238095,0.6641915022150624,0.0010043869988294318
CRIME,2,9,91777,NN,Fair-adversarial,,,0.01,0.8045112781954887,0.7017972211035038,1.7950891819928074
CRIME,2,9,91777,NN,Fair-adversarial,,,0.1,0.8120300751879699,0.5974124043495771,1.904279605994816
CRIME,2,9,91777,NN,Fair-adversarial,,,0.5,0.6290726817042607,0.03566753926701571,1.801781040005153
CRIME,2,9,91777,NN,Fair-adversarial,,,0.9,0.5639097744360902,0.1822643979057592,1.6688787590101128
CRIME,2,9,91777,NN,Fair-adversarial,,,1.0,0.5714285714285714,0.1456151832460733,1.656293205000111
CRIME,2,10,101777,reglog,Unfair,,,,0.8421052631578947,0.7095226130653267,0.00014048498996999115
CRIME,2,10,101777,reglog,Our Eps-Fair,0.0,,,0.6741854636591479,0.05238693467336686,0.004748841005493887
CRIME,2,10,101777,reglog,Our Eps-Fair,0.1,,,0.7092731829573935,0.12266331658291457,0.0076639900071313605
CRIME,2,10,101777,reglog,Our Eps-Fair,0.2,,,0.7543859649122807,0.24314070351758799,0.008780824005953036
CRIME,2,10,101777,reglog,Our Eps-Fair,0.3,,,0.8120300751879699,0.36849246231155786,0.006550411999342032
CRIME,2,10,101777,reglog,Our Eps-Fair,0.4,,,0.8220551378446115,0.43876884422110557,0.008449310000287369
CRIME,2,10,101777,reglog,Our Eps-Fair,0.5,,,0.8395989974937343,0.5441206030150754,0.009149186997092329
CRIME,2,10,101777,reglog,Fairlearn,,0.0001,,0.6942355889724311,0.11276381909547745,0.3748062320082681
CRIME,2,10,101777,reglog,Fairlearn,,0.5,,0.6917293233082706,0.09768844221105533,0.5774005790008232
CRIME,2,10,101777,reglog,Fairlearn,,1.0,,0.6942355889724311,0.11273869346733673,0.6031979990075342
CRIME,2,10,101777,reglog,Fairlearn,,2.5,,0.8395989974937343,0.5541708542713568,0.553666212988901
CRIME,2,10,101777,reglog,Fairlearn,,5.0,,0.8421052631578947,0.6293467336683417,0.6886917730007553
CRIME,2,10,101777,reglog,Fairlearn,,10.0,,0.8370927318295739,0.6894723618090453,0.6151693380088545
CRIME,2,10,101777,RF,Unfair,,,,0.8446115288220551,0.694572864321608,0.017419340991182253
CRIME,2,10,101777,RF,Our Eps-Fair,0.0,,,0.6791979949874687,0.022361809045226222,0.017927970009623095
CRIME,2,10,101777,RF,Our Eps-Fair,0.1,,,0.731829573934837,0.15788944723618087,0.013625156992929988
CRIME,2,10,101777,RF,Our Eps-Fair,0.2,,,0.7694235588972431,0.2531909547738693,0.004125538005609997
CRIME,2,10,101777,RF,Our Eps-Fair,0.3,,,0.8070175438596491,0.3485678391959799,0.007045145990559831
CRIME,2,10,101777,RF,Our Eps-Fair,0.4,,,0.8320802005012531,0.4388442211055277,0.008564475007005967
CRIME,2,10,101777,RF,Our Eps-Fair,0.5,,,0.8370927318295739,0.5190452261306533,0.00423887898796238
CRIME,2,10,101777,RF,Fairlearn,,0.0001,,0.6591478696741855,0.07309045226130656,9.112848562988802
CRIME,2,10,101777,RF,Fairlearn,,0.5,,0.731829573934837,0.13788944723618096,9.851923314010492
CRIME,2,10,101777,RF,Fairlearn,,1.0,,0.656641604010025,0.08814070351758796,8.465493625990348
CRIME,2,10,101777,RF,Fairlearn,,2.5,,0.8295739348370927,0.5641457286432161,7.653212634992087
CRIME,2,10,101777,RF,Fairlearn,,5.0,,0.8295739348370927,0.5641457286432161,8.446957403997658
CRIME,2,10,101777,RF,Fairlearn,,10.0,,0.8370927318295739,0.6092713567839196,8.6042955610028
CRIME,2,10,101777,GBM,Unfair,,,,0.8395989974937343,0.7045226130653267,0.0012315650092205033
CRIME,2,10,101777,GBM,Our Eps-Fair,0.0,,,0.681704260651629,0.04736180904522613,0.005694488994777203
CRIME,2,10,101777,GBM,Our Eps-Fair,0.1,,,0.7218045112781954,0.14763819095477387,0.0059385490021668375
CRIME,2,10,101777,GBM,Our Eps-Fair,0.2,,,0.7719298245614035,0.268140703517588,0.005703455986804329
CRIME,2,10,101777,GBM,Our Eps-Fair,0.3,,,0.7919799498746867,0.3183417085427136,0.0053495110041694716
CRIME,2,10,101777,GBM,Our Eps-Fair,0.4,,,0.8370927318295739,0.47881909547738694,0.004890226002316922
CRIME,2,10,101777,GBM,Our Eps-Fair,0.5,,,0.8421052631578947,0.5590452261306533,0.004776308996952139
CRIME,2,10,101777,GBM,Fairlearn,,0.0001,,0.6741854636591479,0.06319095477386938,1.8095455540023977
CRIME,2,10,101777,GBM,Fairlearn,,0.5,,0.6867167919799498,0.11821608040201004,1.9899233290052507
CRIME,2,10,101777,GBM,Fairlearn,,1.0,,0.6641604010025063,0.10314070351758797,2.1663022190041374
CRIME,2,10,101777,GBM,Fairlearn,,2.5,,0.8446115288220551,0.5740954773869347,1.8311231319967192
CRIME,2,10,101777,GBM,Fairlearn,,5.0,,0.8446115288220551,0.5740954773869347,2.0417783750017406
CRIME,2,10,101777,GBM,Fairlearn,,10.0,,0.8421052631578947,0.5590954773869347,2.461123373999726
CRIME,2,10,101777,NN,Unfair,,,,0.8571428571428571,0.6793969849246232,
CRIME,2,10,101777,NN,Our Eps-Fair,0.01,,,0.6741854636591479,0.012010050251256288,0.006245798998861574
CRIME,2,10,101777,NN,Our Eps-Fair,0.1,,,0.7017543859649122,0.10743718592964824,0.007694540006923489
CRIME,2,10,101777,NN,Our Eps-Fair,0.3,,,0.7894736842105263,0.3233165829145729,0.01295991700317245
CRIME,2,10,101777,NN,Our Eps-Fair,0.5,,,0.8546365914786967,0.5340201005025126,0.017036268996889703
CRIME,2,10,101777,NN,Our Eps-Fair,0.9,,,0.8571428571428571,0.6793969849246232,0.0022036800073692575
CRIME,2,10,101777,NN,Fair-adversarial,,,0.01,0.8370927318295739,0.6795477386934674,1.6515078350057593
CRIME,2,10,101777,NN,Fair-adversarial,,,0.1,0.849624060150376,0.6141457286432161,1.639657834006357
CRIME,2,10,101777,NN,Fair-adversarial,,,0.5,0.8220551378446115,0.41894472361809043,1.654820183000993
CRIME,2,10,101777,NN,Fair-adversarial,,,0.9,0.5388471177944862,0.1257286432160804,1.6610468620056054
CRIME,2,10,101777,NN,Fair-adversarial,,,1.0,0.7994987468671679,0.5241708542713568,1.5323884219978936
CRIME,2,11,111777,reglog,Unfair,,,,0.8170426065162907,0.6898021308980213,0.00023592100478708744
CRIME,2,11,111777,reglog,Our Eps-Fair,0.0,,,0.6791979949874687,0.05487062404870624,0.011267008012509905
CRIME,2,11,111777,reglog,Our Eps-Fair,0.1,,,0.7042606516290727,0.035235920852359215,0.015356503005023114
CRIME,2,11,111777,reglog,Our Eps-Fair,0.2,,,0.7468671679197995,0.16324200913242015,0.009751156001584604
CRIME,2,11,111777,reglog,Our Eps-Fair,0.3,,,0.7644110275689223,0.21841704718417054,0.016805990002467297
CRIME,2,11,111777,reglog,Our Eps-Fair,0.4,,,0.7844611528822055,0.3146879756468797,0.017279501000302844
CRIME,2,11,111777,reglog,Our Eps-Fair,0.5,,,0.8220551378446115,0.4468797564687976,0.011069813001086004
CRIME,2,11,111777,reglog,Fairlearn,,0.0001,,0.6992481203007519,0.004870624048706307,0.5247780030040303
CRIME,2,11,111777,reglog,Fairlearn,,0.5,,0.7117794486215538,0.039802130898021315,0.5239897199935513
CRIME,2,11,111777,reglog,Fairlearn,,1.0,,0.7142857142857143,0.035235920852359215,0.52137117300299
CRIME,2,11,111777,reglog,Fairlearn,,2.5,,0.8170426065162907,0.41651445966514467,0.6092945400014287
CRIME,2,11,111777,reglog,Fairlearn,,5.0,,0.8245614035087719,0.5598173515981735,0.7428031199960969
CRIME,2,11,111777,reglog,Fairlearn,,10.0,,0.8170426065162907,0.6372146118721461,0.7010922200133791
CRIME,2,11,111777,RF,Unfair,,,,0.8170426065162907,0.6199391171993911,0.011849084999994375
CRIME,2,11,111777,RF,Our Eps-Fair,0.0,,,0.6541353383458647,0.12374429223744293,0.013783499001874588
CRIME,2,11,111777,RF,Our Eps-Fair,0.1,,,0.6967418546365914,0.00068493150684934,0.017533060992718674
CRIME,2,11,111777,RF,Our Eps-Fair,0.2,,,0.7443609022556391,0.10509893455098934,0.011500767999677919
CRIME,2,11,111777,RF,Our Eps-Fair,0.3,,,0.7719298245614035,0.24223744292237448,0.005607867002254352
CRIME,2,11,111777,RF,Our Eps-Fair,0.4,,,0.8070175438596491,0.3293759512937596,0.005241274993750267
CRIME,2,11,111777,RF,Our Eps-Fair,0.5,,,0.8245614035087719,0.4867579908675799,0.006729062006343156
CRIME,2,11,111777,RF,Fairlearn,,0.0001,,0.6365914786967418,0.05083713850837146,5.507254283002112
CRIME,2,11,111777,RF,Fairlearn,,0.5,,0.6616541353383458,0.010350076103500805,5.485470725994674
CRIME,2,11,111777,RF,Fairlearn,,1.0,,0.6616541353383458,0.05304414003044139,5.4190318180044414
CRIME,2,11,111777,RF,Fairlearn,,2.5,,0.8345864661654135,0.5050228310502283,6.550687957991613
CRIME,2,11,111777,RF,Fairlearn,,5.0,,0.8220551378446115,0.5611872146118722,7.803107560990611
CRIME,2,11,111777,RF,Fairlearn,,10.0,,0.8220551378446115,0.47922374429223746,5.660374276005314
CRIME,2,11,111777,GBM,Unfair,,,,0.8220551378446115,0.6473363774733638,0.0010061220091301948
CRIME,2,11,111777,GBM,Our Eps-Fair,0.0,,,0.6491228070175439,0.10350076103500766,0.0050407740054652095
CRIME,2,11,111777,GBM,Our Eps-Fair,0.1,,,0.6766917293233082,0.0012937595129376422,0.005425160998129286
CRIME,2,11,111777,GBM,Our Eps-Fair,0.2,,,0.7192982456140351,0.09794520547945212,0.007757508996292017
CRIME,2,11,111777,GBM,Our Eps-Fair,0.3,,,0.7619047619047619,0.21088280060882802,0.00426560000050813
CRIME,2,11,111777,GBM,Our Eps-Fair,0.4,,,0.7894736842105263,0.3238203957382039,0.005957664005109109
CRIME,2,11,111777,GBM,Our Eps-Fair,0.5,,,0.8095238095238095,0.4250380517503805,0.005505929992068559
CRIME,2,11,111777,GBM,Fairlearn,,0.0001,,0.6616541353383458,0.029071537290715432,1.0285148039984051
CRIME,2,11,111777,GBM,Fairlearn,,0.5,,0.6591478696741855,0.010958904109588996,0.9033264130121097
CRIME,2,11,111777,GBM,Fairlearn,,1.0,,0.6466165413533834,0.06217656012176559,1.2091161670105066
CRIME,2,11,111777,GBM,Fairlearn,,2.5,,0.8270676691729323,0.4994672754946728,1.1317032679944532
CRIME,2,11,111777,GBM,Fairlearn,,5.0,,0.8270676691729323,0.4994672754946728,1.1935282619961072
CRIME,2,11,111777,GBM,Fairlearn,,10.0,,0.8145363408521303,0.4452815829528159,1.2703944429958938
CRIME,2,11,111777,NN,Unfair,,,,0.8295739348370927,0.6536529680365297,
CRIME,2,11,111777,NN,Our Eps-Fair,0.01,,,0.6491228070175439,0.09086757990867583,0.005700120993424207
CRIME,2,11,111777,NN,Our Eps-Fair,0.1,,,0.6892230576441103,0.03477929984779299,0.0055127520026871935
CRIME,2,11,111777,NN,Our Eps-Fair,0.3,,,0.7644110275689223,0.27694063926940643,0.007446454997989349
CRIME,2,11,111777,NN,Our Eps-Fair,0.5,,,0.8070175438596491,0.47998477929984784,0.0032870139984879643
CRIME,2,11,111777,NN,Our Eps-Fair,0.9,,,0.8295739348370927,0.6536529680365297,0.000891932999365963
CRIME,2,11,111777,NN,Fair-adversarial,,,0.01,0.8245614035087719,0.6254946727549466,1.6531338519998826
CRIME,2,11,111777,NN,Fair-adversarial,,,0.1,0.8295739348370927,0.5941400304414004,1.6171042490022955
CRIME,2,11,111777,NN,Fair-adversarial,,,0.5,0.7694235588972431,0.2766362252663623,1.6560036199953174
CRIME,2,11,111777,NN,Fair-adversarial,,,0.9,0.6040100250626567,0.1952054794520548,1.791863459002343
CRIME,2,11,111777,NN,Fair-adversarial,,,1.0,0.5889724310776943,0.2053272450532725,1.6509244420012692
CRIME,2,12,121777,reglog,Unfair,,,,0.849624060150376,0.6991959798994974,0.00018623100186232477
CRIME,2,12,121777,reglog,Our Eps-Fair,0.0,,,0.6516290726817042,0.007989949748743785,0.0061805639998055995
CRIME,2,12,121777,reglog,Our Eps-Fair,0.1,,,0.7017543859649122,0.12246231155778897,0.004127487001824193
CRIME,2,12,121777,reglog,Our Eps-Fair,0.2,,,0.7443609022556391,0.2177889447236181,0.006201031996170059
CRIME,2,12,121777,reglog,Our Eps-Fair,0.3,,,0.7744360902255639,0.2980653266331659,0.005636575006064959
CRIME,2,12,121777,reglog,Our Eps-Fair,0.4,,,0.7769423558897243,0.3631909547738693,0.007283950995770283
CRIME,2,12,121777,reglog,Our Eps-Fair,0.5,,,0.8245614035087719,0.5287437185929649,0.006715688010444865
CRIME,2,12,121777,reglog,Fairlearn,,0.0001,,0.6666666666666666,0.007814070351758795,0.3545935419970192
CRIME,2,12,121777,reglog,Fairlearn,,0.5,,0.6516290726817042,0.007814070351758795,0.44185030000517145
CRIME,2,12,121777,reglog,Fairlearn,,1.0,,0.6466165413533834,0.017839195979899525,0.3479653880058322
CRIME,2,12,121777,reglog,Fairlearn,,2.5,,0.8320802005012531,0.5538442211055277,0.5001963780086953
CRIME,2,12,121777,reglog,Fairlearn,,5.0,,0.8220551378446115,0.6140201005025127,0.4433018929994432
CRIME,2,12,121777,reglog,Fairlearn,,10.0,,0.8195488721804511,0.6089949748743719,0.3180378740071319
CRIME,2,12,121777,RF,Unfair,,,,0.8320802005012531,0.6640954773869346,0.007556965996627696
CRIME,2,12,121777,RF,Our Eps-Fair,0.0,,,0.681704260651629,0.06241206030150753,0.008835885004373267
CRIME,2,12,121777,RF,Our Eps-Fair,0.1,,,0.706766917293233,0.13253768844221103,0.008468500003800727
CRIME,2,12,121777,RF,Our Eps-Fair,0.2,,,0.7268170426065163,0.2026633165829146,0.005100889000459574
CRIME,2,12,121777,RF,Our Eps-Fair,0.3,,,0.7518796992481203,0.30298994974874377,0.008725217005121522
CRIME,2,12,121777,RF,Our Eps-Fair,0.4,,,0.7819548872180451,0.38319095477386933,0.0065104620007332414
CRIME,2,12,121777,RF,Our Eps-Fair,0.5,,,0.8195488721804511,0.5386180904522613,0.011663596000289544
CRIME,2,12,121777,RF,Fairlearn,,0.0001,,0.6491228070175439,0.04748743718592974,4.249474727999768
CRIME,2,12,121777,RF,Fairlearn,,0.5,,0.6641604010025063,0.027361809045226226,4.643604096010677
CRIME,2,12,121777,RF,Fairlearn,,1.0,,0.6616541353383458,0.012437185929648265,4.2197575899917865
CRIME,2,12,121777,RF,Fairlearn,,2.5,,0.8245614035087719,0.598894472361809,4.92687780399865
CRIME,2,12,121777,RF,Fairlearn,,5.0,,0.8195488721804511,0.6490954773869346,4.198316084002727
CRIME,2,12,121777,RF,Fairlearn,,10.0,,0.8295739348370927,0.6289949748743718,4.279826979996869
CRIME,2,12,121777,GBM,Unfair,,,,0.8345864661654135,0.6992964824120602,0.001096659994800575
CRIME,2,12,121777,GBM,Our Eps-Fair,0.0,,,0.681704260651629,0.0321356783919598,0.004373191011836752
CRIME,2,12,121777,GBM,Our Eps-Fair,0.1,,,0.7218045112781954,0.13246231155778898,0.0033993289980571717
CRIME,2,12,121777,GBM,Our Eps-Fair,0.2,,,0.7167919799498746,0.19253768844221109,0.00515291299961973
CRIME,2,12,121777,GBM,Our Eps-Fair,0.3,,,0.7468671679197995,0.30278894472361806,0.007856208991142921
CRIME,2,12,121777,GBM,Our Eps-Fair,0.4,,,0.7719298245614035,0.3831155778894473,0.005481580999912694
CRIME,2,12,121777,GBM,Our Eps-Fair,0.5,,,0.7894736842105263,0.47849246231155784,0.005293169990181923
CRIME,2,12,121777,GBM,Fairlearn,,0.0001,,0.6666666666666666,0.027788944723618036,1.4489912540011574
CRIME,2,12,121777,GBM,Fairlearn,,0.5,,0.6791979949874687,0.012864321608040186,1.426546539994888
CRIME,2,12,121777,GBM,Fairlearn,,1.0,,0.6516290726817042,0.0023366834170854833,1.8640162590018008
CRIME,2,12,121777,GBM,Fairlearn,,2.5,,0.8045112781954887,0.5587688442211056,1.8140162660129135
CRIME,2,12,121777,GBM,Fairlearn,,5.0,,0.8095238095238095,0.5487688442211056,1.5748950339911971
CRIME,2,12,121777,GBM,Fairlearn,,10.0,,0.7819548872180451,0.4935678391959799,1.8383550940052373
CRIME,2,12,121777,NN,Unfair,,,,0.8370927318295739,0.6940954773869347,
CRIME,2,12,121777,NN,Our Eps-Fair,0.01,,,0.6741854636591479,0.03731155778894474,0.005832216003909707
CRIME,2,12,121777,NN,Our Eps-Fair,0.1,,,0.6992481203007519,0.09748743718592967,0.006491867010481656
CRIME,2,12,121777,NN,Our Eps-Fair,0.3,,,0.7744360902255639,0.2980402010050251,0.005139550004969351
CRIME,2,12,121777,NN,Our Eps-Fair,0.5,,,0.8045112781954887,0.4685678391959799,0.006420552992494777
CRIME,2,12,121777,NN,Our Eps-Fair,0.9,,,0.8370927318295739,0.6940954773869347,0.0009309510060120374
CRIME,2,12,121777,NN,Fair-adversarial,,,0.01,0.8345864661654135,0.6389447236180904,1.6399627030041302
CRIME,2,12,121777,NN,Fair-adversarial,,,0.1,0.8370927318295739,0.5939447236180905,1.6545575759955682
CRIME,2,12,121777,NN,Fair-adversarial,,,0.5,0.7218045112781954,0.20371859296482414,1.6202627140010009
CRIME,2,12,121777,NN,Fair-adversarial,,,0.9,0.5087719298245614,0.2112814070351759,1.649031995999394
CRIME,2,12,121777,NN,Fair-adversarial,,,1.0,0.531328320802005,0.17613065326633165,1.738351979991421
CRIME,2,13,131777,reglog,Unfair,,,,0.8095238095238095,0.6371955869642585,0.00018197800091002136
CRIME,2,13,131777,reglog,Our Eps-Fair,0.0,,,0.6140350877192983,0.1122832884234074,0.00638769099896308
CRIME,2,13,131777,reglog,Our Eps-Fair,0.1,,,0.6541353383458647,0.010854644364228005,0.008562861999962479
CRIME,2,13,131777,reglog,Our Eps-Fair,0.2,,,0.6992481203007519,0.10399613605165492,0.005713209990062751
CRIME,2,13,131777,reglog,Our Eps-Fair,0.3,,,0.7293233082706767,0.1862321419492603,0.0062057369941612706
CRIME,2,13,131777,reglog,Our Eps-Fair,0.4,,,0.7418546365914787,0.2729930347246937,0.0069897679932182655
CRIME,2,13,131777,reglog,Our Eps-Fair,0.5,,,0.7669172932330827,0.3889369057908384,0.008552366009098478
CRIME,2,13,131777,reglog,Fairlearn,,0.0001,,0.6390977443609023,0.053917331841984883,0.4778298309975071
CRIME,2,13,131777,reglog,Fairlearn,,0.5,,0.6340852130325815,0.06296710559764096,0.704986523007392
CRIME,2,13,131777,reglog,Fairlearn,,1.0,,0.6416040100250626,0.04829935431389498,0.573055854998529
CRIME,2,13,131777,reglog,Fairlearn,,2.5,,0.7919799498746867,0.5142355991662007,0.5133977479999885
CRIME,2,13,131777,reglog,Fairlearn,,5.0,,0.8095238095238095,0.5571457623671768,0.7218474399996921
CRIME,2,13,131777,reglog,Fairlearn,,10.0,,0.7969924812030075,0.5334282373277747,1.0390688579936977
CRIME,2,13,131777,RF,Unfair,,,,0.8095238095238095,0.58180385378006,0.013339372992049903
CRIME,2,13,131777,RF,Our Eps-Fair,0.0,,,0.5839598997493735,0.1687681122578677,0.008168930988176726
CRIME,2,13,131777,RF,Our Eps-Fair,0.1,,,0.6340852130325815,0.012252783568051262,0.021132805006345734
CRIME,2,13,131777,RF,Our Eps-Fair,0.2,,,0.6842105263157895,0.09931872489704613,0.00926744198659435
CRIME,2,13,131777,RF,Our Eps-Fair,0.3,,,0.7518796992481203,0.28641517108139714,0.005390054007875733
CRIME,2,13,131777,RF,Our Eps-Fair,0.4,,,0.7744360902255639,0.3427474706390768,0.0035960220120614395
CRIME,2,13,131777,RF,Our Eps-Fair,0.5,,,0.7869674185463659,0.4092226346026742,0.009036641000420786
CRIME,2,13,131777,RF,Fairlearn,,0.0001,,0.6090225563909775,0.007244903147084258,6.987097409000853
CRIME,2,13,131777,RF,Fairlearn,,0.5,,0.6140350877192983,0.0007117799583100659,5.99227043800056
CRIME,2,13,131777,RF,Fairlearn,,1.0,,0.6365914786967418,0.013193349941532428,7.718829100995208
CRIME,2,13,131777,RF,Fairlearn,,2.5,,0.7944862155388471,0.4836544816716661,7.120543684999575
CRIME,2,13,131777,RF,Fairlearn,,5.0,,0.7919799498746867,0.4566576846814785,6.639833569992334
CRIME,2,13,131777,RF,Fairlearn,,10.0,,0.8020050125313283,0.5287508261731659,6.467196853001951
CRIME,2,13,131777,GBM,Unfair,,,,0.8045112781954887,0.58180385378006,0.0019000469910679385
CRIME,2,13,131777,GBM,Our Eps-Fair,0.0,,,0.5939849624060151,0.14052570034063755,0.009392422987730242
CRIME,2,13,131777,GBM,Our Eps-Fair,0.1,,,0.631578947368421,0.042528852509024384,0.006496274014352821
CRIME,2,13,131777,GBM,Our Eps-Fair,0.2,,,0.6541353383458647,0.03736844781127663,0.008325911010615528
CRIME,2,13,131777,GBM,Our Eps-Fair,0.3,,,0.7142857142857143,0.2311759621739794,0.015061151003465056
CRIME,2,13,131777,GBM,Our Eps-Fair,0.4,,,0.731829573934837,0.32698662870506895,0.0051379469950916246
CRIME,2,13,131777,GBM,Our Eps-Fair,0.5,,,0.7694235588972431,0.41374752148050237,0.007520831990404986
CRIME,2,13,131777,GBM,Fairlearn,,0.0001,,0.6090225563909775,0.08683715491382382,1.4514818870084127
CRIME,2,13,131777,GBM,Fairlearn,,0.5,,0.6115288220551378,0.06202653922415985,1.3331211890035775
CRIME,2,13,131777,GBM,Fairlearn,,1.0,,0.6365914786967418,0.004601149016218442,1.4851926640112652
CRIME,2,13,131777,GBM,Fairlearn,,2.5,,0.7844611528822055,0.5118968935888963,1.5873414700035937
CRIME,2,13,131777,GBM,Fairlearn,,5.0,,0.7844611528822055,0.4825613910214043,1.3771290199947543
CRIME,2,13,131777,GBM,Fairlearn,,10.0,,0.7794486215538847,0.46446184351009207,1.589715554000577
CRIME,2,13,131777,NN,Unfair,,,,0.8020050125313283,0.5896080126086736,
CRIME,2,13,131777,NN,Our Eps-Fair,0.01,,,0.606516290726817,0.07793990543494844,0.0055214949970832095
CRIME,2,13,131777,NN,Our Eps-Fair,0.1,,,0.6365914786967418,0.004296100462656993,0.004746802005684003
CRIME,2,13,131777,NN,Our Eps-Fair,0.3,,,0.6992481203007519,0.23882759672581222,0.006544456991832703
CRIME,2,13,131777,NN,Our Eps-Fair,0.5,,,0.7669172932330827,0.420458589658854,0.010442546001286246
CRIME,2,13,131777,NN,Our Eps-Fair,0.9,,,0.8020050125313283,0.5896080126086736,0.0009704090043669567
CRIME,2,13,131777,NN,Fair-adversarial,,,0.01,0.8095238095238095,0.6234684020539936,1.6909341160062468
CRIME,2,13,131777,NN,Fair-adversarial,,,0.1,0.7794486215538847,0.4568102089582592,1.6393031320039881
CRIME,2,13,131777,NN,Fair-adversarial,,,0.5,0.6616541353383458,0.008693883776501099,1.6205812449916266
CRIME,2,13,131777,NN,Fair-adversarial,,,0.9,0.5664160401002506,0.2095429355839138,1.6883929119940149
CRIME,2,13,131777,NN,Fair-adversarial,,,1.0,0.5914786967418546,0.14899079770196766,1.7378216320066713
CRIME,2,14,141777,reglog,Unfair,,,,0.8521303258145363,0.7109777015437393,0.0002310659911017865
CRIME,2,14,141777,reglog,Our Eps-Fair,0.0,,,0.6791979949874687,0.012435677530017175,0.021254872001009062
CRIME,2,14,141777,reglog,Our Eps-Fair,0.1,,,0.7142857142857143,0.11308142467964893,0.009834982003667392
CRIME,2,14,141777,reglog,Our Eps-Fair,0.2,,,0.7393483709273183,0.16340429825446473,0.017167411002446897
CRIME,2,14,141777,reglog,Our Eps-Fair,0.3,,,0.7694235588972431,0.26341943295328424,0.02044856100110337
CRIME,2,14,141777,reglog,Our Eps-Fair,0.4,,,0.7844611528822055,0.364065180102916,0.01508972400915809
CRIME,2,14,141777,reglog,Our Eps-Fair,0.5,,,0.8145363408521303,0.4351478155584704,0.012623786999029107
CRIME,2,14,141777,reglog,Fairlearn,,0.0001,,0.6791979949874687,0.028781152255070164,0.3119893489929382
CRIME,2,14,141777,reglog,Fairlearn,,0.5,,0.6716791979949874,0.0033044092422560567,0.45104570500552654
CRIME,2,14,141777,reglog,Fairlearn,,1.0,,0.6766917293233082,0.012738371506407054,0.4126992009987589
CRIME,2,14,141777,reglog,Fairlearn,,2.5,,0.8446115288220551,0.5351629502572899,0.3889363319904078
CRIME,2,14,141777,reglog,Fairlearn,,5.0,,0.8521303258145363,0.5914640298658056,0.33685990700905677
CRIME,2,14,141777,reglog,Fairlearn,,10.0,,0.849624060150376,0.5861164362829179,0.3538800010137493
CRIME,2,14,141777,RF,Unfair,,,,0.8521303258145363,0.6606548279689234,0.0012158389872638509
CRIME,2,14,141777,RF,Our Eps-Fair,0.0,,,0.6741854636591479,0.04921299566138637,0.009167930998955853
CRIME,2,14,141777,RF,Our Eps-Fair,0.1,,,0.7092731829573935,0.041998789224094446,0.004722205005236901
CRIME,2,14,141777,RF,Our Eps-Fair,0.2,,,0.7368421052631579,0.12786298052668754,0.011351004999596626
CRIME,2,14,141777,RF,Our Eps-Fair,0.3,,,0.7669172932330827,0.25807183937039657,0.013087479994283058
CRIME,2,14,141777,RF,Our Eps-Fair,0.4,,,0.7844611528822055,0.38230249218040563,0.017283813009271398
CRIME,2,14,141777,RF,Our Eps-Fair,0.5,,,0.8220551378446115,0.548683281202704,0.003963909999583848
CRIME,2,14,141777,RF,Fairlearn,,0.0001,,0.6466165413533834,0.022500252244980312,0.9527922699926421
CRIME,2,14,141777,RF,Fairlearn,,0.5,,0.6516290726817042,0.01619412773685802,1.3090839530050289
CRIME,2,14,141777,RF,Fairlearn,,1.0,,0.6416040100250626,0.04734638280698217,1.1372400899999775
CRIME,2,14,141777,RF,Fairlearn,,2.5,,0.8045112781954887,0.5326405004540409,1.0363737930019852
CRIME,2,14,141777,RF,Fairlearn,,5.0,,0.8045112781954887,0.5326405004540409,1.0931471149960998
CRIME,2,14,141777,RF,Fairlearn,,10.0,,0.8370927318295739,0.6405256785389971,1.1268662030051928
CRIME,2,14,141777,GBM,Unfair,,,,0.8421052631578947,0.7090858641913026,0.0015060959995025769
CRIME,2,14,141777,GBM,Our Eps-Fair,0.0,,,0.6867167919799498,0.014302290384421434,0.004768387996591628
CRIME,2,14,141777,GBM,Our Eps-Fair,0.1,,,0.7017543859649122,0.034128745837957886,0.006272406011703424
CRIME,2,14,141777,GBM,Our Eps-Fair,0.2,,,0.731829573934837,0.10331954394107556,0.009226758003933355
CRIME,2,14,141777,GBM,Our Eps-Fair,0.3,,,0.7644110275689223,0.25083240843507215,0.006738367999787442
CRIME,2,14,141777,GBM,Our Eps-Fair,0.4,,,0.7769423558897243,0.3171980627585511,0.007987792007043026
CRIME,2,14,141777,GBM,Our Eps-Fair,0.5,,,0.8020050125313283,0.42853899707395826,0.0047780970053281635
CRIME,2,14,141777,GBM,Fairlearn,,0.0001,,0.6791979949874687,0.05395520129149428,1.5581634970003506
CRIME,2,14,141777,GBM,Fairlearn,,0.5,,0.6716791979949874,0.0662143073352841,1.7306648420053534
CRIME,2,14,141777,GBM,Fairlearn,,1.0,,0.6541353383458647,0.03130360205831906,1.509019143995829
CRIME,2,14,141777,GBM,Fairlearn,,2.5,,0.8295739348370927,0.5829633740288568,1.6224873729952378
CRIME,2,14,141777,GBM,Fairlearn,,5.0,,0.8070175438596491,0.5669205932801937,1.8369513579964405
CRIME,2,14,141777,GBM,Fairlearn,,10.0,,0.8370927318295739,0.6185046917566341,1.8894665940024424
CRIME,2,14,141777,NN,Unfair,,,,0.8621553884711779,0.6826758147512865,
CRIME,2,14,141777,NN,Our Eps-Fair,0.01,,,0.6766917293233082,0.006129553021894885,0.009296057993196882
CRIME,2,14,141777,NN,Our Eps-Fair,0.1,,,0.7042606516290727,0.058344263949147435,0.006553152998094447
CRIME,2,14,141777,NN,Our Eps-Fair,0.3,,,0.7694235588972431,0.25461608313994555,0.006453942012740299
CRIME,2,14,141777,NN,Our Eps-Fair,0.5,,,0.8170426065162907,0.45999394612047223,0.007985499003552832
CRIME,2,14,141777,NN,Our Eps-Fair,0.9,,,0.8621553884711779,0.6826758147512865,0.0010875930020119995
CRIME,2,14,141777,NN,Fair-adversarial,,,0.01,0.8696741854636592,0.7062607204116638,1.7252101490012137
CRIME,2,14,141777,NN,Fair-adversarial,,,0.1,0.8446115288220551,0.6194632226818686,1.6847693250019802
CRIME,2,14,141777,NN,Fair-adversarial,,,0.5,0.5789473684210527,0.12332257088083948,1.7611993689934025
CRIME,2,14,141777,NN,Fair-adversarial,,,0.9,0.5488721804511278,0.1944052063363939,1.6521362960047554
CRIME,2,14,141777,NN,Fair-adversarial,,,1.0,0.5864661654135338,0.11043285238623757,1.664095932006603
CRIME,2,15,151777,reglog,Unfair,,,,0.8446115288220551,0.7149067059840358,0.00014118700346443802
CRIME,2,15,151777,reglog,Our Eps-Fair,0.0,,,0.6867167919799498,0.08012608673547211,0.004446042003110051
CRIME,2,15,151777,reglog,Our Eps-Fair,0.1,,,0.7268170426065163,0.18155473079465145,0.004592452009092085
CRIME,2,15,151777,reglog,Our Eps-Fair,0.2,,,0.7669172932330827,0.27861101225278356,0.0061840419948566705
CRIME,2,15,151777,reglog,Our Eps-Fair,0.3,,,0.8045112781954887,0.3878438151405766,0.010779396005091257
CRIME,2,15,151777,reglog,Our Eps-Fair,0.4,,,0.8220551378446115,0.5637043062687478,0.007431849997374229
CRIME,2,15,151777,reglog,Our Eps-Fair,0.5,,,0.8320802005012531,0.6042757638924195,0.008849983001709916
CRIME,2,15,151777,reglog,Fairlearn,,0.0001,,0.656641604010025,0.007092378870303562,0.47719840198988095
CRIME,2,15,151777,reglog,Fairlearn,,0.5,,0.6917293233082706,0.06281458132086026,0.46370122500229627
CRIME,2,15,151777,reglog,Fairlearn,,1.0,,0.6741854636591479,0.053917331841984883,0.5188483549864031
CRIME,2,15,151777,reglog,Fairlearn,,2.5,,0.8095238095238095,0.5287508261731659,0.6439705840020906
CRIME,2,15,151777,reglog,Fairlearn,,5.0,,0.8245614035087719,0.6381361533377395,0.43394685500243213
CRIME,2,15,151777,reglog,Fairlearn,,10.0,,0.8245614035087719,0.6381361533377395,0.564088969011209
CRIME,2,15,151777,RF,Unfair,,,,0.8345864661654135,0.6935278865219381,0.010085835994686931
CRIME,2,15,151777,RF,Our Eps-Fair,0.0,,,0.6892230576441103,0.016142152625959638,0.01601474299968686
CRIME,2,15,151777,RF,Our Eps-Fair,0.1,,,0.7268170426065163,0.15252427678072095,0.027121207996970043
CRIME,2,15,151777,RF,Our Eps-Fair,0.2,,,0.7619047619047619,0.29889674106461944,0.005727588999434374
CRIME,2,15,151777,RF,Our Eps-Fair,0.3,,,0.7769423558897243,0.380039656311963,0.008958462000009604
CRIME,2,15,151777,RF,Our Eps-Fair,0.4,,,0.8145363408521303,0.5106512786618537,0.005918917988310568
CRIME,2,15,151777,RF,Our Eps-Fair,0.5,,,0.8345864661654135,0.6370430626874777,0.004827344004297629
CRIME,2,15,151777,RF,Fairlearn,,0.0001,,0.6641604010025063,0.033631603030149004,4.433211730007315
CRIME,2,15,151777,RF,Fairlearn,,0.5,,0.6466165413533834,0.009914077990746839,4.295190304997959
CRIME,2,15,151777,RF,Fairlearn,,1.0,,0.6917293233082706,0.08559153998678126,4.927228406013455
CRIME,2,15,151777,RF,Fairlearn,,2.5,,0.8245614035087719,0.6019370583151151,4.462066540989326
CRIME,2,15,151777,RF,Fairlearn,,5.0,,0.8245614035087719,0.6019370583151151,4.6563814869878115
CRIME,2,15,151777,RF,Fairlearn,,10.0,,0.8170426065162907,0.5546545325130917,4.249840803007828
CRIME,2,15,151777,GBM,Unfair,,,,0.8370927318295739,0.7205246835121257,0.0009893569949781522
CRIME,2,15,151777,GBM,Our Eps-Fair,0.0,,,0.6741854636591479,0.01428644059179418,0.008394133008550853
CRIME,2,15,151777,GBM,Our Eps-Fair,0.1,,,0.7268170426065163,0.14238141237480306,0.006007577001582831
CRIME,2,15,151777,GBM,Our Eps-Fair,0.2,,,0.7393483709273183,0.20776348568813874,0.006477836999692954
CRIME,2,15,151777,GBM,Our Eps-Fair,0.3,,,0.7619047619047619,0.3463317911434237,0.008742934005567804
CRIME,2,15,151777,GBM,Our Eps-Fair,0.4,,,0.8070175438596491,0.5209466673445524,0.006402797996997833
CRIME,2,15,151777,GBM,Our Eps-Fair,0.5,,,0.8320802005012531,0.6495246326707,0.00803113600704819
CRIME,2,15,151777,GBM,Fairlearn,,0.0001,,0.6791979949874687,0.013498398495093822,0.8329285700019682
CRIME,2,15,151777,GBM,Fairlearn,,0.5,,0.681704260651629,0.0167776704458793,0.8127197740104748
CRIME,2,15,151777,GBM,Fairlearn,,1.0,,0.681704260651629,0.07107631297981593,1.0909609859954799
CRIME,2,15,151777,GBM,Fairlearn,,2.5,,0.8295739348370927,0.6109868320707712,0.9522280870005488
CRIME,2,15,151777,GBM,Fairlearn,,5.0,,0.8295739348370927,0.6109868320707712,0.9281317979912274
CRIME,2,15,151777,GBM,Fairlearn,,10.0,,0.8170426065162907,0.5738471706746657,1.0800441329920432
CRIME,2,15,151777,NN,Unfair,,,,0.8370927318295739,0.699145864050028,
CRIME,2,15,151777,NN,Our Eps-Fair,0.01,,,0.7092731829573935,0.1027505211246123,0.008353479002835229
CRIME,2,15,151777,NN,Our Eps-Fair,0.1,,,0.7343358395989975,0.18498652702221768,0.00857204401108902
CRIME,2,15,151777,NN,Our Eps-Fair,0.3,,,0.7944862155388471,0.4059433626518888,0.0049747849989216775
CRIME,2,15,151777,NN,Our Eps-Fair,0.5,,,0.8421052631578947,0.6281458132086024,0.007331818007514812
CRIME,2,15,151777,NN,Our Eps-Fair,0.9,,,0.8370927318295739,0.699145864050028,0.001010965002933517
CRIME,2,15,151777,NN,Fair-adversarial,,,0.01,0.8446115288220551,0.7532919823071839,1.7500017150014173
CRIME,2,15,151777,NN,Fair-adversarial,,,0.1,0.8045112781954887,0.4638263256901724,1.7101507289917208
CRIME,2,15,151777,NN,Fair-adversarial,,,0.5,0.7393483709273183,0.20649245004829936,1.5875797780026915
CRIME,2,15,151777,NN,Fair-adversarial,,,0.9,0.5889724310776943,0.1472876099445829,1.6816172819962958
CRIME,2,15,151777,NN,Fair-adversarial,,,1.0,0.5889724310776943,0.13823783618892682,1.6894864709902322
CRIME,2,16,161777,reglog,Unfair,,,,0.8370927318295739,0.7411873840445269,0.00023023899120744318
CRIME,2,16,161777,reglog,Our Eps-Fair,0.0,,,0.5914786967418546,0.0640074211502783,0.010859792004339397
CRIME,2,16,161777,reglog,Our Eps-Fair,0.1,,,0.6340852130325815,0.03469387755102049,0.023029860996757634
CRIME,2,16,161777,reglog,Our Eps-Fair,0.2,,,0.6842105263157895,0.1423005565862709,0.02163889400253538
CRIME,2,16,161777,reglog,Our Eps-Fair,0.3,,,0.7117794486215538,0.2237476808905381,0.0283010999992257
CRIME,2,16,161777,reglog,Our Eps-Fair,0.4,,,0.7719298245614035,0.35584415584415585,0.005416343003162183
CRIME,2,16,161777,reglog,Our Eps-Fair,0.5,,,0.7969924812030075,0.4461966604823748,0.00874664299772121
CRIME,2,16,161777,reglog,Fairlearn,,0.0001,,0.6616541353383458,0.0844155844155845,0.4130443610047223
CRIME,2,16,161777,reglog,Fairlearn,,0.5,,0.6491228070175439,0.06975881261595551,0.4168952859909041
CRIME,2,16,161777,reglog,Fairlearn,,1.0,,0.6691729323308271,0.09183673469387765,0.37235212601081
CRIME,2,16,161777,reglog,Fairlearn,,2.5,,0.8095238095238095,0.514656771799629,0.38907442400522996
CRIME,2,16,161777,reglog,Fairlearn,,5.0,,0.8345864661654135,0.62708719851577,0.36470174600253813
CRIME,2,16,161777,reglog,Fairlearn,,10.0,,0.8370927318295739,0.7224489795918367,0.4549337920034304
CRIME,2,16,161777,RF,Unfair,,,,0.8295739348370927,0.7044526901669759,0.009407949997694232
CRIME,2,16,161777,RF,Our Eps-Fair,0.0,,,0.656641604010025,0.045454545454545525,0.009774707999895327
CRIME,2,16,161777,RF,Our Eps-Fair,0.1,,,0.6842105263157895,0.12690166975881262,0.011012582006515004
CRIME,2,16,161777,RF,Our Eps-Fair,0.2,,,0.7368421052631579,0.24582560296846007,0.007680755006731488
CRIME,2,16,161777,RF,Our Eps-Fair,0.3,,,0.7593984962406015,0.32486085343228205,0.006277633990976028
CRIME,2,16,161777,RF,Our Eps-Fair,0.4,,,0.8045112781954887,0.44452690166975883,0.005208458998822607
CRIME,2,16,161777,RF,Our Eps-Fair,0.5,,,0.8220551378446115,0.5480519480519481,0.011164434006786905
CRIME,2,16,161777,RF,Fairlearn,,0.0001,,0.6190476190476191,0.038775510204081653,8.758604501999798
CRIME,2,16,161777,RF,Fairlearn,,0.5,,0.6165413533834586,0.02838589981447126,7.381290361008723
CRIME,2,16,161777,RF,Fairlearn,,1.0,,0.6716791979949874,0.1395176252319109,8.421635520004202
CRIME,2,16,161777,RF,Fairlearn,,2.5,,0.8195488721804511,0.6165120593692022,7.817360616012593
CRIME,2,16,161777,RF,Fairlearn,,5.0,,0.8295739348370927,0.6636363636363637,8.15303660799691
CRIME,2,16,161777,RF,Fairlearn,,10.0,,0.8295739348370927,0.6636363636363637,8.924175387990545
CRIME,2,16,161777,GBM,Unfair,,,,0.8170426065162907,0.6922077922077923,0.001025318997562863
CRIME,2,16,161777,GBM,Our Eps-Fair,0.0,,,0.6541353383458647,0.03469387755102049,0.00696792799863033
CRIME,2,16,161777,GBM,Our Eps-Fair,0.1,,,0.6766917293233082,0.11614100185528758,0.006897070998093113
CRIME,2,16,161777,GBM,Our Eps-Fair,0.2,,,0.7243107769423559,0.21873840445269016,0.005866873005288653
CRIME,2,16,161777,GBM,Our Eps-Fair,0.3,,,0.7493734335839599,0.3296846011131726,0.010796777001814917
CRIME,2,16,161777,GBM,Our Eps-Fair,0.4,,,0.7844611528822055,0.450278293135436,0.009199188003549352
CRIME,2,16,161777,GBM,Our Eps-Fair,0.5,,,0.8070175438596491,0.5927643784786643,0.008067403003224172
CRIME,2,16,161777,GBM,Fairlearn,,0.0001,,0.6390977443609023,0.05807050092764382,1.5094159220025176
CRIME,2,16,161777,GBM,Fairlearn,,0.5,,0.5889724310776943,0.008905380333951829,1.4983803599898238
CRIME,2,16,161777,GBM,Fairlearn,,1.0,,0.656641604010025,0.11651205936920223,1.5171157250006218
CRIME,2,16,161777,GBM,Fairlearn,,2.5,,0.8170426065162907,0.6758812615955473,1.4125743899930967
CRIME,2,16,161777,GBM,Fairlearn,,5.0,,0.8170426065162907,0.6571428571428573,1.5050034300074913
CRIME,2,16,161777,GBM,Fairlearn,,10.0,,0.8170426065162907,0.590352504638219,1.8677873050037306
CRIME,2,16,161777,NN,Unfair,,,,0.8370927318295739,0.7411873840445269,
CRIME,2,16,161777,NN,Our Eps-Fair,0.01,,,0.6015037593984962,0.04768089053803343,0.005020476994104683
CRIME,2,16,161777,NN,Our Eps-Fair,0.1,,,0.6441102756892231,0.03469387755102049,0.007786115005728789
CRIME,2,16,161777,NN,Our Eps-Fair,0.3,,,0.7443609022556391,0.28163265306122454,0.01112514799751807
CRIME,2,16,161777,NN,Our Eps-Fair,0.5,,,0.8070175438596491,0.5196660482374769,0.007298861994058825
CRIME,2,16,161777,NN,Our Eps-Fair,0.9,,,0.8370927318295739,0.7411873840445269,0.0010563889954937622
CRIME,2,16,161777,NN,Fair-adversarial,,,0.01,0.8370927318295739,0.6970315398886828,1.66113215299265
CRIME,2,16,161777,NN,Fair-adversarial,,,0.1,0.8471177944862155,0.6523191094619667,1.618148139998084
CRIME,2,16,161777,NN,Fair-adversarial,,,0.5,0.8245614035087719,0.5092764378478665,1.5989714140014257
CRIME,2,16,161777,NN,Fair-adversarial,,,0.9,0.5789473684210527,0.1829313543599258,1.7214119260024745
CRIME,2,16,161777,NN,Fair-adversarial,,,1.0,0.606516290726817,0.12597402597402596,1.704581951998989
CRIME,2,17,171777,reglog,Unfair,,,,0.8596491228070176,0.7825396825396826,0.0001714370009722188
CRIME,2,17,171777,reglog,Our Eps-Fair,0.0,,,0.7343358395989975,0.15132275132275136,0.00458855798933655
CRIME,2,17,171777,reglog,Our Eps-Fair,0.1,,,0.7644110275689223,0.22486772486772494,0.017468780002673157
CRIME,2,17,171777,reglog,Our Eps-Fair,0.2,,,0.7919799498746867,0.35873015873015873,0.009120964998146519
CRIME,2,17,171777,reglog,Our Eps-Fair,0.3,,,0.8245614035087719,0.4825396825396826,0.006349096001940779
CRIME,2,17,171777,reglog,Our Eps-Fair,0.4,,,0.8471177944862155,0.5576719576719578,0.004744587000459433
CRIME,2,17,171777,reglog,Our Eps-Fair,0.5,,,0.8596491228070176,0.5830687830687831,0.0073875100060831755
CRIME,2,17,171777,reglog,Fairlearn,,0.0001,,0.7167919799498746,0.098941798941799,0.34256787100457586
CRIME,2,17,171777,reglog,Fairlearn,,0.5,,0.7167919799498746,0.11851851851851852,0.3186441199941328
CRIME,2,17,171777,reglog,Fairlearn,,1.0,,0.7243107769423559,0.12328042328042327,0.31910844800586347
CRIME,2,17,171777,reglog,Fairlearn,,2.5,,0.8546365914786967,0.5835978835978837,0.33135494199814275
CRIME,2,17,171777,reglog,Fairlearn,,5.0,,0.8571428571428571,0.7095238095238096,0.28696735299308784
CRIME,2,17,171777,reglog,Fairlearn,,10.0,,0.8671679197994987,0.7582010582010582,0.29347139300080016
CRIME,2,17,171777,RF,Unfair,,,,0.8621553884711779,0.7164021164021164,0.006021527995471843
CRIME,2,17,171777,RF,Our Eps-Fair,0.0,,,0.7167919799498746,0.12592592592592594,0.008931310003390536
CRIME,2,17,171777,RF,Our Eps-Fair,0.1,,,0.7593984962406015,0.23915343915343923,0.005585920996963978
CRIME,2,17,171777,RF,Our Eps-Fair,0.2,,,0.7844611528822055,0.2994708994708995,0.005182482011150569
CRIME,2,17,171777,RF,Our Eps-Fair,0.3,,,0.8145363408521303,0.46031746031746035,0.006876447994727641
CRIME,2,17,171777,RF,Our Eps-Fair,0.4,,,0.8295739348370927,0.501058201058201,0.007599283009767532
CRIME,2,17,171777,RF,Our Eps-Fair,0.5,,,0.849624060150376,0.570899470899471,0.006102701008785516
CRIME,2,17,171777,RF,Fairlearn,,0.0001,,0.6867167919799498,0.10052910052910052,5.943736754998099
CRIME,2,17,171777,RF,Fairlearn,,0.5,,0.6766917293233082,0.12275132275132278,5.9419748289947165
CRIME,2,17,171777,RF,Fairlearn,,1.0,,0.6691729323308271,0.11798941798941803,4.977510002005147
CRIME,2,17,171777,RF,Fairlearn,,2.5,,0.8370927318295739,0.5957671957671957,6.109600904004765
CRIME,2,17,171777,RF,Fairlearn,,5.0,,0.8270676691729323,0.5947089947089947,5.769169253995642
CRIME,2,17,171777,RF,Fairlearn,,10.0,,0.8395989974937343,0.5619047619047619,5.882402937000734
CRIME,2,17,171777,GBM,Unfair,,,,0.849624060150376,0.7328042328042328,0.0010911800054600462
CRIME,2,17,171777,GBM,Our Eps-Fair,0.0,,,0.7243107769423559,0.13756613756613761,0.004611066993675195
CRIME,2,17,171777,GBM,Our Eps-Fair,0.1,,,0.7568922305764411,0.22222222222222227,0.005510326009243727
CRIME,2,17,171777,GBM,Our Eps-Fair,0.2,,,0.7869674185463659,0.30370370370370375,0.0053758650028612465
CRIME,2,17,171777,GBM,Our Eps-Fair,0.3,,,0.8295739348370927,0.4211640211640212,0.005928017999394797
CRIME,2,17,171777,GBM,Our Eps-Fair,0.4,,,0.8320802005012531,0.4846560846560846,0.006287607000558637
CRIME,2,17,171777,GBM,Our Eps-Fair,0.5,,,0.8345864661654135,0.5396825396825398,0.005003758007660508
CRIME,2,17,171777,GBM,Fairlearn,,0.0001,,0.6892230576441103,0.0851851851851852,1.8372714169963729
CRIME,2,17,171777,GBM,Fairlearn,,0.5,,0.6842105263157895,0.07513227513227516,1.3659429540130077
CRIME,2,17,171777,GBM,Fairlearn,,1.0,,0.7218045112781954,0.16243386243386249,1.8640778390108608
CRIME,2,17,171777,GBM,Fairlearn,,2.5,,0.8521303258145363,0.5862433862433862,1.4977785310038598
CRIME,2,17,171777,GBM,Fairlearn,,5.0,,0.849624060150376,0.5915343915343916,1.527322878013365
CRIME,2,17,171777,GBM,Fairlearn,,10.0,,0.8395989974937343,0.5613756613756613,1.539429997006664
CRIME,2,17,171777,NN,Unfair,,,,0.8446115288220551,0.7306878306878306,
CRIME,2,17,171777,NN,Our Eps-Fair,0.01,,,0.7017543859649122,0.06666666666666665,0.008745270009967498
CRIME,2,17,171777,NN,Our Eps-Fair,0.1,,,0.7593984962406015,0.21428571428571436,0.010658747996785678
CRIME,2,17,171777,NN,Our Eps-Fair,0.3,,,0.8446115288220551,0.4777777777777778,0.006458711999584921
CRIME,2,17,171777,NN,Our Eps-Fair,0.5,,,0.8421052631578947,0.6338624338624339,0.007126601994968951
CRIME,2,17,171777,NN,Our Eps-Fair,0.9,,,0.8446115288220551,0.7306878306878306,0.001060317998053506
CRIME,2,17,171777,NN,Fair-adversarial,,,0.01,0.8471177944862155,0.7682539682539682,1.6178994749934645
CRIME,2,17,171777,NN,Fair-adversarial,,,0.1,0.849624060150376,0.7015873015873016,1.6827099789952626
CRIME,2,17,171777,NN,Fair-adversarial,,,0.5,0.8370927318295739,0.5,1.6831346149992896
CRIME,2,17,171777,NN,Fair-adversarial,,,0.9,0.5488721804511278,0.11746031746031749,1.6940638539963402
CRIME,2,17,171777,NN,Fair-adversarial,,,1.0,0.6992481203007519,0.155026455026455,1.7053294009965612
CRIME,2,18,181777,reglog,Unfair,,,,0.8446115288220551,0.6840182648401827,0.000190677004866302
CRIME,2,18,181777,reglog,Our Eps-Fair,0.0,,,0.7117794486215538,0.052359208523592105,0.007492635995731689
CRIME,2,18,181777,reglog,Our Eps-Fair,0.1,,,0.7669172932330827,0.17480974124809745,0.010563132993411273
CRIME,2,18,181777,reglog,Our Eps-Fair,0.2,,,0.7994987468671679,0.2571537290715373,0.015234078993671574
CRIME,2,18,181777,reglog,Our Eps-Fair,0.3,,,0.8195488721804511,0.37245053272450535,0.020001015000161715
CRIME,2,18,181777,reglog,Our Eps-Fair,0.4,,,0.8270676691729323,0.4083713850837139,0.017498232002253644
CRIME,2,18,181777,reglog,Our Eps-Fair,0.5,,,0.8370927318295739,0.5034246575342466,0.010938746010651812
CRIME,2,18,181777,reglog,Fairlearn,,0.0001,,0.6791979949874687,0.0395738203957382,0.4956033140042564
CRIME,2,18,181777,reglog,Fairlearn,,0.5,,0.6691729323308271,0.0487062404870624,0.6504953469993779
CRIME,2,18,181777,reglog,Fairlearn,,1.0,,0.6641604010025063,0.05068493150684927,0.6450195870129392
CRIME,2,18,181777,reglog,Fairlearn,,2.5,,0.8345864661654135,0.5818112633181127,0.5148865159862908
CRIME,2,18,181777,reglog,Fairlearn,,5.0,,0.8345864661654135,0.5818112633181127,0.7248546820046613
CRIME,2,18,181777,reglog,Fairlearn,,10.0,,0.8370927318295739,0.5661339421613394,0.5551108649960952
CRIME,2,18,181777,RF,Unfair,,,,0.8345864661654135,0.6425418569254187,0.003434469996136613
CRIME,2,18,181777,RF,Our Eps-Fair,0.0,,,0.7268170426065163,0.08866057838660579,0.016371236997656524
CRIME,2,18,181777,RF,Our Eps-Fair,0.1,,,0.7518796992481203,0.18371385083713848,0.009441756992600858
CRIME,2,18,181777,RF,Our Eps-Fair,0.2,,,0.7769423558897243,0.2888888888888889,0.011072702007368207
CRIME,2,18,181777,RF,Our Eps-Fair,0.3,,,0.8020050125313283,0.3607305936073059,0.019156813999870792
CRIME,2,18,181777,RF,Our Eps-Fair,0.4,,,0.8345864661654135,0.43812785388127856,0.009144473006017506
CRIME,2,18,181777,RF,Our Eps-Fair,0.5,,,0.8270676691729323,0.50441400304414,0.004351165989646688
CRIME,2,18,181777,RF,Fairlearn,,0.0001,,0.6365914786967418,0.06697108066971086,1.5954243070009397
CRIME,2,18,181777,RF,Fairlearn,,0.5,,0.5939849624060151,0.05410958904109592,2.159717994989478
CRIME,2,18,181777,RF,Fairlearn,,1.0,,0.6240601503759399,0.013774733637747283,1.942167763991165
CRIME,2,18,181777,RF,Fairlearn,,2.5,,0.8345864661654135,0.5788432267884323,2.0803375859977677
CRIME,2,18,181777,RF,Fairlearn,,5.0,,0.8345864661654135,0.5514459665144597,2.0548782639962155
CRIME,2,18,181777,RF,Fairlearn,,10.0,,0.8295739348370927,0.6213089802130898,2.011335014991346
CRIME,2,18,181777,GBM,Unfair,,,,0.8295739348370927,0.6294520547945206,0.0010894110018853098
CRIME,2,18,181777,GBM,Our Eps-Fair,0.0,,,0.7293233082706767,0.08729071537290717,0.004160515003604814
CRIME,2,18,181777,GBM,Our Eps-Fair,0.1,,,0.7619047619047619,0.17678843226788432,0.004989723995095119
CRIME,2,18,181777,GBM,Our Eps-Fair,0.2,,,0.7719298245614035,0.2182648401826484,0.006564191993675195
CRIME,2,18,181777,GBM,Our Eps-Fair,0.3,,,0.7994987468671679,0.30776255707762556,0.007059155002934858
CRIME,2,18,181777,GBM,Our Eps-Fair,0.4,,,0.8245614035087719,0.45639269406392696,0.006397352000931278
CRIME,2,18,181777,GBM,Our Eps-Fair,0.5,,,0.8320802005012531,0.5105783866057839,0.010184523998759687
CRIME,2,18,181777,GBM,Fairlearn,,0.0001,,0.6892230576441103,0.007229832572298367,1.8228834479959914
CRIME,2,18,181777,GBM,Fairlearn,,0.5,,0.6791979949874687,0.01834094368340944,1.7454694409971125
CRIME,2,18,181777,GBM,Fairlearn,,1.0,,0.6842105263157895,0.042389649923896544,1.9040936109959148
CRIME,2,18,181777,GBM,Fairlearn,,2.5,,0.8345864661654135,0.5494672754946728,1.940435897995485
CRIME,2,18,181777,GBM,Fairlearn,,5.0,,0.8395989974937343,0.5484779299847793,1.824841601002845
CRIME,2,18,181777,GBM,Fairlearn,,10.0,,0.8421052631578947,0.5439117199391172,2.1856774329935433
CRIME,2,18,181777,NN,Unfair,,,,0.8345864661654135,0.643531202435312,
CRIME,2,18,181777,NN,Our Eps-Fair,0.01,,,0.7268170426065163,0.05654490106544907,0.00544500800606329
CRIME,2,18,181777,NN,Our Eps-Fair,0.1,,,0.7644110275689223,0.14604261796042622,0.005272421010886319
CRIME,2,18,181777,NN,Our Eps-Fair,0.3,,,0.8070175438596491,0.34467275494672756,0.003801062994170934
CRIME,2,18,181777,NN,Our Eps-Fair,0.5,,,0.8370927318295739,0.48417047184170475,0.006747166000423022
CRIME,2,18,181777,NN,Our Eps-Fair,0.9,,,0.8345864661654135,0.643531202435312,0.0009784490102902055
CRIME,2,18,181777,NN,Fair-adversarial,,,0.01,0.8546365914786967,0.6556316590563167,1.630396110995207
CRIME,2,18,181777,NN,Fair-adversarial,,,0.1,0.8395989974937343,0.6193302891933029,1.6086845499958145
CRIME,2,18,181777,NN,Fair-adversarial,,,0.5,0.5639097744360902,0.07648401826484019,1.729126410005847
CRIME,2,18,181777,NN,Fair-adversarial,,,0.9,0.48370927318295737,0.18333333333333335,1.7046128599904478
CRIME,2,18,181777,NN,Fair-adversarial,,,1.0,0.48120300751879697,0.2,1.8504560729925288
CRIME,2,19,191777,reglog,Unfair,,,,0.8220551378446115,0.6943213854208619,0.0001458830083720386
CRIME,2,19,191777,reglog,Our Eps-Fair,0.0,,,0.6416040100250626,0.007626862666129719,0.004108388995518908
CRIME,2,19,191777,reglog,Our Eps-Fair,0.1,,,0.6992481203007519,0.10551751913008461,0.006862313995952718
CRIME,2,19,191777,reglog,Our Eps-Fair,0.2,,,0.7443609022556391,0.2038109142166734,0.013109980995068327
CRIME,2,19,191777,reglog,Our Eps-Fair,0.3,,,0.7919799498746867,0.3374697946033025,0.0054801360092824325
CRIME,2,19,191777,reglog,Our Eps-Fair,0.4,,,0.7994987468671679,0.41129681836488124,0.006339409010251984
CRIME,2,19,191777,reglog,Our Eps-Fair,0.5,,,0.8070175438596491,0.524869109947644,0.005374287997256033
CRIME,2,19,191777,reglog,Fairlearn,,0.0001,,0.6365914786967418,0.05250704792589611,0.35379508399637416
CRIME,2,19,191777,reglog,Fairlearn,,0.5,,0.6466165413533834,0.022377164720096654,0.41737302399997134
CRIME,2,19,191777,reglog,Fairlearn,,1.0,,0.6416040100250626,0.05122331856625051,0.4306602220021887
CRIME,2,19,191777,reglog,Fairlearn,,2.5,,0.8145363408521303,0.47946033024567053,0.4440344000031473
CRIME,2,19,191777,reglog,Fairlearn,,5.0,,0.8095238095238095,0.6091673378977044,0.33281895000254735
CRIME,2,19,191777,reglog,Fairlearn,,10.0,,0.8170426065162907,0.6441049134111961,0.5424248120107222
CRIME,2,19,191777,RF,Unfair,,,,0.8120300751879699,0.6432490938380991,0.009820418010349385
CRIME,2,19,191777,RF,Our Eps-Fair,0.0,,,0.6466165413533834,0.04737213048731381,0.005984631003229879
CRIME,2,19,191777,RF,Our Eps-Fair,0.1,,,0.6842105263157895,0.04611357229158286,0.004049744005897082
CRIME,2,19,191777,RF,Our Eps-Fair,0.2,,,0.7393483709273183,0.16406564639548932,0.003671548009151593
CRIME,2,19,191777,RF,Our Eps-Fair,0.3,,,0.7568922305764411,0.24622432541280714,0.005510401999345049
CRIME,2,19,191777,RF,Our Eps-Fair,0.4,,,0.7844611528822055,0.40082561417639956,0.007101341994712129
CRIME,2,19,191777,RF,Our Eps-Fair,0.5,,,0.7969924812030075,0.4864075714861056,0.0035970710014225915
CRIME,2,19,191777,RF,Fairlearn,,0.0001,,0.6265664160401002,0.06939689891260575,9.522750607007765
CRIME,2,19,191777,RF,Fairlearn,,0.5,,0.5639097744360902,0.13532017720499395,8.03516108400072
CRIME,2,19,191777,RF,Fairlearn,,1.0,,0.6290726817042607,0.056886830447039904,8.84861977500259
CRIME,2,19,191777,RF,Fairlearn,,2.5,,0.7944862155388471,0.5204893274265002,8.061118044002797
CRIME,2,19,191777,RF,Fairlearn,,5.0,,0.7944862155388471,0.500402738622634,8.81400396800018
CRIME,2,19,191777,RF,Fairlearn,,10.0,,0.7869674185463659,0.48512384212645987,9.40665271099715
CRIME,2,19,191777,GBM,Unfair,,,,0.8095238095238095,0.6878020539669755,0.0010780290031107143
CRIME,2,19,191777,GBM,Our Eps-Fair,0.0,,,0.6466165413533834,0.04737213048731381,0.0055934039992280304
CRIME,2,19,191777,GBM,Our Eps-Fair,0.1,,,0.7117794486215538,0.09942609746274667,0.007423718008794822
CRIME,2,19,191777,GBM,Our Eps-Fair,0.2,,,0.7418546365914787,0.1985753121224325,0.007533534997492097
CRIME,2,19,191777,GBM,Our Eps-Fair,0.3,,,0.7719298245614035,0.2876812323801853,0.006502218006062321
CRIME,2,19,191777,GBM,Our Eps-Fair,0.4,,,0.7819548872180451,0.37721506242448655,0.008466778002912179
CRIME,2,19,191777,GBM,Our Eps-Fair,0.5,,,0.8045112781954887,0.5113018525976641,0.007396753004286438
CRIME,2,19,191777,GBM,Fairlearn,,0.0001,,0.6516290726817042,0.042035843737414424,1.6352303879975807
CRIME,2,19,191777,GBM,Fairlearn,,0.5,,0.6641604010025063,0.025045308095046293,1.7321636380074779
CRIME,2,19,191777,GBM,Fairlearn,,1.0,,0.6641604010025063,0.014574103906564662,1.797804545989493
CRIME,2,19,191777,GBM,Fairlearn,,2.5,,0.7944862155388471,0.540148006443818,1.953562159993453
CRIME,2,19,191777,GBM,Fairlearn,,5.0,,0.8120300751879699,0.634061619009263,1.9175970110081835
CRIME,2,19,191777,GBM,Fairlearn,,10.0,,0.8170426065162907,0.6532923882400322,1.698075249005342
CRIME,2,19,191777,NN,Unfair,,,,0.8070175438596491,0.6663310511478051,
CRIME,2,19,191777,NN,Our Eps-Fair,0.01,,,0.6516290726817042,0.03818465565847762,0.011040212004445493
CRIME,2,19,191777,NN,Our Eps-Fair,0.1,,,0.6716791979949874,0.011175996778091002,0.0072978640091605484
CRIME,2,19,191777,NN,Our Eps-Fair,0.3,,,0.7593984962406015,0.2933447442609747,0.00622031900275033
CRIME,2,19,191777,NN,Our Eps-Fair,0.5,,,0.8020050125313283,0.5265807490938381,0.008139708996168338
CRIME,2,19,191777,NN,Our Eps-Fair,0.9,,,0.8070175438596491,0.6663310511478051,0.001114061989937909
CRIME,2,19,191777,NN,Fair-adversarial,,,0.01,0.8095238095238095,0.6991290777285541,1.7396346519963117
CRIME,2,19,191777,NN,Fair-adversarial,,,0.1,0.8195488721804511,0.5610904148207813,1.748191089995089
CRIME,2,19,191777,NN,Fair-adversarial,,,0.5,0.5939849624060151,0.1064991945227548,1.7026294780080207
CRIME,2,19,191777,NN,Fair-adversarial,,,0.9,0.7944862155388471,0.5292488924687877,1.678544893002254
CRIME,2,19,191777,NN,Fair-adversarial,,,1.0,0.5238095238095238,0.2443364881192106,1.6843781289935578
CRIME,2,20,201777,reglog,Unfair,,,,0.8621553884711779,0.6407407407407408,0.0001423619978595525
CRIME,2,20,201777,reglog,Our Eps-Fair,0.0,,,0.6741854636591479,0.04444444444444451,0.0072358000034000725
CRIME,2,20,201777,reglog,Our Eps-Fair,0.1,,,0.7167919799498746,0.06137566137566142,0.005983300987281837
CRIME,2,20,201777,reglog,Our Eps-Fair,0.2,,,0.7644110275689223,0.16455026455026456,0.00712153100175783
CRIME,2,20,201777,reglog,Our Eps-Fair,0.3,,,0.7769423558897243,0.2317460317460318,0.007396243992843665
CRIME,2,20,201777,reglog,Our Eps-Fair,0.4,,,0.8095238095238095,0.3264550264550265,0.005697995991795324
CRIME,2,20,201777,reglog,Our Eps-Fair,0.5,,,0.8270676691729323,0.4211640211640212,0.005052278997027315
CRIME,2,20,201777,reglog,Fairlearn,,0.0001,,0.7243107769423559,0.06190476190476191,0.7310074349952629
CRIME,2,20,201777,reglog,Fairlearn,,0.5,,0.7192982456140351,0.05185185185185187,0.6945221049973043
CRIME,2,20,201777,reglog,Fairlearn,,1.0,,0.7192982456140351,0.05238095238095242,0.7678486350050662
CRIME,2,20,201777,reglog,Fairlearn,,2.5,,0.8295739348370927,0.4248677248677249,0.8225510899937944
CRIME,2,20,201777,reglog,Fairlearn,,5.0,,0.8295739348370927,0.4248677248677249,0.707956305006519
CRIME,2,20,201777,reglog,Fairlearn,,10.0,,0.8671679197994987,0.6201058201058202,0.6544371229974786
CRIME,2,20,201777,RF,Unfair,,,,0.8471177944862155,0.61005291005291,0.01610086500295438
CRIME,2,20,201777,RF,Our Eps-Fair,0.0,,,0.6340852130325815,0.11587301587301585,0.014926035000826232
CRIME,2,20,201777,RF,Our Eps-Fair,0.1,,,0.6791979949874687,0.02645502645502651,0.014781766003579833
CRIME,2,20,201777,RF,Our Eps-Fair,0.2,,,0.7268170426065163,0.08624338624338629,0.016113997000502422
CRIME,2,20,201777,RF,Our Eps-Fair,0.3,,,0.7919799498746867,0.23809523809523814,0.004656264994991943
CRIME,2,20,201777,RF,Our Eps-Fair,0.4,,,0.8145363408521303,0.32275132275132273,0.007858078999561258
CRIME,2,20,201777,RF,Our Eps-Fair,0.5,,,0.8320802005012531,0.39788359788359795,0.004874937003478408
CRIME,2,20,201777,RF,Fairlearn,,0.0001,,0.6390977443609023,0.045502645502645545,9.897275179988355
CRIME,2,20,201777,RF,Fairlearn,,0.5,,0.6516290726817042,0.001058201058201036,9.650168556006975
CRIME,2,20,201777,RF,Fairlearn,,1.0,,0.6716791979949874,0.03703703703703709,7.262254889996257
CRIME,2,20,201777,RF,Fairlearn,,2.5,,0.8220551378446115,0.44603174603174606,7.514996363999671
CRIME,2,20,201777,RF,Fairlearn,,5.0,,0.8145363408521303,0.44074074074074077,8.288338279002346
CRIME,2,20,201777,RF,Fairlearn,,10.0,,0.8270676691729323,0.4248677248677249,8.416802619001828
CRIME,2,20,201777,GBM,Unfair,,,,0.8370927318295739,0.6412698412698413,0.0010458159958943725
CRIME,2,20,201777,GBM,Our Eps-Fair,0.0,,,0.6215538847117794,0.12275132275132278,0.0063380409992532805
CRIME,2,20,201777,GBM,Our Eps-Fair,0.1,,,0.656641604010025,0.039682539682539764,0.005528681009309366
CRIME,2,20,201777,GBM,Our Eps-Fair,0.2,,,0.6992481203007519,0.06137566137566136,0.007623965997481719
CRIME,2,20,201777,GBM,Our Eps-Fair,0.3,,,0.7543859649122807,0.23068783068783066,0.007470587996067479
CRIME,2,20,201777,GBM,Our Eps-Fair,0.4,,,0.7919799498746867,0.3253968253968254,0.009489384989137761
CRIME,2,20,201777,GBM,Our Eps-Fair,0.5,,,0.8145363408521303,0.41111111111111115,0.01170286200067494
CRIME,2,20,201777,GBM,Fairlearn,,0.0001,,0.6917293233082706,0.005291005291005346,1.0983235140010947
CRIME,2,20,201777,GBM,Fairlearn,,0.5,,0.681704260651629,0.040740740740740744,0.9115792920056265
CRIME,2,20,201777,GBM,Fairlearn,,1.0,,0.7017543859649122,0.022222222222222254,1.1765919370081974
CRIME,2,20,201777,GBM,Fairlearn,,2.5,,0.8245614035087719,0.5433862433862434,1.0116302399983397
CRIME,2,20,201777,GBM,Fairlearn,,5.0,,0.8320802005012531,0.5481481481481482,1.1840205699991202
CRIME,2,20,201777,GBM,Fairlearn,,10.0,,0.8220551378446115,0.517989417989418,1.023918959996081
CRIME,2,20,201777,NN,Unfair,,,,0.8596491228070176,0.5984126984126984,
CRIME,2,20,201777,NN,Our Eps-Fair,0.01,,,0.6967418546365914,0.06137566137566142,0.00835979200201109
CRIME,2,20,201777,NN,Our Eps-Fair,0.1,,,0.7343358395989975,0.13544973544973543,0.005680100992321968
CRIME,2,20,201777,NN,Our Eps-Fair,0.3,,,0.7794486215538847,0.28835978835978837,0.005722116999095306
CRIME,2,20,201777,NN,Our Eps-Fair,0.5,,,0.8170426065162907,0.40264550264550264,0.008792007007286884
CRIME,2,20,201777,NN,Our Eps-Fair,0.9,,,0.8596491228070176,0.5984126984126984,0.0010058710031444207
CRIME,2,20,201777,NN,Fair-adversarial,,,0.01,0.8521303258145363,0.6603174603174603,1.872708880007849
CRIME,2,20,201777,NN,Fair-adversarial,,,0.1,0.849624060150376,0.5756613756613758,1.8046842760086292
CRIME,2,20,201777,NN,Fair-adversarial,,,0.5,0.5939849624060151,0.06772486772486774,1.6765796380059328
CRIME,2,20,201777,NN,Fair-adversarial,,,0.9,0.5288220551378446,0.16772486772486772,1.7002853739977581
CRIME,2,20,201777,NN,Fair-adversarial,,,1.0,0.49874686716791977,0.2502645502645503,1.7244801389897475
CRIME,2,21,211777,reglog,Unfair,,,,0.8571428571428571,0.7197567472483288,0.0002625979977892712
CRIME,2,21,211777,reglog,Our Eps-Fair,0.0,,,0.6917293233082706,0.07717243805598839,0.010969056995236315
CRIME,2,21,211777,reglog,Our Eps-Fair,0.1,,,0.7142857142857143,0.1526863346233101,0.009636482995119877
CRIME,2,21,211777,reglog,Our Eps-Fair,0.2,,,0.7343358395989975,0.20281952053073327,0.013570335009717382
CRIME,2,21,211777,reglog,Our Eps-Fair,0.3,,,0.7568922305764411,0.27833341709805504,0.01676960798795335
CRIME,2,21,211777,reglog,Our Eps-Fair,0.4,,,0.7919799498746867,0.3585465145499322,0.018534795992309228
CRIME,2,21,211777,reglog,Our Eps-Fair,0.5,,,0.8020050125313283,0.4687138764637885,0.015922496997518465
CRIME,2,21,211777,reglog,Fairlearn,,0.0001,,0.6691729323308271,0.05179172739608995,0.3751888030092232
CRIME,2,21,211777,reglog,Fairlearn,,0.5,,0.6716791979949874,0.04671558526411024,0.40188135000062175
CRIME,2,21,211777,reglog,Fairlearn,,1.0,,0.6691729323308271,0.041388148967181015,0.4028359649964841
CRIME,2,21,211777,reglog,Fairlearn,,2.5,,0.8145363408521303,0.47353872443081874,0.43516073501086794
CRIME,2,21,211777,reglog,Fairlearn,,5.0,,0.8145363408521303,0.4636377343318088,0.31912341200222727
CRIME,2,21,211777,reglog,Fairlearn,,10.0,,0.8320802005012531,0.5791325325425944,0.4546724859974347
CRIME,2,21,211777,RF,Unfair,,,,0.8471177944862155,0.669497914258431,0.008114220996503718
CRIME,2,21,211777,RF,Our Eps-Fair,0.0,,,0.6716791979949874,0.02246569834648443,0.0065114530007122084
CRIME,2,21,211777,RF,Our Eps-Fair,0.1,,,0.6967418546365914,0.1077549379303413,0.006585938011994585
CRIME,2,21,211777,RF,Our Eps-Fair,0.2,,,0.7443609022556391,0.22312408905865205,0.0066744460054906085
CRIME,2,21,211777,RF,Our Eps-Fair,0.3,,,0.7869674185463659,0.32821530884052874,0.008426091997534968
CRIME,2,21,211777,RF,Our Eps-Fair,0.4,,,0.8070175438596491,0.40855405337488065,0.009811155003262684
CRIME,2,21,211777,RF,Our Eps-Fair,0.5,,,0.8220551378446115,0.48889279790923257,0.007260169993969612
CRIME,2,21,211777,RF,Fairlearn,,0.0001,,0.6766917293233082,0.0790571442931095,6.151640441996278
CRIME,2,21,211777,RF,Fairlearn,,0.5,,0.6766917293233082,0.07830326179826108,6.789020487005473
CRIME,2,21,211777,RF,Fairlearn,,1.0,,0.6666666666666666,0.10938835000251296,6.775385521003045
CRIME,2,21,211777,RF,Fairlearn,,2.5,,0.8270676691729323,0.5496808564105141,7.567094869998982
CRIME,2,21,211777,RF,Fairlearn,,5.0,,0.8295739348370927,0.5644066944765542,6.815153121002368
CRIME,2,21,211777,RF,Fairlearn,,10.0,,0.8295739348370927,0.5246770869980399,7.9379646449961
CRIME,2,21,211777,GBM,Unfair,,,,0.8395989974937343,0.644368497763482,0.0010156640055356547
CRIME,2,21,211777,GBM,Our Eps-Fair,0.0,,,0.6842105263157895,0.06156707041262505,0.006898927997099236
CRIME,2,21,211777,GBM,Our Eps-Fair,0.1,,,0.6992481203007519,0.10179926622103835,0.004776046989718452
CRIME,2,21,211777,GBM,Our Eps-Fair,0.2,,,0.7418546365914787,0.20714178016786455,0.00850885099498555
CRIME,2,21,211777,GBM,Our Eps-Fair,0.3,,,0.7644110275689223,0.27275468663617636,0.008891638004570268
CRIME,2,21,211777,GBM,Our Eps-Fair,0.4,,,0.7944862155388471,0.3530934311705282,0.00857242000347469
CRIME,2,21,211777,GBM,Our Eps-Fair,0.5,,,0.8345864661654135,0.45361109715032416,0.0076024859881727025
CRIME,2,21,211777,GBM,Fairlearn,,0.0001,,0.631578947368421,0.06294918831984725,1.545361160999164
CRIME,2,21,211777,GBM,Fairlearn,,0.5,,0.6766917293233082,0.003040659395888823,1.364604315996985
CRIME,2,21,211777,GBM,Fairlearn,,1.0,,0.6491228070175439,0.013067296577373488,1.774256504009827
CRIME,2,21,211777,GBM,Fairlearn,,2.5,,0.8195488721804511,0.5442277730311103,2.1016954530059593
CRIME,2,21,211777,GBM,Fairlearn,,5.0,,0.8370927318295739,0.5593305523445746,1.4813193489972036
CRIME,2,21,211777,GBM,Fairlearn,,10.0,,0.8370927318295739,0.619239081268533,1.654207741987193
CRIME,2,21,211777,NN,Unfair,,,,0.8370927318295739,0.6697492084233805,
CRIME,2,21,211777,NN,Our Eps-Fair,0.01,,,0.6716791979949874,0.05661657536312009,0.0075339030008763075
CRIME,2,21,211777,NN,Our Eps-Fair,0.1,,,0.6942355889724311,0.11207719756747253,0.007813528995029628
CRIME,2,21,211777,NN,Our Eps-Fair,0.3,,,0.7568922305764411,0.2684324269990451,0.006459816999267787
CRIME,2,21,211777,NN,Our Eps-Fair,0.5,,,0.7994987468671679,0.4339347640347791,0.006443721009418368
CRIME,2,21,211777,NN,Our Eps-Fair,0.9,,,0.8370927318295739,0.6697492084233805,0.0010514099994907156
CRIME,2,21,211777,NN,Fair-adversarial,,,0.01,0.8345864661654135,0.6446197919284314,1.658026567005436
CRIME,2,21,211777,NN,Fair-adversarial,,,0.1,0.8370927318295739,0.5998140423179374,1.7856210860045394
CRIME,2,21,211777,NN,Fair-adversarial,,,0.5,0.6215538847117794,0.014524802734080522,1.7429706419934519
CRIME,2,21,211777,NN,Fair-adversarial,,,0.9,0.5538847117794486,0.1289139066190883,1.6443915400013793
CRIME,2,21,211777,NN,Fair-adversarial,,,1.0,0.5263157894736842,0.163064783635724,1.8121655779978028
CRIME,2,22,221777,reglog,Unfair,,,,0.8070175438596491,0.6591183574879227,0.00020925200078636408
CRIME,2,22,221777,reglog,Our Eps-Fair,0.0,,,0.6491228070175439,0.1295289855072464,0.008316751001984812
CRIME,2,22,221777,reglog,Our Eps-Fair,0.1,,,0.6691729323308271,0.05812198067632851,0.010454867995576933
CRIME,2,22,221777,reglog,Our Eps-Fair,0.2,,,0.6917293233082706,0.016606280193236733,0.00938017899170518
CRIME,2,22,221777,reglog,Our Eps-Fair,0.3,,,0.7418546365914787,0.14787137681159424,0.007433687002048828
CRIME,2,22,221777,reglog,Our Eps-Fair,0.4,,,0.7493734335839599,0.2032759661835749,0.006086021006922238
CRIME,2,22,221777,reglog,Our Eps-Fair,0.5,,,0.7844611528822055,0.29513888888888895,0.010292582999682054
CRIME,2,22,221777,reglog,Fairlearn,,0.0001,,0.6616541353383458,0.07638888888888895,0.6553308299917262
CRIME,2,22,221777,reglog,Fairlearn,,0.5,,0.6516290726817042,0.07638888888888895,0.7057471230073133
CRIME,2,22,221777,reglog,Fairlearn,,1.0,,0.6491228070175439,0.08197463768115942,0.7937647660000948
CRIME,2,22,221777,reglog,Fairlearn,,2.5,,0.8145363408521303,0.4438405797101449,0.7700312859960832
CRIME,2,22,221777,reglog,Fairlearn,,5.0,,0.8120300751879699,0.5594806763285024,0.7541273980023107
CRIME,2,22,221777,reglog,Fairlearn,,10.0,,0.8070175438596491,0.6193387681159421,1.0798590310005238
CRIME,2,22,221777,RF,Unfair,,,,0.8245614035087719,0.633076690821256,0.01844470200012438
CRIME,2,22,221777,RF,Our Eps-Fair,0.0,,,0.6616541353383458,0.11579106280193241,0.011917009003809653
CRIME,2,22,221777,RF,Our Eps-Fair,0.1,,,0.6892230576441103,0.03993055555555558,0.013132888998370618
CRIME,2,22,221777,RF,Our Eps-Fair,0.2,,,0.7092731829573935,0.030721618357487934,0.009181772998999804
CRIME,2,22,221777,RF,Our Eps-Fair,0.3,,,0.7669172932330827,0.17723429951690822,0.004204294004011899
CRIME,2,22,221777,RF,Our Eps-Fair,0.4,,,0.7769423558897243,0.2668327294685991,0.005288170010317117
CRIME,2,22,221777,RF,Our Eps-Fair,0.5,,,0.7944862155388471,0.392512077294686,0.007144307004637085
CRIME,2,22,221777,RF,Fairlearn,,0.0001,,0.6365914786967418,0.02928743961352659,9.648472960994695
CRIME,2,22,221777,RF,Fairlearn,,0.5,,0.6641604010025063,0.05457427536231885,9.63888267299626
CRIME,2,22,221777,RF,Fairlearn,,1.0,,0.6240601503759399,0.03351449275362317,8.010369558003731
CRIME,2,22,221777,RF,Fairlearn,,2.5,,0.8120300751879699,0.5490640096618358,9.261160660011228
CRIME,2,22,221777,RF,Fairlearn,,5.0,,0.8120300751879699,0.5490640096618358,9.52936509400024
CRIME,2,22,221777,RF,Fairlearn,,10.0,,0.8195488721804511,0.5631793478260869,9.704405940996367
CRIME,2,22,221777,GBM,Unfair,,,,0.8020050125313283,0.6676479468599035,0.0015093749971129
CRIME,2,22,221777,GBM,Our Eps-Fair,0.0,,,0.656641604010025,0.13285024154589375,0.004095965006854385
CRIME,2,22,221777,GBM,Our Eps-Fair,0.1,,,0.681704260651629,0.03434480676328511,0.005000119999749586
CRIME,2,22,221777,GBM,Our Eps-Fair,0.2,,,0.706766917293233,0.06642512077294693,0.006420049990992993
CRIME,2,22,221777,GBM,Our Eps-Fair,0.3,,,0.7468671679197995,0.1965579710144928,0.007452191013726406
CRIME,2,22,221777,GBM,Our Eps-Fair,0.4,,,0.7819548872180451,0.28653381642512077,0.006905300004291348
CRIME,2,22,221777,GBM,Our Eps-Fair,0.5,,,0.8020050125313283,0.4270833333333333,0.004532999999355525
CRIME,2,22,221777,GBM,Fairlearn,,0.0001,,0.6741854636591479,0.0641606280193237,2.3403057780087693
CRIME,2,22,221777,GBM,Fairlearn,,0.5,,0.6917293233082706,0.027702294685990392,2.324176594003802
CRIME,2,22,221777,GBM,Fairlearn,,1.0,,0.6491228070175439,0.02989130434782611,1.9251730940013658
CRIME,2,22,221777,GBM,Fairlearn,,2.5,,0.8195488721804511,0.5527626811594203,2.9098229400115088
CRIME,2,22,221777,GBM,Fairlearn,,5.0,,0.8145363408521303,0.5230223429951691,2.3241570360114565
CRIME,2,22,221777,GBM,Fairlearn,,10.0,,0.8020050125313283,0.48769625603864736,2.4899195589969167
CRIME,2,22,221777,NN,Unfair,,,,0.7994987468671679,0.6427385265700483,
CRIME,2,22,221777,NN,Our Eps-Fair,0.01,,,0.6416040100250626,0.14741847826086962,0.005415966006694362
CRIME,2,22,221777,NN,Our Eps-Fair,0.1,,,0.681704260651629,0.06634963768115942,0.006590851990040392
CRIME,2,22,221777,NN,Our Eps-Fair,0.3,,,0.7268170426065163,0.12364130434782611,0.003922411997336894
CRIME,2,22,221777,NN,Our Eps-Fair,0.5,,,0.7819548872180451,0.3355978260869565,0.009041735000209883
CRIME,2,22,221777,NN,Our Eps-Fair,0.9,,,0.7994987468671679,0.6427385265700483,0.0010154819901799783
CRIME,2,22,221777,NN,Fair-adversarial,,,0.01,0.8120300751879699,0.6896135265700483,1.7538223379960982
CRIME,2,22,221777,NN,Fair-adversarial,,,0.1,0.8220551378446115,0.5598580917874396,1.7637307640106883
CRIME,2,22,221777,NN,Fair-adversarial,,,0.5,0.7994987468671679,0.34873188405797106,1.7271525760006625
CRIME,2,22,221777,NN,Fair-adversarial,,,0.9,0.6290726817042607,0.06672705314009664,1.7660712889919523
CRIME,2,22,221777,NN,Fair-adversarial,,,1.0,0.5764411027568922,0.16779891304347827,1.7438844080024865
CRIME,2,23,231777,reglog,Unfair,,,,0.7994987468671679,0.6592006033182505,0.0001519599900348112
CRIME,2,23,231777,reglog,Our Eps-Fair,0.0,,,0.6441102756892231,0.05565610859728509,0.004165488004218787
CRIME,2,23,231777,reglog,Our Eps-Fair,0.1,,,0.6591478696741855,0.034841628959276116,0.006135631003417075
CRIME,2,23,231777,reglog,Our Eps-Fair,0.2,,,0.6867167919799498,0.11040723981900452,0.009228718001395464
CRIME,2,23,231777,reglog,Our Eps-Fair,0.3,,,0.7343358395989975,0.216289592760181,0.007225427994853817
CRIME,2,23,231777,reglog,Our Eps-Fair,0.4,,,0.7543859649122807,0.31613876319758677,0.0136780189932324
CRIME,2,23,231777,reglog,Our Eps-Fair,0.5,,,0.7744360902255639,0.3963800904977376,0.009369329010951333
CRIME,2,23,231777,reglog,Fairlearn,,0.0001,,0.656641604010025,0.011689291101055876,0.3948830829904182
CRIME,2,23,231777,reglog,Fairlearn,,0.5,,0.6491228070175439,0.027526395173453955,0.4624548779975157
CRIME,2,23,231777,reglog,Fairlearn,,1.0,,0.6641604010025063,0.037556561085972884,0.4321991600008914
CRIME,2,23,231777,reglog,Fairlearn,,2.5,,0.7769423558897243,0.4521116138763197,0.38317225500941277
CRIME,2,23,231777,reglog,Fairlearn,,5.0,,0.8020050125313283,0.5829562594268477,0.5187014160037506
CRIME,2,23,231777,reglog,Fairlearn,,10.0,,0.8045112781954887,0.6489441930618401,0.45108077400072943
CRIME,2,23,231777,RF,Unfair,,,,0.8020050125313283,0.6239819004524887,0.01089642700389959
CRIME,2,23,231777,RF,Our Eps-Fair,0.0,,,0.6441102756892231,0.0645550527903469,0.006418499004212208
CRIME,2,23,231777,RF,Our Eps-Fair,0.1,,,0.6967418546365914,0.051131221719457054,0.009725062001962215
CRIME,2,23,231777,RF,Our Eps-Fair,0.2,,,0.7218045112781954,0.16146304675716444,0.006538816989632323
CRIME,2,23,231777,RF,Our Eps-Fair,0.3,,,0.7443609022556391,0.26666666666666666,0.006876087005366571
CRIME,2,23,231777,RF,Our Eps-Fair,0.4,,,0.7644110275689223,0.3257164404223228,0.008271514001535252
CRIME,2,23,231777,RF,Our Eps-Fair,0.5,,,0.7719298245614035,0.43182503770739067,0.006864097013021819
CRIME,2,23,231777,RF,Fairlearn,,0.0001,,0.6616541353383458,0.01327300150829569,10.06665661399893
CRIME,2,23,231777,RF,Fairlearn,,0.5,,0.6516290726817042,0.03288084464555058,11.004321366999648
CRIME,2,23,231777,RF,Fairlearn,,1.0,,0.6466165413533834,0.03401206636500764,9.779273797001224
CRIME,2,23,231777,RF,Fairlearn,,2.5,,0.7794486215538847,0.5071644042232277,8.450779712002259
CRIME,2,23,231777,RF,Fairlearn,,5.0,,0.7844611528822055,0.5582202111613876,8.398491243002354
CRIME,2,23,231777,RF,Fairlearn,,10.0,,0.7969924812030075,0.5834087481146305,8.575283067009877
CRIME,2,23,231777,GBM,Unfair,,,,0.8070175438596491,0.694419306184012,0.0011967269965680316
CRIME,2,23,231777,GBM,Our Eps-Fair,0.0,,,0.6340852130325815,0.08619909502262446,0.006497159003629349
CRIME,2,23,231777,GBM,Our Eps-Fair,0.1,,,0.6766917293233082,0.029939668174962297,0.0066019399964716285
CRIME,2,23,231777,GBM,Our Eps-Fair,0.2,,,0.7293233082706767,0.18552036199095023,0.004024843001388945
CRIME,2,23,231777,GBM,Our Eps-Fair,0.3,,,0.7694235588972431,0.3156862745098039,0.010185475999605842
CRIME,2,23,231777,GBM,Our Eps-Fair,0.4,,,0.7619047619047619,0.35045248868778284,0.006277925000176765
CRIME,2,23,231777,GBM,Our Eps-Fair,0.5,,,0.7719298245614035,0.4010558069381599,0.005790890005300753
CRIME,2,23,231777,GBM,Fairlearn,,0.0001,,0.6516290726817042,0.03288084464555058,1.552597963003791
CRIME,2,23,231777,GBM,Fairlearn,,0.5,,0.6591478696741855,0.006787330316742168,1.2043652209977154
CRIME,2,23,231777,GBM,Fairlearn,,1.0,,0.6591478696741855,0.027526395173453955,1.562396692999755
CRIME,2,23,231777,GBM,Fairlearn,,2.5,,0.7969924812030075,0.5127450980392156,1.5778348539897706
CRIME,2,23,231777,GBM,Fairlearn,,5.0,,0.7944862155388471,0.5178733031674209,1.2370750529953511
CRIME,2,23,231777,GBM,Fairlearn,,10.0,,0.7744360902255639,0.4469834087481146,1.9084155669988832
CRIME,2,23,231777,NN,Unfair,,,,0.8020050125313283,0.673001508295626,
CRIME,2,23,231777,NN,Our Eps-Fair,0.01,,,0.6491228070175439,0.06749622926093524,0.006102935003582388
CRIME,2,23,231777,NN,Our Eps-Fair,0.1,,,0.6791979949874687,0.04351432880844652,0.007898203999502584
CRIME,2,23,231777,NN,Our Eps-Fair,0.3,,,0.7268170426065163,0.24012066365007545,0.0059299189888406545
CRIME,2,23,231777,NN,Our Eps-Fair,0.5,,,0.7593984962406015,0.4066365007541478,0.00872459399397485
CRIME,2,23,231777,NN,Our Eps-Fair,0.9,,,0.8020050125313283,0.673001508295626,0.0010373660043114796
CRIME,2,23,231777,NN,Fair-adversarial,,,0.01,0.8145363408521303,0.7394419306184012,1.6969383079995168
CRIME,2,23,231777,NN,Fair-adversarial,,,0.1,0.8120300751879699,0.6041478129713425,1.7519429329986451
CRIME,2,23,231777,NN,Fair-adversarial,,,0.5,0.7944862155388471,0.5082956259426847,1.7055396999930963
CRIME,2,23,231777,NN,Fair-adversarial,,,0.9,0.47619047619047616,0.22164404223227754,1.7406634579965612
CRIME,2,23,231777,NN,Fair-adversarial,,,1.0,0.49122807017543857,0.20203619909502268,1.6941674030094873
CRIME,2,24,241777,reglog,Unfair,,,,0.8721804511278195,0.6947572132301196,0.00023287200019694865
CRIME,2,24,241777,reglog,Our Eps-Fair,0.0,,,0.6416040100250626,0.09869809992962703,0.01919779799936805
CRIME,2,24,241777,reglog,Our Eps-Fair,0.1,,,0.6867167919799498,0.021991555242786842,0.02328032899822574
CRIME,2,24,241777,reglog,Our Eps-Fair,0.2,,,0.7468671679197995,0.16273750879662213,0.013706433004699647
CRIME,2,24,241777,reglog,Our Eps-Fair,0.3,,,0.7669172932330827,0.21305418719211827,0.02418445999501273
CRIME,2,24,241777,reglog,Our Eps-Fair,0.4,,,0.8095238095238095,0.31878958479943703,0.00780677399598062
CRIME,2,24,241777,reglog,Our Eps-Fair,0.5,,,0.8370927318295739,0.4445812807881774,0.00756639099563472
CRIME,2,24,241777,reglog,Fairlearn,,0.0001,,0.6917293233082706,0.05225193525686139,0.4055474549968494
CRIME,2,24,241777,reglog,Fairlearn,,0.5,,0.6967418546365914,0.06245601688951441,0.3187102780066198
CRIME,2,24,241777,reglog,Fairlearn,,1.0,,0.6842105263157895,0.027093596059113323,0.35694350600533653
CRIME,2,24,241777,reglog,Fairlearn,,2.5,,0.8571428571428571,0.474841660802252,0.310499732993776
CRIME,2,24,241777,reglog,Fairlearn,,5.0,,0.8596491228070176,0.620161857846587,0.32162602301104926
CRIME,2,24,241777,reglog,Fairlearn,,10.0,,0.8621553884711779,0.6152357494722027,0.3594543859944679
CRIME,2,24,241777,RF,Unfair,,,,0.8696741854636592,0.7000351864883885,0.008873933998984285
CRIME,2,24,241777,RF,Our Eps-Fair,0.0,,,0.656641604010025,0.067558057705841,0.005342695993022062
CRIME,2,24,241777,RF,Our Eps-Fair,0.1,,,0.6967418546365914,0.022519352568613704,0.0064818230021046475
CRIME,2,24,241777,RF,Our Eps-Fair,0.2,,,0.731829573934837,0.11242083040112594,0.006587698997464031
CRIME,2,24,241777,RF,Our Eps-Fair,0.3,,,0.7744360902255639,0.26847290640394095,0.007116306005627848
CRIME,2,24,241777,RF,Our Eps-Fair,0.4,,,0.8170426065162907,0.37385643912737515,0.006490982006653212
CRIME,2,24,241777,RF,Our Eps-Fair,0.5,,,0.8446115288220551,0.4894440534834623,0.006278767003095709
CRIME,2,24,241777,RF,Fairlearn,,0.0001,,0.6942355889724311,0.09764250527797325,9.449078456993448
CRIME,2,24,241777,RF,Fairlearn,,0.5,,0.6766917293233082,0.09324419422941593,9.246390430998872
CRIME,2,24,241777,RF,Fairlearn,,1.0,,0.6265664160401002,0.04415904292751588,9.321813645990915
CRIME,2,24,241777,RF,Fairlearn,,2.5,,0.8395989974937343,0.5603448275862069,10.132971113998792
CRIME,2,24,241777,RF,Fairlearn,,5.0,,0.8421052631578947,0.555066854327938,7.390084867991391
CRIME,2,24,241777,RF,Fairlearn,,10.0,,0.8320802005012531,0.5350105559465166,7.4993798619980225
CRIME,2,24,241777,GBM,Unfair,,,,0.8696741854636592,0.7002111189303307,0.0010833540000021458
CRIME,2,24,241777,GBM,Our Eps-Fair,0.0,,,0.6691729323308271,0.012667135819845243,0.004719257005490363
CRIME,2,24,241777,GBM,Our Eps-Fair,0.1,,,0.6892230576441103,0.07793807178043632,0.004973557995981537
CRIME,2,24,241777,GBM,Our Eps-Fair,0.2,,,0.7293233082706767,0.1583391977480647,0.00810935600020457
CRIME,2,24,241777,GBM,Our Eps-Fair,0.3,,,0.7744360902255639,0.2688247712878255,0.006032449993654154
CRIME,2,24,241777,GBM,Our Eps-Fair,0.4,,,0.8120300751879699,0.37420830401125965,0.007968441001139581
CRIME,2,24,241777,GBM,Our Eps-Fair,0.5,,,0.8395989974937343,0.48926812104152007,0.005975822001346387
CRIME,2,24,241777,GBM,Fairlearn,,0.0001,,0.6766917293233082,0.03219563687543986,1.9352132770000026
CRIME,2,24,241777,GBM,Fairlearn,,0.5,,0.681704260651629,0.03201970443349755,1.8694458060053876
CRIME,2,24,241777,GBM,Fairlearn,,1.0,,0.6441102756892231,0.01794510907811403,2.2828348789917072
CRIME,2,24,241777,GBM,Fairlearn,,2.5,,0.8596491228070176,0.6001055594651654,2.5250409950094763
CRIME,2,24,241777,GBM,Fairlearn,,5.0,,0.8546365914786967,0.5899014778325122,2.2351421430066694
CRIME,2,24,241777,GBM,Fairlearn,,10.0,,0.849624060150376,0.5401125967628431,2.5167383779917145
CRIME,2,24,241777,NN,Unfair,,,,0.87468671679198,0.6794510907811401,
CRIME,2,24,241777,NN,Our Eps-Fair,0.01,,,0.6491228070175439,0.0450387051372273,0.006786996003938839
CRIME,2,24,241777,NN,Our Eps-Fair,0.1,,,0.6942355889724311,0.05594651653764954,0.006355530000291765
CRIME,2,24,241777,NN,Our Eps-Fair,0.3,,,0.7644110275689223,0.2478888106966925,0.005592896995949559
CRIME,2,24,241777,NN,Our Eps-Fair,0.5,,,0.8446115288220551,0.47888810696692474,0.005508189991815016
CRIME,2,24,241777,NN,Our Eps-Fair,0.9,,,0.87468671679198,0.6794510907811401,0.0011566199973458424
CRIME,2,24,241777,NN,Fair-adversarial,,,0.01,0.8796992481203008,0.7192118226600985,2.0897396039945306
CRIME,2,24,241777,NN,Fair-adversarial,,,0.1,0.8796992481203008,0.5893736805066855,1.6763542690023314
CRIME,2,24,241777,NN,Fair-adversarial,,,0.5,0.8220551378446115,0.4451090781140042,1.6597693619987695
CRIME,2,24,241777,NN,Fair-adversarial,,,0.9,0.5238095238095238,0.20918367346938777,1.8609488689980935
CRIME,2,24,241777,NN,Fair-adversarial,,,1.0,0.631578947368421,0.013194933145672078,1.6250148359977175
CRIME,2,25,251777,reglog,Unfair,,,,0.8646616541353384,0.7245815952153591,0.0001593930064700544
CRIME,2,25,251777,reglog,Our Eps-Fair,0.0,,,0.6616541353383458,0.005729506960848396,0.005332586995791644
CRIME,2,25,251777,reglog,Our Eps-Fair,0.1,,,0.7142857142857143,0.13150223651806803,0.004998784002964385
CRIME,2,25,251777,reglog,Our Eps-Fair,0.2,,,0.7343358395989975,0.2019399909534101,0.005377986992243677
CRIME,2,25,251777,reglog,Our Eps-Fair,0.3,,,0.7694235588972431,0.31198170578479173,0.006795506997150369
CRIME,2,25,251777,reglog,Our Eps-Fair,0.4,,,0.7994987468671679,0.4430818716389405,0.006813980988226831
CRIME,2,25,251777,reglog,Our Eps-Fair,0.5,,,0.8170426065162907,0.5385233954867569,0.007746928997221403
CRIME,2,25,251777,reglog,Fairlearn,,0.0001,,0.6842105263157895,0.08124340352817006,0.8171637350023957
CRIME,2,25,251777,reglog,Fairlearn,,0.5,,0.6867167919799498,0.07604161431371564,0.822893219999969
CRIME,2,25,251777,reglog,Fairlearn,,1.0,,0.681704260651629,0.0762929084786651,0.8080651619966375
CRIME,2,25,251777,reglog,Fairlearn,,2.5,,0.8145363408521303,0.5335729004372519,0.7439420680020703
CRIME,2,25,251777,reglog,Fairlearn,,5.0,,0.8471177944862155,0.6290144242850682,0.7414955610001925
CRIME,2,25,251777,reglog,Fairlearn,,10.0,,0.8646616541353384,0.7245815952153591,0.7820260869921185
CRIME,2,25,251777,RF,Unfair,,,,0.8521303258145363,0.6895511886214002,0.005187257993384264
CRIME,2,25,251777,RF,Our Eps-Fair,0.0,,,0.6791979949874687,0.04101120771975675,0.013390359992627054
CRIME,2,25,251777,RF,Our Eps-Fair,0.1,,,0.7092731829573935,0.11107202090767454,0.017947549000382423
CRIME,2,25,251777,RF,Our Eps-Fair,0.2,,,0.7343358395989975,0.2214906769864804,0.014049518998945132
CRIME,2,25,251777,RF,Our Eps-Fair,0.3,,,0.7719298245614035,0.3671910338241946,0.014381515007698908
CRIME,2,25,251777,RF,Our Eps-Fair,0.4,,,0.8045112781954887,0.49271246921646483,0.004911691008601338
CRIME,2,25,251777,RF,Our Eps-Fair,0.5,,,0.8145363408521303,0.5735538020807157,0.004049693001434207
CRIME,2,25,251777,RF,Fairlearn,,0.0001,,0.6215538847117794,0.08795295773232148,2.2584400350024225
CRIME,2,25,251777,RF,Fairlearn,,0.5,,0.631578947368421,0.0884555460622205,2.2911975770111894
CRIME,2,25,251777,RF,Fairlearn,,1.0,,0.6416040100250626,0.11853545760667439,2.2326997140044114
CRIME,2,25,251777,RF,Fairlearn,,2.5,,0.8270676691729323,0.6387897673016032,2.3506094250042224
CRIME,2,25,251777,RF,Fairlearn,,5.0,,0.8370927318295739,0.6087098557571493,2.64892054599477
CRIME,2,25,251777,RF,Fairlearn,,10.0,,0.8245614035087719,0.6437402623511082,2.663697661992046
CRIME,2,25,251777,GBM,Unfair,,,,0.8446115288220551,0.704402673769915,0.0009412130020791665
CRIME,2,25,251777,GBM,Our Eps-Fair,0.0,,,0.6491228070175439,0.02032969794441375,0.0061401040002238005
CRIME,2,25,251777,GBM,Our Eps-Fair,0.1,,,0.7192982456140351,0.1613308538975725,0.0042731380090117455
CRIME,2,25,251777,GBM,Our Eps-Fair,0.2,,,0.7468671679197995,0.2565210835804393,0.007440454006427899
CRIME,2,25,251777,GBM,Our Eps-Fair,0.3,,,0.7719298245614035,0.3366085339498417,0.0051636690041050315
CRIME,2,25,251777,GBM,Our Eps-Fair,0.4,,,0.7969924812030075,0.4372518470121124,0.008264404998044483
CRIME,2,25,251777,GBM,Our Eps-Fair,0.5,,,0.8095238095238095,0.5126400964969594,0.005198369006393477
CRIME,2,25,251777,GBM,Fairlearn,,0.0001,,0.6491228070175439,0.010680002010353351,1.5810351510008331
CRIME,2,25,251777,GBM,Fairlearn,,0.5,,0.6265664160401002,0.044026737699150664,1.6287546230014414
CRIME,2,25,251777,GBM,Fairlearn,,1.0,,0.6491228070175439,0.05267125697341313,1.7275890619930578
CRIME,2,25,251777,GBM,Fairlearn,,2.5,,0.8295739348370927,0.5828265567673518,1.7260372419987107
CRIME,2,25,251777,GBM,Fairlearn,,5.0,,0.8395989974937343,0.6436146152686334,1.4866540569928475
CRIME,2,25,251777,GBM,Fairlearn,,10.0,,0.8270676691729323,0.6485651103181383,1.5488464100053534
CRIME,2,25,251777,NN,Unfair,,,,0.8571428571428571,0.7098557571493189,
CRIME,2,25,251777,NN,Our Eps-Fair,0.01,,,0.6942355889724311,0.08061516811579639,0.017040934006217867
CRIME,2,25,251777,NN,Our Eps-Fair,0.1,,,0.731829573934837,0.1661557018646027,0.013177560002077371
CRIME,2,25,251777,NN,Our Eps-Fair,0.3,,,0.7644110275689223,0.3018294215208323,0.016570655003306456
CRIME,2,25,251777,NN,Our Eps-Fair,0.5,,,0.8045112781954887,0.46288385183696035,0.025442204001592472
CRIME,2,25,251777,NN,Our Eps-Fair,0.9,,,0.8571428571428571,0.7098557571493189,0.0024222110077971593
CRIME,2,25,251777,NN,Fair-adversarial,,,0.01,0.87468671679198,0.755164095089712,1.7514187969936756
CRIME,2,25,251777,NN,Fair-adversarial,,,0.1,0.8446115288220551,0.6438659094335829,1.7234414019912947
CRIME,2,25,251777,NN,Fair-adversarial,,,0.5,0.5538847117794486,0.10923757350354325,1.7193021359998966
CRIME,2,25,251777,NN,Fair-adversarial,,,0.9,0.5488721804511278,0.1192642106850279,1.7414224599924637
CRIME,2,25,251777,NN,Fair-adversarial,,,1.0,0.7218045112781954,0.27283007488566113,1.808631609994336
CRIME,2,26,261777,reglog,Unfair,,,,0.8170426065162907,0.7495100256294287,0.00023183099983725697
CRIME,2,26,261777,reglog,Our Eps-Fair,0.0,,,0.6190476190476191,0.08796924468566264,0.009732997001265176
CRIME,2,26,261777,reglog,Our Eps-Fair,0.1,,,0.6491228070175439,0.012663952962460423,0.01838755300559569
CRIME,2,26,261777,reglog,Our Eps-Fair,0.2,,,0.6917293233082706,0.13802201115633955,0.018921877010143362
CRIME,2,26,261777,reglog,Our Eps-Fair,0.3,,,0.7343358395989975,0.29368309965324896,0.018464859007508494
CRIME,2,26,261777,reglog,Our Eps-Fair,0.4,,,0.7619047619047619,0.41911653851952363,0.016759455989813432
CRIME,2,26,261777,reglog,Our Eps-Fair,0.5,,,0.7794486215538847,0.534298205939997,0.006261987000470981
CRIME,2,26,261777,reglog,Fairlearn,,0.0001,,0.656641604010025,0.0024875621890547706,0.6418535470002098
CRIME,2,26,261777,reglog,Fairlearn,,0.5,,0.6591478696741855,0.032715211819689505,0.7116482740093488
CRIME,2,26,261777,reglog,Fairlearn,,1.0,,0.6290726817042607,0.02774008744158002,0.614772961998824
CRIME,2,26,261777,reglog,Fairlearn,,2.5,,0.7819548872180451,0.56935021860395,0.5244348699925467
CRIME,2,26,261777,reglog,Fairlearn,,5.0,,0.8020050125313283,0.6593547414442937,0.6470721679943381
CRIME,2,26,261777,reglog,Fairlearn,,10.0,,0.8020050125313283,0.6593547414442937,0.5637542049953481
CRIME,2,26,261777,RF,Unfair,,,,0.8020050125313283,0.6790290969395447,0.0037898169975960627
CRIME,2,26,261777,RF,Our Eps-Fair,0.0,,,0.6115288220551378,0.10304537916478218,0.014114079996943474
CRIME,2,26,261777,RF,Our Eps-Fair,0.1,,,0.6842105263157895,0.0728177295341475,0.014045230986084789
CRIME,2,26,261777,RF,Our Eps-Fair,0.2,,,0.7218045112781954,0.18837630031659885,0.018162995998864062
CRIME,2,26,261777,RF,Our Eps-Fair,0.3,,,0.7619047619047619,0.33830845771144286,0.016999004990793765
CRIME,2,26,261777,RF,Our Eps-Fair,0.4,,,0.7769423558897243,0.42846374189657777,0.005162430010386743
CRIME,2,26,261777,RF,Our Eps-Fair,0.5,,,0.7994987468671679,0.5036182722749887,0.004328466005972587
CRIME,2,26,261777,RF,Fairlearn,,0.0001,,0.6641604010025063,0.07206392281019147,2.1891074540035333
CRIME,2,26,261777,RF,Fairlearn,,0.5,,0.6541353383458647,0.03188602442333788,2.1329548259964213
CRIME,2,26,261777,RF,Fairlearn,,1.0,,0.6516290726817042,0.056912407658676334,2.146329950002837
CRIME,2,26,261777,RF,Fairlearn,,2.5,,0.7944862155388471,0.5637720488466758,2.4279180459998315
CRIME,2,26,261777,RF,Fairlearn,,5.0,,0.8020050125313283,0.6086235489220564,1.8550454770011129
CRIME,2,26,261777,RF,Fairlearn,,10.0,,0.8020050125313283,0.6086235489220564,1.9571954099956201
CRIME,2,26,261777,GBM,Unfair,,,,0.7994987468671679,0.7043570028644656,0.0008350659918505698
CRIME,2,26,261777,GBM,Our Eps-Fair,0.0,,,0.6390977443609023,0.037539574853007684,0.006172059001983143
CRIME,2,26,261777,GBM,Our Eps-Fair,0.1,,,0.6691729323308271,0.0727423488617519,0.00650270699406974
CRIME,2,26,261777,GBM,Our Eps-Fair,0.2,,,0.7142857142857143,0.19297452133273024,0.005649672995787114
CRIME,2,26,261777,GBM,Our Eps-Fair,0.3,,,0.7468671679197995,0.3183325795266094,0.005313823989126831
CRIME,2,26,261777,GBM,Our Eps-Fair,0.4,,,0.7744360902255639,0.41353836876224936,0.0079629279935034
CRIME,2,26,261777,GBM,Our Eps-Fair,0.5,,,0.7769423558897243,0.4885421377958692,0.007414245992549695
CRIME,2,26,261777,GBM,Fairlearn,,0.0001,,0.6416040100250626,0.007311925222373006,0.789274208000279
CRIME,2,26,261777,GBM,Fairlearn,,0.5,,0.656641604010025,0.05766621438263231,0.943912654009182
CRIME,2,26,261777,GBM,Fairlearn,,1.0,,0.6165413533834586,0.02781546811397556,0.905264040993643
CRIME,2,26,261777,GBM,Fairlearn,,2.5,,0.7944862155388471,0.5839740690486959,0.7973161830013851
CRIME,2,26,261777,GBM,Fairlearn,,5.0,,0.7944862155388471,0.5839740690486959,0.8503345089993672
CRIME,2,26,261777,GBM,Fairlearn,,10.0,,0.7719298245614035,0.5289461781999095,0.9142742130061379
CRIME,2,26,261777,NN,Unfair,,,,0.8145363408521303,0.7244836423940901,
CRIME,2,26,261777,NN,Our Eps-Fair,0.01,,,0.6466165413533834,0.04341926729986434,0.012503275997005403
CRIME,2,26,261777,NN,Our Eps-Fair,0.1,,,0.6641604010025063,0.011684004221317656,0.008696404009242542
CRIME,2,26,261777,NN,Our Eps-Fair,0.3,,,0.7393483709273183,0.32338308457711445,0.01177358499262482
CRIME,2,26,261777,NN,Our Eps-Fair,0.5,,,0.7919799498746867,0.5390471883009197,0.006663927008048631
CRIME,2,26,261777,NN,Our Eps-Fair,0.9,,,0.8145363408521303,0.7244836423940901,0.0015187620010692626
CRIME,2,26,261777,NN,Fair-adversarial,,,0.01,0.8095238095238095,0.7648876827981306,1.712013587995898
CRIME,2,26,261777,NN,Fair-adversarial,,,0.1,0.7969924812030075,0.649555254032866,1.7009852479968686
CRIME,2,26,261777,NN,Fair-adversarial,,,0.5,0.6466165413533834,0.06151062867480775,1.6824634600052377
CRIME,2,26,261777,NN,Fair-adversarial,,,0.9,0.568922305764411,0.07229006482737832,1.734771746007027
CRIME,2,26,261777,NN,Fair-adversarial,,,1.0,0.5162907268170426,0.21739785918890397,1.7748780339898076
CRIME,2,27,271777,reglog,Unfair,,,,0.8320802005012531,0.6746678743961353,0.00014673700206913054
CRIME,2,27,271777,reglog,Our Eps-Fair,0.0,,,0.656641604010025,0.059556159420289856,0.0069267389917513356
CRIME,2,27,271777,reglog,Our Eps-Fair,0.1,,,0.6842105263157895,0.05344202898550726,0.011286364999250509
CRIME,2,27,271777,reglog,Our Eps-Fair,0.2,,,0.7268170426065163,0.1668176328502416,0.008738641001400538
CRIME,2,27,271777,reglog,Our Eps-Fair,0.3,,,0.7644110275689223,0.26200181159420294,0.009164287999738008
CRIME,2,27,271777,reglog,Our Eps-Fair,0.4,,,0.7919799498746867,0.38730374396135264,0.007453084996086545
CRIME,2,27,271777,reglog,Our Eps-Fair,0.5,,,0.8070175438596491,0.4865640096618358,0.0055014890094753355
CRIME,2,27,271777,reglog,Fairlearn,,0.0001,,0.6616541353383458,0.012379227053140096,0.33280291000846773
CRIME,2,27,271777,reglog,Fairlearn,,0.5,,0.6691729323308271,0.006793478260869623,0.41769635400851257
CRIME,2,27,271777,reglog,Fairlearn,,1.0,,0.6641604010025063,0.026494565217391297,0.39550247899023816
CRIME,2,27,271777,reglog,Fairlearn,,2.5,,0.7994987468671679,0.45086050724637683,0.30610948300454766
CRIME,2,27,271777,reglog,Fairlearn,,5.0,,0.7994987468671679,0.45086050724637683,0.3315458809956908
CRIME,2,27,271777,reglog,Fairlearn,,10.0,,0.7969924812030075,0.43599033816425126,0.4517668509943178
CRIME,2,27,271777,RF,Unfair,,,,0.8245614035087719,0.6289251207729468,0.010979690996464342
CRIME,2,27,271777,RF,Our Eps-Fair,0.0,,,0.6691729323308271,0.0778230676328503,0.009383333992445841
CRIME,2,27,271777,RF,Our Eps-Fair,0.1,,,0.6867167919799498,0.006567028985507262,0.00925055900006555
CRIME,2,27,271777,RF,Our Eps-Fair,0.2,,,0.7243107769423559,0.13262379227053145,0.01499136199709028
CRIME,2,27,271777,RF,Our Eps-Fair,0.3,,,0.7468671679197995,0.22856280193236717,0.01356551400385797
CRIME,2,27,271777,RF,Our Eps-Fair,0.4,,,0.7694235588972431,0.29325181159420294,0.009926213009748608
CRIME,2,27,271777,RF,Our Eps-Fair,0.5,,,0.7944862155388471,0.4222524154589372,0.00804292100656312
CRIME,2,27,271777,RF,Fairlearn,,0.0001,,0.6265664160401002,0.04966787439613529,6.58118770699366
CRIME,2,27,271777,RF,Fairlearn,,0.5,,0.5839598997493735,0.03291062801932371,5.772708424992743
CRIME,2,27,271777,RF,Fairlearn,,1.0,,0.6040100250626567,0.06038647342995174,6.6701698340039
CRIME,2,27,271777,RF,Fairlearn,,2.5,,0.7919799498746867,0.48618659420289856,7.327425558003597
CRIME,2,27,271777,RF,Fairlearn,,5.0,,0.7969924812030075,0.4969806763285024,6.586725528992247
CRIME,2,27,271777,RF,Fairlearn,,10.0,,0.8145363408521303,0.5508756038647343,6.654022600007011
CRIME,2,27,271777,GBM,Unfair,,,,0.8145363408521303,0.6196407004830918,0.001213158990140073
CRIME,2,27,271777,GBM,Our Eps-Fair,0.0,,,0.6591478696741855,0.07820048309178745,0.004426831990713254
CRIME,2,27,271777,GBM,Our Eps-Fair,0.1,,,0.6942355889724311,0.031476449275362306,0.008402847000979818
CRIME,2,27,271777,GBM,Our Eps-Fair,0.2,,,0.7268170426065163,0.14749396135265708,0.00959873000101652
CRIME,2,27,271777,GBM,Our Eps-Fair,0.3,,,0.7568922305764411,0.23784722222222227,0.010968786999001168
CRIME,2,27,271777,GBM,Our Eps-Fair,0.4,,,0.7719298245614035,0.33861714975845414,0.007572688002255745
CRIME,2,27,271777,GBM,Our Eps-Fair,0.5,,,0.7694235588972431,0.4122131642512078,0.0063644069887232035
CRIME,2,27,271777,GBM,Fairlearn,,0.0001,,0.6491228070175439,0.08861714975845414,1.323929517006036
CRIME,2,27,271777,GBM,Fairlearn,,0.5,,0.6441102756892231,0.04808272946859904,1.2024858109944034
CRIME,2,27,271777,GBM,Fairlearn,,1.0,,0.6265664160401002,0.08265398550724645,1.5690147319983225
CRIME,2,27,271777,GBM,Fairlearn,,2.5,,0.7919799498746867,0.5055102657004831,1.7052646889933385
CRIME,2,27,271777,GBM,Fairlearn,,5.0,,0.8020050125313283,0.5255887681159421,1.3661650120047852
CRIME,2,27,271777,GBM,Fairlearn,,10.0,,0.7844611528822055,0.45086050724637683,1.3939785199909238
CRIME,2,27,271777,NN,Unfair,,,,0.8220551378446115,0.6222071256038648,
CRIME,2,27,271777,NN,Our Eps-Fair,0.01,,,0.6867167919799498,0.014643719806763267,0.006984541003475897
CRIME,2,27,271777,NN,Our Eps-Fair,0.1,,,0.7092731829573935,0.050045289855072506,0.007382269992376678
CRIME,2,27,271777,NN,Our Eps-Fair,0.3,,,0.7644110275689223,0.2176932367149758,0.018603372009238228
CRIME,2,27,271777,NN,Our Eps-Fair,0.5,,,0.8170426065162907,0.47199577294685996,0.014864260010654107
CRIME,2,27,271777,NN,Our Eps-Fair,0.9,,,0.8220551378446115,0.6222071256038648,0.0022370880033122376
CRIME,2,27,271777,NN,Fair-adversarial,,,0.01,0.8195488721804511,0.6296799516908212,1.6819685780064901
CRIME,2,27,271777,NN,Fair-adversarial,,,0.1,0.8145363408521303,0.6096014492753623,1.7290326999936951
CRIME,2,27,271777,NN,Fair-adversarial,,,0.5,0.7669172932330827,0.2916666666666667,2.038838881009724
CRIME,2,27,271777,NN,Fair-adversarial,,,0.9,0.6390977443609023,7.548309178745383e-05,1.7850845310022123
CRIME,2,27,271777,NN,Fair-adversarial,,,1.0,0.531328320802005,0.21437198067632857,1.7570880749990465
CRIME,2,28,281777,reglog,Unfair,,,,0.8521303258145363,0.6447209653092006,0.0001609190076123923
CRIME,2,28,281777,reglog,Our Eps-Fair,0.0,,,0.6616541353383458,0.016817496229260986,0.0047652229986852035
CRIME,2,28,281777,reglog,Our Eps-Fair,0.1,,,0.6842105263157895,0.06809954751131225,0.009163557988358662
CRIME,2,28,281777,reglog,Our Eps-Fair,0.2,,,0.706766917293233,0.12337858220211168,0.009633643989218399
CRIME,2,28,281777,reglog,Our Eps-Fair,0.3,,,0.7418546365914787,0.25422322775263956,0.01076869000098668
CRIME,2,28,281777,reglog,Our Eps-Fair,0.4,,,0.7869674185463659,0.39487179487179486,0.008667474001413211
CRIME,2,28,281777,reglog,Our Eps-Fair,0.5,,,0.8421052631578947,0.5350678733031675,0.013416126006632112
CRIME,2,28,281777,reglog,Fairlearn,,0.0001,,0.6741854636591479,0.04758672699849176,0.5273846009949921
CRIME,2,28,281777,reglog,Fairlearn,,0.5,,0.6791979949874687,0.037556561085972884,0.5056342019961448
CRIME,2,28,281777,reglog,Fairlearn,,1.0,,0.6791979949874687,0.037556561085972884,0.5323623869917355
CRIME,2,28,281777,reglog,Fairlearn,,2.5,,0.8145363408521303,0.4699849170437406,0.42650309899181593
CRIME,2,28,281777,reglog,Fairlearn,,5.0,,0.849624060150376,0.6097285067873303,0.3830222300020978
CRIME,2,28,281777,reglog,Fairlearn,,10.0,,0.8546365914786967,0.6398190045248869,0.33813174000533763
CRIME,2,28,281777,RF,Unfair,,,,0.8446115288220551,0.619079939668175,0.007309966007596813
CRIME,2,28,281777,RF,Our Eps-Fair,0.0,,,0.6791979949874687,0.001432880844645601,0.0068468629906419665
CRIME,2,28,281777,RF,Our Eps-Fair,0.1,,,0.7142857142857143,0.10799396681749629,0.004731558001367375
CRIME,2,28,281777,RF,Our Eps-Fair,0.2,,,0.7368421052631579,0.18333333333333335,0.007833288997062482
CRIME,2,28,281777,RF,Our Eps-Fair,0.3,,,0.7769423558897243,0.2934389140271494,0.007683912001084536
CRIME,2,28,281777,RF,Our Eps-Fair,0.4,,,0.8170426065162907,0.4044494720965309,0.011094107001554221
CRIME,2,28,281777,RF,Our Eps-Fair,0.5,,,0.8320802005012531,0.5038461538461538,0.01445328000409063
CRIME,2,28,281777,RF,Fairlearn,,0.0001,,0.6441102756892231,0.048039215686274506,7.762217972005601
CRIME,2,28,281777,RF,Fairlearn,,0.5,,0.6365914786967418,0.05520361990950229,6.831954470995697
CRIME,2,28,281777,RF,Fairlearn,,1.0,,0.6365914786967418,0.022624434389140247,7.660262178993435
CRIME,2,28,281777,RF,Fairlearn,,2.5,,0.8220551378446115,0.5539969834087481,8.392437788003008
CRIME,2,28,281777,RF,Fairlearn,,5.0,,0.8295739348370927,0.5292609351432881,6.710475757005042
CRIME,2,28,281777,RF,Fairlearn,,10.0,,0.8145363408521303,0.5190045248868778,8.161037278012373
CRIME,2,28,281777,GBM,Unfair,,,,0.8395989974937343,0.6496229260935144,0.0011039430100936443
CRIME,2,28,281777,GBM,Our Eps-Fair,0.0,,,0.6591478696741855,0.041779788838612386,0.00734594400273636
CRIME,2,28,281777,GBM,Our Eps-Fair,0.1,,,0.7218045112781954,0.08325791855203624,0.007758912994177081
CRIME,2,28,281777,GBM,Our Eps-Fair,0.2,,,0.7568922305764411,0.18310708898944195,0.007467260002158582
CRIME,2,28,281777,GBM,Our Eps-Fair,0.3,,,0.7794486215538847,0.2782805429864254,0.00759591200039722
CRIME,2,28,281777,GBM,Our Eps-Fair,0.4,,,0.8145363408521303,0.39864253393665156,0.008664449997013435
CRIME,2,28,281777,GBM,Our Eps-Fair,0.5,,,0.8295739348370927,0.45904977375565614,0.007985570002347231
CRIME,2,28,281777,GBM,Fairlearn,,0.0001,,0.6516290726817042,0.0638763197586727,2.6987444300029892
CRIME,2,28,281777,GBM,Fairlearn,,0.5,,0.6265664160401002,0.005731523378582237,2.5261451530095655
CRIME,2,28,281777,GBM,Fairlearn,,1.0,,0.6441102756892231,0.00995475113122174,2.864866190997418
CRIME,2,28,281777,GBM,Fairlearn,,2.5,,0.8446115288220551,0.5593514328808447,2.701570339995669
CRIME,2,28,281777,GBM,Fairlearn,,5.0,,0.8446115288220551,0.5593514328808447,2.8762710050068563
CRIME,2,28,281777,GBM,Fairlearn,,10.0,,0.8345864661654135,0.5089743589743589,3.504435390990693
CRIME,2,28,281777,NN,Unfair,,,,0.849624060150376,0.6188536953242836,
CRIME,2,28,281777,NN,Our Eps-Fair,0.01,,,0.6616541353383458,0.05120663650075419,0.012447546992916614
CRIME,2,28,281777,NN,Our Eps-Fair,0.1,,,0.6992481203007519,0.07383107088989443,0.00862918799975887
CRIME,2,28,281777,NN,Our Eps-Fair,0.3,,,0.7593984962406015,0.25641025641025644,0.0044549380108946934
CRIME,2,28,281777,NN,Our Eps-Fair,0.5,,,0.8270676691729323,0.4733031674208145,0.01287195400800556
CRIME,2,28,281777,NN,Our Eps-Fair,0.9,,,0.849624060150376,0.6188536953242836,0.0010991880117217079
CRIME,2,28,281777,NN,Fair-adversarial,,,0.01,0.8471177944862155,0.5756410256410256,1.755287314997986
CRIME,2,28,281777,NN,Fair-adversarial,,,0.1,0.8295739348370927,0.49095022624434387,1.8487710970075568
CRIME,2,28,281777,NN,Fair-adversarial,,,0.5,0.5263157894736842,0.19177978883861246,1.829622245990322
CRIME,2,28,281777,NN,Fair-adversarial,,,0.9,0.5614035087719298,0.12269984917043741,1.7505356410110835
CRIME,2,28,281777,NN,Fair-adversarial,,,1.0,0.5639097744360902,0.12805429864253404,1.6834550149942515
CRIME,2,29,291777,reglog,Unfair,,,,0.8471177944862155,0.7187547112920247,0.0001679070119280368
CRIME,2,29,291777,reglog,Our Eps-Fair,0.0,,,0.6491228070175439,0.01673450927182274,0.007412424994981848
CRIME,2,29,291777,reglog,Our Eps-Fair,0.1,,,0.6967418546365914,0.12829790441730743,0.007634598005097359
CRIME,2,29,291777,reglog,Our Eps-Fair,0.2,,,0.7192982456140351,0.2033770541233228,0.00744367900188081
CRIME,2,29,291777,reglog,Our Eps-Fair,0.3,,,0.7719298245614035,0.3482587064676617,0.005765917987446301
CRIME,2,29,291777,reglog,Our Eps-Fair,0.4,,,0.7769423558897243,0.3882858435097241,0.007287953005288728
CRIME,2,29,291777,reglog,Our Eps-Fair,0.5,,,0.7994987468671679,0.4732398612995628,0.005150012992089614
CRIME,2,29,291777,reglog,Fairlearn,,0.0001,,0.6691729323308271,0.03279059249208505,0.46078407400636934
CRIME,2,29,291777,reglog,Fairlearn,,0.5,,0.6666666666666666,0.03784109754259013,0.4096305209968705
CRIME,2,29,291777,reglog,Fairlearn,,1.0,,0.6591478696741855,0.02261420171867934,0.6132797220052453
CRIME,2,29,291777,reglog,Fairlearn,,2.5,,0.7969924812030075,0.4681893562490577,0.6124959190055961
CRIME,2,29,291777,reglog,Fairlearn,,5.0,,0.7894736842105263,0.45318860244233383,0.5776840450125746
CRIME,2,29,291777,reglog,Fairlearn,,10.0,,0.8471177944862155,0.7187547112920247,0.5989152050024131
CRIME,2,29,291777,RF,Unfair,,,,0.849624060150376,0.6537011910146239,0.016879535003681667
CRIME,2,29,291777,RF,Our Eps-Fair,0.0,,,0.6541353383458647,0.047414442936831,0.02213470099377446
CRIME,2,29,291777,RF,Our Eps-Fair,0.1,,,0.6691729323308271,0.012513191617669284,0.01133276300970465
CRIME,2,29,291777,RF,Our Eps-Fair,0.2,,,0.7092731829573935,0.12287049600482436,0.005689263009116985
CRIME,2,29,291777,RF,Our Eps-Fair,0.3,,,0.7393483709273183,0.24302728780340727,0.005769450988736935
CRIME,2,29,291777,RF,Our Eps-Fair,0.4,,,0.7619047619047619,0.3482587064676617,0.006399952995707281
CRIME,2,29,291777,RF,Our Eps-Fair,0.5,,,0.8120300751879699,0.5285692748379316,0.007368549995590001
CRIME,2,29,291777,RF,Fairlearn,,0.0001,,0.6716791979949874,0.04831901100557823,7.928534316990408
CRIME,2,29,291777,RF,Fairlearn,,0.5,,0.6766917293233082,0.0682948891904116,10.287020938005298
CRIME,2,29,291777,RF,Fairlearn,,1.0,,0.6691729323308271,0.0430423639378863,9.081505023001228
CRIME,2,29,291777,RF,Fairlearn,,2.5,,0.8270676691729323,0.5386702849389416,8.109805441999924
CRIME,2,29,291777,RF,Fairlearn,,5.0,,0.8270676691729323,0.5386702849389416,8.411067744993488
CRIME,2,29,291777,RF,Fairlearn,,10.0,,0.8395989974937343,0.6233981607115935,7.805996627997956
CRIME,2,29,291777,GBM,Unfair,,,,0.849624060150376,0.6636514397708428,0.0012073170073563233
CRIME,2,29,291777,GBM,Our Eps-Fair,0.0,,,0.6641604010025063,0.007311925222373006,0.004977585995220579
CRIME,2,29,291777,GBM,Our Eps-Fair,0.1,,,0.681704260651629,0.0578169757274235,0.00622918400040362
CRIME,2,29,291777,GBM,Our Eps-Fair,0.2,,,0.7092731829573935,0.12279511533242876,0.00629625101282727
CRIME,2,29,291777,GBM,Our Eps-Fair,0.3,,,0.7619047619047619,0.22810191466907886,0.006798607006203383
CRIME,2,29,291777,GBM,Our Eps-Fair,0.4,,,0.7819548872180451,0.33830845771144286,0.0056689769990043715
CRIME,2,29,291777,GBM,Our Eps-Fair,0.5,,,0.8195488721804511,0.5136439017036032,0.006656123005086556
CRIME,2,29,291777,GBM,Fairlearn,,0.0001,,0.6741854636591479,0.03294135383687624,1.3982094599923585
CRIME,2,29,291777,GBM,Fairlearn,,0.5,,0.6766917293233082,0.0579677370722147,1.5616568770055892
CRIME,2,29,291777,GBM,Fairlearn,,1.0,,0.6791979949874687,0.05291723202170967,1.5599672389944317
CRIME,2,29,291777,GBM,Fairlearn,,2.5,,0.8220551378446115,0.5587215437961706,1.420883581013186
CRIME,2,29,291777,GBM,Fairlearn,,5.0,,0.8245614035087719,0.5537464194180612,1.2117848339985358
CRIME,2,29,291777,GBM,Fairlearn,,10.0,,0.8471177944862155,0.6186491783506709,1.2213988779985812
CRIME,2,29,291777,NN,Unfair,,,,0.8245614035087719,0.6845318860244234,
CRIME,2,29,291777,NN,Our Eps-Fair,0.01,,,0.6240601503759399,0.08548168249660787,0.007996176995220594
CRIME,2,29,291777,NN,Our Eps-Fair,0.1,,,0.6666666666666666,0.0006784260515603768,0.011431072009145282
CRIME,2,29,291777,NN,Our Eps-Fair,0.3,,,0.7142857142857143,0.18415498266244534,0.008733755006687716
CRIME,2,29,291777,NN,Our Eps-Fair,0.5,,,0.8045112781954887,0.5242725765113825,0.012794116992154159
CRIME,2,29,291777,NN,Our Eps-Fair,0.9,,,0.8245614035087719,0.6845318860244234,0.0010100789950229228
CRIME,2,29,291777,NN,Fair-adversarial,,,0.01,0.8345864661654135,0.7643600180913613,1.7996003259904683
CRIME,2,29,291777,NN,Fair-adversarial,,,0.1,0.8395989974937343,0.6434494195688225,1.7098519259889144
CRIME,2,29,291777,NN,Fair-adversarial,,,0.5,0.8045112781954887,0.5130408563244384,1.7453514779917896
CRIME,2,29,291777,NN,Fair-adversarial,,,0.9,0.6591478696741855,0.1187999396954621,1.8484802559978561
CRIME,2,29,291777,NN,Fair-adversarial,,,1.0,0.5664160401002506,0.15799788934117298,1.8048062119923998
