Dataset,K,Repetition,Seed,Model,Method,Epsilon,FairlearnTolerance,AdversarialWeight,Accuracy,Unfairness,RuntimeSeconds
DRUG,2,0,777,reglog,Unfair,,,,0.7984084880636605,0.3296959363455527,0.00017274600395467132
DRUG,2,0,777,reglog,Our Eps-Fair,0.0,,,0.76657824933687,0.007445296959363468,0.013162206989363767
DRUG,2,0,777,reglog,Our Eps-Fair,0.1,,,0.7931034482758621,0.0876953680022734,0.012165650012320839
DRUG,2,0,777,reglog,Our Eps-Fair,0.2,,,0.7957559681697612,0.1824381926683717,0.008415381991653703
DRUG,2,0,777,reglog,Our Eps-Fair,0.3,,,0.7957559681697612,0.2584825234441603,0.016716147991246544
DRUG,2,0,777,reglog,Our Eps-Fair,0.4,,,0.7984084880636605,0.3296959363455527,0.0011772580037359148
DRUG,2,0,777,reglog,Our Eps-Fair,0.5,,,0.7984084880636605,0.3296959363455527,0.0011258419981459156
DRUG,2,0,777,reglog,Fairlearn,,0.0001,,0.7745358090185677,0.03475419153168513,0.252110133995302
DRUG,2,0,777,reglog,Fairlearn,,0.5,,0.76657824933687,0.018158567774936074,0.2702946880017407
DRUG,2,0,777,reglog,Fairlearn,,1.0,,0.76657824933687,0.017107132708155726,0.32752068700210657
DRUG,2,0,777,reglog,Fairlearn,,2.5,,0.7904509283819628,0.0818130150610969,0.33952220100036357
DRUG,2,0,777,reglog,Fairlearn,,5.0,,0.7931034482758621,0.20869565217391306,0.2280293969961349
DRUG,2,0,777,reglog,Fairlearn,,10.0,,0.7984084880636605,0.24188689968741123,0.5143040479888441
DRUG,2,0,777,RF,Unfair,,,,0.8037135278514589,0.2967036089798238,0.003048201004276052
DRUG,2,0,777,RF,Our Eps-Fair,0.0,,,0.7745358090185677,0.013327649900539917,0.01230739799211733
DRUG,2,0,777,RF,Our Eps-Fair,0.1,,,0.7877984084880637,0.09315146348394432,0.011934709997149184
DRUG,2,0,777,RF,Our Eps-Fair,0.2,,,0.8037135278514589,0.17780619494174482,0.0029297089931787923
DRUG,2,0,777,RF,Our Eps-Fair,0.3,,,0.8037135278514589,0.24208581983518046,0.006860212000901811
DRUG,2,0,777,RF,Our Eps-Fair,0.4,,,0.8037135278514589,0.2967036089798238,0.0011052440095227212
DRUG,2,0,777,RF,Our Eps-Fair,0.5,,,0.8037135278514589,0.2967036089798238,0.0010198540112469345
DRUG,2,0,777,RF,Fairlearn,,0.0001,,0.7612732095490716,0.007473714123330533,1.3845905270136427
DRUG,2,0,777,RF,Fairlearn,,0.5,,0.7692307692307693,0.01230463199772669,1.5462802730035037
DRUG,2,0,777,RF,Fairlearn,,1.0,,0.7612732095490716,0.0009661835748792091,1.39255204499932
DRUG,2,0,777,RF,Fairlearn,,2.5,,0.8010610079575596,0.11310031258880365,1.416288774998975
DRUG,2,0,777,RF,Fairlearn,,5.0,,0.8196286472148541,0.22276214833759594,1.4492292970098788
DRUG,2,0,777,RF,Fairlearn,,10.0,,0.8169761273209549,0.2147769252628588,2.8308209649985656
DRUG,2,0,777,GBM,Unfair,,,,0.830238726790451,0.2870417732310316,0.002122395992046222
DRUG,2,0,777,GBM,Our Eps-Fair,0.0,,,0.7771883289124668,0.016084114805342442,0.0148647549940506
DRUG,2,0,777,GBM,Our Eps-Fair,0.1,,,0.7904509283819628,0.08516624040920717,0.006940831997781061
DRUG,2,0,777,GBM,Our Eps-Fair,0.2,,,0.8143236074270557,0.17780619494174482,0.0051982540026074275
DRUG,2,0,777,GBM,Our Eps-Fair,0.3,,,0.8275862068965517,0.2607843137254902,0.009965452991309576
DRUG,2,0,777,GBM,Our Eps-Fair,0.4,,,0.830238726790451,0.2870417732310316,0.0009483559988439083
DRUG,2,0,777,GBM,Our Eps-Fair,0.5,,,0.830238726790451,0.2870417732310316,0.0008950100018410012
DRUG,2,0,777,GBM,Fairlearn,,0.0001,,0.76657824933687,0.0009661835748792091,2.9352843330125324
DRUG,2,0,777,GBM,Fairlearn,,0.5,,0.76657824933687,0.0020176186416595576,2.9674376599868992
DRUG,2,0,777,GBM,Fairlearn,,1.0,,0.76657824933687,0.008695652173913104,2.8236546700063627
DRUG,2,0,777,GBM,Fairlearn,,2.5,,0.830238726790451,0.142512077294686,3.627910413008067
DRUG,2,0,777,GBM,Fairlearn,,5.0,,0.8249336870026526,0.17465188974140383,3.630159887004993
DRUG,2,0,777,GBM,Fairlearn,,10.0,,0.8196286472148541,0.16499005399261157,4.822467296005925
DRUG,2,0,777,NN,Unfair,,,,0.8063660477453581,0.3303211139528275,
DRUG,2,0,777,NN,Our Eps-Fair,0.01,,,0.76657824933687,0.015004262574595084,0.006357182995998301
DRUG,2,0,777,NN,Our Eps-Fair,0.1,,,0.7798408488063661,0.0658425689116226,0.0061885480099590495
DRUG,2,0,777,NN,Our Eps-Fair,0.3,,,0.8090185676392573,0.2591077010514351,0.007802944994182326
DRUG,2,0,777,NN,Our Eps-Fair,0.5,,,0.8063660477453581,0.3303211139528275,0.0011134820088045672
DRUG,2,0,777,NN,Our Eps-Fair,0.9,,,0.8063660477453581,0.3303211139528275,0.0010774289985420182
DRUG,2,0,777,NN,Fair-adversarial,,,0.01,0.7851458885941645,0.07845978971298667,1.6275194560003001
DRUG,2,0,777,NN,Fair-adversarial,,,0.1,0.7984084880636605,0.21835748792270532,1.8605692959972657
DRUG,2,0,777,NN,Fair-adversarial,,,0.5,0.8063660477453581,0.2038647342995169,1.369662872995832
DRUG,2,0,777,NN,Fair-adversarial,,,0.9,0.8169761273209549,0.2553282182438193,1.3538835350045701
DRUG,2,0,777,NN,Fair-adversarial,,,1.0,0.7931034482758621,0.12929809605001424,1.3942210329987574
DRUG,2,1,10777,reglog,Unfair,,,,0.7877984084880637,0.3651889741403808,0.00010649400064721704
DRUG,2,1,10777,reglog,Our Eps-Fair,0.0,,,0.7798408488063661,0.0049161693662972406,0.00875210200319998
DRUG,2,1,10777,reglog,Our Eps-Fair,0.1,,,0.7957559681697612,0.09482807615799943,0.011565182008780539
DRUG,2,1,10777,reglog,Our Eps-Fair,0.2,,,0.7957559681697612,0.18473998294970168,0.01151957300317008
DRUG,2,1,10777,reglog,Our Eps-Fair,0.3,,,0.7984084880636605,0.2462915601023018,0.006092583003919572
DRUG,2,1,10777,reglog,Our Eps-Fair,0.4,,,0.7851458885941645,0.36035805626598466,0.00828939100028947
DRUG,2,1,10777,reglog,Our Eps-Fair,0.5,,,0.7877984084880637,0.3651889741403808,0.0011056020011892542
DRUG,2,1,10777,reglog,Fairlearn,,0.0001,,0.7692307692307693,0.03037794828076157,0.2514723549975315
DRUG,2,1,10777,reglog,Fairlearn,,0.5,,0.76657824933687,0.035208866155157725,0.27087749299244024
DRUG,2,1,10777,reglog,Fairlearn,,1.0,,0.76657824933687,0.035208866155157725,0.3123024819942657
DRUG,2,1,10777,reglog,Fairlearn,,2.5,,0.7771883289124668,0.021511793123046352,0.35076346099958755
DRUG,2,1,10777,reglog,Fairlearn,,5.0,,0.7957559681697612,0.2736004546746235,0.25084050399891566
DRUG,2,1,10777,reglog,Fairlearn,,10.0,,0.7877984084880637,0.3651889741403808,0.614314584992826
DRUG,2,1,10777,RF,Unfair,,,,0.8063660477453581,0.3132992327365729,0.004778672999236733
DRUG,2,1,10777,RF,Our Eps-Fair,0.0,,,0.7612732095490716,0.023444160272804826,0.027607829004409723
DRUG,2,1,10777,RF,Our Eps-Fair,0.1,,,0.7904509283819628,0.11310031258880365,0.013232853991212323
DRUG,2,1,10777,RF,Our Eps-Fair,0.2,,,0.8063660477453581,0.20090934924694515,0.015103504993021488
DRUG,2,1,10777,RF,Our Eps-Fair,0.3,,,0.8090185676392573,0.2849389030974709,0.008906404007575475
DRUG,2,1,10777,RF,Our Eps-Fair,0.4,,,0.8063660477453581,0.3132992327365729,0.0010917129984591156
DRUG,2,1,10777,RF,Our Eps-Fair,0.5,,,0.8063660477453581,0.3132992327365729,0.0011560499988263473
DRUG,2,1,10777,RF,Fairlearn,,0.0001,,0.7347480106100795,0.008326229042341593,1.5893557649978902
DRUG,2,1,10777,RF,Fairlearn,,0.5,,0.7506631299734748,0.0072747939755612445,1.726781998993829
DRUG,2,1,10777,RF,Fairlearn,,1.0,,0.7559681697612732,0.014151747655583968,1.555297384998994
DRUG,2,1,10777,RF,Fairlearn,,2.5,,0.7984084880636605,0.17254901960784313,1.6269943730003433
DRUG,2,1,10777,RF,Fairlearn,,5.0,,0.8169761273209549,0.2019607843137255,1.3970298169879243
DRUG,2,1,10777,RF,Fairlearn,,10.0,,0.7931034482758621,0.2410343847684001,2.3327711000019917
DRUG,2,1,10777,GBM,Unfair,,,,0.8116710875331565,0.33788007956805916,0.0012321340036578476
DRUG,2,1,10777,GBM,Our Eps-Fair,0.0,,,0.76657824933687,0.02995169082125604,0.004778407994308509
DRUG,2,1,10777,GBM,Our Eps-Fair,0.1,,,0.7745358090185677,0.048820687695368015,0.004224938005791046
DRUG,2,1,10777,GBM,Our Eps-Fair,0.2,,,0.8090185676392573,0.18957090082409783,0.006165280006825924
DRUG,2,1,10777,GBM,Our Eps-Fair,0.3,,,0.8063660477453581,0.25973287865870986,0.0048993130039889365
DRUG,2,1,10777,GBM,Our Eps-Fair,0.4,,,0.8116710875331565,0.33788007956805916,0.0009781779954209924
DRUG,2,1,10777,GBM,Our Eps-Fair,0.5,,,0.8116710875331565,0.33788007956805916,0.0009670750005170703
DRUG,2,1,10777,GBM,Fairlearn,,0.0001,,0.7506631299734748,0.008695652173913104,0.7997378159925574
DRUG,2,1,10777,GBM,Fairlearn,,0.5,,0.7612732095490716,0.02134129013924413,0.7168678649904905
DRUG,2,1,10777,GBM,Fairlearn,,1.0,,0.7692307692307693,0.0412617220801364,0.643169608010794
DRUG,2,1,10777,GBM,Fairlearn,,2.5,,0.7877984084880637,0.10071042909917594,0.5497797829884803
DRUG,2,1,10777,GBM,Fairlearn,,5.0,,0.7984084880636605,0.2303211139528275,0.6777235610061325
DRUG,2,1,10777,GBM,Fairlearn,,10.0,,0.8143236074270557,0.26666666666666666,1.11625555199862
DRUG,2,1,10777,NN,Unfair,,,,0.7824933687002652,0.33955669224211427,
DRUG,2,1,10777,NN,Our Eps-Fair,0.01,,,0.7745358090185677,0.0017618641659562506,0.005119944995385595
DRUG,2,1,10777,NN,Our Eps-Fair,0.1,,,0.7931034482758621,0.1082693947144075,0.012520365009550005
DRUG,2,1,10777,NN,Our Eps-Fair,0.3,,,0.7904509283819628,0.2147769252628588,0.00886607900611125
DRUG,2,1,10777,NN,Our Eps-Fair,0.5,,,0.7824933687002652,0.33955669224211427,0.001120436005294323
DRUG,2,1,10777,NN,Our Eps-Fair,0.9,,,0.7824933687002652,0.33955669224211427,0.0021439499978441745
DRUG,2,1,10777,NN,Fair-adversarial,,,0.01,0.7877984084880637,0.3876669508383064,1.4961610140017
DRUG,2,1,10777,NN,Fair-adversarial,,,0.1,0.7957559681697612,0.2811594202898551,1.4305744099983713
DRUG,2,1,10777,NN,Fair-adversarial,,,0.5,0.7931034482758621,0.2891446433645922,1.5552335959946504
DRUG,2,1,10777,NN,Fair-adversarial,,,0.9,0.7984084880636605,0.19062233589087813,1.9823969569988549
DRUG,2,1,10777,NN,Fair-adversarial,,,1.0,0.7904509283819628,0.3132992327365729,1.9372423699969659
DRUG,2,2,20777,reglog,Unfair,,,,0.8249336870026526,0.29755612389883496,0.00017269799718633294
DRUG,2,2,20777,reglog,Our Eps-Fair,0.0,,,0.8116710875331565,0.025092355782892928,0.01774862699676305
DRUG,2,2,20777,reglog,Our Eps-Fair,0.1,,,0.8037135278514589,0.0855924978687127,0.011472979007521644
DRUG,2,2,20777,reglog,Our Eps-Fair,0.2,,,0.8143236074270557,0.18621767547598755,0.008509115010383539
DRUG,2,2,20777,reglog,Our Eps-Fair,0.3,,,0.8169761273209549,0.28201193520886614,0.02027661699685268
DRUG,2,2,20777,reglog,Our Eps-Fair,0.4,,,0.8249336870026526,0.29755612389883496,0.0024803900014376268
DRUG,2,2,20777,reglog,Our Eps-Fair,0.5,,,0.8249336870026526,0.29755612389883496,0.0017157940019387752
DRUG,2,2,20777,reglog,Fairlearn,,0.0001,,0.7931034482758621,0.005370843989769836,0.5210837640042882
DRUG,2,2,20777,reglog,Fairlearn,,0.5,,0.7931034482758621,0.005370843989769836,0.3284857390099205
DRUG,2,2,20777,reglog,Fairlearn,,1.0,,0.8116710875331565,0.025092355782892928,0.30374887700600084
DRUG,2,2,20777,reglog,Fairlearn,,2.5,,0.8169761273209549,0.14714407502131288,0.38323915799264796
DRUG,2,2,20777,reglog,Fairlearn,,5.0,,0.8063660477453581,0.1685706166524581,0.350144960990292
DRUG,2,2,20777,reglog,Fairlearn,,10.0,,0.8063660477453581,0.1685706166524581,0.723065822996432
DRUG,2,2,20777,RF,Unfair,,,,0.8328912466843501,0.27465188974140387,0.011295329008135013
DRUG,2,2,20777,RF,Our Eps-Fair,0.0,,,0.7798408488063661,0.0026143790849673665,0.026434176994371228
DRUG,2,2,20777,RF,Our Eps-Fair,0.1,,,0.8090185676392573,0.11668087524865023,0.0071720440028002486
DRUG,2,2,20777,RF,Our Eps-Fair,0.2,,,0.8249336870026526,0.20448991190679172,0.01886784500675276
DRUG,2,2,20777,RF,Our Eps-Fair,0.3,,,0.8328912466843501,0.27465188974140387,0.00113969600351993
DRUG,2,2,20777,RF,Our Eps-Fair,0.4,,,0.8328912466843501,0.27465188974140387,0.0010169489978579804
DRUG,2,2,20777,RF,Our Eps-Fair,0.5,,,0.8328912466843501,0.27465188974140387,0.001055011001881212
DRUG,2,2,20777,RF,Fairlearn,,0.0001,,0.7957559681697612,0.0015913611821540274,4.490940544012119
DRUG,2,2,20777,RF,Fairlearn,,0.5,,0.7877984084880637,0.013952827507814791,4.283388414987712
DRUG,2,2,20777,RF,Fairlearn,,1.0,,0.7692307692307693,0.03373117362887185,3.4891474769974593
DRUG,2,2,20777,RF,Fairlearn,,2.5,,0.830238726790451,0.18096050014208587,3.751690721997875
DRUG,2,2,20777,RF,Fairlearn,,5.0,,0.8222811671087533,0.18684285308326232,3.097803013995872
DRUG,2,2,20777,RF,Fairlearn,,10.0,,0.8222811671087533,0.25112247797669796,6.121331369009567
DRUG,2,2,20777,GBM,Unfair,,,,0.8249336870026526,0.26121057118499574,0.0009545630018692464
DRUG,2,2,20777,GBM,Our Eps-Fair,0.0,,,0.8037135278514589,0.04063654447286158,0.005211623996729031
DRUG,2,2,20777,GBM,Our Eps-Fair,0.1,,,0.8090185676392573,0.09735720375106571,0.011200131004443392
DRUG,2,2,20777,GBM,Our Eps-Fair,0.2,,,0.8196286472148541,0.20448991190679172,0.005043268000008538
DRUG,2,2,20777,GBM,Our Eps-Fair,0.3,,,0.8249336870026526,0.26121057118499574,0.0015211479912977666
DRUG,2,2,20777,GBM,Our Eps-Fair,0.4,,,0.8249336870026526,0.26121057118499574,0.0011114920052932575
DRUG,2,2,20777,GBM,Our Eps-Fair,0.5,,,0.8249336870026526,0.26121057118499574,0.0009165829978883266
DRUG,2,2,20777,GBM,Fairlearn,,0.0001,,0.7824933687002652,0.007473714123330533,1.2449333389959065
DRUG,2,2,20777,GBM,Fairlearn,,0.5,,0.7824933687002652,0.005342426825802771,1.1474539600021672
DRUG,2,2,20777,GBM,Fairlearn,,1.0,,0.7824933687002652,0.004290991759022478,1.1020986410003388
DRUG,2,2,20777,GBM,Fairlearn,,2.5,,0.8010610079575596,0.07760727479397556,1.014985303991125
DRUG,2,2,20777,GBM,Fairlearn,,5.0,,0.8143236074270557,0.20448991190679172,0.9535541780060157
DRUG,2,2,20777,GBM,Fairlearn,,10.0,,0.8143236074270557,0.21625461778914468,2.04783750900242
DRUG,2,2,20777,NN,Unfair,,,,0.8116710875331565,0.2584825234441603,
DRUG,2,2,20777,NN,Our Eps-Fair,0.01,,,0.8037135278514589,0.027820403523728332,0.005807772002299316
DRUG,2,2,20777,NN,Our Eps-Fair,0.1,,,0.8143236074270557,0.14021028701335608,0.005715199004043825
DRUG,2,2,20777,NN,Our Eps-Fair,0.3,,,0.8116710875331565,0.2584825234441603,0.0010704760061344132
DRUG,2,2,20777,NN,Our Eps-Fair,0.5,,,0.8116710875331565,0.2584825234441603,0.0009463680034969002
DRUG,2,2,20777,NN,Our Eps-Fair,0.9,,,0.8116710875331565,0.2584825234441603,0.0009528369992040098
DRUG,2,2,20777,NN,Fair-adversarial,,,0.01,0.8169761273209549,0.28201193520886614,1.4905288629961433
DRUG,2,2,20777,NN,Fair-adversarial,,,0.1,0.8116710875331565,0.18033532253481105,1.5074801180016948
DRUG,2,2,20777,NN,Fair-adversarial,,,0.5,0.8037135278514589,0.22046035805626601,1.4887692719930783
DRUG,2,2,20777,NN,Fair-adversarial,,,0.9,0.6074270557029178,0.2754475703324808,1.5955327159899753
DRUG,2,2,20777,NN,Fair-adversarial,,,1.0,0.8090185676392573,0.18726911054276785,1.4646811160055222
DRUG,2,3,30777,reglog,Unfair,,,,0.8328912466843501,0.43289047862374386,0.0001530190056655556
DRUG,2,3,30777,reglog,Our Eps-Fair,0.0,,,0.7984084880636605,0.006444103786975519,0.011280780003289692
DRUG,2,3,30777,reglog,Our Eps-Fair,0.1,,,0.8222811671087533,0.09217623346391868,0.018432379991281778
DRUG,2,3,30777,reglog,Our Eps-Fair,0.2,,,0.8249336870026526,0.18562993243626874,0.02357064699754119
DRUG,2,3,30777,reglog,Our Eps-Fair,0.3,,,0.8275862068965517,0.28107079997728956,0.025155329989502206
DRUG,2,3,30777,reglog,Our Eps-Fair,0.4,,,0.8355437665782494,0.3531198546528133,0.00824181901407428
DRUG,2,3,30777,reglog,Our Eps-Fair,0.5,,,0.8328912466843501,0.43289047862374386,0.0009978739981306717
DRUG,2,3,30777,reglog,Fairlearn,,0.0001,,0.8169761273209549,0.11358087776074488,0.2894014899939066
DRUG,2,3,30777,reglog,Fairlearn,,0.5,,0.8222811671087533,0.11358087776074488,0.29265903400664683
DRUG,2,3,30777,reglog,Fairlearn,,1.0,,0.8169761273209549,0.10287855561233178,0.22147739901265595
DRUG,2,3,30777,reglog,Fairlearn,,2.5,,0.8143236074270557,0.10773292454437061,0.2512381500127958
DRUG,2,3,30777,reglog,Fairlearn,,5.0,,0.8328912466843501,0.31516493499119974,0.2594661929906579
DRUG,2,3,30777,reglog,Fairlearn,,10.0,,0.8328912466843501,0.43289047862374386,0.4302541380020557
DRUG,2,3,30777,RF,Unfair,,,,0.8461538461538461,0.3531198546528133,0.0016921779897529632
DRUG,2,3,30777,RF,Our Eps-Fair,0.0,,,0.7453580901856764,0.09859194912848468,0.007813754011294805
DRUG,2,3,30777,RF,Our Eps-Fair,0.1,,,0.7824933687002652,0.0221143473570658,0.0069881480012554675
DRUG,2,3,30777,RF,Our Eps-Fair,0.2,,,0.8169761273209549,0.13597910634190652,0.005213586991885677
DRUG,2,3,30777,RF,Our Eps-Fair,0.3,,,0.8381962864721485,0.21387611423380465,0.008789379993686453
DRUG,2,3,30777,RF,Our Eps-Fair,0.4,,,0.843501326259947,0.2927667064100381,0.004981269012205303
DRUG,2,3,30777,RF,Our Eps-Fair,0.5,,,0.8461538461538461,0.3531198546528133,0.0010279130074195564
DRUG,2,3,30777,RF,Fairlearn,,0.0001,,0.7771883289124668,0.06569011525577706,1.0011568720074138
DRUG,2,3,30777,RF,Fairlearn,,0.5,,0.7745358090185677,0.028728779878498867,0.8844048850005493
DRUG,2,3,30777,RF,Fairlearn,,1.0,,0.7639257294429708,0.04241185487991822,0.8930510749923997
DRUG,2,3,30777,RF,Fairlearn,,2.5,,0.8196286472148541,0.22645205246125027,1.2797993390122429
DRUG,2,3,30777,RF,Fairlearn,,5.0,,0.8275862068965517,0.2313064213932891,1.2424333110102452
DRUG,2,3,30777,RF,Fairlearn,,10.0,,0.8408488063660478,0.32774087321864537,1.7745910469966475
DRUG,2,3,30777,GBM,Unfair,,,,0.830238726790451,0.3842332368137172,0.0010875619918806478
DRUG,2,3,30777,GBM,Our Eps-Fair,0.0,,,0.7692307692307693,0.013086924430818159,0.006674799995380454
DRUG,2,3,30777,GBM,Our Eps-Fair,0.1,,,0.7904509283819628,0.055101345597002194,0.009867061002296396
DRUG,2,3,30777,GBM,Our Eps-Fair,0.2,,,0.8063660477453581,0.1456878442059843,0.007926669000880793
DRUG,2,3,30777,GBM,Our Eps-Fair,0.3,,,0.8143236074270557,0.21773689888150805,0.005196785001317039
DRUG,2,3,30777,GBM,Our Eps-Fair,0.4,,,0.8249336870026526,0.350139101799807,0.004150605003815144
DRUG,2,3,30777,GBM,Our Eps-Fair,0.5,,,0.830238726790451,0.3842332368137172,0.0009264349937438965
DRUG,2,3,30777,GBM,Fairlearn,,0.0001,,0.7851458885941645,0.04439902344858909,1.6512373330042465
DRUG,2,3,30777,GBM,Fairlearn,,0.5,,0.7745358090185677,0.05410776131266676,1.9820083759987028
DRUG,2,3,30777,GBM,Fairlearn,,1.0,,0.7798408488063661,0.04241185487991822,1.9634429120051209
DRUG,2,3,30777,GBM,Fairlearn,,2.5,,0.8169761273209549,0.22159768352921144,2.512646475006477
DRUG,2,3,30777,GBM,Fairlearn,,5.0,,0.8408488063660478,0.28691875319366383,2.2921444430103293
DRUG,2,3,30777,GBM,Fairlearn,,10.0,,0.830238726790451,0.3394367796513939,3.131584405011381
DRUG,2,3,30777,NN,Unfair,,,,0.830238726790451,0.4250553568386987,
DRUG,2,3,30777,NN,Our Eps-Fair,0.01,,,0.7851458885941645,0.023789246579231316,0.00792139999975916
DRUG,2,3,30777,NN,Our Eps-Fair,0.1,,,0.8063660477453581,0.043405439164253656,0.010693027987144887
DRUG,2,3,30777,NN,Our Eps-Fair,0.3,,,0.8355437665782494,0.2585590189064896,0.004280235996702686
DRUG,2,3,30777,NN,Our Eps-Fair,0.5,,,0.830238726790451,0.4250553568386987,0.0009979099995689467
DRUG,2,3,30777,NN,Our Eps-Fair,0.9,,,0.830238726790451,0.4250553568386987,0.0009662729862611741
DRUG,2,3,30777,NN,Fair-adversarial,,,0.01,0.843501326259947,0.418213819337989,1.772047417005524
DRUG,2,3,30777,NN,Fair-adversarial,,,0.1,0.8381962864721485,0.2877987849883609,1.5043370950006647
DRUG,2,3,30777,NN,Fair-adversarial,,,0.5,0.8355437665782494,0.30534264463748373,1.6584426449990133
DRUG,2,3,30777,NN,Fair-adversarial,,,0.9,0.8408488063660478,0.18287628456253907,1.654095693011186
DRUG,2,3,30777,NN,Fair-adversarial,,,1.0,0.8381962864721485,0.3268608414239483,1.6764280710049206
DRUG,2,4,40777,reglog,Unfair,,,,0.8090185676392573,0.38622040538238805,0.0001143749977927655
DRUG,2,4,40777,reglog,Our Eps-Fair,0.0,,,0.7718832891246684,0.01870777266791579,0.010605585994198918
DRUG,2,4,40777,reglog,Our Eps-Fair,0.1,,,0.7984084880636605,0.13509907454720943,0.006947040994418785
DRUG,2,4,40777,reglog,Our Eps-Fair,0.2,,,0.8143236074270557,0.22667915744052686,0.00856076501077041
DRUG,2,4,40777,reglog,Our Eps-Fair,0.3,,,0.8196286472148541,0.3239936410605803,0.006144016995676793
DRUG,2,4,40777,reglog,Our Eps-Fair,0.4,,,0.8090185676392573,0.38622040538238805,0.0013391410029726103
DRUG,2,4,40777,reglog,Our Eps-Fair,0.5,,,0.8090185676392573,0.38622040538238805,0.001545933002489619
DRUG,2,4,40777,reglog,Fairlearn,,0.0001,,0.7904509283819628,0.07474592630443422,0.2823117639927659
DRUG,2,4,40777,reglog,Fairlearn,,0.5,,0.8010610079575596,0.07573951058876965,0.3001267049985472
DRUG,2,4,40777,reglog,Fairlearn,,1.0,,0.7904509283819628,0.07573951058876965,0.331116564993863
DRUG,2,4,40777,reglog,Fairlearn,,2.5,,0.7877984084880637,0.08059387952080849,0.2719168100011302
DRUG,2,4,40777,reglog,Fairlearn,,5.0,,0.8169761273209549,0.26463407710214043,0.34513822400185745
DRUG,2,4,40777,reglog,Fairlearn,,10.0,,0.8143236074270557,0.2587861238857662,0.5750421800039476
DRUG,2,4,40777,RF,Unfair,,,,0.8275862068965517,0.3141713507068643,0.0042971250077243894
DRUG,2,4,40777,RF,Our Eps-Fair,0.0,,,0.7639257294429708,0.01924714699369784,0.004909381998004392
DRUG,2,4,40777,RF,Our Eps-Fair,0.1,,,0.7984084880636605,0.15551013455970025,0.008022781999898143
DRUG,2,4,40777,RF,Our Eps-Fair,0.2,,,0.8143236074270557,0.2645205246125022,0.00693022100313101
DRUG,2,4,40777,RF,Our Eps-Fair,0.3,,,0.8249336870026526,0.3093169817748255,0.006065963010769337
DRUG,2,4,40777,RF,Our Eps-Fair,0.4,,,0.8275862068965517,0.3141713507068643,0.0013866109948139638
DRUG,2,4,40777,RF,Our Eps-Fair,0.5,,,0.8275862068965517,0.3141713507068643,0.0011652660032268614
DRUG,2,4,40777,RF,Fairlearn,,0.0001,,0.7771883289124668,0.05322772951796967,1.5277648960036458
DRUG,2,4,40777,RF,Fairlearn,,0.5,,0.76657824933687,0.05521489808664054,1.711502179998206
DRUG,2,4,40777,RF,Fairlearn,,1.0,,0.76657824933687,0.019133594504059492,1.477731439008494
DRUG,2,4,40777,RF,Fairlearn,,2.5,,0.8010610079575596,0.19346505422131388,1.7815869999903953
DRUG,2,4,40777,RF,Fairlearn,,5.0,,0.8116710875331565,0.2683813092602056,1.7151169220014708
DRUG,2,4,40777,RF,Fairlearn,,10.0,,0.8249336870026526,0.2859251689093284,2.658663214999251
DRUG,2,4,40777,GBM,Unfair,,,,0.8275862068965517,0.3569806393005167,0.0014459599915426224
DRUG,2,4,40777,GBM,Our Eps-Fair,0.0,,,0.7586206896551724,0.04198603304377452,0.005215717988903634
DRUG,2,4,40777,GBM,Our Eps-Fair,0.1,,,0.7851458885941645,0.12053596775109293,0.005185008005355485
DRUG,2,4,40777,GBM,Our Eps-Fair,0.2,,,0.8275862068965517,0.25966615568046336,0.0049507950025144964
DRUG,2,4,40777,GBM,Our Eps-Fair,0.3,,,0.830238726790451,0.35113268608414244,0.004058685008203611
DRUG,2,4,40777,GBM,Our Eps-Fair,0.4,,,0.8275862068965517,0.3569806393005167,0.0014719250029884279
DRUG,2,4,40777,GBM,Our Eps-Fair,0.5,,,0.8275862068965517,0.3569806393005167,0.001161772001069039
DRUG,2,4,40777,GBM,Fairlearn,,0.0001,,0.7639257294429708,0.007551240560949302,0.8781242969998857
DRUG,2,4,40777,GBM,Fairlearn,,0.5,,0.7586206896551724,0.0021574973031284195,0.9275226220051991
DRUG,2,4,40777,GBM,Fairlearn,,1.0,,0.76657824933687,0.007011866235167252,1.0211589859973174
DRUG,2,4,40777,GBM,Fairlearn,,2.5,,0.8143236074270557,0.1876171010049396,1.0175466889922973
DRUG,2,4,40777,GBM,Fairlearn,,5.0,,0.8381962864721485,0.2576789871117925,0.9917580210021697
DRUG,2,4,40777,GBM,Fairlearn,,10.0,,0.8328912466843501,0.25668540282745705,1.6374500669917325
DRUG,2,4,40777,NN,Unfair,,,,0.8249336870026526,0.35113268608414244,
DRUG,2,4,40777,NN,Our Eps-Fair,0.01,,,0.7798408488063661,0.004144665871799291,0.00834171699534636
DRUG,2,4,40777,NN,Our Eps-Fair,0.1,,,0.8010610079575596,0.14094702776358375,0.005887277002329938
DRUG,2,4,40777,NN,Our Eps-Fair,0.3,,,0.8222811671087533,0.3355759950036905,0.005274934010230936
DRUG,2,4,40777,NN,Our Eps-Fair,0.5,,,0.8249336870026526,0.35113268608414244,0.0011171539954375476
DRUG,2,4,40777,NN,Our Eps-Fair,0.9,,,0.8249336870026526,0.35113268608414244,0.0009376100060762838
DRUG,2,4,40777,NN,Fair-adversarial,,,0.01,0.8116710875331565,0.37937886788167835,1.4547698469978059
DRUG,2,4,40777,NN,Fair-adversarial,,,0.1,0.8116710875331565,0.26264690853346967,1.4882816869940143
DRUG,2,4,40777,NN,Fair-adversarial,,,0.5,0.8196286472148541,0.22767274172486235,1.3967943339957856
DRUG,2,4,40777,NN,Fair-adversarial,,,0.9,0.8037135278514589,0.19954011241696473,1.3900406440079678
DRUG,2,4,40777,NN,Fair-adversarial,,,1.0,0.7612732095490716,0.06461136660421285,1.4537356860091677
DRUG,2,5,50777,reglog,Unfair,,,,0.8275862068965517,0.3786123885766196,0.0001220840058522299
DRUG,2,5,50777,reglog,Our Eps-Fair,0.0,,,0.76657824933687,0.05356838698688471,0.013937518000602722
DRUG,2,5,50777,reglog,Our Eps-Fair,0.1,,,0.7984084880636605,0.0681314937830012,0.008044925009016879
DRUG,2,5,50777,reglog,Our Eps-Fair,0.2,,,0.8090185676392573,0.21123601884971327,0.008545137010514736
DRUG,2,5,50777,reglog,Our Eps-Fair,0.3,,,0.8249336870026526,0.3630556974961677,0.009952881999197416
DRUG,2,5,50777,reglog,Our Eps-Fair,0.4,,,0.8275862068965517,0.3786123885766196,0.0010912440047832206
DRUG,2,5,50777,reglog,Our Eps-Fair,0.5,,,0.8275862068965517,0.3786123885766196,0.0012133080017520115
DRUG,2,5,50777,reglog,Fairlearn,,0.0001,,0.7745358090185677,0.00877192982456143,0.25601213399204426
DRUG,2,5,50777,reglog,Fairlearn,,0.5,,0.7798408488063661,0.020467836257309968,0.25752927700523287
DRUG,2,5,50777,reglog,Fairlearn,,1.0,,0.7771883289124668,0.0146198830409357,0.29816383299476
DRUG,2,5,50777,reglog,Fairlearn,,2.5,,0.7824933687002652,0.0253222051893488,0.22886765899602324
DRUG,2,5,50777,reglog,Fairlearn,,5.0,,0.8090185676392573,0.25503889172770117,0.22551698600000236
DRUG,2,5,50777,reglog,Fairlearn,,10.0,,0.8063660477453581,0.23948220064724918,0.436348792994977
DRUG,2,5,50777,RF,Unfair,,,,0.8222811671087533,0.37463805143927786,0.011134999003843404
DRUG,2,5,50777,RF,Our Eps-Fair,0.0,,,0.7453580901856764,0.030176574121387634,0.006077447003917769
DRUG,2,5,50777,RF,Our Eps-Fair,0.1,,,0.7745358090185677,0.07397944699937548,0.011914176007849164
DRUG,2,5,50777,RF,Our Eps-Fair,0.2,,,0.8169761273209549,0.23550786350990743,0.005494958997587673
DRUG,2,5,50777,RF,Our Eps-Fair,0.3,,,0.8222811671087533,0.37463805143927786,0.001139134998084046
DRUG,2,5,50777,RF,Our Eps-Fair,0.4,,,0.8222811671087533,0.37463805143927786,0.0010418489982839674
DRUG,2,5,50777,RF,Our Eps-Fair,0.5,,,0.8222811671087533,0.37463805143927786,0.0010076289909193292
DRUG,2,5,50777,RF,Fairlearn,,0.0001,,0.7984084880636605,0.11667518310338959,5.267316366996965
DRUG,2,5,50777,RF,Fairlearn,,0.5,,0.7612732095490716,0.025095100210072108,5.21251365399803
DRUG,2,5,50777,RF,Fairlearn,,1.0,,0.76657824933687,0.09228978595355702,4.643253949005157
DRUG,2,5,50777,RF,Fairlearn,,2.5,,0.8169761273209549,0.2636404928178051,4.821365871001035
DRUG,2,5,50777,RF,Fairlearn,,5.0,,0.8275862068965517,0.3201328564128769,5.69388628899469
DRUG,2,5,50777,RF,Fairlearn,,10.0,,0.8169761273209549,0.3221200249815478,8.314307452004869
DRUG,2,5,50777,GBM,Unfair,,,,0.8222811671087533,0.3649293135752002,0.0011452720063971356
DRUG,2,5,50777,GBM,Our Eps-Fair,0.0,,,0.753315649867374,0.0146198830409357,0.009434188003069721
DRUG,2,5,50777,GBM,Our Eps-Fair,0.1,,,0.8037135278514589,0.12263668880940215,0.007069787010550499
DRUG,2,5,50777,GBM,Our Eps-Fair,0.2,,,0.8169761273209549,0.22679270993016526,0.007044416997814551
DRUG,2,5,50777,GBM,Our Eps-Fair,0.3,,,0.8222811671087533,0.3649293135752002,0.0013137770001776516
DRUG,2,5,50777,GBM,Our Eps-Fair,0.4,,,0.8222811671087533,0.3649293135752002,0.0008979940030258149
DRUG,2,5,50777,GBM,Our Eps-Fair,0.5,,,0.8222811671087533,0.3649293135752002,0.0009091950050788
DRUG,2,5,50777,GBM,Fairlearn,,0.0001,,0.7745358090185677,0.0505876341338784,1.569157289006398
DRUG,2,5,50777,GBM,Fairlearn,,0.5,,0.7771883289124668,0.04473968091750413,1.588831660003052
DRUG,2,5,50777,GBM,Fairlearn,,1.0,,0.76657824933687,0.033043774484755595,1.297158009998384
DRUG,2,5,50777,GBM,Fairlearn,,2.5,,0.7904509283819628,0.10310566059160847,1.434935419994872
DRUG,2,5,50777,GBM,Fairlearn,,5.0,,0.8275862068965517,0.26960199852381767,1.8569764889980434
DRUG,2,5,50777,GBM,Fairlearn,,10.0,,0.8249336870026526,0.28615227388860504,2.7724933120043715
DRUG,2,5,50777,NN,Unfair,,,,0.8222811671087533,0.3572077442797934,
DRUG,2,5,50777,NN,Our Eps-Fair,0.01,,,0.7427055702917772,0.09351047521716915,0.007768359006149694
DRUG,2,5,50777,NN,Our Eps-Fair,0.1,,,0.7984084880636605,0.08854255379549197,0.006853622006019577
DRUG,2,5,50777,NN,Our Eps-Fair,0.3,,,0.8222811671087533,0.3572077442797934,0.001132785007939674
DRUG,2,5,50777,NN,Our Eps-Fair,0.5,,,0.8222811671087533,0.3572077442797934,0.0009370309999212623
DRUG,2,5,50777,NN,Our Eps-Fair,0.9,,,0.8222811671087533,0.3572077442797934,0.0009230779978679493
DRUG,2,5,50777,NN,Fair-adversarial,,,0.01,0.8249336870026526,0.3737580196445808,1.426552251999965
DRUG,2,5,50777,NN,Fair-adversarial,,,0.1,0.8275862068965517,0.27059558280815305,1.4828572470141808
DRUG,2,5,50777,NN,Fair-adversarial,,,0.5,0.8063660477453581,0.34176460568897976,1.395635854001739
DRUG,2,5,50777,NN,Fair-adversarial,,,0.9,0.5809018567639257,0.2886504286606484,1.4276935170055367
DRUG,2,5,50777,NN,Fair-adversarial,,,1.0,0.7082228116710876,0.04295122920570038,2.034672177993343
DRUG,2,6,60777,reglog,Unfair,,,,0.7824933687002652,0.4143506678033532,0.00016700499691069126
DRUG,2,6,60777,reglog,Our Eps-Fair,0.0,,,0.7347480106100795,0.012929809605001452,0.016781333994003944
DRUG,2,6,60777,reglog,Our Eps-Fair,0.1,,,0.76657824933687,0.11122477976697925,0.016527037005289458
DRUG,2,6,60777,reglog,Our Eps-Fair,0.2,,,0.7824933687002652,0.2343279340721796,0.02291617900482379
DRUG,2,6,60777,reglog,Our Eps-Fair,0.3,,,0.7904509283819628,0.3387325944870702,0.01482679700711742
DRUG,2,6,60777,reglog,Our Eps-Fair,0.4,,,0.7824933687002652,0.4143506678033532,0.0022445359936682507
DRUG,2,6,60777,reglog,Our Eps-Fair,0.5,,,0.7824933687002652,0.4143506678033532,0.002330482006072998
DRUG,2,6,60777,reglog,Fairlearn,,0.0001,,0.7559681697612732,0.05450412048877529,0.3012275619985303
DRUG,2,6,60777,reglog,Fairlearn,,0.5,,0.7480106100795756,0.02614379084967322,0.3706269770045765
DRUG,2,6,60777,reglog,Fairlearn,,1.0,,0.7506631299734748,0.030974708724069377,0.38284344199928455
DRUG,2,6,60777,reglog,Fairlearn,,2.5,,0.7639257294429708,0.1063938618925831,0.35424262899323367
DRUG,2,6,60777,reglog,Fairlearn,,5.0,,0.7851458885941645,0.2958795112247798,0.3532658819895005
DRUG,2,6,60777,reglog,Fairlearn,,10.0,,0.7824933687002652,0.2910485933503837,0.5892594149918295
DRUG,2,6,60777,RF,Unfair,,,,0.7984084880636605,0.285791418016482,0.017123626996180974
DRUG,2,6,60777,RF,Our Eps-Fair,0.0,,,0.7480106100795756,0.03603296391020183,0.00907765599549748
DRUG,2,6,60777,RF,Our Eps-Fair,0.1,,,0.7771883289124668,0.04589371980676327,0.006918708008015528
DRUG,2,6,60777,RF,Our Eps-Fair,0.2,,,0.7904509283819628,0.16311452117078717,0.011920609002117999
DRUG,2,6,60777,RF,Our Eps-Fair,0.3,,,0.7984084880636605,0.285791418016482,0.0016331110091414303
DRUG,2,6,60777,RF,Our Eps-Fair,0.4,,,0.7984084880636605,0.285791418016482,0.0012912610109196976
DRUG,2,6,60777,RF,Our Eps-Fair,0.5,,,0.7984084880636605,0.285791418016482,0.001198117999592796
DRUG,2,6,60777,RF,Fairlearn,,0.0001,,0.7400530503978779,0.015032679738562094,6.084542679003789
DRUG,2,6,60777,RF,Fairlearn,,0.5,,0.7453580901856764,0.017135549872122846,6.064723506002338
DRUG,2,6,60777,RF,Fairlearn,,1.0,,0.7188328912466844,8.525149190108383e-05,6.216904086992145
DRUG,2,6,60777,RF,Fairlearn,,2.5,,0.8090185676392573,0.2515487354362035,7.5639024269912625
DRUG,2,6,60777,RF,Fairlearn,,5.0,,0.8063660477453581,0.25743108837737994,6.639614970001276
DRUG,2,6,60777,RF,Fairlearn,,10.0,,0.8116710875331565,0.2788576300085252,6.45268894599576
DRUG,2,6,60777,GBM,Unfair,,,,0.8090185676392573,0.3275930662119921,0.0010917579929810017
DRUG,2,6,60777,GBM,Our Eps-Fair,0.0,,,0.7506631299734748,0.013753907360045448,0.007241597995744087
DRUG,2,6,60777,GBM,Our Eps-Fair,0.1,,,0.7692307692307693,0.10323955669224216,0.005970012003672309
DRUG,2,6,60777,GBM,Our Eps-Fair,0.2,,,0.7904509283819628,0.24671781756180733,0.007662879987037741
DRUG,2,6,60777,GBM,Our Eps-Fair,0.3,,,0.8090185676392573,0.3275930662119921,0.0010297309927409515
DRUG,2,6,60777,GBM,Our Eps-Fair,0.4,,,0.8090185676392573,0.3275930662119921,0.0009329089953098446
DRUG,2,6,60777,GBM,Our Eps-Fair,0.5,,,0.8090185676392573,0.3275930662119921,0.0009365000005345792
DRUG,2,6,60777,GBM,Fairlearn,,0.0001,,0.7427055702917772,0.0059960215970447095,2.1467762789980043
DRUG,2,6,60777,GBM,Fairlearn,,0.5,,0.7480106100795756,0.014379084967320321,2.3947354959964287
DRUG,2,6,60777,GBM,Fairlearn,,1.0,,0.7586206896551724,0.06038647342995174,2.8961051189980935
DRUG,2,6,60777,GBM,Fairlearn,,2.5,,0.8037135278514589,0.27297527706734864,2.3252092199982144
DRUG,2,6,60777,GBM,Fairlearn,,5.0,,0.7984084880636605,0.27192384200056835,3.0036870790063404
DRUG,2,6,60777,GBM,Fairlearn,,10.0,,0.7984084880636605,0.27402671213412905,4.402281692993711
DRUG,2,6,60777,NN,Unfair,,,,0.7904509283819628,0.3656152315998863,
DRUG,2,6,60777,NN,Our Eps-Fair,0.01,,,0.7400530503978779,0.012929809605001452,0.006940869003301486
DRUG,2,6,60777,NN,Our Eps-Fair,0.1,,,0.7586206896551724,0.10429099175902246,0.006497680995380506
DRUG,2,6,60777,NN,Our Eps-Fair,0.3,,,0.7798408488063661,0.3131003125888036,0.006053756005712785
DRUG,2,6,60777,NN,Our Eps-Fair,0.5,,,0.7904509283819628,0.3656152315998863,0.0013407320075202733
DRUG,2,6,60777,NN,Our Eps-Fair,0.9,,,0.7904509283819628,0.3656152315998863,0.0011187999916728586
DRUG,2,6,60777,NN,Fair-adversarial,,,0.01,0.7745358090185677,0.37843137254901965,1.713689146010438
DRUG,2,6,60777,NN,Fair-adversarial,,,0.1,0.7877984084880637,0.31898266552998017,1.7182972870068625
DRUG,2,6,60777,NN,Fair-adversarial,,,0.5,0.7904509283819628,0.3473429951690821,1.628996316998382
DRUG,2,6,60777,NN,Fair-adversarial,,,0.9,0.7957559681697612,0.2326513213981245,1.6468569230055436
DRUG,2,6,60777,NN,Fair-adversarial,,,1.0,0.7904509283819628,0.21227621483375964,1.5733492059953278
DRUG,2,7,70777,reglog,Unfair,,,,0.8037135278514589,0.31902571963890314,0.00022837899450678378
DRUG,2,7,70777,reglog,Our Eps-Fair,0.0,,,0.7586206896551724,0.053681939476523055,0.012897888998850249
DRUG,2,7,70777,reglog,Our Eps-Fair,0.1,,,0.7692307692307693,0.011866235167206085,0.01687591100926511
DRUG,2,7,70777,reglog,Our Eps-Fair,0.2,,,0.7745358090185677,0.03193663771078181,0.021493656997336075
DRUG,2,7,70777,reglog,Our Eps-Fair,0.3,,,0.7957559681697612,0.21983761993981715,0.013965282996650785
DRUG,2,7,70777,reglog,Our Eps-Fair,0.4,,,0.8037135278514589,0.31902571963890314,0.0023309270036406815
DRUG,2,7,70777,reglog,Our Eps-Fair,0.5,,,0.8037135278514589,0.31902571963890314,0.0021840409899596125
DRUG,2,7,70777,reglog,Fairlearn,,0.0001,,0.7559681697612732,0.03911883268040656,0.3698372430080781
DRUG,2,7,70777,reglog,Fairlearn,,0.5,,0.7639257294429708,0.011866235167206085,0.4769615320110461
DRUG,2,7,70777,reglog,Fairlearn,,1.0,,0.7586206896551724,0.022568557315619187,0.5154455989977578
DRUG,2,7,70777,reglog,Fairlearn,,2.5,,0.7692307692307693,0.011866235167206085,0.41443311399780214
DRUG,2,7,70777,reglog,Fairlearn,,5.0,,0.7957559681697612,0.26463407710214043,0.39719841499754693
DRUG,2,7,70777,reglog,Fairlearn,,10.0,,0.7984084880636605,0.27048203031851475,0.7953388669993728
DRUG,2,7,70777,RF,Unfair,,,,0.8169761273209549,0.28879236927269636,0.009614362992579117
DRUG,2,7,70777,RF,Our Eps-Fair,0.0,,,0.7586206896551724,0.05566910804519393,0.013928723987191916
DRUG,2,7,70777,RF,Our Eps-Fair,0.1,,,0.7824933687002652,0.03579742235848521,0.027592435988481157
DRUG,2,7,70777,RF,Our Eps-Fair,0.2,,,0.7824933687002652,0.1739340260035202,0.01944183300656732
DRUG,2,7,70777,RF,Our Eps-Fair,0.3,,,0.8169761273209549,0.28879236927269636,0.0009822949941735715
DRUG,2,7,70777,RF,Our Eps-Fair,0.4,,,0.8169761273209549,0.28879236927269636,0.0009028390049934387
DRUG,2,7,70777,RF,Our Eps-Fair,0.5,,,0.8169761273209549,0.28879236927269636,0.0014567440084647387
DRUG,2,7,70777,RF,Fairlearn,,0.0001,,0.7718832891246684,0.012973371941179868,3.053387930995086
DRUG,2,7,70777,RF,Fairlearn,,0.5,,0.7586206896551724,0.01882132515755408,3.0706335570139345
DRUG,2,7,70777,RF,Fairlearn,,1.0,,0.7612732095490716,0.011979787656844376,3.1448995509999804
DRUG,2,7,70777,RF,Fairlearn,,2.5,,0.7824933687002652,0.09603701811162207,2.8458509360061726
DRUG,2,7,70777,RF,Fairlearn,,5.0,,0.8116710875331565,0.22159768352921144,2.7016704909910914
DRUG,2,7,70777,RF,Fairlearn,,10.0,,0.8196286472148541,0.2692613410549027,4.013108486004057
DRUG,2,7,70777,GBM,Unfair,,,,0.8143236074270557,0.28493158462499296,0.0010876439919229597
DRUG,2,7,70777,GBM,Our Eps-Fair,0.0,,,0.7639257294429708,0.03327087946403229,0.00625854499230627
DRUG,2,7,70777,GBM,Our Eps-Fair,0.1,,,0.7824933687002652,0.07761312666780218,0.007916014001239091
DRUG,2,7,70777,GBM,Our Eps-Fair,0.2,,,0.8010610079575596,0.1700732413558168,0.008199051007977687
DRUG,2,7,70777,GBM,Our Eps-Fair,0.3,,,0.8090185676392573,0.2752228467609153,0.010390679002739489
DRUG,2,7,70777,GBM,Our Eps-Fair,0.4,,,0.8143236074270557,0.28493158462499296,0.0010937009938061237
DRUG,2,7,70777,GBM,Our Eps-Fair,0.5,,,0.8143236074270557,0.28493158462499296,0.0011751139973057434
DRUG,2,7,70777,GBM,Fairlearn,,0.0001,,0.7559681697612732,0.07122579912564586,1.4474252500076545
DRUG,2,7,70777,GBM,Fairlearn,,0.5,,0.7506631299734748,0.04982115482881966,1.480533086010837
DRUG,2,7,70777,GBM,Fairlearn,,1.0,,0.7506631299734748,0.0036904559132459047,1.4372011949890293
DRUG,2,7,70777,GBM,Fairlearn,,2.5,,0.7851458885941645,0.053341282007608015,1.6327066679950804
DRUG,2,7,70777,GBM,Fairlearn,,5.0,,0.8143236074270557,0.28493158462499296,1.3192717299971264
DRUG,2,7,70777,GBM,Fairlearn,,10.0,,0.8169761273209549,0.25966615568046336,2.511071361004724
DRUG,2,7,70777,NN,Unfair,,,,0.7931034482758621,0.3317152103559871,
DRUG,2,7,70777,NN,Our Eps-Fair,0.01,,,0.7400530503978779,0.08391528984272983,0.005335724999895319
DRUG,2,7,70777,NN,Our Eps-Fair,0.1,,,0.76657824933687,0.017714188383580354,0.009521726999082603
DRUG,2,7,70777,NN,Our Eps-Fair,0.3,,,0.7957559681697612,0.20814171350706862,0.004130504006752744
DRUG,2,7,70777,NN,Our Eps-Fair,0.5,,,0.7931034482758621,0.3317152103559871,0.0011540029954630882
DRUG,2,7,70777,NN,Our Eps-Fair,0.9,,,0.7931034482758621,0.3317152103559871,0.0010092919983435422
DRUG,2,7,70777,NN,Fair-adversarial,,,0.01,0.8037135278514589,0.3638221768012264,1.6077192640077556
DRUG,2,7,70777,NN,Fair-adversarial,,,0.1,0.8063660477453581,0.17603474706182937,1.6299352979985997
DRUG,2,7,70777,NN,Fair-adversarial,,,0.5,0.7957559681697612,0.13322545846817696,1.4910342149960343
DRUG,2,7,70777,NN,Fair-adversarial,,,0.9,0.7851458885941645,0.09737125986487255,1.6033756179967895
DRUG,2,7,70777,NN,Fair-adversarial,,,1.0,0.7241379310344828,0.06756373133480953,1.4581756010011304
DRUG,2,8,80777,reglog,Unfair,,,,0.8328912466843501,0.4124794186112531,0.00014125098823569715
DRUG,2,8,80777,reglog,Our Eps-Fair,0.0,,,0.8037135278514589,0.03381025378981434,0.014010241007781588
DRUG,2,8,80777,reglog,Our Eps-Fair,0.1,,,0.8169761273209549,0.18474990064157154,0.013559139013523236
DRUG,2,8,80777,reglog,Our Eps-Fair,0.2,,,0.8222811671087533,0.2392550956679726,0.014862675001495518
DRUG,2,8,80777,reglog,Our Eps-Fair,0.3,,,0.8381962864721485,0.37937886788167835,0.020351090002804995
DRUG,2,8,80777,reglog,Our Eps-Fair,0.4,,,0.8328912466843501,0.4124794186112531,0.002242866001324728
DRUG,2,8,80777,reglog,Our Eps-Fair,0.5,,,0.8328912466843501,0.4124794186112531,0.0022449910029536113
DRUG,2,8,80777,reglog,Fairlearn,,0.0001,,0.8010610079575596,0.02796230057344007,0.3079776920058066
DRUG,2,8,80777,reglog,Fairlearn,,0.5,,0.7745358090185677,0.01626639414069153,0.3522765670059016
DRUG,2,8,80777,reglog,Fairlearn,,1.0,,0.7957559681697612,0.004570487707942994,0.2483399219927378
DRUG,2,8,80777,reglog,Fairlearn,,2.5,,0.8037135278514589,0.0328166695054789,0.3122204880055506
DRUG,2,8,80777,reglog,Fairlearn,,5.0,,0.8249336870026526,0.25580537103275997,0.36254079900390934
DRUG,2,8,80777,reglog,Fairlearn,,10.0,,0.8381962864721485,0.37937886788167835,0.5003358829999343
DRUG,2,8,80777,RF,Unfair,,,,0.830238726790451,0.3093169817748255,0.005603076002444141
DRUG,2,8,80777,RF,Our Eps-Fair,0.0,,,0.7984084880636605,0.04649974450689831,0.0059810749953612685
DRUG,2,8,80777,RF,Our Eps-Fair,0.1,,,0.8063660477453581,0.1526429341963323,0.005198427999857813
DRUG,2,8,80777,RF,Our Eps-Fair,0.2,,,0.8196286472148541,0.23638789530460452,0.007529487003921531
DRUG,2,8,80777,RF,Our Eps-Fair,0.3,,,0.830238726790451,0.3093169817748255,0.0015012360090622678
DRUG,2,8,80777,RF,Our Eps-Fair,0.4,,,0.830238726790451,0.3093169817748255,0.002264492999529466
DRUG,2,8,80777,RF,Our Eps-Fair,0.5,,,0.830238726790451,0.3093169817748255,0.0013817059952998534
DRUG,2,8,80777,RF,Fairlearn,,0.0001,,0.7877984084880637,0.005450519502640083,3.5081183089932892
DRUG,2,8,80777,RF,Fairlearn,,0.5,,0.7771883289124668,0.04825980809629249,3.0290817570057698
DRUG,2,8,80777,RF,Fairlearn,,1.0,,0.7771883289124668,0.015159257366717749,2.583256533005624
DRUG,2,8,80777,RF,Fairlearn,,2.5,,0.8169761273209549,0.19247146993697845,3.3338529580069007
DRUG,2,8,80777,RF,Fairlearn,,5.0,,0.8328912466843501,0.28305796854596044,2.6378813089977484
DRUG,2,8,80777,RF,Fairlearn,,10.0,,0.830238726790451,0.27621643104525073,5.282583548003458
DRUG,2,8,80777,GBM,Unfair,,,,0.830238726790451,0.33844319536705847,0.0013024649961153045
DRUG,2,8,80777,GBM,Our Eps-Fair,0.0,,,0.7771883289124668,0.012405609492988134,0.005703899994841777
DRUG,2,8,80777,GBM,Our Eps-Fair,0.1,,,0.8169761273209549,0.12527678419349347,0.0069256699935067445
DRUG,2,8,80777,GBM,Our Eps-Fair,0.2,,,0.8408488063660478,0.26054618747516045,0.006391000002622604
DRUG,2,8,80777,GBM,Our Eps-Fair,0.3,,,0.830238726790451,0.33844319536705847,0.0010256590030621737
DRUG,2,8,80777,GBM,Our Eps-Fair,0.4,,,0.830238726790451,0.33844319536705847,0.0009888469940051436
DRUG,2,8,80777,GBM,Our Eps-Fair,0.5,,,0.830238726790451,0.33844319536705847,0.0013184919953346252
DRUG,2,8,80777,GBM,Fairlearn,,0.0001,,0.7824933687002652,0.011412025208652699,1.326220077011385
DRUG,2,8,80777,GBM,Fairlearn,,0.5,,0.7798408488063661,0.006131834440470163,1.1239841899950989
DRUG,2,8,80777,GBM,Fairlearn,,1.0,,0.7771883289124668,0.001703287344575033,1.167448506996152
DRUG,2,8,80777,GBM,Fairlearn,,2.5,,0.8090185676392573,0.14381422812695172,1.6214649399917107
DRUG,2,8,80777,GBM,Fairlearn,,5.0,,0.830238726790451,0.2381479588939988,1.2145863479963737
DRUG,2,8,80777,GBM,Fairlearn,,10.0,,0.830238726790451,0.26054618747516045,2.530244125999161
DRUG,2,8,80777,NN,Unfair,,,,0.830238726790451,0.3949355589621303,
DRUG,2,8,80777,NN,Our Eps-Fair,0.01,,,0.8010610079575596,0.048373360585930836,0.009350179010652937
DRUG,2,8,80777,NN,Our Eps-Fair,0.1,,,0.8275862068965517,0.16907965707148137,0.00561552400176879
DRUG,2,8,80777,NN,Our Eps-Fair,0.3,,,0.8328912466843501,0.389087605745756,0.011043270002119243
DRUG,2,8,80777,NN,Our Eps-Fair,0.5,,,0.830238726790451,0.3949355589621303,0.0010791289969347417
DRUG,2,8,80777,NN,Our Eps-Fair,0.9,,,0.830238726790451,0.3949355589621303,0.0009556759905535728
DRUG,2,8,80777,NN,Fair-adversarial,,,0.01,0.8328912466843501,0.4104922500425822,1.6786498520086752
DRUG,2,8,80777,NN,Fair-adversarial,,,0.1,0.8328912466843501,0.3997899278941691,1.6331204230082221
DRUG,2,8,80777,NN,Fair-adversarial,,,0.5,0.8196286472148541,0.17416113098279679,1.5071502589999
DRUG,2,8,80777,NN,Fair-adversarial,,,0.9,0.8249336870026526,0.2567989553170954,1.5598906519880984
DRUG,2,8,80777,NN,Fair-adversarial,,,1.0,0.8249336870026526,0.291886674615341,1.5567904100025771
DRUG,2,9,90777,reglog,Unfair,,,,0.8541114058355438,0.3580562659846548,0.000133376001031138
DRUG,2,9,90777,reglog,Our Eps-Fair,0.0,,,0.7798408488063661,0.03370275646490484,0.012257837996003218
DRUG,2,9,90777,reglog,Our Eps-Fair,0.1,,,0.8169761273209549,0.15996021597044613,0.016662967987940647
DRUG,2,9,90777,reglog,Our Eps-Fair,0.2,,,0.8488063660477454,0.3034384768400114,0.014306987010058947
DRUG,2,9,90777,reglog,Our Eps-Fair,0.3,,,0.8541114058355438,0.3580562659846548,0.0011715040018316358
DRUG,2,9,90777,reglog,Our Eps-Fair,0.4,,,0.8541114058355438,0.3580562659846548,0.0020142839930485934
DRUG,2,9,90777,reglog,Our Eps-Fair,0.5,,,0.8541114058355438,0.3580562659846548,0.0014210319932317361
DRUG,2,9,90777,reglog,Fairlearn,,0.0001,,0.7692307692307693,0.011253196930946285,0.24294908498995937
DRUG,2,9,90777,reglog,Fairlearn,,0.5,,0.7718832891246684,0.005370843989769836,0.2989249170059338
DRUG,2,9,90777,reglog,Fairlearn,,1.0,,0.7877984084880637,0.016055697641375377,0.31362321799679194
DRUG,2,9,90777,reglog,Fairlearn,,2.5,,0.7718832891246684,0.006422279056550184,0.2723053939989768
DRUG,2,9,90777,reglog,Fairlearn,,5.0,,0.8567639257294429,0.2761295822676897,0.35890402500808705
DRUG,2,9,90777,reglog,Fairlearn,,10.0,,0.8488063660477454,0.3248650184711566,0.5235364719992504
DRUG,2,9,90777,RF,Unfair,,,,0.843501326259947,0.2981813015061097,0.006481035001343116
DRUG,2,9,90777,RF,Our Eps-Fair,0.0,,,0.7851458885941645,0.014379084967320321,0.009150027006398886
DRUG,2,9,90777,RF,Our Eps-Fair,0.1,,,0.8143236074270557,0.15512929809605008,0.01153744399198331
DRUG,2,9,90777,RF,Our Eps-Fair,0.2,,,0.8381962864721485,0.28851946575731746,0.003968486998928711
DRUG,2,9,90777,RF,Our Eps-Fair,0.3,,,0.843501326259947,0.2981813015061097,0.0011313720024190843
DRUG,2,9,90777,RF,Our Eps-Fair,0.4,,,0.843501326259947,0.2981813015061097,0.002279512002132833
DRUG,2,9,90777,RF,Our Eps-Fair,0.5,,,0.843501326259947,0.2981813015061097,0.0018180629995185882
DRUG,2,9,90777,RF,Fairlearn,,0.0001,,0.7692307692307693,0.02512077294685988,2.8498143090109807
DRUG,2,9,90777,RF,Fairlearn,,0.5,,0.7824933687002652,0.01079852230747369,2.848420046007959
DRUG,2,9,90777,RF,Fairlearn,,1.0,,0.7904509283819628,0.01983518044899124,2.8925807170016924
DRUG,2,9,90777,RF,Fairlearn,,2.5,,0.8169761273209549,0.15365160556976415,2.5977785709983436
DRUG,2,9,90777,RF,Fairlearn,,5.0,,0.8541114058355438,0.27465188974140387,2.3449975620023906
DRUG,2,9,90777,RF,Fairlearn,,10.0,,0.8541114058355438,0.27675475987496445,4.986142611000105
DRUG,2,9,90777,GBM,Unfair,,,,0.8541114058355438,0.3282182438192669,0.0012123170017730445
DRUG,2,9,90777,GBM,Our Eps-Fair,0.0,,,0.7745358090185677,0.013327649900539917,0.005631527004879899
DRUG,2,9,90777,GBM,Our Eps-Fair,0.1,,,0.8063660477453581,0.13327649900539928,0.004818939996766858
DRUG,2,9,90777,GBM,Our Eps-Fair,0.2,,,0.8408488063660478,0.25805626598465475,0.006624796005780809
DRUG,2,9,90777,GBM,Our Eps-Fair,0.3,,,0.8541114058355438,0.3282182438192669,0.0012744909909088165
DRUG,2,9,90777,GBM,Our Eps-Fair,0.4,,,0.8541114058355438,0.3282182438192669,0.0009793950011953712
DRUG,2,9,90777,GBM,Our Eps-Fair,0.5,,,0.8541114058355438,0.3282182438192669,0.0009385289886267856
DRUG,2,9,90777,GBM,Fairlearn,,0.0001,,0.7824933687002652,0.02571753339016769,1.2145454899873585
DRUG,2,9,90777,GBM,Fairlearn,,0.5,,0.7745358090185677,0.010173344700198927,1.1731519809982274
DRUG,2,9,90777,GBM,Fairlearn,,1.0,,0.7851458885941645,0.02844558113100315,1.0711279300012393
DRUG,2,9,90777,GBM,Fairlearn,,2.5,,0.8090185676392573,0.15532821824381932,1.4370151889888803
DRUG,2,9,90777,GBM,Fairlearn,,5.0,,0.8408488063660478,0.2462915601023018,1.1186256690125447
DRUG,2,9,90777,GBM,Fairlearn,,10.0,,0.8328912466843501,0.2843137254901961,1.9934710590023315
DRUG,2,9,90777,NN,Unfair,,,,0.8514588859416445,0.35763000852514926,
DRUG,2,9,90777,NN,Our Eps-Fair,0.01,,,0.7612732095490716,0.005370843989769836,0.007795732002705336
DRUG,2,9,90777,NN,Our Eps-Fair,0.1,,,0.8222811671087533,0.1685706166524581,0.007121856993762776
DRUG,2,9,90777,NN,Our Eps-Fair,0.3,,,0.8514588859416445,0.35763000852514926,0.0010582600079942495
DRUG,2,9,90777,NN,Our Eps-Fair,0.5,,,0.8514588859416445,0.35763000852514926,0.0010343470057705417
DRUG,2,9,90777,NN,Our Eps-Fair,0.9,,,0.8514588859416445,0.35763000852514926,0.001024219993269071
DRUG,2,9,90777,NN,Fair-adversarial,,,0.01,0.8567639257294429,0.4187553282182438,1.5994011000002502
DRUG,2,9,90777,NN,Fair-adversarial,,,0.1,0.8514588859416445,0.33515203182722364,1.6133035100065172
DRUG,2,9,90777,NN,Fair-adversarial,,,0.5,0.8328912466843501,0.18348962773515204,1.544001282993122
DRUG,2,9,90777,NN,Fair-adversarial,,,0.9,0.8249336870026526,0.1904234157431089,1.496061028999975
DRUG,2,9,90777,NN,Fair-adversarial,,,1.0,0.8143236074270557,0.16143790849673206,1.5136875759926625
DRUG,2,10,100777,reglog,Unfair,,,,0.8143236074270557,0.31130415034349634,0.00011538399849087
DRUG,2,10,100777,reglog,Our Eps-Fair,0.0,,,0.7612732095490716,0.029835916652472594,0.005571314002736472
DRUG,2,10,100777,reglog,Our Eps-Fair,0.1,,,0.7824933687002652,0.14182705955828084,0.005509762006113306
DRUG,2,10,100777,reglog,Our Eps-Fair,0.2,,,0.8116710875331565,0.2469766649633794,0.021454988003824838
DRUG,2,10,100777,reglog,Our Eps-Fair,0.3,,,0.8169761273209549,0.29376029069437354,0.025156552001135424
DRUG,2,10,100777,reglog,Our Eps-Fair,0.4,,,0.8143236074270557,0.31130415034349634,0.0022104580129962415
DRUG,2,10,100777,reglog,Our Eps-Fair,0.5,,,0.8143236074270557,0.31130415034349634,0.002195061999373138
DRUG,2,10,100777,reglog,Fairlearn,,0.0001,,0.7506631299734748,0.03636518480667694,0.44369037900469266
DRUG,2,10,100777,reglog,Fairlearn,,0.5,,0.753315649867374,0.01882132515755408,0.298222478988464
DRUG,2,10,100777,reglog,Fairlearn,,1.0,,0.7453580901856764,0.03735876909101232,0.29203616800077725
DRUG,2,10,100777,reglog,Fairlearn,,2.5,,0.7612732095490716,0.029835916652472594,0.43478265800513327
DRUG,2,10,100777,reglog,Fairlearn,,5.0,,0.8116710875331565,0.21188894566513378,0.3275235750043066
DRUG,2,10,100777,reglog,Fairlearn,,10.0,,0.8169761273209549,0.282064384261625,0.5695886460016482
DRUG,2,10,100777,RF,Unfair,,,,0.8090185676392573,0.2488502810424119,0.007432041005813517
DRUG,2,10,100777,RF,Our Eps-Fair,0.0,,,0.7506631299734748,0.004258218361437582,0.017370437999488786
DRUG,2,10,100777,RF,Our Eps-Fair,0.1,,,0.8037135278514589,0.14756146028501682,0.01260364000336267
DRUG,2,10,100777,RF,Our Eps-Fair,0.2,,,0.8090185676392573,0.23715437460966338,0.01564414300082717
DRUG,2,10,100777,RF,Our Eps-Fair,0.3,,,0.8090185676392573,0.2488502810424119,0.00234678499691654
DRUG,2,10,100777,RF,Our Eps-Fair,0.4,,,0.8090185676392573,0.2488502810424119,0.0010131609888048843
DRUG,2,10,100777,RF,Our Eps-Fair,0.5,,,0.8090185676392573,0.2488502810424119,0.0008883620030246675
DRUG,2,10,100777,RF,Fairlearn,,0.0001,,0.7374005305039788,0.008317719866008044,2.360820556001272
DRUG,2,10,100777,RF,Fairlearn,,0.5,,0.7374005305039788,0.0023846022824051127,2.318894176001777
DRUG,2,10,100777,RF,Fairlearn,,1.0,,0.7427055702917772,0.02001362629875658,2.042094257005374
DRUG,2,10,100777,RF,Fairlearn,,2.5,,0.7798408488063661,0.13299835348890032,2.910650648002047
DRUG,2,10,100777,RF,Fairlearn,,5.0,,0.8010610079575596,0.19820587066371437,1.98588494300202
DRUG,2,10,100777,RF,Fairlearn,,10.0,,0.7984084880636605,0.22645205246125027,4.112997451986303
DRUG,2,10,100777,GBM,Unfair,,,,0.8063660477453581,0.25370464997445075,0.0011471129982965067
DRUG,2,10,100777,GBM,Our Eps-Fair,0.0,,,0.76657824933687,0.07463237381479587,0.005938532995060086
DRUG,2,10,100777,GBM,Our Eps-Fair,0.1,,,0.7931034482758621,0.16223811957077167,0.0059029429976362735
DRUG,2,10,100777,GBM,Our Eps-Fair,0.2,,,0.8010610079575596,0.24300232782603765,0.005707524003810249
DRUG,2,10,100777,GBM,Our Eps-Fair,0.3,,,0.8063660477453581,0.25370464997445075,0.0008723020000616089
DRUG,2,10,100777,GBM,Our Eps-Fair,0.4,,,0.8063660477453581,0.25370464997445075,0.0009058800060302019
DRUG,2,10,100777,GBM,Our Eps-Fair,0.5,,,0.8063660477453581,0.25370464997445075,0.0009955229907063767
DRUG,2,10,100777,GBM,Fairlearn,,0.0001,,0.7427055702917772,0.02796230057344007,1.2257959710113937
DRUG,2,10,100777,GBM,Fairlearn,,0.5,,0.7480106100795756,0.015272809856356095,1.3787246769934427
DRUG,2,10,100777,GBM,Fairlearn,,1.0,,0.753315649867374,0.015272809856356095,1.397777899997891
DRUG,2,10,100777,GBM,Fairlearn,,2.5,,0.7745358090185677,0.11358087776074488,1.2525555809988873
DRUG,2,10,100777,GBM,Fairlearn,,5.0,,0.7984084880636605,0.21773689888150805,1.3742666320031276
DRUG,2,10,100777,GBM,Fairlearn,,10.0,,0.8090185676392573,0.2060409924487595,2.4780937429895857
DRUG,2,10,100777,NN,Unfair,,,,0.8090185676392573,0.2752228467609153,
DRUG,2,10,100777,NN,Our Eps-Fair,0.01,,,0.753315649867374,0.011099755862147287,0.00842076500703115
DRUG,2,10,100777,NN,Our Eps-Fair,0.1,,,0.7771883289124668,0.09504343382728664,0.005098751003970392
DRUG,2,10,100777,NN,Our Eps-Fair,0.3,,,0.8063660477453581,0.269374893544541,0.008105386004899628
DRUG,2,10,100777,NN,Our Eps-Fair,0.5,,,0.8090185676392573,0.2752228467609153,0.0009957269940059632
DRUG,2,10,100777,NN,Our Eps-Fair,0.9,,,0.8090185676392573,0.2752228467609153,0.0009518409933662042
DRUG,2,10,100777,NN,Fair-adversarial,,,0.01,0.8169761273209549,0.282064384261625,1.4455450639943592
DRUG,2,10,100777,NN,Fair-adversarial,,,0.1,0.8143236074270557,0.21773689888150805,1.3864829969970742
DRUG,2,10,100777,NN,Fair-adversarial,,,0.5,0.8037135278514589,0.19633225458468184,1.4137665359885432
DRUG,2,10,100777,NN,Fair-adversarial,,,0.9,0.7984084880636605,0.15352296599102938,1.3544017779931892
DRUG,2,10,100777,NN,Fair-adversarial,,,1.0,0.7904509283819628,0.16808607278714593,1.462885681001353
DRUG,2,11,110777,reglog,Unfair,,,,0.8275862068965517,0.33083517856129,0.00010600200039334595
DRUG,2,11,110777,reglog,Our Eps-Fair,0.0,,,0.7984084880636605,0.0007097030602395971,0.007032507986878045
DRUG,2,11,110777,reglog,Our Eps-Fair,0.1,,,0.8169761273209549,0.08544824845284732,0.00808012401103042
DRUG,2,11,110777,reglog,Our Eps-Fair,0.2,,,0.8196286472148541,0.2022937602906944,0.013212386998930015
DRUG,2,11,110777,reglog,Our Eps-Fair,0.3,,,0.8328912466843501,0.2977346278317153,0.00710779101063963
DRUG,2,11,110777,reglog,Our Eps-Fair,0.4,,,0.8275862068965517,0.33083517856129,0.001838780997786671
DRUG,2,11,110777,reglog,Our Eps-Fair,0.5,,,0.8275862068965517,0.33083517856129,0.0013786510098725557
DRUG,2,11,110777,reglog,Fairlearn,,0.0001,,0.8063660477453581,0.013853403735876957,0.26506416000484023
DRUG,2,11,110777,reglog,Fairlearn,,0.5,,0.8063660477453581,0.0031510815874638554,0.27506047699716873
DRUG,2,11,110777,reglog,Fairlearn,,1.0,,0.7957559681697612,0.02654289445296093,0.26714464600081556
DRUG,2,11,110777,reglog,Fairlearn,,2.5,,0.8010610079575596,0.004570487707942994,0.22056780599814374
DRUG,2,11,110777,reglog,Fairlearn,,5.0,,0.8328912466843501,0.2305399420882303,0.2692040380061371
DRUG,2,11,110777,reglog,Fairlearn,,10.0,,0.8328912466843501,0.2977346278317153,0.4556609290011693
DRUG,2,11,110777,RF,Unfair,,,,0.8408488063660478,0.2675012774655085,0.009644808000302874
DRUG,2,11,110777,RF,Our Eps-Fair,0.0,,,0.8037135278514589,0.0007097030602395971,0.01182152000546921
DRUG,2,11,110777,RF,Our Eps-Fair,0.1,,,0.8196286472148541,0.09129620166922164,0.005700935987988487
DRUG,2,11,110777,RF,Our Eps-Fair,0.2,,,0.8381962864721485,0.17206040992448762,0.0071457200101576746
DRUG,2,11,110777,RF,Our Eps-Fair,0.3,,,0.843501326259947,0.2499574178163857,0.006623231995035894
DRUG,2,11,110777,RF,Our Eps-Fair,0.4,,,0.8408488063660478,0.2675012774655085,0.0012492060050135478
DRUG,2,11,110777,RF,Our Eps-Fair,0.5,,,0.8408488063660478,0.2675012774655085,0.001561648998176679
DRUG,2,11,110777,RF,Fairlearn,,0.0001,,0.7984084880636605,0.036791006642820645,4.861972369995783
DRUG,2,11,110777,RF,Fairlearn,,0.5,,0.8143236074270557,0.045506160222562875,5.310816943994723
DRUG,2,11,110777,RF,Fairlearn,,1.0,,0.7957559681697612,0.006131834440470163,4.6967679929948645
DRUG,2,11,110777,RF,Fairlearn,,2.5,,0.830238726790451,0.17691477885652646,5.282546091999393
DRUG,2,11,110777,RF,Fairlearn,,5.0,,0.843501326259947,0.20615454493839774,4.380278394004563
DRUG,2,11,110777,RF,Fairlearn,,10.0,,0.8488063660477454,0.23826151138363716,6.578934737990494
DRUG,2,11,110777,GBM,Unfair,,,,0.830238726790451,0.27048203031851475,0.0010163789993384853
DRUG,2,11,110777,GBM,Our Eps-Fair,0.0,,,0.7851458885941645,0.001816839834213324,0.007482963002985343
DRUG,2,11,110777,GBM,Our Eps-Fair,0.1,,,0.8196286472148541,0.10299210810197018,0.006650007999269292
DRUG,2,11,110777,GBM,Our Eps-Fair,0.2,,,0.8328912466843501,0.1526429341963323,0.005866425010026433
DRUG,2,11,110777,GBM,Our Eps-Fair,0.3,,,0.8275862068965517,0.26463407710214043,0.005964404001133516
DRUG,2,11,110777,GBM,Our Eps-Fair,0.4,,,0.830238726790451,0.27048203031851475,0.001377163003780879
DRUG,2,11,110777,GBM,Our Eps-Fair,0.5,,,0.830238726790451,0.27048203031851475,0.0011708649981301278
DRUG,2,11,110777,GBM,Fairlearn,,0.0001,,0.8196286472148541,0.04649974450689831,0.7553449839906534
DRUG,2,11,110777,GBM,Fairlearn,,0.5,,0.8037135278514589,0.01439277806165895,0.823915601009503
DRUG,2,11,110777,GBM,Fairlearn,,1.0,,0.7904509283819628,0.017259978425026967,0.738273120005033
DRUG,2,11,110777,GBM,Fairlearn,,2.5,,0.8222811671087533,0.11755521489808668,0.7525178200012306
DRUG,2,11,110777,GBM,Fairlearn,,5.0,,0.830238726790451,0.27048203031851475,0.7801798790023895
DRUG,2,11,110777,GBM,Fairlearn,,10.0,,0.830238726790451,0.27048203031851475,1.3735311589989578
DRUG,2,11,110777,NN,Unfair,,,,0.8328912466843501,0.3161585192755352,
DRUG,2,11,110777,NN,Our Eps-Fair,0.01,,,0.8063660477453581,0.02796230057344007,0.008142731996485963
DRUG,2,11,110777,NN,Our Eps-Fair,0.1,,,0.8249336870026526,0.07761312666780218,0.008310952005558647
DRUG,2,11,110777,NN,Our Eps-Fair,0.3,,,0.8408488063660478,0.2889059217623347,0.005482019012561068
DRUG,2,11,110777,NN,Our Eps-Fair,0.5,,,0.8328912466843501,0.3161585192755352,0.001101807996747084
DRUG,2,11,110777,NN,Our Eps-Fair,0.9,,,0.8328912466843501,0.3161585192755352,0.0011029699962818995
DRUG,2,11,110777,NN,Fair-adversarial,,,0.01,0.8408488063660478,0.2996082439107478,1.4014143000094919
DRUG,2,11,110777,NN,Fair-adversarial,,,0.1,0.8381962864721485,0.2850451371146313,1.5130335169960745
DRUG,2,11,110777,NN,Fair-adversarial,,,0.5,0.8063660477453581,0.09737125986487255,1.3873517100000754
DRUG,2,11,110777,NN,Fair-adversarial,,,0.9,0.7904509283819628,0.08093453698972353,1.4884353959932923
DRUG,2,11,110777,NN,Fair-adversarial,,,1.0,0.8249336870026526,0.16521887242377792,1.3641947989963228
DRUG,2,12,120777,reglog,Unfair,,,,0.8063660477453581,0.3298415942769546,0.00011057598749175668
DRUG,2,12,120777,reglog,Our Eps-Fair,0.0,,,0.7480106100795756,0.0683585987622779,0.008971668008598499
DRUG,2,12,120777,reglog,Our Eps-Fair,0.1,,,0.76657824933687,0.061176403792653156,0.005544934989302419
DRUG,2,12,120777,reglog,Our Eps-Fair,0.2,,,0.7851458885941645,0.17504116277749387,0.006109312002081424
DRUG,2,12,120777,reglog,Our Eps-Fair,0.3,,,0.8116710875331565,0.29674104354737985,0.00709312800609041
DRUG,2,12,120777,reglog,Our Eps-Fair,0.4,,,0.8063660477453581,0.3298415942769546,0.0010725150059442967
DRUG,2,12,120777,reglog,Our Eps-Fair,0.5,,,0.8063660477453581,0.3298415942769546,0.0009645430109230801
DRUG,2,12,120777,reglog,Fairlearn,,0.0001,,0.76657824933687,0.006018281950831816,0.34575179500097875
DRUG,2,12,120777,reglog,Fairlearn,,0.5,,0.7612732095490716,0.004684040197581285,0.30130342899065
DRUG,2,12,120777,reglog,Fairlearn,,1.0,,0.7692307692307693,0.021234315562368655,0.2618940219981596
DRUG,2,12,120777,reglog,Fairlearn,,2.5,,0.76657824933687,0.04948049735990456,0.23304844700032845
DRUG,2,12,120777,reglog,Fairlearn,,5.0,,0.8010610079575596,0.22954635780389482,0.24096014800306875
DRUG,2,12,120777,reglog,Fairlearn,,10.0,,0.8063660477453581,0.24024867995230803,0.43698906399367843
DRUG,2,12,120777,RF,Unfair,,,,0.8116710875331565,0.26264690853346967,0.008615742990514264
DRUG,2,12,120777,RF,Our Eps-Fair,0.0,,,0.7639257294429708,0.011866235167206085,0.0065066569950431585
DRUG,2,12,120777,RF,Our Eps-Fair,0.1,,,0.7692307692307693,0.04462612842786573,0.008429035005974583
DRUG,2,12,120777,RF,Our Eps-Fair,0.2,,,0.8063660477453581,0.1526429341963323,0.005273268994642422
DRUG,2,12,120777,RF,Our Eps-Fair,0.3,,,0.8090185676392573,0.2567989553170954,0.0038582579873036593
DRUG,2,12,120777,RF,Our Eps-Fair,0.4,,,0.8116710875331565,0.26264690853346967,0.0009962409967556596
DRUG,2,12,120777,RF,Our Eps-Fair,0.5,,,0.8116710875331565,0.26264690853346967,0.0009967600053641945
DRUG,2,12,120777,RF,Fairlearn,,0.0001,,0.76657824933687,0.0221143473570658,3.7744838999933563
DRUG,2,12,120777,RF,Fairlearn,,0.5,,0.7718832891246684,0.04451257593822744,3.0140529130003415
DRUG,2,12,120777,RF,Fairlearn,,1.0,,0.7798408488063661,0.05135411343893714,3.87368681600492
DRUG,2,12,120777,RF,Fairlearn,,2.5,,0.8037135278514589,0.21398966672344294,4.5441383569996106
DRUG,2,12,120777,RF,Fairlearn,,5.0,,0.8090185676392573,0.21299608243910745,4.612687247994472
DRUG,2,12,120777,RF,Fairlearn,,10.0,,0.8090185676392573,0.23638789530460452,4.562706311000511
DRUG,2,12,120777,GBM,Unfair,,,,0.7957559681697612,0.26165332424913423,0.001491226998041384
DRUG,2,12,120777,GBM,Our Eps-Fair,0.0,,,0.753315649867374,0.009538409129620118,0.006306576004135422
DRUG,2,12,120777,GBM,Our Eps-Fair,0.1,,,0.7718832891246684,0.09129620166922164,0.004839429006096907
DRUG,2,12,120777,GBM,Our Eps-Fair,0.2,,,0.7851458885941645,0.14094702776358375,0.0068807380012003705
DRUG,2,12,120777,GBM,Our Eps-Fair,0.3,,,0.7984084880636605,0.21299608243910745,0.008813929991447367
DRUG,2,12,120777,GBM,Our Eps-Fair,0.4,,,0.7957559681697612,0.26165332424913423,0.0010539189970586449
DRUG,2,12,120777,GBM,Our Eps-Fair,0.5,,,0.7957559681697612,0.26165332424913423,0.0010589199955575168
DRUG,2,12,120777,GBM,Fairlearn,,0.0001,,0.7506631299734748,0.021688525520922042,2.4221594900009222
DRUG,2,12,120777,GBM,Fairlearn,,0.5,,0.7188328912466844,0.07045931982058706,2.4762661209970247
DRUG,2,12,120777,GBM,Fairlearn,,1.0,,0.7214854111405835,0.010106171577811907,2.5650939449988073
DRUG,2,12,120777,GBM,Fairlearn,,2.5,,0.8010610079575596,0.2101288820757395,2.5700010689906776
DRUG,2,12,120777,GBM,Fairlearn,,5.0,,0.8037135278514589,0.21398966672344294,2.944615860003978
DRUG,2,12,120777,GBM,Fairlearn,,10.0,,0.8037135278514589,0.22469198887185599,4.5499446419999
DRUG,2,12,120777,NN,Unfair,,,,0.8090185676392573,0.3132913189121672,
DRUG,2,12,120777,NN,Our Eps-Fair,0.01,,,0.7506631299734748,0.03911883268040656,0.00511056900722906
DRUG,2,12,120777,NN,Our Eps-Fair,0.1,,,0.76657824933687,0.037784590927156025,0.010269083009916358
DRUG,2,12,120777,NN,Our Eps-Fair,0.3,,,0.8010610079575596,0.25095100210072113,0.007031805987935513
DRUG,2,12,120777,NN,Our Eps-Fair,0.5,,,0.8090185676392573,0.3132913189121672,0.0009543210035189986
DRUG,2,12,120777,NN,Our Eps-Fair,0.9,,,0.8090185676392573,0.3132913189121672,0.0009399670088896528
DRUG,2,12,120777,NN,Fair-adversarial,,,0.01,0.8090185676392573,0.2801907681825925,1.344105379001121
DRUG,2,12,120777,NN,Fair-adversarial,,,0.1,0.7931034482758621,0.21200249815477207,1.2729760569927748
DRUG,2,12,120777,NN,Fair-adversarial,,,0.5,0.7745358090185677,0.14690853346959637,1.307438382995315
DRUG,2,12,120777,NN,Fair-adversarial,,,0.9,0.7745358090185677,0.1586044399023449,1.3037031900021248
DRUG,2,12,120777,NN,Fair-adversarial,,,1.0,0.8116710875331565,0.25095100210072113,1.3553303820081055
DRUG,2,13,130777,reglog,Unfair,,,,0.8249336870026526,0.35342426825802786,0.00020498099911492318
DRUG,2,13,130777,reglog,Our Eps-Fair,0.0,,,0.7904509283819628,0.026342710997442453,0.014650281998910941
DRUG,2,13,130777,reglog,Our Eps-Fair,0.1,,,0.8037135278514589,0.11457800511508953,0.01172904801205732
DRUG,2,13,130777,reglog,Our Eps-Fair,0.2,,,0.8222811671087533,0.2286445012787724,0.016073411010438576
DRUG,2,13,130777,reglog,Our Eps-Fair,0.3,,,0.8169761273209549,0.27149758454106276,0.013302021994604729
DRUG,2,13,130777,reglog,Our Eps-Fair,0.4,,,0.8249336870026526,0.35342426825802786,0.002250707009807229
DRUG,2,13,130777,reglog,Our Eps-Fair,0.5,,,0.8249336870026526,0.35342426825802786,0.002227580000180751
DRUG,2,13,130777,reglog,Fairlearn,,0.0001,,0.8063660477453581,0.04987212276214836,0.4405399690003833
DRUG,2,13,130777,reglog,Fairlearn,,0.5,,0.8010610079575596,0.06163682864450126,0.39907401899108663
DRUG,2,13,130777,reglog,Fairlearn,,1.0,,0.7957559681697612,0.04987212276214836,0.3973821969993878
DRUG,2,13,130777,reglog,Fairlearn,,2.5,,0.8010610079575596,0.07340153452685427,0.4015221089939587
DRUG,2,13,130777,reglog,Fairlearn,,5.0,,0.8196286472148541,0.2559533958510941,0.4908807799947681
DRUG,2,13,130777,reglog,Fairlearn,,10.0,,0.8249336870026526,0.35342426825802786,0.7865234120108653
DRUG,2,13,130777,RF,Unfair,,,,0.8196286472148541,0.24754191531685144,0.016933712002355605
DRUG,2,13,130777,RF,Our Eps-Fair,0.0,,,0.8010610079575596,0.027394146064222857,0.01956330900429748
DRUG,2,13,130777,RF,Our Eps-Fair,0.1,,,0.8143236074270557,0.1072179596476272,0.01025816099718213
DRUG,2,13,130777,RF,Our Eps-Fair,0.2,,,0.8222811671087533,0.15700483091787443,0.01600345601036679
DRUG,2,13,130777,RF,Our Eps-Fair,0.3,,,0.8196286472148541,0.24754191531685144,0.0074114250019192696
DRUG,2,13,130777,RF,Our Eps-Fair,0.4,,,0.8196286472148541,0.24754191531685144,0.0013586299901362509
DRUG,2,13,130777,RF,Our Eps-Fair,0.5,,,0.8196286472148541,0.24754191531685144,0.0010996710043400526
DRUG,2,13,130777,RF,Fairlearn,,0.0001,,0.7851458885941645,0.053225348110258586,4.161486532990239
DRUG,2,13,130777,RF,Fairlearn,,0.5,,0.7851458885941645,0.07254901960784316,5.255143169997609
DRUG,2,13,130777,RF,Fairlearn,,1.0,,0.7771883289124668,0.026967888604717327,5.169712482995237
DRUG,2,13,130777,RF,Fairlearn,,2.5,,0.8116710875331565,0.14313725490196078,5.1013197420106735
DRUG,2,13,130777,RF,Fairlearn,,5.0,,0.8116710875331565,0.14313725490196078,5.269168133992935
DRUG,2,13,130777,RF,Fairlearn,,10.0,,0.8196286472148541,0.14901960784313728,8.498636172997067
DRUG,2,13,130777,GBM,Unfair,,,,0.8249336870026526,0.25825518613242404,0.0010401670006103814
DRUG,2,13,130777,GBM,Our Eps-Fair,0.0,,,0.7798408488063661,0.006848536516055714,0.009150967001914978
DRUG,2,13,130777,GBM,Our Eps-Fair,0.1,,,0.8116710875331565,0.11099744245524301,0.00574458998744376
DRUG,2,13,130777,GBM,Our Eps-Fair,0.2,,,0.8196286472148541,0.14040920716112537,0.006239337002625689
DRUG,2,13,130777,GBM,Our Eps-Fair,0.3,,,0.8037135278514589,0.2164535379369139,0.009401748000527732
DRUG,2,13,130777,GBM,Our Eps-Fair,0.4,,,0.8249336870026526,0.25825518613242404,0.0009343179990537465
DRUG,2,13,130777,GBM,Our Eps-Fair,0.5,,,0.8249336870026526,0.25825518613242404,0.0009345980070065707
DRUG,2,13,130777,GBM,Fairlearn,,0.0001,,0.8063660477453581,0.0767547598749645,1.7740254349919269
DRUG,2,13,130777,GBM,Fairlearn,,0.5,,0.7904509283819628,0.044614947428246676,1.6767970179935219
DRUG,2,13,130777,GBM,Fairlearn,,1.0,,0.7931034482758621,0.03978402955385052,1.7498807340016356
DRUG,2,13,130777,GBM,Fairlearn,,2.5,,0.8196286472148541,0.1597328786587099,2.3018322010029806
DRUG,2,13,130777,GBM,Fairlearn,,5.0,,0.8169761273209549,0.18599033816425126,2.1321771850052755
DRUG,2,13,130777,GBM,Fairlearn,,10.0,,0.8116710875331565,0.20951974992895717,3.8677155210025376
DRUG,2,13,130777,NN,Unfair,,,,0.8196286472148541,0.34921852799090647,
DRUG,2,13,130777,NN,Our Eps-Fair,0.01,,,0.7798408488063661,0.0049161693662972406,0.00695860999985598
DRUG,2,13,130777,NN,Our Eps-Fair,0.1,,,0.8116710875331565,0.10448991190679169,0.007202902008430101
DRUG,2,13,130777,NN,Our Eps-Fair,0.3,,,0.8196286472148541,0.2624609263995454,0.004209878999972716
DRUG,2,13,130777,NN,Our Eps-Fair,0.5,,,0.8196286472148541,0.34921852799090647,0.0010547330020926893
DRUG,2,13,130777,NN,Our Eps-Fair,0.9,,,0.8196286472148541,0.34921852799090647,0.000982874000328593
DRUG,2,13,130777,NN,Fair-adversarial,,,0.01,0.8196286472148541,0.35993179880647913,1.4047298569930717
DRUG,2,13,130777,NN,Fair-adversarial,,,0.1,0.8143236074270557,0.23662972435350954,1.4613278350007022
DRUG,2,13,130777,NN,Fair-adversarial,,,0.5,0.8249336870026526,0.19062233589087813,1.397350343002472
DRUG,2,13,130777,NN,Fair-adversarial,,,0.9,0.8116710875331565,0.1675191815856778,1.4637882139941212
DRUG,2,13,130777,NN,Fair-adversarial,,,1.0,0.8010610079575596,0.29082125603864734,1.4078825729957316
DRUG,2,14,140777,reglog,Unfair,,,,0.7877984084880637,0.33867030034633516,0.000133766996441409
DRUG,2,14,140777,reglog,Our Eps-Fair,0.0,,,0.76657824933687,0.043746096633168696,0.005512912000995129
DRUG,2,14,140777,reglog,Our Eps-Fair,0.1,,,0.7771883289124668,0.15275648668597058,0.007585229002870619
DRUG,2,14,140777,reglog,Our Eps-Fair,0.2,,,0.7798408488063661,0.24919093851132684,0.002299608997418545
DRUG,2,14,140777,reglog,Our Eps-Fair,0.3,,,0.7877984084880637,0.33867030034633516,0.0010406790097476915
DRUG,2,14,140777,reglog,Our Eps-Fair,0.4,,,0.7877984084880637,0.33867030034633516,0.001305527999647893
DRUG,2,14,140777,reglog,Our Eps-Fair,0.5,,,0.7877984084880637,0.33867030034633516,0.000993409994407557
DRUG,2,14,140777,reglog,Fairlearn,,0.0001,,0.7559681697612732,0.019360699483336186,0.28797092000604607
DRUG,2,14,140777,reglog,Fairlearn,,0.5,,0.7559681697612732,0.00965196161925852,0.3006697509990772
DRUG,2,14,140777,reglog,Fairlearn,,1.0,,0.753315649867374,0.015499914835632733,0.23758768900006544
DRUG,2,14,140777,reglog,Fairlearn,,2.5,,0.7612732095490716,0.10994719809231818,0.31716060399776325
DRUG,2,14,140777,reglog,Fairlearn,,5.0,,0.7771883289124668,0.24334298529495263,0.27181420200213324
DRUG,2,14,140777,reglog,Fairlearn,,10.0,,0.7771883289124668,0.24334298529495263,0.5078343770001084
DRUG,2,14,140777,RF,Unfair,,,,0.7824933687002652,0.2782035996139216,0.009595013994839974
DRUG,2,14,140777,RF,Our Eps-Fair,0.0,,,0.7639257294429708,0.0690115255776983,0.0067887309996876866
DRUG,2,14,140777,RF,Our Eps-Fair,0.1,,,0.7798408488063661,0.15463010276500316,0.005299481999827549
DRUG,2,14,140777,RF,Our Eps-Fair,0.2,,,0.7824933687002652,0.26650769318117307,0.006356048004818149
DRUG,2,14,140777,RF,Our Eps-Fair,0.3,,,0.7824933687002652,0.2782035996139216,0.0011549659975571558
DRUG,2,14,140777,RF,Our Eps-Fair,0.4,,,0.7824933687002652,0.2782035996139216,0.001025536999804899
DRUG,2,14,140777,RF,Our Eps-Fair,0.5,,,0.7824933687002652,0.2782035996139216,0.001044454998918809
DRUG,2,14,140777,RF,Fairlearn,,0.0001,,0.7188328912466844,0.008999034803838124,4.4424728480080375
DRUG,2,14,140777,RF,Fairlearn,,0.5,,0.7108753315649867,0.03193663771078181,4.482185460001347
DRUG,2,14,140777,RF,Fairlearn,,1.0,,0.7241379310344828,0.01339919377732357,4.442253733999678
DRUG,2,14,140777,RF,Fairlearn,,2.5,,0.7798408488063661,0.18375631635723616,4.6831884940038435
DRUG,2,14,140777,RF,Fairlearn,,5.0,,0.7771883289124668,0.243115880315676,4.211773806993733
DRUG,2,14,140777,RF,Fairlearn,,10.0,,0.7798408488063661,0.23726792709930172,6.82117223199748
DRUG,2,14,140777,GBM,Unfair,,,,0.7718832891246684,0.26176687673877247,0.0016249619948212057
DRUG,2,14,140777,GBM,Our Eps-Fair,0.0,,,0.7639257294429708,0.0690115255776983,0.006801151001127437
DRUG,2,14,140777,GBM,Our Eps-Fair,0.1,,,0.7639257294429708,0.1235167206040993,0.009593933005817235
DRUG,2,14,140777,GBM,Our Eps-Fair,0.2,,,0.7692307692307693,0.25591892352239826,0.00487142700876575
DRUG,2,14,140777,GBM,Our Eps-Fair,0.3,,,0.7718832891246684,0.26176687673877247,0.001121319000958465
DRUG,2,14,140777,GBM,Our Eps-Fair,0.4,,,0.7718832891246684,0.26176687673877247,0.0009854930103756487
DRUG,2,14,140777,GBM,Our Eps-Fair,0.5,,,0.7718832891246684,0.26176687673877247,0.0008844660042086616
DRUG,2,14,140777,GBM,Fairlearn,,0.0001,,0.7347480106100795,0.02807585306307836,0.8866305760020623
DRUG,2,14,140777,GBM,Fairlearn,,0.5,,0.7453580901856764,0.06216998807698859,0.800932272002683
DRUG,2,14,140777,GBM,Fairlearn,,1.0,,0.753315649867374,0.04462612842786573,0.8993763599864906
DRUG,2,14,140777,GBM,Fairlearn,,2.5,,0.7718832891246684,0.14778856526429346,0.6396197669964749
DRUG,2,14,140777,GBM,Fairlearn,,5.0,,0.76657824933687,0.22667915744052686,0.610398131000693
DRUG,2,14,140777,GBM,Fairlearn,,10.0,,0.7692307692307693,0.24422301708964972,1.0263329860026715
DRUG,2,14,140777,NN,Unfair,,,,0.7798408488063661,0.3084369499801284,
DRUG,2,14,140777,NN,Our Eps-Fair,0.01,,,0.7586206896551724,0.06801794129336286,0.017642933002207428
DRUG,2,14,140777,NN,Our Eps-Fair,0.1,,,0.7745358090185677,0.1449213649009255,0.0068585209955926985
DRUG,2,14,140777,NN,Our Eps-Fair,0.3,,,0.7798408488063661,0.3084369499801284,0.0017813939921325073
DRUG,2,14,140777,NN,Our Eps-Fair,0.5,,,0.7798408488063661,0.3084369499801284,0.0013159880036255345
DRUG,2,14,140777,NN,Our Eps-Fair,0.9,,,0.7798408488063661,0.3084369499801284,0.0012074020050931722
DRUG,2,14,140777,NN,Fair-adversarial,,,0.01,0.7904509283819628,0.3191392721285415,1.6966618599981302
DRUG,2,14,140777,NN,Fair-adversarial,,,0.1,0.7692307692307693,0.21112246636007498,1.4424833899975056
DRUG,2,14,140777,NN,Fair-adversarial,,,0.5,0.7718832891246684,0.2102424345653779,1.3849091269948985
DRUG,2,14,140777,NN,Fair-adversarial,,,0.9,0.6896551724137931,0.11224663600749452,2.027747257001465
DRUG,2,14,140777,NN,Fair-adversarial,,,1.0,0.76657824933687,0.18685062169988081,1.4440431949915364
DRUG,2,15,150777,reglog,Unfair,,,,0.8010610079575596,0.32884800999261915,0.000125174003187567
DRUG,2,15,150777,reglog,Our Eps-Fair,0.0,,,0.7612732095490716,0.02069494123658666,0.009362418000819162
DRUG,2,15,150777,reglog,Our Eps-Fair,0.1,,,0.7957559681697612,0.1088400613183444,0.0055297920043813065
DRUG,2,15,150777,reglog,Our Eps-Fair,0.2,,,0.7984084880636605,0.17118037812979053,0.00662644300609827
DRUG,2,15,150777,reglog,Our Eps-Fair,0.3,,,0.8090185676392573,0.2694884460341794,0.0073208470130339265
DRUG,2,15,150777,reglog,Our Eps-Fair,0.4,,,0.8010610079575596,0.32884800999261915,0.0010910199926001951
DRUG,2,15,150777,reglog,Our Eps-Fair,0.5,,,0.8010610079575596,0.32884800999261915,0.0010102099913638085
DRUG,2,15,150777,reglog,Fairlearn,,0.0001,,0.7612732095490716,0.0007097030602395971,0.26883236499270424
DRUG,2,15,150777,reglog,Fairlearn,,0.5,,0.7612732095490716,0.0007097030602395971,0.42335839600127656
DRUG,2,15,150777,reglog,Fairlearn,,1.0,,0.7612732095490716,0.0007097030602395971,0.35600544400222134
DRUG,2,15,150777,reglog,Fairlearn,,2.5,,0.7745358090185677,0.028955884857775505,0.3771879840060137
DRUG,2,15,150777,reglog,Fairlearn,,5.0,,0.8037135278514589,0.21498325100777832,0.42656486299529206
DRUG,2,15,150777,reglog,Fairlearn,,10.0,,0.8037135278514589,0.22568557315619148,0.7927392900019186
DRUG,2,15,150777,RF,Unfair,,,,0.7931034482758621,0.25580537103275997,0.0031157079938566312
DRUG,2,15,150777,RF,Our Eps-Fair,0.0,,,0.76657824933687,0.01439277806165895,0.0209214110072935
DRUG,2,15,150777,RF,Our Eps-Fair,0.1,,,0.7824933687002652,0.05720206665531141,0.017098432988859713
DRUG,2,15,150777,RF,Our Eps-Fair,0.2,,,0.7984084880636605,0.13410549026287405,0.016670780009008013
DRUG,2,15,150777,RF,Our Eps-Fair,0.3,,,0.8037135278514589,0.21200249815477207,0.012392576987622306
DRUG,2,15,150777,RF,Our Eps-Fair,0.4,,,0.7931034482758621,0.25580537103275997,0.0009069270017789677
DRUG,2,15,150777,RF,Our Eps-Fair,0.5,,,0.7931034482758621,0.25580537103275997,0.0008972179930424318
DRUG,2,15,150777,RF,Fairlearn,,0.0001,,0.7718832891246684,0.0012774655084313302,1.0159254780010087
DRUG,2,15,150777,RF,Fairlearn,,0.5,,0.76657824933687,0.009424856639981827,1.0025856690044748
DRUG,2,15,150777,RF,Fairlearn,,1.0,,0.7612732095490716,0.03954465451655026,1.0064153200073633
DRUG,2,15,150777,RF,Fairlearn,,2.5,,0.7931034482758621,0.1739340260035202,1.0356875980069162
DRUG,2,15,150777,RF,Fairlearn,,5.0,,0.8169761273209549,0.23726792709930172,1.0355964220070746
DRUG,2,15,150777,RF,Fairlearn,,10.0,,0.8010610079575596,0.21586328280247552,1.604950805005501
DRUG,2,15,150777,GBM,Unfair,,,,0.8037135278514589,0.243115880315676,0.001019764007651247
DRUG,2,15,150777,GBM,Our Eps-Fair,0.0,,,0.7639257294429708,0.014846988020212393,0.006800265007768758
DRUG,2,15,150777,GBM,Our Eps-Fair,0.1,,,0.7904509283819628,0.10486572418100265,0.005514343996765092
DRUG,2,15,150777,GBM,Our Eps-Fair,0.2,,,0.8037135278514589,0.14381422812695172,0.011009676003595814
DRUG,2,15,150777,GBM,Our Eps-Fair,0.3,,,0.8063660477453581,0.21685686708681096,0.005969562000245787
DRUG,2,15,150777,GBM,Our Eps-Fair,0.4,,,0.8037135278514589,0.243115880315676,0.0008824050019029528
DRUG,2,15,150777,GBM,Our Eps-Fair,0.5,,,0.8037135278514589,0.243115880315676,0.0008857549983076751
DRUG,2,15,150777,GBM,Fairlearn,,0.0001,,0.7612732095490716,0.029835916652472594,0.625383161008358
DRUG,2,15,150777,GBM,Fairlearn,,0.5,,0.76657824933687,0.0512405609492988,0.7135409680049634
DRUG,2,15,150777,GBM,Fairlearn,,1.0,,0.7718832891246684,0.03954465451655026,0.5489169969951035
DRUG,2,15,150777,GBM,Fairlearn,,2.5,,0.7877984084880637,0.1311247374098677,0.6962183470022865
DRUG,2,15,150777,GBM,Fairlearn,,5.0,,0.7877984084880637,0.1311247374098677,0.8001230730005773
DRUG,2,15,150777,GBM,Fairlearn,,10.0,,0.7931034482758621,0.16223811957077167,1.0283722659951309
DRUG,2,15,150777,NN,Unfair,,,,0.8010610079575596,0.3034690285584512,
DRUG,2,15,150777,NN,Our Eps-Fair,0.01,,,0.7559681697612732,0.024669278373928405,0.006571421006810851
DRUG,2,15,150777,NN,Our Eps-Fair,0.1,,,0.7798408488063661,0.08445466416851188,0.004963478000718169
DRUG,2,15,150777,NN,Our Eps-Fair,0.3,,,0.8010610079575596,0.27036847782887646,0.006049930001609027
DRUG,2,15,150777,NN,Our Eps-Fair,0.5,,,0.8010610079575596,0.3034690285584512,0.0012022579903714359
DRUG,2,15,150777,NN,Our Eps-Fair,0.9,,,0.8010610079575596,0.3034690285584512,0.000994341986370273
DRUG,2,15,150777,NN,Fair-adversarial,,,0.01,0.7984084880636605,0.3561006075058196,1.4203283930110047
DRUG,2,15,150777,NN,Fair-adversarial,,,0.1,0.8063660477453581,0.21983761993981715,1.401986944998498
DRUG,2,15,150777,NN,Fair-adversarial,,,0.5,0.8010610079575596,0.17901549991483562,1.3956332030065823
DRUG,2,15,150777,NN,Fair-adversarial,,,0.9,0.8116710875331565,0.2091352977914041,1.418550314992899
DRUG,2,15,150777,NN,Fair-adversarial,,,1.0,0.7931034482758621,0.17416113098279679,1.497643746988615
DRUG,2,16,160777,reglog,Unfair,,,,0.8063660477453581,0.35025265428944535,0.00015744099800940603
DRUG,2,16,160777,reglog,Our Eps-Fair,0.0,,,0.7798408488063661,0.02994946914211094,0.026512004013056867
DRUG,2,16,160777,reglog,Our Eps-Fair,0.1,,,0.7904509283819628,0.12053596775109293,0.019572363002225757
DRUG,2,16,160777,reglog,Our Eps-Fair,0.2,,,0.8037135278514589,0.23340714245159833,0.017100273005780764
DRUG,2,16,160777,reglog,Our Eps-Fair,0.3,,,0.8010610079575596,0.32884800999261915,0.021088367997435853
DRUG,2,16,160777,reglog,Our Eps-Fair,0.4,,,0.8063660477453581,0.35025265428944535,0.0019931400020141155
DRUG,2,16,160777,reglog,Our Eps-Fair,0.5,,,0.8063660477453581,0.35025265428944535,0.0009079409937839955
DRUG,2,16,160777,reglog,Fairlearn,,0.0001,,0.7612732095490716,0.0036904559132459047,0.24847595000755973
DRUG,2,16,160777,reglog,Fairlearn,,0.5,,0.7639257294429708,0.007551240560949302,0.24630177101062145
DRUG,2,16,160777,reglog,Fairlearn,,1.0,,0.76657824933687,0.0026968716289104133,0.2736750970070716
DRUG,2,16,160777,reglog,Fairlearn,,2.5,,0.7798408488063661,0.08842900130585368,0.2582236699963687
DRUG,2,16,160777,reglog,Fairlearn,,5.0,,0.8063660477453581,0.22954635780389482,0.2517811919969972
DRUG,2,16,160777,reglog,Fairlearn,,10.0,,0.8063660477453581,0.35025265428944535,0.4377528920012992
DRUG,2,16,160777,RF,Unfair,,,,0.8169761273209549,0.2868052007040255,0.00913276500068605
DRUG,2,16,160777,RF,Our Eps-Fair,0.0,,,0.7400530503978779,0.06251064554590363,0.0106966870080214
DRUG,2,16,160777,RF,Our Eps-Fair,0.1,,,0.7824933687002652,0.06889797308805995,0.005083641008241102
DRUG,2,16,160777,RF,Our Eps-Fair,0.2,,,0.8090185676392573,0.20802816101743038,0.0059759729920187965
DRUG,2,16,160777,RF,Our Eps-Fair,0.3,,,0.8169761273209549,0.2868052007040255,0.001119063002988696
DRUG,2,16,160777,RF,Our Eps-Fair,0.4,,,0.8169761273209549,0.2868052007040255,0.0011472810001578182
DRUG,2,16,160777,RF,Our Eps-Fair,0.5,,,0.8169761273209549,0.2868052007040255,0.0010115210025105625
DRUG,2,16,160777,RF,Fairlearn,,0.0001,,0.753315649867374,0.013285641287685224,4.280885255997418
DRUG,2,16,160777,RF,Fairlearn,,0.5,,0.7427055702917772,0.01427922557202066,4.512343146008789
DRUG,2,16,160777,RF,Fairlearn,,1.0,,0.7374005305039788,0.041219553738715775,3.4734297029935988
DRUG,2,16,160777,RF,Fairlearn,,2.5,,0.8063660477453581,0.19048430136830757,5.4110668700013775
DRUG,2,16,160777,RF,Fairlearn,,5.0,,0.8063660477453581,0.2761028785556124,4.0611587909952505
DRUG,2,16,160777,RF,Fairlearn,,10.0,,0.8116710875331565,0.26440697212286385,5.180544939998072
DRUG,2,16,160777,GBM,Unfair,,,,0.8196286472148541,0.28493158462499296,0.0013376790011534467
DRUG,2,16,160777,GBM,Our Eps-Fair,0.0,,,0.76657824933687,0.024101515925736672,0.0036649350076913834
DRUG,2,16,160777,GBM,Our Eps-Fair,0.1,,,0.7931034482758621,0.1301311531255323,0.007046772996545769
DRUG,2,16,160777,GBM,Our Eps-Fair,0.2,,,0.8010610079575596,0.18949071708397214,0.006604980997508392
DRUG,2,16,160777,GBM,Our Eps-Fair,0.3,,,0.8196286472148541,0.28493158462499296,0.003616186004364863
DRUG,2,16,160777,GBM,Our Eps-Fair,0.4,,,0.8196286472148541,0.28493158462499296,0.0010605860006762668
DRUG,2,16,160777,GBM,Our Eps-Fair,0.5,,,0.8196286472148541,0.28493158462499296,0.0009260799997719005
DRUG,2,16,160777,GBM,Fairlearn,,0.0001,,0.7586206896551724,0.02498154772043376,3.782509555996512
DRUG,2,16,160777,GBM,Fairlearn,,0.5,,0.753315649867374,0.017259978425026967,3.788395562005462
DRUG,2,16,160777,GBM,Fairlearn,,1.0,,0.7400530503978779,0.038352353375347814,3.9786782930023037
DRUG,2,16,160777,GBM,Fairlearn,,2.5,,0.7851458885941645,0.12825753704649973,4.533034801002941
DRUG,2,16,160777,GBM,Fairlearn,,5.0,,0.8090185676392573,0.24112871174700512,4.548466241001734
DRUG,2,16,160777,GBM,Fairlearn,,10.0,,0.8116710875331565,0.2576789871117925,6.697568982999655
DRUG,2,16,160777,NN,Unfair,,,,0.8063660477453581,0.33656957928802594,
DRUG,2,16,160777,NN,Our Eps-Fair,0.01,,,0.7745358090185677,0.04164537557485948,0.005938432004768401
DRUG,2,16,160777,NN,Our Eps-Fair,0.1,,,0.7957559681697612,0.1302447056151706,0.006696083000861108
DRUG,2,16,160777,NN,Our Eps-Fair,0.3,,,0.8063660477453581,0.3141713507068643,0.005265282990876585
DRUG,2,16,160777,NN,Our Eps-Fair,0.5,,,0.8063660477453581,0.33656957928802594,0.001008067003567703
DRUG,2,16,160777,NN,Our Eps-Fair,0.9,,,0.8063660477453581,0.33656957928802594,0.0009352959896204993
DRUG,2,16,160777,NN,Fair-adversarial,,,0.01,0.8143236074270557,0.34043036393572934,1.435452385005192
DRUG,2,16,160777,NN,Fair-adversarial,,,0.1,0.8037135278514589,0.24112871174700512,1.4024907940038247
DRUG,2,16,160777,NN,Fair-adversarial,,,0.5,0.7851458885941645,0.17702833134616475,1.3805739420058671
DRUG,2,16,160777,NN,Fair-adversarial,,,0.9,0.6074270557029178,0.2005053085788906,1.3493805630132556
DRUG,2,16,160777,NN,Fair-adversarial,,,1.0,0.6047745358090185,0.1946573553625163,1.3728363769914722
DRUG,2,17,170777,reglog,Unfair,,,,0.8196286472148541,0.3618357487922706,0.00012432399671524763
DRUG,2,17,170777,reglog,Our Eps-Fair,0.0,,,0.7957559681697612,0.05305484512645642,0.006066661007935181
DRUG,2,17,170777,reglog,Our Eps-Fair,0.1,,,0.8196286472148541,0.10051150895140665,0.00413923199812416
DRUG,2,17,170777,reglog,Our Eps-Fair,0.2,,,0.8275862068965517,0.20491616936629725,0.0048537810071138665
DRUG,2,17,170777,reglog,Our Eps-Fair,0.3,,,0.830238726790451,0.29860755896561525,0.005883407007786445
DRUG,2,17,170777,reglog,Our Eps-Fair,0.4,,,0.8196286472148541,0.3618357487922706,0.00496676100010518
DRUG,2,17,170777,reglog,Our Eps-Fair,0.5,,,0.8196286472148541,0.3618357487922706,0.001018123992253095
DRUG,2,17,170777,reglog,Fairlearn,,0.0001,,0.8116710875331565,0.04862176754759884,0.256734010996297
DRUG,2,17,170777,reglog,Fairlearn,,0.5,,0.8063660477453581,0.037908496732026176,0.3048996870056726
DRUG,2,17,170777,reglog,Fairlearn,,1.0,,0.8063660477453581,0.027195225916453514,0.26520207700377796
DRUG,2,17,170777,reglog,Fairlearn,,2.5,,0.8143236074270557,0.06626882637112819,0.233609176997561
DRUG,2,17,170777,reglog,Fairlearn,,5.0,,0.8275862068965517,0.28096050014208584,0.2592367109900806
DRUG,2,17,170777,reglog,Fairlearn,,10.0,,0.8196286472148541,0.3618357487922706,0.43622097600018606
DRUG,2,17,170777,RF,Unfair,,,,0.8328912466843501,0.29923273657289007,0.0029743139893980697
DRUG,2,17,170777,RF,Our Eps-Fair,0.0,,,0.8010610079575596,0.009150326797385588,0.0064306929998565465
DRUG,2,17,170777,RF,Our Eps-Fair,0.1,,,0.8010610079575596,0.09252628587666956,0.007317694995435886
DRUG,2,17,170777,RF,Our Eps-Fair,0.2,,,0.8116710875331565,0.13748223927252062,0.009005483996588737
DRUG,2,17,170777,RF,Our Eps-Fair,0.3,,,0.8275862068965517,0.2681443591929526,0.007641446994966827
DRUG,2,17,170777,RF,Our Eps-Fair,0.4,,,0.8328912466843501,0.29923273657289007,0.0013444770011119545
DRUG,2,17,170777,RF,Our Eps-Fair,0.5,,,0.8328912466843501,0.29923273657289007,0.0016023040079744533
DRUG,2,17,170777,RF,Fairlearn,,0.0001,,0.8037135278514589,0.007473714123330533,1.8086589500016998
DRUG,2,17,170777,RF,Fairlearn,,0.5,,0.7931034482758621,0.013952827507814791,1.5813929910073057
DRUG,2,17,170777,RF,Fairlearn,,1.0,,0.7984084880636605,0.003239556692242185,1.6114366139954654
DRUG,2,17,170777,RF,Fairlearn,,2.5,,0.830238726790451,0.1851662404092072,1.7106170949991792
DRUG,2,17,170777,RF,Fairlearn,,5.0,,0.8355437665782494,0.2504973003694232,1.3762269039871171
DRUG,2,17,170777,RF,Fairlearn,,10.0,,0.8275862068965517,0.2553282182438193,2.5311665649933275
DRUG,2,17,170777,GBM,Unfair,,,,0.830238726790451,0.3158283603296391,0.0010078960040118545
DRUG,2,17,170777,GBM,Our Eps-Fair,0.0,,,0.8063660477453581,0.001562944018187018,0.01120415300829336
DRUG,2,17,170777,GBM,Our Eps-Fair,0.1,,,0.8222811671087533,0.10218812162546181,0.0026488669973332435
DRUG,2,17,170777,GBM,Our Eps-Fair,0.2,,,0.8116710875331565,0.20491616936629725,0.005861147990799509
DRUG,2,17,170777,GBM,Our Eps-Fair,0.3,,,0.8169761273209549,0.2584825234441603,0.005198901999392547
DRUG,2,17,170777,GBM,Our Eps-Fair,0.4,,,0.830238726790451,0.3158283603296391,0.0009540360042592511
DRUG,2,17,170777,GBM,Our Eps-Fair,0.5,,,0.830238726790451,0.3158283603296391,0.0008973630028776824
DRUG,2,17,170777,GBM,Fairlearn,,0.0001,,0.7904509283819628,0.022989485649332175,1.0157128419959918
DRUG,2,17,170777,GBM,Fairlearn,,0.5,,0.7851458885941645,0.009150326797385588,1.032380546006607
DRUG,2,17,170777,GBM,Fairlearn,,1.0,,0.7904509283819628,0.0005115089514066695,1.003602441996918
DRUG,2,17,170777,GBM,Fairlearn,,2.5,,0.8249336870026526,0.14126172208013643,0.9988474400015548
DRUG,2,17,170777,GBM,Fairlearn,,5.0,,0.8249336870026526,0.22151179312304636,1.0789579160045832
DRUG,2,17,170777,GBM,Fairlearn,,10.0,,0.8222811671087533,0.26919579425973295,1.568602651997935
DRUG,2,17,170777,NN,Unfair,,,,0.8116710875331565,0.3452401250355215,
DRUG,2,17,170777,NN,Our Eps-Fair,0.01,,,0.8063660477453581,0.0036658141517476595,0.008370427996851504
DRUG,2,17,170777,NN,Our Eps-Fair,0.1,,,0.8249336870026526,0.0897982381358341,0.009127145996899344
DRUG,2,17,170777,NN,Our Eps-Fair,0.3,,,0.8169761273209549,0.31520318272236436,0.0059815249987877905
DRUG,2,17,170777,NN,Our Eps-Fair,0.5,,,0.8116710875331565,0.3452401250355215,0.001030750005156733
DRUG,2,17,170777,NN,Our Eps-Fair,0.9,,,0.8116710875331565,0.3452401250355215,0.000985939012025483
DRUG,2,17,170777,NN,Fair-adversarial,,,0.01,0.8090185676392573,0.40468883205456097,1.4259161389927613
DRUG,2,17,170777,NN,Fair-adversarial,,,0.1,0.8222811671087533,0.33347541915316853,1.398056866004481
DRUG,2,17,170777,NN,Fair-adversarial,,,0.5,0.8090185676392573,0.2515487354362035,1.3854834230005508
DRUG,2,17,170777,NN,Fair-adversarial,,,0.9,0.8090185676392573,0.15282750781472015,1.3980662119865883
DRUG,2,17,170777,NN,Fair-adversarial,,,1.0,0.53315649867374,0.3304631997726627,1.4943963499972597
DRUG,2,18,180777,reglog,Unfair,,,,0.8037135278514589,0.3638221768012264,0.0001662079885136336
DRUG,2,18,180777,reglog,Our Eps-Fair,0.0,,,0.7480106100795756,0.06637143019360703,0.010180287004914135
DRUG,2,18,180777,reglog,Our Eps-Fair,0.1,,,0.7718832891246684,0.08258104808947936,0.011797571991337463
DRUG,2,18,180777,reglog,Our Eps-Fair,0.2,,,0.7851458885941645,0.2014137284959973,0.01740285099367611
DRUG,2,18,180777,reglog,Our Eps-Fair,0.3,,,0.7851458885941645,0.28603872139896674,0.028291801994782872
DRUG,2,18,180777,reglog,Our Eps-Fair,0.4,,,0.8063660477453581,0.3589678078691876,0.01620782799727749
DRUG,2,18,180777,reglog,Our Eps-Fair,0.5,,,0.8037135278514589,0.3638221768012264,0.0009499919979134575
DRUG,2,18,180777,reglog,Fairlearn,,0.0001,,0.753315649867374,0.01087265088287065,0.28081249599927105
DRUG,2,18,180777,reglog,Fairlearn,,0.5,,0.7559681697612732,0.006671208766252157,0.34116790699772537
DRUG,2,18,180777,reglog,Fairlearn,,1.0,,0.7612732095490716,0.02708226877874298,0.32849536401045043
DRUG,2,18,180777,reglog,Fairlearn,,2.5,,0.7692307692307693,0.07573951058876965,0.3158896259992616
DRUG,2,18,180777,reglog,Fairlearn,,5.0,,0.7904509283819628,0.26463407710214043,0.21736158299609087
DRUG,2,18,180777,reglog,Fairlearn,,10.0,,0.7877984084880637,0.2801907681825925,0.4258515670080669
DRUG,2,18,180777,RF,Unfair,,,,0.8010610079575596,0.282064384261625,0.0019645419961307198
DRUG,2,18,180777,RF,Our Eps-Fair,0.0,,,0.7188328912466844,0.11403508771929827,0.008882198002538644
DRUG,2,18,180777,RF,Our Eps-Fair,0.1,,,0.7639257294429708,0.03193663771078181,0.0039165050111478195
DRUG,2,18,180777,RF,Our Eps-Fair,0.2,,,0.7877984084880637,0.188610685289275,0.01568748100544326
DRUG,2,18,180777,RF,Our Eps-Fair,0.3,,,0.8037135278514589,0.27621643104525073,0.006961961000342853
DRUG,2,18,180777,RF,Our Eps-Fair,0.4,,,0.8010610079575596,0.282064384261625,0.0011556809913599864
DRUG,2,18,180777,RF,Our Eps-Fair,0.5,,,0.8010610079575596,0.282064384261625,0.001113354999688454
DRUG,2,18,180777,RF,Fairlearn,,0.0001,,0.726790450928382,0.003576903423607558,1.0571245300088776
DRUG,2,18,180777,RF,Fairlearn,,0.5,,0.753315649867374,0.06779083631408617,1.0244511119963136
DRUG,2,18,180777,RF,Fairlearn,,1.0,,0.726790450928382,0.002583319139272122,0.847005043993704
DRUG,2,18,180777,RF,Fairlearn,,2.5,,0.7718832891246684,0.16896610458184302,1.0527890140074305
DRUG,2,18,180777,RF,Fairlearn,,5.0,,0.8010610079575596,0.22159768352921144,0.8856946399901062
DRUG,2,18,180777,RF,Fairlearn,,10.0,,0.8010610079575596,0.2761028785556124,1.9277633449964924
DRUG,2,18,180777,GBM,Unfair,,,,0.8116710875331565,0.30148185998978033,0.0011656389979179949
DRUG,2,18,180777,GBM,Our Eps-Fair,0.0,,,0.7294429708222812,0.019701356952251226,0.009251118011889048
DRUG,2,18,180777,GBM,Our Eps-Fair,0.1,,,0.7639257294429708,0.06404360415602112,0.0064498650026507676
DRUG,2,18,180777,GBM,Our Eps-Fair,0.2,,,0.7931034482758621,0.19931300743768815,0.0051347270054975525
DRUG,2,18,180777,GBM,Our Eps-Fair,0.3,,,0.8116710875331565,0.2790836314086187,0.00590394799655769
DRUG,2,18,180777,GBM,Our Eps-Fair,0.4,,,0.8116710875331565,0.30148185998978033,0.000988460989901796
DRUG,2,18,180777,GBM,Our Eps-Fair,0.5,,,0.8116710875331565,0.30148185998978033,0.001086695003323257
DRUG,2,18,180777,GBM,Fairlearn,,0.0001,,0.7506631299734748,0.001703287344575033,1.1873865099914838
DRUG,2,18,180777,GBM,Fairlearn,,0.5,,0.7453580901856764,0.031823085221143466,1.3488716589927208
DRUG,2,18,180777,GBM,Fairlearn,,1.0,,0.7480106100795756,0.015272809856356095,1.3705162940023001
DRUG,2,18,180777,GBM,Fairlearn,,2.5,,0.7851458885941645,0.15837733492306827,1.312850853006239
DRUG,2,18,180777,GBM,Fairlearn,,5.0,,0.8063660477453581,0.22457843638221775,1.4564798819919815
DRUG,2,18,180777,GBM,Fairlearn,,10.0,,0.8116710875331565,0.30148185998978033,2.3829638569877716
DRUG,2,18,180777,NN,Unfair,,,,0.7984084880636605,0.3444047010730711,
DRUG,2,18,180777,NN,Our Eps-Fair,0.01,,,0.7453580901856764,0.061517061261568196,0.007474483994883485
DRUG,2,18,180777,NN,Our Eps-Fair,0.1,,,0.7692307692307693,0.07673309487310515,0.0075048659928143024
DRUG,2,18,180777,NN,Our Eps-Fair,0.3,,,0.7877984084880637,0.2675012774655085,0.004431358000147156
DRUG,2,18,180777,NN,Our Eps-Fair,0.5,,,0.7984084880636605,0.3444047010730711,0.0011755870073102415
DRUG,2,18,180777,NN,Our Eps-Fair,0.9,,,0.7984084880636605,0.3444047010730711,0.0009640259959269315
DRUG,2,18,180777,NN,Fair-adversarial,,,0.01,0.8010610079575596,0.3462783171521036,1.351848794001853
DRUG,2,18,180777,NN,Fair-adversarial,,,0.1,0.7904509283819628,0.2606597399647988,1.3781135989993345
DRUG,2,18,180777,NN,Fair-adversarial,,,0.5,0.7957559681697612,0.21983761993981715,1.4173210809967713
DRUG,2,18,180777,NN,Fair-adversarial,,,0.9,0.7957559681697612,0.21884403565548177,1.3602440749964444
DRUG,2,18,180777,NN,Fair-adversarial,,,1.0,0.5464190981432361,0.30443422472037707,1.3310877479962073
DRUG,2,19,190777,reglog,Unfair,,,,0.7957559681697612,0.37761880429228417,0.00020383100491017103
DRUG,2,19,190777,reglog,Our Eps-Fair,0.0,,,0.7798408488063661,0.06603077272469199,0.02157095799339004
DRUG,2,19,190777,reglog,Our Eps-Fair,0.1,,,0.7745358090185677,0.1449213649009255,0.012771598994731903
DRUG,2,19,190777,reglog,Our Eps-Fair,0.2,,,0.7771883289124668,0.23936864815761089,0.011254921002546325
DRUG,2,19,190777,reglog,Our Eps-Fair,0.3,,,0.7851458885941645,0.31241128711747007,0.010558776994002983
DRUG,2,19,190777,reglog,Our Eps-Fair,0.4,,,0.7957559681697612,0.37761880429228417,0.0021879239939153194
DRUG,2,19,190777,reglog,Our Eps-Fair,0.5,,,0.7957559681697612,0.37761880429228417,0.002177939997636713
DRUG,2,19,190777,reglog,Fairlearn,,0.0001,,0.76657824933687,0.0036904559132459047,0.4427100509929005
DRUG,2,19,190777,reglog,Fairlearn,,0.5,,0.7612732095490716,0.015386362345994442,0.3689630189910531
DRUG,2,19,190777,reglog,Fairlearn,,1.0,,0.7877984084880637,0.037784590927156025,0.443998233997263
DRUG,2,19,190777,reglog,Fairlearn,,2.5,,0.7718832891246684,0.14006699596888667,0.5469735829974525
DRUG,2,19,190777,reglog,Fairlearn,,5.0,,0.7824933687002652,0.28515868960426954,0.43858841600012966
DRUG,2,19,190777,reglog,Fairlearn,,10.0,,0.7957559681697612,0.37761880429228417,0.6630396859982284
DRUG,2,19,190777,RF,Unfair,,,,0.8010610079575596,0.30744336569579295,0.020993141006329097
DRUG,2,19,190777,RF,Our Eps-Fair,0.0,,,0.7745358090185677,0.03525804803270316,0.007617360999574885
DRUG,2,19,190777,RF,Our Eps-Fair,0.1,,,0.7931034482758621,0.06889797308805995,0.0076319670042721555
DRUG,2,19,190777,RF,Our Eps-Fair,0.2,,,0.7904509283819628,0.1877306534945779,0.005362841009628028
DRUG,2,19,190777,RF,Our Eps-Fair,0.3,,,0.8010610079575596,0.2743428149662182,0.004479798997635953
DRUG,2,19,190777,RF,Our Eps-Fair,0.4,,,0.8010610079575596,0.30744336569579295,0.0009106780053116381
DRUG,2,19,190777,RF,Our Eps-Fair,0.5,,,0.8010610079575596,0.30744336569579295,0.0008781040087342262
DRUG,2,19,190777,RF,Fairlearn,,0.0001,,0.7029177718832891,0.057769829103503145,5.7181659460038645
DRUG,2,19,190777,RF,Fairlearn,,0.5,,0.7241379310344828,0.02069494123658666,5.701779480004916
DRUG,2,19,190777,RF,Fairlearn,,1.0,,0.7400530503978779,0.025095100210072108,5.664315453992458
DRUG,2,19,190777,RF,Fairlearn,,2.5,,0.8116710875331565,0.27533639925055364,6.488631689004251
DRUG,2,19,190777,RF,Fairlearn,,5.0,,0.7957559681697612,0.2529381706693919,6.235088583998731
DRUG,2,19,190777,RF,Fairlearn,,10.0,,0.8010610079575596,0.26264690853346967,5.446290034000413
DRUG,2,19,190777,GBM,Unfair,,,,0.7904509283819628,0.3191392721285415,0.0017605440079933032
DRUG,2,19,190777,GBM,Our Eps-Fair,0.0,,,0.7480106100795756,0.01152557769829099,0.006672695992165245
DRUG,2,19,190777,GBM,Our Eps-Fair,0.1,,,0.7745358090185677,0.07772667915744053,0.00721326500934083
DRUG,2,19,190777,GBM,Our Eps-Fair,0.2,,,0.7931034482758621,0.18188270027820358,0.005015779999666847
DRUG,2,19,190777,GBM,Our Eps-Fair,0.3,,,0.7984084880636605,0.24808380173735306,0.004147850995650515
DRUG,2,19,190777,GBM,Our Eps-Fair,0.4,,,0.7904509283819628,0.3191392721285415,0.0010597210057312623
DRUG,2,19,190777,GBM,Our Eps-Fair,0.5,,,0.7904509283819628,0.3191392721285415,0.001085070995031856
DRUG,2,19,190777,GBM,Fairlearn,,0.0001,,0.7692307692307693,0.06305001987168568,2.1775668850023067
DRUG,2,19,190777,GBM,Fairlearn,,0.5,,0.76657824933687,0.03579742235848521,1.8863086979981745
DRUG,2,19,190777,GBM,Fairlearn,,1.0,,0.7639257294429708,0.03866462272185317,2.10573700099485
DRUG,2,19,190777,GBM,Fairlearn,,2.5,,0.7904509283819628,0.21785045137114628,1.8656661779969
DRUG,2,19,190777,GBM,Fairlearn,,5.0,,0.8037135278514589,0.22270482030318522,1.8949416469986318
DRUG,2,19,190777,GBM,Fairlearn,,10.0,,0.8010610079575596,0.2850451371146313,4.04165131598711
DRUG,2,19,190777,NN,Unfair,,,,0.7904509283819628,0.37165729858627156,
DRUG,2,19,190777,NN,Our Eps-Fair,0.01,,,0.7692307692307693,0.04065179129052404,0.007559014004073106
DRUG,2,19,190777,NN,Our Eps-Fair,0.1,,,0.7771883289124668,0.11468801453471872,0.007727678996161558
DRUG,2,19,190777,NN,Our Eps-Fair,0.3,,,0.7904509283819628,0.2987282121160507,0.009443962990189902
DRUG,2,19,190777,NN,Our Eps-Fair,0.5,,,0.7904509283819628,0.37165729858627156,0.0011359649943187833
DRUG,2,19,190777,NN,Our Eps-Fair,0.9,,,0.7904509283819628,0.37165729858627156,0.000939138000831008
DRUG,2,19,190777,NN,Fair-adversarial,,,0.01,0.7851458885941645,0.40674501788451717,1.6772949310106924
DRUG,2,19,190777,NN,Fair-adversarial,,,0.1,0.7877984084880637,0.3269743939135866,1.4708629980013939
DRUG,2,19,190777,NN,Fair-adversarial,,,0.5,0.7692307692307693,0.20638164991767444,1.3987350320094265
DRUG,2,19,190777,NN,Fair-adversarial,,,0.9,0.7745358090185677,0.22105830920342928,1.4059078640129883
DRUG,2,19,190777,NN,Fair-adversarial,,,1.0,0.7108753315649867,0.04828819621870212,1.4706660369993187
DRUG,2,20,200777,reglog,Unfair,,,,0.8355437665782494,0.40909349246945154,0.0002164859906770289
DRUG,2,20,200777,reglog,Our Eps-Fair,0.0,,,0.8010610079575596,0.07445296959363457,0.014633587998105213
DRUG,2,20,200777,reglog,Our Eps-Fair,0.1,,,0.8090185676392573,0.17885763000852511,0.023330641008215025
DRUG,2,20,200777,reglog,Our Eps-Fair,0.2,,,0.8381962864721485,0.3389315146348395,0.014435424993280321
DRUG,2,20,200777,reglog,Our Eps-Fair,0.3,,,0.8355437665782494,0.40909349246945154,0.0022101479989942163
DRUG,2,20,200777,reglog,Our Eps-Fair,0.4,,,0.8355437665782494,0.40909349246945154,0.002240580986835994
DRUG,2,20,200777,reglog,Our Eps-Fair,0.5,,,0.8355437665782494,0.40909349246945154,0.0021311780001269653
DRUG,2,20,200777,reglog,Fairlearn,,0.0001,,0.8010610079575596,0.06163682864450126,0.4286460589937633
DRUG,2,20,200777,reglog,Fairlearn,,0.5,,0.8063660477453581,0.06058539357772097,0.4098606019979343
DRUG,2,20,200777,reglog,Fairlearn,,1.0,,0.7984084880636605,0.05680591077010516,0.41231801100366283
DRUG,2,20,200777,reglog,Fairlearn,,2.5,,0.7957559681697612,0.07340153452685427,0.43357950399513356
DRUG,2,20,200777,reglog,Fairlearn,,5.0,,0.830238726790451,0.3555271383915885,0.33864810499653686
DRUG,2,20,200777,reglog,Fairlearn,,10.0,,0.830238726790451,0.3876669508383064,0.6850341270037461
DRUG,2,20,200777,RF,Unfair,,,,0.8222811671087533,0.31645353793691394,0.013038960998528637
DRUG,2,20,200777,RF,Our Eps-Fair,0.0,,,0.8037135278514589,0.054703040636544464,0.01421168600791134
DRUG,2,20,200777,RF,Our Eps-Fair,0.1,,,0.8275862068965517,0.18473998294970168,0.01605385899893008
DRUG,2,20,200777,RF,Our Eps-Fair,0.2,,,0.8275862068965517,0.2843137254901961,0.011501307002617978
DRUG,2,20,200777,RF,Our Eps-Fair,0.3,,,0.8222811671087533,0.31645353793691394,0.0009218489867635071
DRUG,2,20,200777,RF,Our Eps-Fair,0.4,,,0.8222811671087533,0.31645353793691394,0.000862470013089478
DRUG,2,20,200777,RF,Our Eps-Fair,0.5,,,0.8222811671087533,0.31645353793691394,0.0008891059987945482
DRUG,2,20,200777,RF,Fairlearn,,0.0001,,0.7692307692307693,0.032480818414322266,3.8586558339884505
DRUG,2,20,200777,RF,Fairlearn,,0.5,,0.7639257294429708,0.02071611253196931,3.8111737279978115
DRUG,2,20,200777,RF,Fairlearn,,1.0,,0.7612732095490716,0.03941460642227912,3.847337833009078
DRUG,2,20,200777,RF,Fairlearn,,2.5,,0.8249336870026526,0.20784313725490194,4.002794607004034
DRUG,2,20,200777,RF,Fairlearn,,5.0,,0.8275862068965517,0.25868144359192957,4.901006236992544
DRUG,2,20,200777,RF,Fairlearn,,10.0,,0.830238726790451,0.29880647911338454,7.6444283640012145
DRUG,2,20,200777,GBM,Unfair,,,,0.8169761273209549,0.36371128161409494,0.0012985119974473491
DRUG,2,20,200777,GBM,Our Eps-Fair,0.0,,,0.7851458885941645,0.09923273657289006,0.0070262929948512465
DRUG,2,20,200777,GBM,Our Eps-Fair,0.1,,,0.8196286472148541,0.2292696788860472,0.0053086499974597245
DRUG,2,20,200777,GBM,Our Eps-Fair,0.2,,,0.8116710875331565,0.35194657573174204,0.004692422997322865
DRUG,2,20,200777,GBM,Our Eps-Fair,0.3,,,0.8169761273209549,0.36371128161409494,0.0013625699939439073
DRUG,2,20,200777,GBM,Our Eps-Fair,0.4,,,0.8169761273209549,0.36371128161409494,0.0011108339967904612
DRUG,2,20,200777,GBM,Our Eps-Fair,0.5,,,0.8169761273209549,0.36371128161409494,0.0009815070079639554
DRUG,2,20,200777,GBM,Fairlearn,,0.0001,,0.7745358090185677,0.0017618641659562506,1.715756573001272
DRUG,2,20,200777,GBM,Fairlearn,,0.5,,0.7718832891246684,0.014833759590792861,1.5243064969981788
DRUG,2,20,200777,GBM,Fairlearn,,1.0,,0.76657824933687,0.04398976982097191,1.2444503369915765
DRUG,2,20,200777,GBM,Fairlearn,,2.5,,0.8169761273209549,0.24586530264279627,1.2642172690102598
DRUG,2,20,200777,GBM,Fairlearn,,5.0,,0.8169761273209549,0.298380221653879,1.127003062996664
DRUG,2,20,200777,GBM,Fairlearn,,10.0,,0.8169761273209549,0.36371128161409494,2.040367902998696
DRUG,2,20,200777,NN,Unfair,,,,0.8222811671087533,0.3914464336459222,
DRUG,2,20,200777,NN,Our Eps-Fair,0.01,,,0.8037135278514589,0.07718101733447003,0.008715324001968838
DRUG,2,20,200777,NN,Our Eps-Fair,0.1,,,0.8222811671087533,0.20511508951406654,0.0025215599889634177
DRUG,2,20,200777,NN,Our Eps-Fair,0.3,,,0.8222811671087533,0.3914464336459222,0.00099425099324435
DRUG,2,20,200777,NN,Our Eps-Fair,0.5,,,0.8222811671087533,0.3914464336459222,0.0008354860037798062
DRUG,2,20,200777,NN,Our Eps-Fair,0.9,,,0.8222811671087533,0.3914464336459222,0.0008388410060433671
DRUG,2,20,200777,NN,Fair-adversarial,,,0.01,0.8249336870026526,0.3962773515203183,1.3015352210059064
DRUG,2,20,200777,NN,Fair-adversarial,,,0.1,0.830238726790451,0.3502699630576868,1.347128462002729
DRUG,2,20,200777,NN,Fair-adversarial,,,0.5,0.8222811671087533,0.40110826939471445,1.2841361579921795
DRUG,2,20,200777,NN,Fair-adversarial,,,0.9,0.8222811671087533,0.2273941460642228,1.2945839099993464
DRUG,2,20,200777,NN,Fair-adversarial,,,1.0,0.8249336870026526,0.24504120488775227,1.3049198439985048
DRUG,2,21,210777,reglog,Unfair,,,,0.8063660477453581,0.44271099744245523,0.00010359799489378929
DRUG,2,21,210777,reglog,Our Eps-Fair,0.0,,,0.7824933687002652,0.012901392441034387,0.004417122006998397
DRUG,2,21,210777,reglog,Our Eps-Fair,0.1,,,0.8010610079575596,0.13327649900539928,0.005349106999346986
DRUG,2,21,210777,reglog,Our Eps-Fair,0.2,,,0.8143236074270557,0.19377664109121912,0.00791012700938154
DRUG,2,21,210777,reglog,Our Eps-Fair,0.3,,,0.8169761273209549,0.3441886899687412,0.007145558003685437
DRUG,2,21,210777,reglog,Our Eps-Fair,0.4,,,0.8063660477453581,0.44271099744245523,0.0010370340023655444
DRUG,2,21,210777,reglog,Our Eps-Fair,0.5,,,0.8063660477453581,0.44271099744245523,0.0009324400016339496
DRUG,2,21,210777,reglog,Fairlearn,,0.0001,,0.7957559681697612,0.09798238135834048,0.21873991200118326
DRUG,2,21,210777,reglog,Fairlearn,,0.5,,0.8010610079575596,0.09798238135834048,0.26420550599868875
DRUG,2,21,210777,reglog,Fairlearn,,1.0,,0.8090185676392573,0.08999715828360327,0.22215978500025813
DRUG,2,21,210777,reglog,Fairlearn,,2.5,,0.8063660477453581,0.22108553566354083,0.23571033700136468
DRUG,2,21,210777,reglog,Fairlearn,,5.0,,0.8143236074270557,0.3607843137254902,0.1923325020034099
DRUG,2,21,210777,reglog,Fairlearn,,10.0,,0.8063660477453581,0.44271099744245523,0.3872294730099384
DRUG,2,21,210777,RF,Unfair,,,,0.8196286472148541,0.34271099744245526,0.002987239000503905
DRUG,2,21,210777,RF,Our Eps-Fair,0.0,,,0.7904509283819628,0.025291275930662105,0.006142373007605784
DRUG,2,21,210777,RF,Our Eps-Fair,0.1,,,0.8249336870026526,0.142512077294686,0.004625246991054155
DRUG,2,21,210777,RF,Our Eps-Fair,0.2,,,0.8355437665782494,0.20889457232168235,0.013522937006200664
DRUG,2,21,210777,RF,Our Eps-Fair,0.3,,,0.8249336870026526,0.27422563228189833,0.003303307996247895
DRUG,2,21,210777,RF,Our Eps-Fair,0.4,,,0.8196286472148541,0.34271099744245526,0.0009759079985087737
DRUG,2,21,210777,RF,Our Eps-Fair,0.5,,,0.8196286472148541,0.34271099744245526,0.0009584849904058501
DRUG,2,21,210777,RF,Fairlearn,,0.0001,,0.7984084880636605,0.1189826655299801,1.5614768300001742
DRUG,2,21,210777,RF,Fairlearn,,0.5,,0.7984084880636605,0.0944018186984939,1.7321619650028879
DRUG,2,21,210777,RF,Fairlearn,,1.0,,0.8037135278514589,0.12654163114521177,1.4984113440004876
DRUG,2,21,210777,RF,Fairlearn,,2.5,,0.8090185676392573,0.21960784313725495,1.9823524899984477
DRUG,2,21,210777,RF,Fairlearn,,5.0,,0.8090185676392573,0.32779198635976137,1.4097756359988125
DRUG,2,21,210777,RF,Fairlearn,,10.0,,0.8090185676392573,0.29460073884626314,2.4032401889999164
DRUG,2,21,210777,GBM,Unfair,,,,0.8090185676392573,0.37800511508951407,0.0012846980098402128
DRUG,2,21,210777,GBM,Our Eps-Fair,0.0,,,0.7957559681697612,0.04987212276214836,0.009221300002536736
DRUG,2,21,210777,GBM,Our Eps-Fair,0.1,,,0.8143236074270557,0.1349531116794544,0.0057529049954609945
DRUG,2,21,210777,GBM,Our Eps-Fair,0.2,,,0.8222811671087533,0.2275930662119921,0.005675419000908732
DRUG,2,21,210777,GBM,Our Eps-Fair,0.3,,,0.8143236074270557,0.3009093492469451,0.005417737003881484
DRUG,2,21,210777,GBM,Our Eps-Fair,0.4,,,0.8090185676392573,0.37800511508951407,0.0008808109996607527
DRUG,2,21,210777,GBM,Our Eps-Fair,0.5,,,0.8090185676392573,0.37800511508951407,0.0008457129879388958
DRUG,2,21,210777,GBM,Fairlearn,,0.0001,,0.7931034482758621,0.11247513498152889,1.6141065419942606
DRUG,2,21,210777,GBM,Fairlearn,,0.5,,0.7984084880636605,0.11142369991474854,1.918991750004352
DRUG,2,21,210777,GBM,Fairlearn,,1.0,,0.8063660477453581,0.1280193236714976,1.6633974889991805
DRUG,2,21,210777,GBM,Fairlearn,,2.5,,0.8116710875331565,0.25112247797669796,2.2499397810024675
DRUG,2,21,210777,GBM,Fairlearn,,5.0,,0.8090185676392573,0.3565785734583689,1.7545444529969245
DRUG,2,21,210777,GBM,Fairlearn,,10.0,,0.8116710875331565,0.35069622051719246,4.076535051004612
DRUG,2,21,210777,NN,Unfair,,,,0.8063660477453581,0.41707871554418874,
DRUG,2,21,210777,NN,Our Eps-Fair,0.01,,,0.7957559681697612,0.06058539357772097,0.007465364993549883
DRUG,2,21,210777,NN,Our Eps-Fair,0.1,,,0.7931034482758621,0.09650468883205454,0.00659742001153063
DRUG,2,21,210777,NN,Our Eps-Fair,0.3,,,0.8116710875331565,0.3175049730036943,0.00527823599986732
DRUG,2,21,210777,NN,Our Eps-Fair,0.5,,,0.8063660477453581,0.41707871554418874,0.0009979629976442084
DRUG,2,21,210777,NN,Our Eps-Fair,0.9,,,0.8063660477453581,0.41707871554418874,0.0009094669949263334
DRUG,2,21,210777,NN,Fair-adversarial,,,0.01,0.7904509283819628,0.46308610400682015,1.3962409530067816
DRUG,2,21,210777,NN,Fair-adversarial,,,0.1,0.8143236074270557,0.3469167377095766,1.38509772499674
DRUG,2,21,210777,NN,Fair-adversarial,,,0.5,0.8143236074270557,0.27718101733447004,1.3650264129973948
DRUG,2,21,210777,NN,Fair-adversarial,,,0.9,0.6312997347480106,0.10781472009093496,1.4073080899979686
DRUG,2,21,210777,NN,Fair-adversarial,,,1.0,0.8063660477453581,0.28851946575731746,1.4294150710047688
DRUG,2,22,220777,reglog,Unfair,,,,0.8090185676392573,0.37570332480818414,0.00014740000187885016
DRUG,2,22,220777,reglog,Our Eps-Fair,0.0,,,0.7745358090185677,0.020886615515771534,0.019592252996517345
DRUG,2,22,220777,reglog,Our Eps-Fair,0.1,,,0.7798408488063661,0.07760727479397556,0.008768376996158622
DRUG,2,22,220777,reglog,Our Eps-Fair,0.2,,,0.8063660477453581,0.22529127593066217,0.015142428994295187
DRUG,2,22,220777,reglog,Our Eps-Fair,0.3,,,0.8090185676392573,0.2868428530832623,0.017218524997588247
DRUG,2,22,220777,reglog,Our Eps-Fair,0.4,,,0.8090185676392573,0.37570332480818414,0.0022196270001586527
DRUG,2,22,220777,reglog,Our Eps-Fair,0.5,,,0.8090185676392573,0.37570332480818414,0.0022532009897986427
DRUG,2,22,220777,reglog,Fairlearn,,0.0001,,0.7798408488063661,0.06689400397840295,0.440343791997293
DRUG,2,22,220777,reglog,Fairlearn,,0.5,,0.7745358090185677,0.0540778630292697,0.4252217329922132
DRUG,2,22,220777,reglog,Fairlearn,,1.0,,0.7771883289124668,0.05785734583688551,0.43464417300128844
DRUG,2,22,220777,reglog,Fairlearn,,2.5,,0.7931034482758621,0.13810741687979544,0.4776864319865126
DRUG,2,22,220777,reglog,Fairlearn,,5.0,,0.8037135278514589,0.2526001705029838,0.4359794880001573
DRUG,2,22,220777,reglog,Fairlearn,,10.0,,0.8063660477453581,0.24776925262858768,0.6820005210029194
DRUG,2,22,220777,RF,Unfair,,,,0.8249336870026526,0.32003410059676046,0.0023767389939166605
DRUG,2,22,220777,RF,Our Eps-Fair,0.0,,,0.7745358090185677,0.03580562659846548,0.008950313000241295
DRUG,2,22,220777,RF,Our Eps-Fair,0.1,,,0.8037135278514589,0.13915885194657573,0.007617174996994436
DRUG,2,22,220777,RF,Our Eps-Fair,0.2,,,0.8222811671087533,0.24671781756180733,0.006754165005986579
DRUG,2,22,220777,RF,Our Eps-Fair,0.3,,,0.8249336870026526,0.32003410059676046,0.0011505809961818159
DRUG,2,22,220777,RF,Our Eps-Fair,0.4,,,0.8249336870026526,0.32003410059676046,0.001009332001558505
DRUG,2,22,220777,RF,Our Eps-Fair,0.5,,,0.8249336870026526,0.32003410059676046,0.0010087870032293722
DRUG,2,22,220777,RF,Fairlearn,,0.0001,,0.7824933687002652,0.03958510940608129,1.2756486990110716
DRUG,2,22,220777,RF,Fairlearn,,0.5,,0.7612732095490716,0.048195510088093196,1.0320571460033534
DRUG,2,22,220777,RF,Fairlearn,,1.0,,0.7559681697612732,0.0364308042057403,1.4454640969925094
DRUG,2,22,220777,RF,Fairlearn,,2.5,,0.8169761273209549,0.22213697073032113,1.1527908610005397
DRUG,2,22,220777,RF,Fairlearn,,5.0,,0.8143236074270557,0.24083546462063088,1.2215410439966945
DRUG,2,22,220777,RF,Fairlearn,,10.0,,0.830238726790451,0.28263711281614096,1.9397082189971115
DRUG,2,22,220777,GBM,Unfair,,,,0.8143236074270557,0.3265416311452118,0.0010056850005639717
DRUG,2,22,220777,GBM,Our Eps-Fair,0.0,,,0.7692307692307693,0.025092355782892928,0.008734529008506797
DRUG,2,22,220777,GBM,Our Eps-Fair,0.1,,,0.8037135278514589,0.15407786302926968,0.004331906995503232
DRUG,2,22,220777,GBM,Our Eps-Fair,0.2,,,0.8169761273209549,0.21247513498152887,0.007663608994334936
DRUG,2,22,220777,GBM,Our Eps-Fair,0.3,,,0.8116710875331565,0.3206592782040353,0.002797367997118272
DRUG,2,22,220777,GBM,Our Eps-Fair,0.4,,,0.8143236074270557,0.3265416311452118,0.0010310610086889938
DRUG,2,22,220777,GBM,Our Eps-Fair,0.5,,,0.8143236074270557,0.3265416311452118,0.0009709169971756637
DRUG,2,22,220777,GBM,Fairlearn,,0.0001,,0.7692307692307693,0.05618073316283034,1.3522465440037195
DRUG,2,22,220777,GBM,Fairlearn,,0.5,,0.76657824933687,0.0717249218527991,1.3380296690011164
DRUG,2,22,220777,GBM,Fairlearn,,1.0,,0.7586206896551724,0.0412617220801364,1.366179058997659
DRUG,2,22,220777,GBM,Fairlearn,,2.5,,0.7957559681697612,0.16646774651889745,1.7040937150013633
DRUG,2,22,220777,GBM,Fairlearn,,5.0,,0.8037135278514589,0.26331344131855644,1.6459000220056623
DRUG,2,22,220777,GBM,Fairlearn,,10.0,,0.8090185676392573,0.26121057118499574,2.7624403329973575
DRUG,2,22,220777,NN,Unfair,,,,0.8116710875331565,0.3366297243535095,
DRUG,2,22,220777,NN,Our Eps-Fair,0.01,,,0.7771883289124668,0.02571753339016769,0.005878094001673162
DRUG,2,22,220777,NN,Our Eps-Fair,0.1,,,0.7904509283819628,0.10869565217391308,0.0031222480029100552
DRUG,2,22,220777,NN,Our Eps-Fair,0.3,,,0.8143236074270557,0.33074737141233307,0.004951681999955326
DRUG,2,22,220777,NN,Our Eps-Fair,0.5,,,0.8116710875331565,0.3366297243535095,0.0009733909973874688
DRUG,2,22,220777,NN,Our Eps-Fair,0.9,,,0.8116710875331565,0.3366297243535095,0.000884817010955885
DRUG,2,22,220777,NN,Fair-adversarial,,,0.01,0.8037135278514589,0.40994600738846265,1.3785446010006126
DRUG,2,22,220777,NN,Fair-adversarial,,,0.1,0.8116710875331565,0.302387041773231,1.3392301109997788
DRUG,2,22,220777,NN,Fair-adversarial,,,0.5,0.8090185676392573,0.22151179312304636,1.398142406003899
DRUG,2,22,220777,NN,Fair-adversarial,,,0.9,0.8063660477453581,0.1931514634839443,1.382956011002534
DRUG,2,22,220777,NN,Fair-adversarial,,,1.0,0.6180371352785146,0.3816425120772947,1.3533119200001238
DRUG,2,23,230777,reglog,Unfair,,,,0.8143236074270557,0.34341111678873565,0.00021636499150190502
DRUG,2,23,230777,reglog,Our Eps-Fair,0.0,,,0.7798408488063661,0.036251632317038596,0.01829145400552079
DRUG,2,23,230777,reglog,Our Eps-Fair,0.1,,,0.8037135278514589,0.09129620166922164,0.013764939998509362
DRUG,2,23,230777,reglog,Our Eps-Fair,0.2,,,0.8169761273209549,0.18474990064157154,0.012558717993670143
DRUG,2,23,230777,reglog,Our Eps-Fair,0.3,,,0.8196286472148541,0.321012888207574,0.01397399501001928
DRUG,2,23,230777,reglog,Our Eps-Fair,0.4,,,0.8143236074270557,0.34341111678873565,0.002424276011879556
DRUG,2,23,230777,reglog,Our Eps-Fair,0.5,,,0.8143236074270557,0.34341111678873565,0.0021807010052725673
DRUG,2,23,230777,reglog,Fairlearn,,0.0001,,0.7745358090185677,0.07034576733094877,0.41322370700072497
DRUG,2,23,230777,reglog,Fairlearn,,0.5,,0.7745358090185677,0.058649860898200235,0.45754565099196043
DRUG,2,23,230777,reglog,Fairlearn,,1.0,,0.7692307692307693,0.08204167376369731,0.42827759400825016
DRUG,2,23,230777,reglog,Fairlearn,,2.5,,0.8063660477453581,0.09714415488559586,0.23690185000305064
DRUG,2,23,230777,reglog,Fairlearn,,5.0,,0.8222811671087533,0.17504116277749387,0.2246270600007847
DRUG,2,23,230777,reglog,Fairlearn,,10.0,,0.8143236074270557,0.3103105660591609,0.45983245999377687
DRUG,2,23,230777,RF,Unfair,,,,0.8037135278514589,0.24212229603134056,0.0065097409969894215
DRUG,2,23,230777,RF,Our Eps-Fair,0.0,,,0.7639257294429708,0.04894112303412257,0.009951872008969076
DRUG,2,23,230777,RF,Our Eps-Fair,0.1,,,0.7957559681697612,0.06404360415602112,0.008391797993681394
DRUG,2,23,230777,RF,Our Eps-Fair,0.2,,,0.8037135278514589,0.17890194742519733,0.008377357997233048
DRUG,2,23,230777,RF,Our Eps-Fair,0.3,,,0.8037135278514589,0.24212229603134056,0.0010789299994939938
DRUG,2,23,230777,RF,Our Eps-Fair,0.4,,,0.8037135278514589,0.24212229603134056,0.001013058004900813
DRUG,2,23,230777,RF,Our Eps-Fair,0.5,,,0.8037135278514589,0.24212229603134056,0.000987823004834354
DRUG,2,23,230777,RF,Fairlearn,,0.0001,,0.7559681697612732,0.055782660534832273,3.184814741005539
DRUG,2,23,230777,RF,Fairlearn,,0.5,,0.7612732095490716,0.058763413387838526,3.300869728991529
DRUG,2,23,230777,RF,Fairlearn,,1.0,,0.7427055702917772,0.07332652018395508,3.201773056993261
DRUG,2,23,230777,RF,Fairlearn,,2.5,,0.8010610079575596,0.1379662749105774,3.477736480999738
DRUG,2,23,230777,RF,Fairlearn,,5.0,,0.8169761273209549,0.27036847782887646,2.82004362900625
DRUG,2,23,230777,RF,Fairlearn,,10.0,,0.8169761273209549,0.27036847782887646,5.797103061006055
DRUG,2,23,230777,GBM,Unfair,,,,0.8010610079575596,0.2586725713961279,0.0009491070086369291
DRUG,2,23,230777,GBM,Our Eps-Fair,0.0,,,0.7586206896551724,0.014846988020212393,0.006471343003795482
DRUG,2,23,230777,GBM,Our Eps-Fair,0.1,,,0.7877984084880637,0.08059387952080849,0.006589157012058422
DRUG,2,23,230777,GBM,Our Eps-Fair,0.2,,,0.8090185676392573,0.18960426957361037,0.008429786990745924
DRUG,2,23,230777,GBM,Our Eps-Fair,0.3,,,0.8010610079575596,0.2586725713961279,0.0009007339976960793
DRUG,2,23,230777,GBM,Our Eps-Fair,0.4,,,0.8010610079575596,0.2586725713961279,0.0008760199998505414
DRUG,2,23,230777,GBM,Our Eps-Fair,0.5,,,0.8010610079575596,0.2586725713961279,0.0008481149998260662
DRUG,2,23,230777,GBM,Fairlearn,,0.0001,,0.7480106100795756,0.049934707318458005,0.5691903330007335
DRUG,2,23,230777,GBM,Fairlearn,,0.5,,0.7453580901856764,0.06648498268324537,0.5610891910037026
DRUG,2,23,230777,GBM,Fairlearn,,1.0,,0.7400530503978779,0.08888321126440701,0.6301850410090992
DRUG,2,23,230777,GBM,Fairlearn,,2.5,,0.7824933687002652,0.10199852381763469,0.5925799680117052
DRUG,2,23,230777,GBM,Fairlearn,,5.0,,0.8010610079575596,0.20416737636972698,0.6023571569967316
DRUG,2,23,230777,GBM,Fairlearn,,10.0,,0.7984084880636605,0.19931300743768815,0.9654312190104974
DRUG,2,23,230777,NN,Unfair,,,,0.8169761273209549,0.3054561971271221,
DRUG,2,23,230777,NN,Our Eps-Fair,0.01,,,0.7771883289124668,0.0323908476693352,0.005927357007749379
DRUG,2,23,230777,NN,Our Eps-Fair,0.1,,,0.7957559681697612,0.053341282007608015,0.005031462002079934
DRUG,2,23,230777,NN,Our Eps-Fair,0.3,,,0.8196286472148541,0.28791233747799927,0.009177975996863097
DRUG,2,23,230777,NN,Our Eps-Fair,0.5,,,0.8169761273209549,0.3054561971271221,0.0009962679905584082
DRUG,2,23,230777,NN,Our Eps-Fair,0.9,,,0.8169761273209549,0.3054561971271221,0.0009169539989670739
DRUG,2,23,230777,NN,Fair-adversarial,,,0.01,0.8222811671087533,0.3034690285584512,1.406449636007892
DRUG,2,23,230777,NN,Fair-adversarial,,,0.1,0.8169761273209549,0.19942655992732644,1.4137183659913717
DRUG,2,23,230777,NN,Fair-adversarial,,,0.5,0.7771883289124668,0.034264463748367724,1.4146933879965218
DRUG,2,23,230777,NN,Fair-adversarial,,,0.9,0.6339522546419099,0.201498892863226,1.5068284540029708
DRUG,2,23,230777,NN,Fair-adversarial,,,1.0,0.8169761273209549,0.1586044399023449,1.7970113290066365
DRUG,2,24,240777,reglog,Unfair,,,,0.7984084880636605,0.4056378811105434,0.00011992600047960877
DRUG,2,24,240777,reglog,Our Eps-Fair,0.0,,,0.7745358090185677,0.06779083631408617,0.007613246998516843
DRUG,2,24,240777,reglog,Our Eps-Fair,0.1,,,0.7798408488063661,0.1593709192074036,0.00800500699551776
DRUG,2,24,240777,reglog,Our Eps-Fair,0.2,,,0.7824933687002652,0.23042638959859202,0.007099423004547134
DRUG,2,24,240777,reglog,Our Eps-Fair,0.3,,,0.7904509283819628,0.33656957928802594,0.004359183993074112
DRUG,2,24,240777,reglog,Our Eps-Fair,0.4,,,0.7984084880636605,0.4056378811105434,0.0012320550013100728
DRUG,2,24,240777,reglog,Our Eps-Fair,0.5,,,0.7984084880636605,0.4056378811105434,0.0012113350094296038
DRUG,2,24,240777,reglog,Fairlearn,,0.0001,,0.7692307692307693,0.0794867427468347,0.33884752000449225
DRUG,2,24,240777,reglog,Fairlearn,,0.5,,0.76657824933687,0.08533469596320897,0.47737939600483514
DRUG,2,24,240777,reglog,Fairlearn,,1.0,,0.76657824933687,0.07363878953046044,0.43666880299861077
DRUG,2,24,240777,reglog,Fairlearn,,2.5,,0.7798408488063661,0.12627036847782885,0.4730629279947607
DRUG,2,24,240777,reglog,Fairlearn,,5.0,,0.7904509283819628,0.29177312212570267,0.36925771700043697
DRUG,2,24,240777,reglog,Fairlearn,,10.0,,0.7904509283819628,0.3462783171521036,0.7506091300019762
DRUG,2,24,240777,RF,Unfair,,,,0.8116710875331565,0.31218418213819343,0.008997062002890743
DRUG,2,24,240777,RF,Our Eps-Fair,0.0,,,0.7586206896551724,0.007551240560949302,0.013250104006147012
DRUG,2,24,240777,RF,Our Eps-Fair,0.1,,,0.7771883289124668,0.06989155737239539,0.016301756986649707
DRUG,2,24,240777,RF,Our Eps-Fair,0.2,,,0.7904509283819628,0.19247146993697845,0.012516592993051745
DRUG,2,24,240777,RF,Our Eps-Fair,0.3,,,0.8116710875331565,0.31218418213819343,0.014695432008011267
DRUG,2,24,240777,RF,Our Eps-Fair,0.4,,,0.8116710875331565,0.31218418213819343,0.0009660859941504896
DRUG,2,24,240777,RF,Our Eps-Fair,0.5,,,0.8116710875331565,0.31218418213819343,0.0008800530049484223
DRUG,2,24,240777,RF,Fairlearn,,0.0001,,0.7745358090185677,0.06679725202975073,2.5551045750034973
DRUG,2,24,240777,RF,Fairlearn,,0.5,,0.76657824933687,0.0619428830977119,3.0379449570027646
DRUG,2,24,240777,RF,Fairlearn,,1.0,,0.7745358090185677,0.07849315846249927,2.6446629370038863
DRUG,2,24,240777,RF,Fairlearn,,2.5,,0.8037135278514589,0.24984386532674735,2.739388052999857
DRUG,2,24,240777,RF,Fairlearn,,5.0,,0.8063660477453581,0.2556918185431216,2.2870718499907525
DRUG,2,24,240777,RF,Fairlearn,,10.0,,0.8063660477453581,0.2790836314086187,4.5034108639956685
DRUG,2,24,240777,GBM,Unfair,,,,0.8063660477453581,0.3199057514336002,0.0009857450058916584
DRUG,2,24,240777,GBM,Our Eps-Fair,0.0,,,0.7718832891246684,0.07661954238346674,0.0051007970032515
DRUG,2,24,240777,GBM,Our Eps-Fair,0.1,,,0.7851458885941645,0.12627036847782885,0.0049917110009118915
DRUG,2,24,240777,GBM,Our Eps-Fair,0.2,,,0.7957559681697612,0.22358485209788231,0.006364061991916969
DRUG,2,24,240777,GBM,Our Eps-Fair,0.3,,,0.8063660477453581,0.3199057514336002,0.0008859889931045473
DRUG,2,24,240777,GBM,Our Eps-Fair,0.4,,,0.8063660477453581,0.3199057514336002,0.0008598610002081841
DRUG,2,24,240777,GBM,Our Eps-Fair,0.5,,,0.8063660477453581,0.3199057514336002,0.0008576140098739415
DRUG,2,24,240777,GBM,Fairlearn,,0.0001,,0.7559681697612732,0.0512405609492988,1.8564487240073504
DRUG,2,24,240777,GBM,Fairlearn,,0.5,,0.7612732095490716,0.08434111167887354,1.8345323820103658
DRUG,2,24,240777,GBM,Fairlearn,,1.0,,0.7559681697612732,0.06293646738204733,1.838459469989175
DRUG,2,24,240777,GBM,Fairlearn,,2.5,,0.7745358090185677,0.16907965707148137,2.052450207993388
DRUG,2,24,240777,GBM,Fairlearn,,5.0,,0.8010610079575596,0.24498949639470852,2.0005507820023922
DRUG,2,24,240777,GBM,Fairlearn,,10.0,,0.8063660477453581,0.3199057514336002,3.4341357960074674
DRUG,2,24,240777,NN,Unfair,,,,0.7904509283819628,0.3783852835973429,
DRUG,2,24,240777,NN,Our Eps-Fair,0.01,,,0.7771883289124668,0.12141599954579002,0.008447079002507962
DRUG,2,24,240777,NN,Our Eps-Fair,0.1,,,0.7771883289124668,0.13311190597853856,0.007339181989664212
DRUG,2,24,240777,NN,Our Eps-Fair,0.3,,,0.7851458885941645,0.32288650428660653,0.00721306299965363
DRUG,2,24,240777,NN,Our Eps-Fair,0.5,,,0.7904509283819628,0.3783852835973429,0.0009979759925045073
DRUG,2,24,240777,NN,Our Eps-Fair,0.9,,,0.7904509283819628,0.3783852835973429,0.0009303209953941405
DRUG,2,24,240777,NN,Fair-adversarial,,,0.01,0.8116710875331565,0.4445863850564924,1.4650670930132037
DRUG,2,24,240777,NN,Fair-adversarial,,,0.1,0.7984084880636605,0.350139101799807,1.440233335000812
DRUG,2,24,240777,NN,Fair-adversarial,,,0.5,0.7851458885941645,0.29376029069437354,1.3455051950004417
DRUG,2,24,240777,NN,Fair-adversarial,,,0.9,0.7851458885941645,0.1800090841991711,1.4026799830025993
DRUG,2,24,240777,NN,Fair-adversarial,,,1.0,0.7798408488063661,0.27235564639754734,1.3781754889932927
DRUG,2,25,250777,reglog,Unfair,,,,0.8063660477453581,0.4126740551292981,0.0001476519973948598
DRUG,2,25,250777,reglog,Our Eps-Fair,0.0,,,0.7612732095490716,0.02992327365728903,0.012209066000650637
DRUG,2,25,250777,reglog,Our Eps-Fair,0.1,,,0.7931034482758621,0.14231315714691678,0.01345988700632006
DRUG,2,25,250777,reglog,Our Eps-Fair,0.2,,,0.8090185676392573,0.30826939471440745,0.008434321003733203
DRUG,2,25,250777,reglog,Our Eps-Fair,0.3,,,0.8063660477453581,0.4126740551292981,0.002289252995979041
DRUG,2,25,250777,reglog,Our Eps-Fair,0.4,,,0.8063660477453581,0.4126740551292981,0.0021515489934245124
DRUG,2,25,250777,reglog,Our Eps-Fair,0.5,,,0.8063660477453581,0.4126740551292981,0.002100211990182288
DRUG,2,25,250777,reglog,Fairlearn,,0.0001,,0.76657824933687,0.02887183859050868,0.4828400169935776
DRUG,2,25,250777,reglog,Fairlearn,,0.5,,0.7639257294429708,0.022989485649332175,0.41541821700229775
DRUG,2,25,250777,reglog,Fairlearn,,1.0,,0.7612732095490716,0.02026143790849677,0.44874906999757513
DRUG,2,25,250777,reglog,Fairlearn,,2.5,,0.7718832891246684,0.0748792270531401,0.39686893700854853
DRUG,2,25,250777,reglog,Fairlearn,,5.0,,0.8169761273209549,0.3452401250355215,0.5242402680014493
DRUG,2,25,250777,reglog,Fairlearn,,10.0,,0.8063660477453581,0.4126740551292981,0.7482374840037664
DRUG,2,25,250777,RF,Unfair,,,,0.8010610079575596,0.3752770673486786,0.009943443001247942
DRUG,2,25,250777,RF,Our Eps-Fair,0.0,,,0.7798408488063661,0.11395282750781477,0.014105227004620247
DRUG,2,25,250777,RF,Our Eps-Fair,0.1,,,0.8037135278514589,0.1958795112247798,0.011527343987836502
DRUG,2,25,250777,RF,Our Eps-Fair,0.2,,,0.8010610079575596,0.29923273657289007,0.025757401992450468
DRUG,2,25,250777,RF,Our Eps-Fair,0.3,,,0.7931034482758621,0.35973287865870984,0.007407302997307852
DRUG,2,25,250777,RF,Our Eps-Fair,0.4,,,0.8010610079575596,0.3752770673486786,0.0009450859943171963
DRUG,2,25,250777,RF,Our Eps-Fair,0.5,,,0.8010610079575596,0.3752770673486786,0.0011213079997105524
DRUG,2,25,250777,RF,Fairlearn,,0.0001,,0.7612732095490716,0.046092639954532555,3.2260229409876047
DRUG,2,25,250777,RF,Fairlearn,,0.5,,0.7639257294429708,0.051974992895709005,3.228001586001483
DRUG,2,25,250777,RF,Fairlearn,,1.0,,0.7586206896551724,0.01983518044899124,2.884698964000563
DRUG,2,25,250777,RF,Fairlearn,,2.5,,0.7984084880636605,0.1830633702756465,3.1425322419963777
DRUG,2,25,250777,RF,Fairlearn,,5.0,,0.7984084880636605,0.38221085535663546,2.6039921740011778
DRUG,2,25,250777,RF,Fairlearn,,10.0,,0.8063660477453581,0.3538505257175334,5.730317554000067
DRUG,2,25,250777,GBM,Unfair,,,,0.8063660477453581,0.36666666666666664,0.0009390360064571723
DRUG,2,25,250777,GBM,Our Eps-Fair,0.0,,,0.7745358090185677,0.13432793407217958,0.0066938170057255775
DRUG,2,25,250777,GBM,Our Eps-Fair,0.1,,,0.7957559681697612,0.19104859335038366,0.010675258003175259
DRUG,2,25,250777,GBM,Our Eps-Fair,0.2,,,0.8090185676392573,0.30721795964762716,0.008028773008845747
DRUG,2,25,250777,GBM,Our Eps-Fair,0.3,,,0.8063660477453581,0.36666666666666664,0.001023991993861273
DRUG,2,25,250777,GBM,Our Eps-Fair,0.4,,,0.8063660477453581,0.36666666666666664,0.0009012980008265004
DRUG,2,25,250777,GBM,Our Eps-Fair,0.5,,,0.8063660477453581,0.36666666666666664,0.0008888080046745017
DRUG,2,25,250777,GBM,Fairlearn,,0.0001,,0.7692307692307693,0.06689400397840295,1.6050866049918113
DRUG,2,25,250777,GBM,Fairlearn,,0.5,,0.7639257294429708,0.07655583972719521,1.6682164720114088
DRUG,2,25,250777,GBM,Fairlearn,,1.0,,0.7639257294429708,0.07760727479397556,1.5645830099965679
DRUG,2,25,250777,GBM,Fairlearn,,2.5,,0.8116710875331565,0.31099744245524297,1.4440320699941367
DRUG,2,25,250777,GBM,Fairlearn,,5.0,,0.8143236074270557,0.30406365444728617,2.1888776380073978
DRUG,2,25,250777,GBM,Fairlearn,,10.0,,0.8143236074270557,0.3383063370275647,2.2048476280033356
DRUG,2,25,250777,NN,Unfair,,,,0.8010610079575596,0.4212844558113101,
DRUG,2,25,250777,NN,Our Eps-Fair,0.01,,,0.7639257294429708,0.03580562659846548,0.007506319001549855
DRUG,2,25,250777,NN,Our Eps-Fair,0.1,,,0.7931034482758621,0.1841148053424268,0.004704352002590895
DRUG,2,25,250777,NN,Our Eps-Fair,0.3,,,0.8090185676392573,0.40468883205456097,0.007861438993131742
DRUG,2,25,250777,NN,Our Eps-Fair,0.5,,,0.8010610079575596,0.4212844558113101,0.0008962860010797158
DRUG,2,25,250777,NN,Our Eps-Fair,0.9,,,0.8010610079575596,0.4212844558113101,0.0009324690036009997
DRUG,2,25,250777,NN,Fair-adversarial,,,0.01,0.7957559681697612,0.44481386757601593,1.42495933000464
DRUG,2,25,250777,NN,Fair-adversarial,,,0.1,0.8169761273209549,0.3034384768400114,1.3789636349974899
DRUG,2,25,250777,NN,Fair-adversarial,,,0.5,0.8090185676392573,0.24504120488775227,1.3348359009978594
DRUG,2,25,250777,NN,Fair-adversarial,,,0.9,0.8090185676392573,0.36393861892583124,1.341240203997586
DRUG,2,25,250777,NN,Fair-adversarial,,,1.0,0.726790450928382,0.09067917021881217,1.2803782390110428
DRUG,2,26,260777,reglog,Unfair,,,,0.8143236074270557,0.35322534811025863,0.00013557499914895743
DRUG,2,26,260777,reglog,Our Eps-Fair,0.0,,,0.7400530503978779,0.06859903381642513,0.011907566004083492
DRUG,2,26,260777,reglog,Our Eps-Fair,0.1,,,0.7586206896551724,0.005768684285308356,0.015466029988601804
DRUG,2,26,260777,reglog,Our Eps-Fair,0.2,,,0.7877984084880637,0.11227621483375966,0.015438829999766313
DRUG,2,26,260777,reglog,Our Eps-Fair,0.3,,,0.8116710875331565,0.2851662404092072,0.021822056995006278
DRUG,2,26,260777,reglog,Our Eps-Fair,0.4,,,0.8143236074270557,0.35322534811025863,0.0021345159912016243
DRUG,2,26,260777,reglog,Our Eps-Fair,0.5,,,0.8143236074270557,0.35322534811025863,0.002135177986929193
DRUG,2,26,260777,reglog,Fairlearn,,0.0001,,0.7586206896551724,0.008098891730605295,0.23427583600278012
DRUG,2,26,260777,reglog,Fairlearn,,0.5,,0.7506631299734748,0.03540778630292696,0.22840510599780828
DRUG,2,26,260777,reglog,Fairlearn,,1.0,,0.753315649867374,0.029525433361750508,0.240506636997452
DRUG,2,26,260777,reglog,Fairlearn,,2.5,,0.7559681697612732,0.012929809605001452,0.25655199799803086
DRUG,2,26,260777,reglog,Fairlearn,,5.0,,0.7984084880636605,0.21184995737425405,0.2799433530017268
DRUG,2,26,260777,reglog,Fairlearn,,10.0,,0.8116710875331565,0.2626882637112816,0.41016338499321137
DRUG,2,26,260777,RF,Unfair,,,,0.830238726790451,0.2912475134981529,0.004780881994520314
DRUG,2,26,260777,RF,Our Eps-Fair,0.0,,,0.7453580901856764,0.06649616368286448,0.006443361009587534
DRUG,2,26,260777,RF,Our Eps-Fair,0.1,,,0.7718832891246684,0.022364308042057357,0.007432566999341361
DRUG,2,26,260777,RF,Our Eps-Fair,0.2,,,0.8275862068965517,0.18894572321682296,0.004264713992597535
DRUG,2,26,260777,RF,Our Eps-Fair,0.3,,,0.830238726790451,0.2794828076158,0.004957723009283654
DRUG,2,26,260777,RF,Our Eps-Fair,0.4,,,0.830238726790451,0.2912475134981529,0.0009991599945351481
DRUG,2,26,260777,RF,Our Eps-Fair,0.5,,,0.830238726790451,0.2912475134981529,0.0011932839988730848
DRUG,2,26,260777,RF,Fairlearn,,0.0001,,0.7692307692307693,0.0475987496447855,2.17102312699717
DRUG,2,26,260777,RF,Fairlearn,,0.5,,0.76657824933687,0.040664961636828645,2.7827402149996487
DRUG,2,26,260777,RF,Fairlearn,,1.0,,0.7824933687002652,0.002188121625461781,2.467169137991732
DRUG,2,26,260777,RF,Fairlearn,,2.5,,0.8249336870026526,0.21310031258880363,2.281375973005197
DRUG,2,26,260777,RF,Fairlearn,,5.0,,0.830238726790451,0.23768115942028983,2.1817087050003465
DRUG,2,26,260777,RF,Fairlearn,,10.0,,0.830238726790451,0.23768115942028983,4.326409519009758
DRUG,2,26,260777,GBM,Unfair,,,,0.8275862068965517,0.27570332480818416,0.0010891780111705884
DRUG,2,26,260777,GBM,Our Eps-Fair,0.0,,,0.753315649867374,0.031628303495311205,0.0066021950042340904
DRUG,2,26,260777,GBM,Our Eps-Fair,0.1,,,0.7957559681697612,0.09147485080988921,0.0033242040080949664
DRUG,2,26,260777,GBM,Our Eps-Fair,0.2,,,0.8169761273209549,0.1675191815856778,0.0047160870017251
DRUG,2,26,260777,GBM,Our Eps-Fair,0.3,,,0.8275862068965517,0.27570332480818416,0.0009491960081504658
DRUG,2,26,260777,GBM,Our Eps-Fair,0.4,,,0.8275862068965517,0.27570332480818416,0.0008767730032559484
DRUG,2,26,260777,GBM,Our Eps-Fair,0.5,,,0.8275862068965517,0.27570332480818416,0.0008523660071659833
DRUG,2,26,260777,GBM,Fairlearn,,0.0001,,0.7506631299734748,0.0257459505541347,0.5865569330053404
DRUG,2,26,260777,GBM,Fairlearn,,0.5,,0.753315649867374,0.011253196930946285,0.7124712379882112
DRUG,2,26,260777,GBM,Fairlearn,,1.0,,0.7877984084880637,0.005342426825802771,0.6403296570060775
DRUG,2,26,260777,GBM,Fairlearn,,2.5,,0.7877984084880637,0.1263427109974425,0.8196368820063071
DRUG,2,26,260777,GBM,Fairlearn,,5.0,,0.8169761273209549,0.242512077294686,0.7263115120003931
DRUG,2,26,260777,GBM,Fairlearn,,10.0,,0.8169761273209549,0.254276783177039,1.243684094006312
DRUG,2,26,260777,NN,Unfair,,,,0.8116710875331565,0.3366297243535095,
DRUG,2,26,260777,NN,Our Eps-Fair,0.01,,,0.7374005305039788,0.07763569195794262,0.006334709993097931
DRUG,2,26,260777,NN,Our Eps-Fair,0.1,,,0.76657824933687,0.019210002841716478,0.006505719997221604
DRUG,2,26,260777,NN,Our Eps-Fair,0.3,,,0.8090185676392573,0.2761295822676897,0.006538361994898878
DRUG,2,26,260777,NN,Our Eps-Fair,0.5,,,0.8116710875331565,0.3366297243535095,0.0011044020066037774
DRUG,2,26,260777,NN,Our Eps-Fair,0.9,,,0.8116710875331565,0.3366297243535095,0.000909489011974074
DRUG,2,26,260777,NN,Fair-adversarial,,,0.01,0.8275862068965517,0.3773799374822393,1.3287215669988655
DRUG,2,26,260777,NN,Fair-adversarial,,,0.1,0.8090185676392573,0.2536516055697641,1.2866897630010499
DRUG,2,26,260777,NN,Fair-adversarial,,,0.5,0.8037135278514589,0.17971014492753623,1.3143284600082552
DRUG,2,26,260777,NN,Fair-adversarial,,,0.9,0.7294429708222812,0.01315714691673775,1.3138823909976054
DRUG,2,26,260777,NN,Fair-adversarial,,,1.0,0.8010610079575596,0.18664393293549308,1.3348291880101897
DRUG,2,27,270777,reglog,Unfair,,,,0.7957559681697612,0.3282182438192669,0.00013499599299393594
DRUG,2,27,270777,reglog,Our Eps-Fair,0.0,,,0.7586206896551724,0.05620915032679741,0.021909153001615778
DRUG,2,27,270777,reglog,Our Eps-Fair,0.1,,,0.7639257294429708,0.03159988633134414,0.020433520010556094
DRUG,2,27,270777,reglog,Our Eps-Fair,0.2,,,0.7824933687002652,0.13285024154589375,0.011133616004372016
DRUG,2,27,270777,reglog,Our Eps-Fair,0.3,,,0.7931034482758621,0.24418868996874116,0.007045730002573691
DRUG,2,27,270777,reglog,Our Eps-Fair,0.4,,,0.7957559681697612,0.3282182438192669,0.0009525829955236986
DRUG,2,27,270777,reglog,Our Eps-Fair,0.5,,,0.7957559681697612,0.3282182438192669,0.0008895810024114326
DRUG,2,27,270777,reglog,Fairlearn,,0.0001,,0.7639257294429708,0.034782608695652195,0.33664943001349457
DRUG,2,27,270777,reglog,Fairlearn,,0.5,,0.7559681697612732,0.02995169082125604,0.281759075995069
DRUG,2,27,270777,reglog,Fairlearn,,1.0,,0.7586206896551724,0.0444444444444444,0.2614077600010205
DRUG,2,27,270777,reglog,Fairlearn,,2.5,,0.7718832891246684,0.019238420005683432,0.3222444459970575
DRUG,2,27,270777,reglog,Fairlearn,,5.0,,0.7771883289124668,0.18957090082409783,0.25059950799914077
DRUG,2,27,270777,reglog,Fairlearn,,10.0,,0.7957559681697612,0.3282182438192669,0.4974167629989097
DRUG,2,27,270777,RF,Unfair,,,,0.7904509283819628,0.289769820971867,0.0043753740028478205
DRUG,2,27,270777,RF,Our Eps-Fair,0.0,,,0.7506631299734748,0.059988633134413216,0.003671295999083668
DRUG,2,27,270777,RF,Our Eps-Fair,0.1,,,0.7798408488063661,0.04231315714691675,0.006066200992790982
DRUG,2,27,270777,RF,Our Eps-Fair,0.2,,,0.8037135278514589,0.17465188974140383,0.005900685006054118
DRUG,2,27,270777,RF,Our Eps-Fair,0.3,,,0.7931034482758621,0.2721227621483376,0.004103259998373687
DRUG,2,27,270777,RF,Our Eps-Fair,0.4,,,0.7904509283819628,0.289769820971867,0.0009426020114915445
DRUG,2,27,270777,RF,Our Eps-Fair,0.5,,,0.7904509283819628,0.289769820971867,0.0009642600052757189
DRUG,2,27,270777,RF,Fairlearn,,0.0001,,0.7586206896551724,0.0475987496447855,2.39038829600031
DRUG,2,27,270777,RF,Fairlearn,,0.5,,0.76657824933687,0.040664961636828645,2.0640573459968437
DRUG,2,27,270777,RF,Fairlearn,,1.0,,0.7612732095490716,0.052429667519181655,2.322282217995962
DRUG,2,27,270777,RF,Fairlearn,,2.5,,0.8010610079575596,0.14524012503552153,2.918121720998897
DRUG,2,27,270777,RF,Fairlearn,,5.0,,0.7931034482758621,0.22611537368570617,2.8299537830025656
DRUG,2,27,270777,RF,Fairlearn,,10.0,,0.7851458885941645,0.20846831486217682,4.026709917001426
DRUG,2,27,270777,GBM,Unfair,,,,0.7851458885941645,0.2811594202898551,0.001082542003132403
DRUG,2,27,270777,GBM,Our Eps-Fair,0.0,,,0.7374005305039788,0.08624609263995459,0.00554352201288566
DRUG,2,27,270777,GBM,Our Eps-Fair,0.1,,,0.7480106100795756,0.0005399261153737345,0.007433323989971541
DRUG,2,27,270777,GBM,Our Eps-Fair,0.2,,,0.7771883289124668,0.17780619494174482,0.005430256991530769
DRUG,2,27,270777,GBM,Our Eps-Fair,0.3,,,0.7851458885941645,0.2811594202898551,0.0010409540118416771
DRUG,2,27,270777,GBM,Our Eps-Fair,0.4,,,0.7851458885941645,0.2811594202898551,0.0009564700012560934
DRUG,2,27,270777,GBM,Our Eps-Fair,0.5,,,0.7851458885941645,0.2811594202898551,0.0009342039993498474
DRUG,2,27,270777,GBM,Fairlearn,,0.0001,,0.7506631299734748,0.019238420005683432,1.4107717860024422
DRUG,2,27,270777,GBM,Fairlearn,,0.5,,0.7824933687002652,0.008525149190110826,1.2622761029924732
DRUG,2,27,270777,GBM,Fairlearn,,1.0,,0.7612732095490716,0.01818698493890314,1.2358202550094575
DRUG,2,27,270777,GBM,Fairlearn,,2.5,,0.7612732095490716,0.05575447570332481,1.2008262809977168
DRUG,2,27,270777,GBM,Fairlearn,,5.0,,0.7904509283819628,0.2030122193805059,1.5245799479889683
DRUG,2,27,270777,GBM,Fairlearn,,10.0,,0.7904509283819628,0.22654163114521175,2.2972836020053364
DRUG,2,27,270777,NN,Unfair,,,,0.7798408488063661,0.30258596192100035,
DRUG,2,27,270777,NN,Our Eps-Fair,0.01,,,0.7480106100795756,0.10767263427109974,0.007611994005856104
DRUG,2,27,270777,NN,Our Eps-Fair,0.1,,,0.7745358090185677,0.0036942313157147244,0.004711956993560307
DRUG,2,27,270777,NN,Our Eps-Fair,0.3,,,0.7824933687002652,0.26351236146632573,0.004688109998824075
DRUG,2,27,270777,NN,Our Eps-Fair,0.5,,,0.7798408488063661,0.30258596192100035,0.001084980001905933
DRUG,2,27,270777,NN,Our Eps-Fair,0.9,,,0.7798408488063661,0.30258596192100035,0.001003673009108752
DRUG,2,27,270777,NN,Fair-adversarial,,,0.01,0.7692307692307693,0.38724069337880085,1.282777813001303
DRUG,2,27,270777,NN,Fair-adversarial,,,0.1,0.7904509283819628,0.304688832054561,1.3093555880041094
DRUG,2,27,270777,NN,Fair-adversarial,,,0.5,0.7639257294429708,0.10323955669224216,1.3787718690000474
DRUG,2,27,270777,NN,Fair-adversarial,,,0.9,0.7612732095490716,0.11963626030122199,1.3195006000023568
DRUG,2,27,270777,NN,Fair-adversarial,,,1.0,0.7718832891246684,0.12279056550156292,1.3398115529998904
DRUG,2,28,280777,reglog,Unfair,,,,0.8037135278514589,0.3561006075058196,0.00011951499618589878
DRUG,2,28,280777,reglog,Our Eps-Fair,0.0,,,0.7506631299734748,0.1150286720036337,0.007547518005594611
DRUG,2,28,280777,reglog,Our Eps-Fair,0.1,,,0.7745358090185677,0.021234315562368655,0.004966844993759878
DRUG,2,28,280777,reglog,Our Eps-Fair,0.2,,,0.7877984084880637,0.1507693181172997,0.005744563997723162
DRUG,2,28,280777,reglog,Our Eps-Fair,0.3,,,0.8116710875331565,0.28603872139896674,0.0036603369953809306
DRUG,2,28,280777,reglog,Our Eps-Fair,0.4,,,0.8037135278514589,0.3561006075058196,0.000932884999201633
DRUG,2,28,280777,reglog,Our Eps-Fair,0.5,,,0.8037135278514589,0.3561006075058196,0.000894155993591994
DRUG,2,28,280777,reglog,Fairlearn,,0.0001,,0.7639257294429708,0.01152557769829099,0.22681403000024147
DRUG,2,28,280777,reglog,Fairlearn,,0.5,,0.7692307692307693,0.022227899846704147,0.22518606099765748
DRUG,2,28,280777,reglog,Fairlearn,,1.0,,0.7692307692307693,0.021234315562368655,0.2358897639933275
DRUG,2,28,280777,reglog,Fairlearn,,2.5,,0.7718832891246684,0.02708226877874298,0.20800067200616468
DRUG,2,28,280777,reglog,Fairlearn,,5.0,,0.7931034482758621,0.20428092885936527,0.20291314700443763
DRUG,2,28,280777,reglog,Fairlearn,,10.0,,0.7931034482758621,0.20428092885936527,0.4119891670125071
DRUG,2,28,280777,RF,Unfair,,,,0.7984084880636605,0.25580537103275997,0.009430411999346688
DRUG,2,28,280777,RF,Our Eps-Fair,0.0,,,0.7612732095490716,0.07420655197865217,0.006360635990859009
DRUG,2,28,280777,RF,Our Eps-Fair,0.1,,,0.7692307692307693,0.06603077272469199,0.0072532310005044565
DRUG,2,28,280777,RF,Our Eps-Fair,0.2,,,0.7824933687002652,0.1370862431158803,0.00494682599673979
DRUG,2,28,280777,RF,Our Eps-Fair,0.3,,,0.7984084880636605,0.25580537103275997,0.0009512960095889866
DRUG,2,28,280777,RF,Our Eps-Fair,0.4,,,0.7984084880636605,0.25580537103275997,0.0009537820005789399
DRUG,2,28,280777,RF,Our Eps-Fair,0.5,,,0.7984084880636605,0.25580537103275997,0.001084731993614696
DRUG,2,28,280777,RF,Fairlearn,,0.0001,,0.7612732095490716,0.011979787656844376,5.182848790995195
DRUG,2,28,280777,RF,Fairlearn,,0.5,,0.76657824933687,0.012973371941179868,5.164658859997871
DRUG,2,28,280777,RF,Fairlearn,,1.0,,0.7506631299734748,0.056776244819167654,3.8644648659974337
DRUG,2,28,280777,RF,Fairlearn,,2.5,,0.7877984084880637,0.11270084596604785,5.064346116996603
DRUG,2,28,280777,RF,Fairlearn,,5.0,,0.7984084880636605,0.18562993243626874,5.643046661003609
DRUG,2,28,280777,RF,Fairlearn,,10.0,,0.7984084880636605,0.19931300743768815,6.979708958999254
DRUG,2,28,280777,GBM,Unfair,,,,0.7957559681697612,0.282064384261625,0.0010049570119008422
DRUG,2,28,280777,GBM,Our Eps-Fair,0.0,,,0.7453580901856764,0.0722193834099813,0.005073712993180379
DRUG,2,28,280777,GBM,Our Eps-Fair,0.1,,,0.76657824933687,0.0397717594958269,0.00564962399948854
DRUG,2,28,280777,GBM,Our Eps-Fair,0.2,,,0.7851458885941645,0.17504116277749387,0.01419863999763038
DRUG,2,28,280777,GBM,Our Eps-Fair,0.3,,,0.7931034482758621,0.26650769318117307,0.003878476010868326
DRUG,2,28,280777,GBM,Our Eps-Fair,0.4,,,0.7957559681697612,0.282064384261625,0.0010865500080399215
DRUG,2,28,280777,GBM,Our Eps-Fair,0.5,,,0.7957559681697612,0.282064384261625,0.0020683799957623705
DRUG,2,28,280777,GBM,Fairlearn,,0.0001,,0.7480106100795756,0.01087265088287065,0.8096360560011817
DRUG,2,28,280777,GBM,Fairlearn,,0.5,,0.7506631299734748,0.030403679100664327,0.744595534997643
DRUG,2,28,280777,GBM,Fairlearn,,1.0,,0.7374005305039788,0.0469539544654517,0.7536447210004553
DRUG,2,28,280777,GBM,Fairlearn,,2.5,,0.7877984084880637,0.19059785385794586,0.7500513980048709
DRUG,2,28,280777,GBM,Fairlearn,,5.0,,0.7957559681697612,0.1954522227899847,0.5985648580099223
DRUG,2,28,280777,GBM,Fairlearn,,10.0,,0.7931034482758621,0.2567989553170954,1.053474988002563
DRUG,2,28,280777,NN,Unfair,,,,0.8143236074270557,0.33270879464032255,
DRUG,2,28,280777,NN,Our Eps-Fair,0.01,,,0.7692307692307693,0.04198603304377452,0.0067023970041191205
DRUG,2,28,280777,NN,Our Eps-Fair,0.1,,,0.7824933687002652,0.05146766592857549,0.007297852003830485
DRUG,2,28,280777,NN,Our Eps-Fair,0.3,,,0.8169761273209549,0.29376029069437354,0.009219358005793765
DRUG,2,28,280777,NN,Our Eps-Fair,0.5,,,0.8143236074270557,0.33270879464032255,0.0009217140031978488
DRUG,2,28,280777,NN,Our Eps-Fair,0.9,,,0.8143236074270557,0.33270879464032255,0.0008547729958081618
DRUG,2,28,280777,NN,Fair-adversarial,,,0.01,0.8037135278514589,0.3551070232214842,1.3231810020079138
DRUG,2,28,280777,NN,Fair-adversarial,,,0.1,0.8116710875331565,0.2897859535570318,1.2510230090119876
DRUG,2,28,280777,NN,Fair-adversarial,,,0.5,0.7586206896551724,0.01870777266791579,1.3112389419984538
DRUG,2,28,280777,NN,Fair-adversarial,,,0.9,0.8010610079575596,0.15363651848066767,1.299620703997789
DRUG,2,28,280777,NN,Fair-adversarial,,,1.0,0.6976127320954907,0.09294271276897748,1.3303717910021078
DRUG,2,29,290777,reglog,Unfair,,,,0.8196286472148541,0.4004830917874396,0.00011119899863842875
DRUG,2,29,290777,reglog,Our Eps-Fair,0.0,,,0.7931034482758621,0.08033532253481102,0.005177095998078585
DRUG,2,29,290777,reglog,Our Eps-Fair,0.1,,,0.8037135278514589,0.18201193520886616,0.005844152008648962
DRUG,2,29,290777,reglog,Our Eps-Fair,0.2,,,0.8090185676392573,0.2473429951690821,0.008455852992483415
DRUG,2,29,290777,reglog,Our Eps-Fair,0.3,,,0.8196286472148541,0.3458653026427963,0.005168853997020051
DRUG,2,29,290777,reglog,Our Eps-Fair,0.4,,,0.8196286472148541,0.4004830917874396,0.001040700008161366
DRUG,2,29,290777,reglog,Our Eps-Fair,0.5,,,0.8196286472148541,0.4004830917874396,0.0009680350049166009
DRUG,2,29,290777,reglog,Fairlearn,,0.0001,,0.76657824933687,0.0364308042057403,0.25978372200916056
DRUG,2,29,290777,reglog,Fairlearn,,0.5,,0.7718832891246684,0.0364308042057403,0.23433932500483934
DRUG,2,29,290777,reglog,Fairlearn,,1.0,,0.7771883289124668,0.048195510088093196,0.22468646199558862
DRUG,2,29,290777,reglog,Fairlearn,,2.5,,0.7957559681697612,0.08621767547598752,0.29716187200392596
DRUG,2,29,290777,reglog,Fairlearn,,5.0,,0.8090185676392573,0.2473429951690821,0.2569255590060493
DRUG,2,29,290777,reglog,Fairlearn,,10.0,,0.8196286472148541,0.33515203182722364,0.42155806900700554
DRUG,2,29,290777,RF,Unfair,,,,0.8328912466843501,0.2887183859050867,0.010434044001158327
DRUG,2,29,290777,RF,Our Eps-Fair,0.0,,,0.7851458885941645,0.04336459221369715,0.006885976996272802
DRUG,2,29,290777,RF,Our Eps-Fair,0.1,,,0.7984084880636605,0.15322534811025856,0.004653792988392524
DRUG,2,29,290777,RF,Our Eps-Fair,0.2,,,0.8143236074270557,0.19607843137254904,0.007523156004026532
DRUG,2,29,290777,RF,Our Eps-Fair,0.3,,,0.8328912466843501,0.2887183859050867,0.0010566539858700708
DRUG,2,29,290777,RF,Our Eps-Fair,0.4,,,0.8328912466843501,0.2887183859050867,0.001183326996397227
DRUG,2,29,290777,RF,Our Eps-Fair,0.5,,,0.8328912466843501,0.2887183859050867,0.0009507490030955523
DRUG,2,29,290777,RF,Fairlearn,,0.0001,,0.7559681697612732,0.019408922989485655,5.109572835994186
DRUG,2,29,290777,RF,Fairlearn,,0.5,,0.7586206896551724,0.04671781756180737,5.47082458800287
DRUG,2,29,290777,RF,Fairlearn,,1.0,,0.7506631299734748,0.0009661835748792091,5.46889155000099
DRUG,2,29,290777,RF,Fairlearn,,2.5,,0.8090185676392573,0.2057402671213413,4.797799474996282
DRUG,2,29,290777,RF,Fairlearn,,5.0,,0.8116710875331565,0.24481386757601598,6.048383168003056
DRUG,2,29,290777,RF,Fairlearn,,10.0,,0.8169761273209549,0.23410059676044337,9.142075425988878
DRUG,2,29,290777,GBM,Unfair,,,,0.8010610079575596,0.3122477976697926,0.0014047580043552443
DRUG,2,29,290777,GBM,Our Eps-Fair,0.0,,,0.7612732095490716,0.0589087809036658,0.006355918987537734
DRUG,2,29,290777,GBM,Our Eps-Fair,0.1,,,0.7718832891246684,0.1349531116794544,0.005766510003013536
DRUG,2,29,290777,GBM,Our Eps-Fair,0.2,,,0.7957559681697612,0.21582836032963915,0.004014152000308968
DRUG,2,29,290777,GBM,Our Eps-Fair,0.3,,,0.8010610079575596,0.3122477976697926,0.0008845650008879602
DRUG,2,29,290777,GBM,Our Eps-Fair,0.4,,,0.8010610079575596,0.3122477976697926,0.0008459730015601963
DRUG,2,29,290777,GBM,Our Eps-Fair,0.5,,,0.8010610079575596,0.3122477976697926,0.0008636209968244657
DRUG,2,29,290777,GBM,Fairlearn,,0.0001,,0.7506631299734748,0.029752770673486806,1.7482245840074029
DRUG,2,29,290777,GBM,Fairlearn,,0.5,,0.7453580901856764,0.03117362887183861,1.7813177990028635
DRUG,2,29,290777,GBM,Fairlearn,,1.0,,0.726790450928382,0.014578005115089554,1.7584496529889293
DRUG,2,29,290777,GBM,Fairlearn,,2.5,,0.7718832891246684,0.1864165956237568,2.509072187996935
DRUG,2,29,290777,GBM,Fairlearn,,5.0,,0.7957559681697612,0.23515203182722366,1.9867074319918174
DRUG,2,29,290777,GBM,Fairlearn,,10.0,,0.7957559681697612,0.2254901960784314,3.2260907180025242
DRUG,2,29,290777,NN,Unfair,,,,0.8196286472148541,0.3855640807047456,
DRUG,2,29,290777,NN,Our Eps-Fair,0.01,,,0.7798408488063661,0.07445296959363457,0.007749395997961983
DRUG,2,29,290777,NN,Our Eps-Fair,0.1,,,0.8063660477453581,0.16121057118499577,0.004824012008612044
DRUG,2,29,290777,NN,Our Eps-Fair,0.3,,,0.8196286472148541,0.3855640807047456,0.006931811003596522
DRUG,2,29,290777,NN,Our Eps-Fair,0.5,,,0.8196286472148541,0.3855640807047456,0.0008995929965749383
DRUG,2,29,290777,NN,Our Eps-Fair,0.9,,,0.8196286472148541,0.3855640807047456,0.0008362560038222
DRUG,2,29,290777,NN,Fair-adversarial,,,0.01,0.8196286472148541,0.41454958795112246,1.512856033994467
DRUG,2,29,290777,NN,Fair-adversarial,,,0.1,0.8143236074270557,0.44018186984938906,1.258934579003835
DRUG,2,29,290777,NN,Fair-adversarial,,,0.5,0.8010610079575596,0.18033532253481105,1.389222008001525
DRUG,2,29,290777,NN,Fair-adversarial,,,0.9,0.830238726790451,0.32233589087809045,1.4436919290019432
DRUG,2,29,290777,NN,Fair-adversarial,,,1.0,0.7824933687002652,0.08854788292128452,1.3752468040038366
